service_id,mode,line,direction,origin,destination,departure_time,arrival_time,journey_min,ac,train_type,peak_offpeak,day_type,headway_min,dep_mins,time_bucket,freq_score,comfort_class,train_no,train_code
CR_Down_95001,CR_Train,Central Railway Main,Down,CSMT,Khopoli,04:35,07:09,154,False,Fast,Off-Peak,All Days,,275,,,Non-AC,95001,KP1
CR_Down_95003,CR_Train,Central Railway Main,Down,CSMT,Khopoli,07:30,09:51,141,False,Fast,Peak,All Days,,450,,,Non-AC,95003,KP3
CR_Down_95005,CR_Train,Central Railway Main,Down,CSMT,Khopoli,12:20,14:43,143,False,Fast,Off-Peak,All Days,,740,,,Non-AC,95005,KP5
CR_Down_95007,CR_Train,Central Railway Main,Down,CSMT,Khopoli,15:10,17:36,146,False,Fast,Off-Peak,All Days,,910,,,Non-AC,95007,KP7
CR_Down_95009,CR_Train,Central Railway Main,Down,CSMT,Khopoli,17:33,19:55,142,False,Fast,Peak,All Days,,1053,,,Non-AC,95009,KP9
CR_Down_95011,CR_Train,Central Railway Main,Down,CSMT,Khopoli,20:41,23:06,145,False,Medium,Peak,All Days,,1241,,,Non-AC,95011,KP11
CR_Down_96101,CR_Train,Central Railway Main,Down,CSMT,Karjat,00:12,02:33,141,False,Slow,Off-Peak,All Days,,12,,,Non-AC,96101,S1
CR_Down_96107,CR_Train,Central Railway Main,Down,CSMT,Karjat,04:47,07:08,141,False,Slow,Off-Peak,All Days,,287,,,Non-AC,96107,S3
CR_Down_95101,CR_Train,Central Railway Main,Down,CSMT,Karjat,05:46,07:43,117,False,Fast,Off-Peak,All Days,,346,,,Non-AC,95101,S5
CR_Down_95103,CR_Train,Central Railway Main,Down,CSMT,Karjat,06:10,08:08,118,False,Medium,Off-Peak,All Days,,370,,,Non-AC,95103,S7
CR_Down_95105,CR_Train,Central Railway Main,Down,CSMT,Karjat,06:49,08:44,115,False,Fast,Off-Peak,All Days,,409,,,Non-AC,95105,S9
CR_Down_95107,CR_Train,Central Railway Main,Down,CSMT,Karjat,08:16,10:12,116,False,Medium,Peak,All Days,,496,,,Non-AC,95107,S11
CR_Down_95109,CR_Train,Central Railway Main,Down,CSMT,Karjat,09:01,10:54,113,False,Fast,Peak,All Days,,541,,,Non-AC,95109,S13
CR_Down_95111,CR_Train,Central Railway Main,Down,CSMT,Karjat,09:30,11:28,118,False,Fast,Peak,All Days,,570,,,Non-AC,95111,S15
CR_Down_95113,CR_Train,Central Railway Main,Down,CSMT,Karjat,09:57,11:55,118,False,Medium,Peak,All Days,,597,,,Non-AC,95113,S17
CR_Down_95115,CR_Train,Central Railway Main,Down,CSMT,Karjat,10:36,12:32,116,False,Fast,Peak,All Days,,636,,,Non-AC,95115,S19
CR_Down_95117,CR_Train,Central Railway Main,Down,CSMT,Karjat,11:14,13:08,114,False,Fast,Off-Peak,All Days,,674,,,Non-AC,95117,S21
CR_Down_95119,CR_Train,Central Railway Main,Down,CSMT,Karjat,13:19,15:15,116,False,Medium,Off-Peak,All Days,,799,,,Non-AC,95119,S23
CR_Down_95121,CR_Train,Central Railway Main,Down,CSMT,Karjat,13:40,15:35,115,False,Fast,Off-Peak,All Days,,820,,,Non-AC,95121,S25
CR_Down_95123,CR_Train,Central Railway Main,Down,CSMT,Karjat,14:45,16:42,117,False,Medium,Off-Peak,All Days,,885,,,Non-AC,95123,S27
CR_Down_95125,CR_Train,Central Railway Main,Down,CSMT,Karjat,15:35,17:37,122,False,Medium,Off-Peak,All Days,,935,,,Non-AC,95125,S29
CR_Down_95127,CR_Train,Central Railway Main,Down,CSMT,Karjat,16:30,18:24,114,False,Fast,Off-Peak,All Days,,990,,,Non-AC,95127,S31
CR_Down_95129,CR_Train,Central Railway Main,Down,CSMT,Karjat,18:21,20:13,112,False,Medium,Peak,All Days,,1101,,,Non-AC,95129,S33
CR_Down_95131,CR_Train,Central Railway Main,Down,CSMT,Karjat,18:53,20:52,119,False,Fast,Peak,All Days,,1133,,,Non-AC,95131,S35
CR_Down_95133,CR_Train,Central Railway Main,Down,CSMT,Karjat,19:50,21:51,121,False,Fast,Peak,All Days,,1190,,,Non-AC,95133,S37
CR_Down_95135,CR_Train,Central Railway Main,Down,CSMT,Karjat,21:26,23:22,116,False,Fast,Off-Peak,All Days,,1286,,,Non-AC,95135,S39
CR_Down_95013,CR_Train,Central Railway Main,Down,CSMT,Khopoli,21:58,23:58,120,False,Fast,Off-Peak,All Days,,1318,,,Non-AC,95013,KP13
CR_Down_95201,CR_Train,Central Railway Main,Down,CSMT,Badlapur,06:24,07:45,81,False,Fast,Off-Peak,All Days,,384,,,Non-AC,95201,BL1
CR_Down_95203,CR_Train,Central Railway Main,Down,CSMT,Badlapur,07:05,08:32,87,False,Fast,Peak,All Days,,425,,,Non-AC,95203,BL3
CR_Down_95205,CR_Train,Central Railway Main,Down,CSMT,Badlapur,07:55,09:22,87,False,Medium,Peak,All Days,,475,,,Non-AC,95205,BL5
CR_Down_95207,CR_Train,Central Railway Main,Down,CSMT,Badlapur,08:52,10:17,85,False,Fast,Peak,All Days,,532,,,Non-AC,95207,BL7
CR_Down_95209,CR_Train,Central Railway Main,Down,CSMT,Badlapur,09:09,10:32,83,True,AC Fast,Peak,All Days,,549,,,AC,95209,BL9
CR_Down_95211,CR_Train,Central Railway Main,Down,CSMT,Badlapur,09:23,10:49,86,False,Fast,Peak,All Days,,563,,,Non-AC,95211,BL11
CR_Down_95213,CR_Train,Central Railway Main,Down,CSMT,Badlapur,09:46,11:09,83,False,Fast,Peak,All Days,,586,,,Non-AC,95213,BL13
CR_Down_95215,CR_Train,Central Railway Main,Down,CSMT,Badlapur,10:08,11:32,84,False,Fast,Peak,All Days,,608,,,Non-AC,95215,BL15
CR_Down_95217,CR_Train,Central Railway Main,Down,CSMT,Badlapur,10:20,11:46,86,False,Fast,Peak,All Days,,620,,,Non-AC,95217,BL17
CR_Down_95219,CR_Train,Central Railway Main,Down,CSMT,Badlapur,10:40,12:07,87,False,Fast,Peak,All Days,,640,,,Non-AC,95219,BL19
CR_Down_95223,CR_Train,Central Railway Main,Down,CSMT,Badlapur,11:50,13:12,82,False,Fast,Off-Peak,All Days,,710,,,Non-AC,95223,BL21
CR_Down_95227,CR_Train,Central Railway Main,Down,CSMT,Badlapur,13:23,14:49,86,False,Fast,Off-Peak,All Days,,803,,,Non-AC,95227,BL23
CR_Down_95229,CR_Train,Central Railway Main,Down,CSMT,Badlapur,13:50,15:15,85,False,Medium,Off-Peak,All Days,,830,,,Non-AC,95229,BL25
CR_Down_96205,CR_Train,Central Railway Main,Down,CSMT,Badlapur,13:50,15:39,109,False,Slow,Off-Peak,All Days,,830,,,Non-AC,96205,BL27
CR_Down_96207,CR_Train,Central Railway Main,Down,CSMT,Badlapur,14:15,16:02,107,False,Slow,Off-Peak,All Days,,855,,,Non-AC,96207,BL29
CR_Down_95231,CR_Train,Central Railway Main,Down,CSMT,Badlapur,15:03,16:27,84,False,Fast,Off-Peak,All Days,,903,,,Non-AC,95231,BL31
CR_Down_95233,CR_Train,Central Railway Main,Down,CSMT,Badlapur,15:39,17:08,89,False,Fast,Off-Peak,All Days,,939,,,Non-AC,95233,BL33
CR_Down_95235,CR_Train,Central Railway Main,Down,CSMT,Badlapur,16:42,18:07,85,False,Medium,Off-Peak,All Days,,1002,,,Non-AC,95235,BL35
CR_Down_95237,CR_Train,Central Railway Main,Down,CSMT,Badlapur,17:22,18:48,86,False,Fast,Peak,All Days,,1042,,,Non-AC,95237,BL37
CR_Down_95239,CR_Train,Central Railway Main,Down,CSMT,Badlapur,17:59,19:26,87,False,Fast,Peak,All Days,,1079,,,Non-AC,95239,BL39
CR_Down_95241,CR_Train,Central Railway Main,Down,CSMT,Badlapur,18:42,20:08,86,False,Medium,Peak,All Days,,1122,,,Non-AC,95241,BL41
CR_Down_95243,CR_Train,Central Railway Main,Down,CSMT,Badlapur,19:14,20:35,81,False,Fast,Peak,All Days,,1154,,,Non-AC,95243,BL43
CR_Down_95245,CR_Train,Central Railway Main,Down,CSMT,Badlapur,19:23,20:48,85,False,Fast,Peak,All Days,,1163,,,Non-AC,95245,BL45
CR_Down_96215,CR_Train,Central Railway Main,Down,CSMT,Badlapur,19:34,21:29,115,False,Slow,Peak,All Days,,1174,,,Non-AC,96215,BL47
CR_Down_96217,CR_Train,Central Railway Main,Down,CSMT,Badlapur,19:50,21:41,111,False,Slow,Peak,All Days,,1190,,,Non-AC,96217,BL49
CR_Down_96221,CR_Train,Central Railway Main,Down,CSMT,Badlapur,21:08,22:56,108,True,AC Slow,Off-Peak,All Days,,1268,,,AC,96221,BL51
CR_Down_96223,CR_Train,Central Railway Main,Down,CSMT,Badlapur,21:28,23:17,109,False,Slow,Off-Peak,All Days,,1288,,,Non-AC,96223,BL53
CR_Down_96225,CR_Train,Central Railway Main,Down,CSMT,Badlapur,21:44,23:33,109,False,Slow,Off-Peak,All Days,,1304,,,Non-AC,96225,BL55
CR_Down_95247,CR_Train,Central Railway Main,Down,CSMT,Badlapur,22:25,23:52,87,False,Fast,Off-Peak,All Days,,1345,,,Non-AC,95247,BL57
CR_Down_96301,CR_Train,Central Railway Main,Down,CSMT,Ambernath,00:02,01:46,104,False,Slow,Off-Peak,All Days,,2,,,Non-AC,96301,A1
CR_Down_96303,CR_Train,Central Railway Main,Down,CSMT,Ambernath,05:16,06:58,102,False,Slow,Off-Peak,All Days,,316,,,Non-AC,96303,A3
CR_Down_96305,CR_Train,Central Railway Main,Down,CSMT,Ambernath,05:40,07:23,103,False,Slow,Off-Peak,All Days,,340,,,Non-AC,96305,A5
CR_Down_96309,CR_Train,Central Railway Main,Down,CSMT,Ambernath,06:48,08:30,102,False,Slow,Off-Peak,All Days,,408,,,Non-AC,96309,A7
CR_Down_95303,CR_Train,Central Railway Main,Down,CSMT,Ambernath,08:45,10:04,79,False,Fast,Peak,All Days,,525,,,Non-AC,95303,A9
CR_Down_95305,CR_Train,Central Railway Main,Down,CSMT,Ambernath,09:15,10:34,79,False,Fast,Peak,All Days,,555,,,Non-AC,95305,A11
CR_Down_95307,CR_Train,Central Railway Main,Down,CSMT,Ambernath,09:51,11:08,77,True,AC Fast,Peak,NOT_SUN,,591,,,AC,95307,A13
CR_Down_95309,CR_Train,Central Railway Main,Down,CSMT,Ambernath,10:12,11:29,77,False,Fast,Peak,All Days,,612,,,Non-AC,95309,A15
CR_Down_95311,CR_Train,Central Railway Main,Down,CSMT,Ambernath,10:25,11:45,80,False,Medium,Peak,All Days,,625,,,Non-AC,95311,A17
CR_Down_95313,CR_Train,Central Railway Main,Down,CSMT,Ambernath,10:52,12:09,77,False,Fast,Peak,All Days,,652,,,Non-AC,95313,A19
CR_Down_95315,CR_Train,Central Railway Main,Down,CSMT,Ambernath,11:18,12:36,78,False,Medium,Off-Peak,All Days,,678,,,Non-AC,95315,A21
CR_Down_96311,CR_Train,Central Railway Main,Down,CSMT,Ambernath,11:40,13:24,104,False,Slow,Off-Peak,All Days,,700,,,Non-AC,96311,A23
CR_Down_96313,CR_Train,Central Railway Main,Down,CSMT,Ambernath,11:58,13:44,106,True,AC Slow,Off-Peak,NOT_SUN,,718,,,AC,96313,A25
CR_Down_96315,CR_Train,Central Railway Main,Down,CSMT,Ambernath,12:48,14:28,100,False,Slow,Off-Peak,All Days,,768,,,Non-AC,96315,A27
CR_Down_96317,CR_Train,Central Railway Main,Down,CSMT,Ambernath,13:15,15:02,107,True,AC Slow,Off-Peak,NOT_SUN,,795,,,AC,96317,A29
CR_Down_96319,CR_Train,Central Railway Main,Down,CSMT,Ambernath,14:34,16:15,101,False,Slow,Off-Peak,All Days,,874,,,Non-AC,96319,A31
CR_Down_96321,CR_Train,Central Railway Main,Down,CSMT,Ambernath,14:54,16:36,102,False,Slow,Off-Peak,All Days,,894,,,Non-AC,96321,A33
CR_Down_95319,CR_Train,Central Railway Main,Down,CSMT,Ambernath,16:08,17:24,76,False,Fast,Off-Peak,All Days,,968,,,Non-AC,95319,A35
CR_Down_96325,CR_Train,Central Railway Main,Down,CSMT,Ambernath,16:13,17:54,101,False,Slow,Off-Peak,All Days,,973,,,Non-AC,96325,A37
CR_Down_95321,CR_Train,Central Railway Main,Down,CSMT,Ambernath,17:00,18:23,83,True,AC Medium,Peak,NOT_SUN,,1020,,,AC,95321,A39
CR_Down_95323,CR_Train,Central Railway Main,Down,CSMT,Ambernath,17:41,18:57,76,False,Fast,Peak,All Days,,1061,,,Non-AC,95323,A41
CR_Down_95325,CR_Train,Central Railway Main,Down,CSMT,Ambernath,18:06,19:22,76,False,Fast,Peak,All Days,,1086,,,Non-AC,95325,A43
CR_Down_95327,CR_Train,Central Railway Main,Down,CSMT,Ambernath,18:25,19:42,77,False,Fast,Peak,All Days,,1105,,,Non-AC,95327,A45
CR_Down_96327,CR_Train,Central Railway Main,Down,CSMT,Ambernath,18:33,20:18,105,False,Slow,Peak,All Days,,1113,,,Non-AC,96327,A47
CR_Down_95331,CR_Train,Central Railway Main,Down,CSMT,Ambernath,19:42,21:01,79,False,Medium,Peak,All Days,,1182,,,Non-AC,95331,A49
CR_Down_96331,CR_Train,Central Railway Main,Down,CSMT,Ambernath,20:13,21:55,102,False,Slow,Peak,All Days,,1213,,,Non-AC,96331,A51
CR_Down_96333,CR_Train,Central Railway Main,Down,CSMT,Ambernath,20:38,22:23,105,False,Slow,Peak,All Days,,1238,,,Non-AC,96333,A53
CR_Down_95333,CR_Train,Central Railway Main,Down,CSMT,Ambernath,20:47,22:08,81,False,Medium,Peak,All Days,,1247,,,Non-AC,95333,A55
CR_Down_96335,CR_Train,Central Railway Main,Down,CSMT,Ambernath,21:40,23:21,101,False,Slow,Off-Peak,All Days,,1300,,,Non-AC,96335,A57
CR_Down_96401,CR_Train,Central Railway Main,Down,CSMT,Kasara,00:08,02:54,166,False,Slow,Off-Peak,All Days,,8,,,Non-AC,96401,N1
CR_Down_96403,CR_Train,Central Railway Main,Down,CSMT,Kasara,04:19,07:03,164,False,Slow,Off-Peak,All Days,,259,,,Non-AC,96403,N3
CR_Down_97003,CR_Train,Central Railway Main,Down,CSMT,Kalyan,05:00,06:27,87,False,Slow,Off-Peak,NOT_SUN,,300,,,Non-AC,97003,K1
CR_Down_96405,CR_Train,Central Railway Main,Down,CSMT,Kasara,05:07,07:46,159,False,Slow,Off-Peak,All Days,,307,,,Non-AC,96405,N5
CR_Down_96505,CR_Train,Central Railway Main,Down,CSMT,Asangaon,05:12,07:18,126,False,Slow,Off-Peak,All Days,,312,,,Non-AC,96505,AN1
CR_Down_95701,CR_Train,Central Railway Main,Down,CSMT,Kalyan,05:20,06:24,64,True,AC Fast,Off-Peak,All Days,,320,,,AC,95701,K3
CR_Down_96605,CR_Train,Central Railway Main,Down,CSMT,Titwala,05:28,07:11,103,False,Slow,Off-Peak,All Days,,328,,,Non-AC,96605,TL1
CR_Down_96607,CR_Train,Central Railway Main,Down,CSMT,Titwala,05:51,07:37,106,False,Slow,Off-Peak,All Days,,351,,,Non-AC,96607,TL3
CR_Down_96507,CR_Train,Central Railway Main,Down,CSMT,Asangaon,06:01,08:07,126,False,Slow,Off-Peak,All Days,,361,,,Non-AC,96507,AN3
CR_Down_95703,CR_Train,Central Railway Main,Down,CSMT,Kalyan,06:06,07:10,64,False,Fast,Off-Peak,NOT_SUN,,366,,,Non-AC,95703,K5
CR_Down_96609,CR_Train,Central Railway Main,Down,CSMT,Titwala,06:14,07:58,104,False,Slow,Off-Peak,All Days,,374,,,Non-AC,96609,TL5
CR_Down_96611,CR_Train,Central Railway Main,Down,CSMT,Titwala,06:30,08:15,105,True,AC Slow,Off-Peak,NOT_SUN,,390,,,AC,96611,TL7
CR_Down_97021,CR_Train,Central Railway Main,Down,CSMT,Kalyan,06:37,08:06,89,False,Slow,Off-Peak,All Days,,397,,,Non-AC,97021,K7
CR_Down_95401,CR_Train,Central Railway Main,Down,CSMT,Kasara,06:55,09:14,139,False,Medium,Off-Peak,All Days,,415,,,Non-AC,95401,N7
CR_Down_96613,CR_Train,Central Railway Main,Down,CSMT,Titwala,06:56,08:41,105,False,Slow,Off-Peak,All Days,,416,,,Non-AC,96613,TL9
CR_Down_97025,CR_Train,Central Railway Main,Down,CSMT,Kalyan,07:08,08:37,89,False,Slow,Peak,All Days,,428,,,Non-AC,97025,K9
CR_Down_95705,CR_Train,Central Railway Main,Down,CSMT,Kalyan,07:22,08:25,63,False,Fast,Peak,NOT_SUN,,442,,,Non-AC,95705,K11
CR_Down_97027,CR_Train,Central Railway Main,Down,CSMT,Kalyan,07:24,08:53,89,False,Slow,Peak,All Days,,444,,,Non-AC,97027,K13
CR_Down_95501,CR_Train,Central Railway Main,Down,CSMT,Asangaon,07:26,09:09,103,False,Fast,Peak,All Days,,446,,,Non-AC,95501,AN5
CR_Down_97029,CR_Train,Central Railway Main,Down,CSMT,Kalyan,07:32,09:01,89,False,Slow,Peak,All Days,,452,,,Non-AC,97029,K15
CR_Down_96511,CR_Train,Central Railway Main,Down,CSMT,Asangaon,07:42,09:46,124,False,Slow,Peak,All Days,,462,,,Non-AC,96511,AN7
CR_Down_95707,CR_Train,Central Railway Main,Down,CSMT,Kalyan,07:43,08:46,63,True,AC Fast,Peak,All Days,,463,,,AC,95707,K17
CR_Down_97033,CR_Train,Central Railway Main,Down,CSMT,Kalyan,07:53,09:21,88,False,Slow,Peak,All Days,,473,,,Non-AC,97033,K19
CR_Down_97037,CR_Train,Central Railway Main,Down,CSMT,Kalyan,08:12,09:42,90,False,Slow,Peak,All Days,,492,,,Non-AC,97037,K21
CR_Down_95403,CR_Train,Central Railway Main,Down,CSMT,Kasara,08:33,10:48,135,False,Fast,Peak,All Days,,513,,,Non-AC,95403,N9
CR_Down_95709,CR_Train,Central Railway Main,Down,CSMT,Kalyan,08:36,09:40,64,False,Fast,Peak,NOT_SUN,,516,,,Non-AC,95709,K23
CR_Down_97041,CR_Train,Central Railway Main,Down,CSMT,Thakurli,08:49,10:12,83,True,AC Slow,Peak,NOT_SUN,,529,,,AC,97041,K25
CR_Down_95711,CR_Train,Central Railway Main,Down,CSMT,Kalyan,08:56,09:58,62,True,AC Fast,Peak,NOT_SUN,,536,,,AC,95711,K27
CR_Down_97043,CR_Train,Central Railway Main,Down,CSMT,Kalyan,09:05,10:37,92,False,Slow,Peak,All Days,,545,,,Non-AC,97043,K29
CR_Down_95601,CR_Train,Central Railway Main,Down,CSMT,Titwala,09:12,10:35,83,False,Fast,Peak,All Days,,552,,,Non-AC,95601,TL11
CR_Down_95503,CR_Train,Central Railway Main,Down,CSMT,Asangaon,09:20,11:05,105,False,Fast,Peak,All Days,,560,,,Non-AC,95503,AN9
CR_Down_97047,CR_Train,Central Railway Main,Down,CSMT,Kalyan,09:26,10:53,87,False,Slow,Peak,All Days,,566,,,Non-AC,97047,K31
CR_Down_95603,CR_Train,Central Railway Main,Down,CSMT,Titwala,09:27,10:50,83,False,Fast,Peak,All Days,,567,,,Non-AC,95603,TL13
CR_Down_97049,CR_Train,Central Railway Main,Down,CSMT,Kalyan,09:34,11:04,90,False,Slow,Peak,All Days,,574,,,Non-AC,97049,K33
CR_Down_95405,CR_Train,Central Railway Main,Down,CSMT,Kasara,09:34,11:57,143,False,Medium,Peak,All Days,,574,,,Non-AC,95405,N11
CR_Down_97051,CR_Train,Central Railway Main,Down,CSMT,Kalyan,09:37,11:08,91,False,Slow,Peak,All Days,,577,,,Non-AC,97051,K35
CR_Down_95605,CR_Train,Central Railway Main,Down,CSMT,Titwala,09:38,11:04,86,False,Medium,Peak,All Days,,578,,,Non-AC,95605,TL15
CR_Down_96619,CR_Train,Central Railway Main,Down,CSMT,Titwala,09:53,11:41,108,False,Slow,Peak,All Days,,593,,,Non-AC,96619,TL17
CR_Down_95713,CR_Train,Central Railway Main,Down,CSMT,Kalyan,10:04,11:07,63,True,AC Fast,Peak,All Days,,604,,,AC,95713,K37
CR_Down_97053,CR_Train,Central Railway Main,Down,CSMT,Kalyan,10:04,11:33,89,False,Slow,Peak,All Days,,604,,,Non-AC,97053,K39
CR_Down_97055,CR_Train,Central Railway Main,Down,CSMT,Kalyan,10:14,11:42,88,False,Slow,Peak,All Days,,614,,,Non-AC,97055,K41
CR_Down_95407,CR_Train,Central Railway Main,Down,CSMT,Kasara,10:16,12:34,138,False,Medium,Peak,All Days,,616,,,Non-AC,95407,N13
CR_Down_97059,CR_Train,Central Railway Main,Down,CSMT,Kalyan,10:48,12:18,90,False,Slow,Peak,All Days,,648,,,Non-AC,97059,K43
CR_Down_95607,CR_Train,Central Railway Main,Down,CSMT,Titwala,10:48,12:08,80,False,Fast,Peak,All Days,,648,,,Non-AC,95607,TL19
CR_Down_95609,CR_Train,Central Railway Main,Down,CSMT,Titwala,10:58,12:29,91,False,Medium,Peak,All Days,,658,,,Non-AC,95609,TL21
CR_Down_96621,CR_Train,Central Railway Main,Down,CSMT,Titwala,11:04,12:49,105,False,Slow,Off-Peak,All Days,,664,,,Non-AC,96621,TL23
CR_Down_97063,CR_Train,Central Railway Main,Down,CSMT,Kalyan,11:20,12:48,88,False,Slow,Off-Peak,All Days,,680,,,Non-AC,97063,K45
CR_Down_96623,CR_Train,Central Railway Main,Down,CSMT,Titwala,11:24,13:08,104,False,Slow,Off-Peak,All Days,,684,,,Non-AC,96623,TL25
CR_Down_95409,CR_Train,Central Railway Main,Down,CSMT,Kasara,11:42,13:58,136,False,Medium,Off-Peak,All Days,,702,,,Non-AC,95409,N15
CR_Down_97069,CR_Train,Central Railway Main,Down,CSMT,Kalyan,11:50,13:18,88,False,Slow,Off-Peak,NOT_SUN,,710,,,Non-AC,97069,K47
CR_Down_96625,CR_Train,Central Railway Main,Down,CSMT,Titwala,11:54,13:38,104,False,Slow,Off-Peak,All Days,,714,,,Non-AC,96625,TL27
CR_Down_97071,CR_Train,Central Railway Main,Down,CSMT,Kalyan,12:07,13:36,89,False,Slow,Off-Peak,All Days,,727,,,Non-AC,97071,K49
CR_Down_97073,CR_Train,Central Railway Main,Down,CSMT,Kalyan,12:15,13:44,89,False,Slow,Off-Peak,All Days,,735,,,Non-AC,97073,K51
CR_Down_95717,CR_Train,Central Railway Main,Down,CSMT,Kalyan,12:25,13:29,64,False,Fast,Off-Peak,All Days,,745,,,Non-AC,95717,K53
CR_Down_97075,CR_Train,Central Railway Main,Down,CSMT,Kalyan,12:27,13:56,89,False,Slow,Off-Peak,All Days,,747,,,Non-AC,97075,K55
CR_Down_95411,CR_Train,Central Railway Main,Down,CSMT,Kasara,12:30,14:47,137,False,Medium,Off-Peak,All Days,,750,,,Non-AC,95411,N17
CR_Down_97077,CR_Train,Central Railway Main,Down,CSMT,Kalyan,12:32,14:00,88,False,Slow,Off-Peak,NOT_SUN,,752,,,Non-AC,97077,K57
CR_Down_96627,CR_Train,Central Railway Main,Down,CSMT,Titwala,12:44,14:29,105,False,Slow,Off-Peak,All Days,,764,,,Non-AC,96627,TL29
CR_Down_97079,CR_Train,Central Railway Main,Down,CSMT,Kalyan,12:52,14:19,87,False,Slow,Off-Peak,All Days,,772,,,Non-AC,97079,K59
CR_Down_95719,CR_Train,Central Railway Main,Down,CSMT,Kalyan,12:53,13:57,64,False,Fast,Off-Peak,NOT_SUN,,773,,,Non-AC,95719,K61
CR_Down_97083,CR_Train,Central Railway Main,Down,CSMT,Kalyan,13:02,14:33,91,False,Slow,Off-Peak,All Days,,782,,,Non-AC,97083,K63
CR_Down_96407,CR_Train,Central Railway Main,Down,CSMT,Kasara,13:10,15:59,169,False,Slow,Off-Peak,All Days,,790,,,Non-AC,96407,N19
CR_Down_95505,CR_Train,Central Railway Main,Down,CSMT,Asangaon,13:15,14:54,99,False,Fast,Off-Peak,All Days,,795,,,Non-AC,95505,AN11
CR_Down_97085,CR_Train,Central Railway Main,Down,CSMT,Kalyan,13:26,14:55,89,False,Slow,Off-Peak,All Days,,806,,,Non-AC,97085,K65
CR_Down_96515,CR_Train,Central Railway Main,Down,CSMT,Asangaon,13:30,15:35,125,False,Slow,Off-Peak,All Days,,810,,,Non-AC,96515,AN13
CR_Down_96631,CR_Train,Central Railway Main,Down,CSMT,Titwala,13:42,15:24,102,False,Slow,Off-Peak,All Days,,822,,,Non-AC,96631,TL31
CR_Down_97089,CR_Train,Central Railway Main,Down,CSMT,Kalyan,13:46,15:14,88,False,Slow,Off-Peak,All Days,,826,,,Non-AC,97089,K67
CR_Down_96633,CR_Train,Central Railway Main,Down,CSMT,Titwala,14:07,15:49,102,False,Slow,Off-Peak,All Days,,847,,,Non-AC,96633,TL33
CR_Down_97093,CR_Train,Central Railway Main,Down,CSMT,Kalyan,14:11,15:38,87,False,Slow,Off-Peak,All Days,,851,,,Non-AC,97093,K69
CR_Down_95413,CR_Train,Central Railway Main,Down,CSMT,Kasara,14:17,16:41,144,False,Medium,Off-Peak,All Days,,857,,,Non-AC,95413,N21
CR_Down_97095,CR_Train,Central Railway Main,Down,CSMT,Kalyan,14:20,15:49,89,False,Slow,Off-Peak,All Days,,860,,,Non-AC,97095,K71
CR_Down_97097,CR_Train,Central Railway Main,Down,CSMT,Kalyan,14:25,15:53,88,False,Slow,Off-Peak,NOT_SUN,,865,,,Non-AC,97097,K73
CR_Down_97099,CR_Train,Central Railway Main,Down,CSMT,Kalyan,14:38,16:06,88,False,Slow,Off-Peak,All Days,,878,,,Non-AC,97099,K75
CR_Down_95507,CR_Train,Central Railway Main,Down,CSMT,Asangaon,14:42,16:25,103,False,Fast,Off-Peak,All Days,,882,,,Non-AC,95507,AN15
CR_Down_96409,CR_Train,Central Railway Main,Down,CSMT,Kasara,14:46,17:26,160,False,Slow,Off-Peak,All Days,,886,,,Non-AC,96409,N23
CR_Down_97103,CR_Train,Central Railway Main,Down,CSMT,Kalyan,14:58,16:26,88,False,Slow,Off-Peak,All Days,,898,,,Non-AC,97103,K77
CR_Down_96635,CR_Train,Central Railway Main,Down,CSMT,Titwala,15:09,16:54,105,False,Slow,Off-Peak,All Days,,909,,,Non-AC,96635,TL35
CR_Down_95721,CR_Train,Central Railway Main,Down,CSMT,Kalyan,15:14,16:20,66,False,Fast,Off-Peak,NOT_SUN,,914,,,Non-AC,95721,K79
CR_Down_97107,CR_Train,Central Railway Main,Down,CSMT,Kalyan,15:18,16:46,88,False,Slow,Off-Peak,All Days,,918,,,Non-AC,97107,K81
CR_Down_96517,CR_Train,Central Railway Main,Down,CSMT,Asangaon,15:32,17:37,125,False,Slow,Off-Peak,All Days,,932,,,Non-AC,96517,AN17
CR_Down_96637,CR_Train,Central Railway Main,Down,CSMT,Titwala,15:40,17:25,105,False,Slow,Off-Peak,All Days,,940,,,Non-AC,96637,TL37
CR_Down_97113,CR_Train,Central Railway Main,Down,CSMT,Kalyan,15:57,17:26,89,False,Slow,Off-Peak,All Days,,957,,,Non-AC,97113,K83
CR_Down_97115,CR_Train,Central Railway Main,Down,CSMT,Kalyan,16:04,17:33,89,False,Slow,Off-Peak,All Days,,964,,,Non-AC,97115,K85
CR_Down_95723,CR_Train,Central Railway Main,Down,CSMT,Kalyan,16:11,17:19,68,True,AC Fast,Off-Peak,NOT_SUN,,971,,,AC,95723,K87
CR_Down_95509,CR_Train,Central Railway Main,Down,CSMT,Asangaon,16:17,18:06,109,False,Medium,Off-Peak,All Days,,977,,,Non-AC,95509,AN19
CR_Down_96639,CR_Train,Central Railway Main,Down,CSMT,Titwala,16:21,18:06,105,False,Slow,Off-Peak,All Days,,981,,,Non-AC,96639,TL39
CR_Down_97123,CR_Train,Central Railway Main,Down,CSMT,Kalyan,16:48,18:18,90,False,Slow,Off-Peak,All Days,,1008,,,Non-AC,97123,K89
CR_Down_95415,CR_Train,Central Railway Main,Down,CSMT,Kasara,16:50,19:18,148,False,Medium,Off-Peak,All Days,,1010,,,Non-AC,95415,N25
CR_Down_97127,CR_Train,Central Railway Main,Down,CSMT,Kalyan,17:00,18:34,94,False,Slow,Peak,All Days,,1020,,,Non-AC,97127,K91
CR_Down_97129,CR_Train,Central Railway Main,Down,CSMT,Kalyan,17:16,18:46,90,False,Slow,Peak,All Days,,1036,,,Non-AC,97129,K93
CR_Down_95511,CR_Train,Central Railway Main,Down,CSMT,Asangaon,17:19,19:02,103,False,Medium,Peak,All Days,,1039,,,Non-AC,95511,AN21
CR_Down_95727,CR_Train,Central Railway Main,Down,CSMT,Kalyan,17:25,18:42,77,False,Medium,Peak,All Days,,1045,,,Non-AC,95727,K95
CR_Down_95613,CR_Train,Central Railway Main,Down,CSMT,Titwala,17:29,18:49,80,False,Fast,Peak,All Days,,1049,,,Non-AC,95613,TL41
CR_Down_97135,CR_Train,Central Railway Main,Down,CSMT,Kalyan,17:36,19:04,88,False,Slow,Peak,All Days,,1056,,,Non-AC,97135,K97
CR_Down_95513,CR_Train,Central Railway Main,Down,CSMT,Asangaon,17:45,19:29,104,False,Fast,Peak,All Days,,1065,,,Non-AC,95513,AN23
CR_Down_97139,CR_Train,Central Railway Main,Down,CSMT,Kalyan,17:52,19:21,89,False,Slow,Peak,All Days,,1072,,,Non-AC,97139,K99
CR_Down_95615,CR_Train,Central Railway Main,Down,CSMT,Titwala,17:56,19:20,84,False,Medium,Peak,All Days,,1076,,,Non-AC,95615,TL43
CR_Down_95731,CR_Train,Central Railway Main,Down,CSMT,Kalyan,18:03,19:18,75,False,Medium,Peak,All Days,,1083,,,Non-AC,95731,K101
CR_Down_97143,CR_Train,Central Railway Main,Down,CSMT,Kalyan,18:07,19:37,90,False,Slow,Peak,NOT_SUN,,1087,,,Non-AC,97143,LSPL
CR_Down_97145,CR_Train,Central Railway Main,Down,CSMT,Kalyan,18:14,19:42,88,False,Slow,Peak,All Days,,1094,,,Non-AC,97145,K105
CR_Down_95417,CR_Train,Central Railway Main,Down,CSMT,Kasara,18:28,20:46,138,False,Fast,Peak,All Days,,1108,,,Non-AC,95417,N27
CR_Down_95515,CR_Train,Central Railway Main,Down,CSMT,Asangaon,18:32,20:17,105,False,Fast,Peak,All Days,,1112,,,Non-AC,95515,AN25
CR_Down_95733,CR_Train,Central Railway Main,Down,CSMT,Kalyan,18:36,19:41,65,True,AC Fast,Peak,NOT_SUN,,1116,,,AC,95733,K107
CR_Down_95617,CR_Train,Central Railway Main,Down,CSMT,Titwala,18:39,20:01,82,False,Medium,Peak,All Days,,1119,,,Non-AC,95617,TL45
CR_Down_95735,CR_Train,Central Railway Main,Down,CSMT,Kalyan,18:50,20:08,78,False,Medium,Peak,All Days,,1130,,,Non-AC,95735,K109
CR_Down_95619,CR_Train,Central Railway Main,Down,CSMT,Titwala,18:57,20:20,83,False,Medium,Peak,All Days,,1137,,,Non-AC,95619,TL47
CR_Down_97153,CR_Train,Central Railway Main,Down,CSMT,Kalyan,19:03,20:33,90,False,Slow,Peak,All Days,,1143,,,Non-AC,97153,K111
CR_Down_97155,CR_Train,Central Railway Main,Down,CSMT,Kalyan,19:14,20:45,91,False,Slow,Peak,All Days,,1154,,,Non-AC,97155,K113
CR_Down_95419,CR_Train,Central Railway Main,Down,CSMT,Kasara,19:18,21:35,137,False,Fast,Peak,All Days,,1158,,,Non-AC,95419,N29
CR_Down_97157,CR_Train,Central Railway Main,Down,CSMT,Kalyan,19:18,20:49,91,False,Slow,Peak,All Days,,1158,,,Non-AC,97157,K115
CR_Down_95739,CR_Train,Central Railway Main,Down,CSMT,Kalyan,19:29,20:32,63,False,Fast,Peak,NOT_SUN,,1169,,,Non-AC,95739,K117
CR_Down_95621,CR_Train,Central Railway Main,Down,CSMT,Titwala,19:30,20:52,82,False,Fast,Peak,All Days,,1170,,,Non-AC,95621,TL49
CR_Down_97161,CR_Train,Central Railway Main,Down,CSMT,Kalyan,19:38,21:09,91,False,Slow,Peak,All Days,,1178,,,Non-AC,97161,K119
CR_Down_95623,CR_Train,Central Railway Main,Down,CSMT,Titwala,19:46,21:08,82,False,Fast,Peak,All Days,,1186,,,Non-AC,95623,TL51
CR_Down_95517,CR_Train,Central Railway Main,Down,CSMT,Asangaon,20:00,21:52,112,False,Medium,Peak,All Days,,1200,,,Non-AC,95517,AN27
CR_Down_97163,CR_Train,Central Railway Main,Down,CSMT,Kalyan,20:00,21:28,88,True,AC Slow,Peak,All Days,,1200,,,AC,97163,K121
CR_Down_96641,CR_Train,Central Railway Main,Down,CSMT,Titwala,20:04,21:48,104,False,Slow,Peak,All Days,,1204,,,Non-AC,96641,TL53
CR_Down_97167,CR_Train,Central Railway Main,Down,CSMT,Kalyan,20:26,21:58,92,False,Slow,Peak,All Days,,1226,,,Non-AC,97167,K123
CR_Down_96643,CR_Train,Central Railway Main,Down,CSMT,Titwala,20:30,22:17,107,False,Slow,Peak,All Days,,1230,,,Non-AC,96643,TL55
CR_Down_95421,CR_Train,Central Railway Main,Down,CSMT,Kasara,20:44,23:04,140,False,Fast,Peak,All Days,,1244,,,Non-AC,95421,N31
CR_Down_96519,CR_Train,Central Railway Main,Down,CSMT,Asangaon,20:56,23:00,124,False,Slow,Peak,All Days,,1256,,,Non-AC,96519,AN29
CR_Down_97171,CR_Train,Central Railway Main,Down,CSMT,Kalyan,21:00,22:29,89,False,Slow,Peak,NOT_SUN,,1260,,,Non-AC,97171,K125
CR_Down_97173,CR_Train,Central Railway Main,Down,CSMT,Kalyan,21:16,22:45,89,True,AC Slow,Off-Peak,NOT_SUN,,1276,,,AC,97173,K127
CR_Down_96645,CR_Train,Central Railway Main,Down,CSMT,Titwala,21:20,23:04,104,False,Slow,Off-Peak,All Days,,1280,,,Non-AC,96645,TL57
CR_Down_96411,CR_Train,Central Railway Main,Down,CSMT,Kasara,21:32,23:56,144,False,Slow,Off-Peak,All Days,,1292,,,Non-AC,96411,N33
CR_Down_95741,CR_Train,Central Railway Main,Down,CSMT,Kalyan,21:42,23:05,83,True,AC Slow,Off-Peak,NOT_SUN,,1302,,,AC,95741,K129
CR_Down_97179,CR_Train,Central Railway Main,Down,CSMT,Kalyan,21:52,23:22,90,False,Slow,Off-Peak,All Days,,1312,,,Non-AC,97179,K131
CR_Down_96647,CR_Train,Central Railway Main,Down,CSMT,Titwala,22:00,23:45,105,False,Slow,Off-Peak,All Days,,1320,,,Non-AC,96647,TL59
CR_Down_97183,CR_Train,Central Railway Main,Down,CSMT,Kalyan,22:04,23:34,90,False,Slow,Off-Peak,All Days,,1324,,,Non-AC,97183,K133
CR_Down_97185,CR_Train,Central Railway Main,Down,CSMT,Kalyan,22:16,23:44,88,False,Slow,Off-Peak,NOT_SUN,,1336,,,Non-AC,97185,K135
CR_Down_97187,CR_Train,Central Railway Main,Down,CSMT,Kalyan,22:24,23:52,88,False,Slow,Off-Peak,All Days,,1344,,,Non-AC,97187,K137
CR_Down_96019,CR_Train,Central Railway Main,Down,CSMT,Khopoli,22:28,01:15,167,False,Slow,Off-Peak,All Days,,1348,,,Non-AC,96019,KP15
CR_Down_97203,CR_Train,Central Railway Main,Down,CSMT,Dombivli,06:23,07:41,78,False,Slow,Off-Peak,All Days,,383,,,Non-AC,97203,DL1
CR_Down_97207,CR_Train,Central Railway Main,Down,CSMT,Dombivli,07:16,08:35,79,False,Slow,Peak,All Days,,436,,,Non-AC,97207,DL3
CR_Down_97209,CR_Train,Central Railway Main,Down,CSMT,Dombivli,07:36,08:55,79,False,Slow,Peak,All Days,,456,,,Non-AC,97209,DL5
CR_Down_97211,CR_Train,Central Railway Main,Down,CSMT,Dombivli,08:20,09:38,78,False,Slow,Peak,All Days,,500,,,Non-AC,97211,DL7
CR_Down_97213,CR_Train,Central Railway Main,Down,CSMT,Dombivli,09:16,10:34,78,False,Slow,Peak,All Days,,556,,,Non-AC,97213,DL9
CR_Down_97217,CR_Train,Central Railway Main,Down,CSMT,Dombivli,10:22,11:40,78,True,AC Slow,Peak,NOT_SUN,,622,,,AC,97217,DL11
CR_Down_97219,CR_Train,Central Railway Main,Down,CSMT,Dombivli,10:34,11:55,81,False,Slow,Peak,All Days,,634,,,Non-AC,97219,DL13
CR_Down_97221,CR_Train,Central Railway Main,Down,CSMT,Dombivli,11:30,12:50,80,False,Slow,Off-Peak,All Days,,690,,,Non-AC,97221,DL15
CR_Down_95801,CR_Train,Central Railway Main,Down,CSMT,Dombivli,11:37,12:32,55,False,Fast,Off-Peak,All Days,,697,,,Non-AC,95801,XX
CR_Down_97227,CR_Train,Central Railway Main,Down,CSMT,Dombivli,12:38,13:57,79,False,Slow,Off-Peak,All Days,,758,,,Non-AC,97227,DL19
CR_Down_97231,CR_Train,Central Railway Main,Down,CSMT,Dombivli,13:54,15:13,79,False,Slow,Off-Peak,All Days,,834,,,Non-AC,97231,DL21
CR_Down_97233,CR_Train,Central Railway Main,Down,CSMT,Dombivli,15:13,16:33,80,False,Slow,Off-Peak,All Days,,913,,,Non-AC,97233,DL23
CR_Down_97235,CR_Train,Central Railway Main,Down,CSMT,Dombivli,15:24,16:43,79,True,AC Slow,Off-Peak,NOT_SUN,,924,,,AC,97235,DL25
CR_Down_97237,CR_Train,Central Railway Main,Down,CSMT,Dombivli,15:45,17:05,80,False,Slow,Off-Peak,All Days,,945,,,Non-AC,97237,DL27
CR_Down_97239,CR_Train,Central Railway Main,Down,CSMT,Dombivli,16:00,17:20,80,True,AC Slow,Off-Peak,NOT_SUN,,960,,,AC,97239,DL29
CR_Down_97241,CR_Train,Central Railway Main,Down,CSMT,Dombivli,16:34,17:52,78,False,Slow,Off-Peak,All Days,,994,,,Non-AC,97241,DL31
CR_Down_97245,CR_Train,Central Railway Main,Down,CSMT,Dombivli,17:08,18:29,81,False,Slow,Peak,All Days,,1028,,,Non-AC,97245,DL33
CR_Down_95803,CR_Train,Central Railway Main,Down,CSMT,Dombivli,17:37,18:43,66,False,Medium,Peak,All Days,,1057,,,Non-AC,95803,DL35
CR_Down_97249,CR_Train,Central Railway Main,Down,CSMT,Dombivli,17:57,19:19,82,False,Slow,Peak,All Days,,1077,,,Non-AC,97249,DL37
CR_Down_97251,CR_Train,Central Railway Main,Down,CSMT,Dombivli,18:18,19:37,79,True,AC Slow,Peak,NOT_SUN,,1098,,,AC,97251,DL39
CR_Down_97253,CR_Train,Central Railway Main,Down,CSMT,Dombivli,18:41,20:01,80,False,Slow,Peak,All Days,,1121,,,Non-AC,97253,DL41
CR_Down_97255,CR_Train,Central Railway Main,Down,CSMT,Dombivli,19:07,20:27,80,False,Slow,Peak,NOT_SUN,,1147,,,Non-AC,97255,DL43
CR_Down_97259,CR_Train,Central Railway Main,Down,CSMT,Dombivli,20:22,21:44,82,False,Slow,Peak,NOT_SUN,,1222,,,Non-AC,97259,DL45
CR_Down_97261,CR_Train,Central Railway Main,Down,CSMT,Dombivli,20:48,22:08,80,False,Slow,Peak,NOT_SUN,,1248,,,Non-AC,97261,DL47
CR_Down_97263,CR_Train,Central Railway Main,Down,CSMT,Dombivli,21:12,22:31,79,False,Slow,Off-Peak,All Days,,1272,,,Non-AC,97263,DL49
CR_Down_95423,CR_Train,Central Railway Main,Down,CSMT,Kasara,22:47,01:12,145,False,Fast,Off-Peak,All Days,,1367,,,Non-AC,95423,N35
CR_Down_96227,CR_Train,Central Railway Main,Down,CSMT,Badlapur,22:42,00:32,110,False,Slow,Off-Peak,All Days,,1362,,,Non-AC,96227,BL59
CR_Down_96649,CR_Train,Central Railway Main,Down,CSMT,Titwala,22:50,00:33,103,False,Slow,Off-Peak,All Days,,1370,,,Non-AC,96649,TL61
CR_Down_97301,CR_Train,Central Railway Main,Down,CSMT,Thane,00:24,01:19,55,False,Slow,Off-Peak,All Days,,24,,,Non-AC,97301,T1
CR_Down_97305,CR_Train,Central Railway Main,Down,CSMT,Thane,06:41,07:36,55,False,Slow,Off-Peak,NOT_SUN,,401,,,Non-AC,97305,T3
CR_Down_97307,CR_Train,Central Railway Main,Down,CSMT,Thane,07:00,07:55,55,False,Slow,Peak,NOT_SUN,,420,,,Non-AC,97307,T5
CR_Down_97309,CR_Train,Central Railway Main,Down,CSMT,Thane,07:12,08:07,55,False,Slow,Peak,All Days,,432,,,Non-AC,97309,T7
CR_Down_97311,CR_Train,Central Railway Main,Down,CSMT,Thane,07:28,08:24,56,False,Slow,Peak,NOT_SUN,,448,,,Non-AC,97311,T9
CR_Down_97313,CR_Train,Central Railway Main,Down,CSMT,Thane,07:46,08:42,56,False,Slow,Peak,All Days,,466,,,Non-AC,97313,T11
CR_Down_97315,CR_Train,Central Railway Main,Down,CSMT,Thane,07:58,08:54,56,False,Slow,Peak,All Days,,478,,,Non-AC,97315,T13
CR_Down_95901,CR_Train,Central Railway Main,Down,CSMT,Thane,08:04,08:46,42,True,AC Fast,Peak,NOT_SUN,,484,,,AC,95901,T15
CR_Down_97317,CR_Train,Central Railway Main,Down,CSMT,Thane,08:08,09:04,56,False,Slow,Peak,All Days,,488,,,Non-AC,97317,T17
CR_Down_97319,CR_Train,Central Railway Main,Down,CSMT,Thane,08:16,09:12,56,False,Slow,Peak,NOT_SUN,,496,,,Non-AC,97319,T19
CR_Down_97323,CR_Train,Central Railway Main,Down,CSMT,Thane,08:26,09:23,57,False,Slow,Peak,All Days,,506,,,Non-AC,97323,T21
CR_Down_97325,CR_Train,Central Railway Main,Down,CSMT,Thane,08:45,09:42,57,False,Slow,Peak,NOT_SUN,,525,,,Non-AC,97325,T23
CR_Down_95903,CR_Train,Central Railway Main,Down,CSMT,Thane,08:48,09:33,45,False,Fast,Peak,NOT_SUN,,528,,,Non-AC,95903,T25
CR_Down_97329,CR_Train,Central Railway Main,Down,CSMT,Thane,09:01,10:00,59,False,Slow,Peak,All Days,,541,,,Non-AC,97329,T27
CR_Down_95905,CR_Train,Central Railway Main,Down,CSMT,Thane,09:05,09:46,41,False,Fast,Peak,All Days,,545,,,Non-AC,95905,T29
CR_Down_97331,CR_Train,Central Railway Main,Down,CSMT,Thane,09:20,10:16,56,False,Slow,Peak,All Days,,560,,,Non-AC,97331,T31
CR_Down_97333,CR_Train,Central Railway Main,Down,CSMT,Thane,09:30,10:25,55,False,Slow,Peak,NOT_SUN,,570,,,Non-AC,97333,T33
CR_Down_97335,CR_Train,Central Railway Main,Down,CSMT,Thane,09:41,10:38,57,False,Slow,Peak,NOT_SUN,,581,,,Non-AC,97335,T35
CR_Down_95907,CR_Train,Central Railway Main,Down,CSMT,Thane,09:42,10:24,42,False,Fast,Peak,NOT_SUN,,582,,,Non-AC,95907,T37
CR_Down_97337,CR_Train,Central Railway Main,Down,CSMT,Thane,09:49,10:46,57,False,Slow,Peak,All Days,,589,,,Non-AC,97337,T39
CR_Down_97339,CR_Train,Central Railway Main,Down,CSMT,Thane,10:07,11:04,57,False,Slow,Peak,All Days,,607,,,Non-AC,97339,T41
CR_Down_97341,CR_Train,Central Railway Main,Down,CSMT,Thane,10:18,11:13,55,False,Slow,Peak,NOT_SUN,,618,,,Non-AC,97341,T43
CR_Down_97343,CR_Train,Central Railway Main,Down,CSMT,Thane,10:27,11:28,61,False,Slow,Peak,NOT_SUN,,627,,,Non-AC,97343,T45
CR_Down_97345,CR_Train,Central Railway Main,Down,CSMT,Thane,10:39,11:37,58,False,Slow,Peak,NOT_SUN,,639,,,Non-AC,97345,T47
CR_Down_97347,CR_Train,Central Railway Main,Down,CSMT,Thane,10:51,11:48,57,False,Slow,Peak,NOT_SUN,,651,,,Non-AC,97347,T49
CR_Down_97349,CR_Train,Central Railway Main,Down,CSMT,Thane,10:56,11:55,59,False,Slow,Peak,All Days,,656,,,Non-AC,97349,T51
CR_Down_97351,CR_Train,Central Railway Main,Down,CSMT,Thane,11:07,12:03,56,False,Slow,Off-Peak,All Days,,667,,,Non-AC,97351,T53
CR_Down_97353,CR_Train,Central Railway Main,Down,CSMT,Thane,11:16,12:11,55,False,Slow,Off-Peak,All Days,,676,,,Non-AC,97353,T55
CR_Down_97355,CR_Train,Central Railway Main,Down,CSMT,Thane,11:36,12:33,57,False,Slow,Off-Peak,NOT_SUN,,696,,,Non-AC,97355,T57
CR_Down_97357,CR_Train,Central Railway Main,Down,CSMT,Thane,11:45,12:40,55,False,Slow,Off-Peak,NOT_SUN,,705,,,Non-AC,97357,T59
CR_Down_97359,CR_Train,Central Railway Main,Down,CSMT,Thane,12:24,13:20,56,True,AC Slow,Off-Peak,NOT_SUN,,744,,,AC,97359,T61
CR_Down_97361,CR_Train,Central Railway Main,Down,CSMT,Thane,12:58,13:58,60,False,Slow,Off-Peak,NOT_SUN,,778,,,Non-AC,97361,T63
CR_Down_97363,CR_Train,Central Railway Main,Down,CSMT,Thane,13:06,14:06,60,True,AC Slow,Off-Peak,NOT_SUN,,786,,,AC,97363,T65
CR_Down_97365,CR_Train,Central Railway Main,Down,CSMT,Thane,13:38,14:34,56,False,Slow,Off-Peak,All Days,,818,,,Non-AC,97365,T67
CR_Down_97367,CR_Train,Central Railway Main,Down,CSMT,Thane,13:58,14:54,56,False,Slow,Off-Peak,NOT_SUN,,838,,,Non-AC,97367,T69
CR_Down_97369,CR_Train,Central Railway Main,Down,CSMT,Thane,14:29,15:25,56,True,AC Slow,Off-Peak,NOT_SUN,,869,,,AC,97369,T71
CR_Down_97371,CR_Train,Central Railway Main,Down,CSMT,Thane,15:01,15:58,57,False,Slow,Off-Peak,NOT_SUN,,901,,,Non-AC,97371,T73
CR_Down_97373,CR_Train,Central Railway Main,Down,CSMT,Thane,15:28,16:24,56,False,Slow,Off-Peak,All Days,,928,,,Non-AC,97373,T75
CR_Down_97377,CR_Train,Central Railway Main,Down,CSMT,Thane,16:08,17:04,56,False,Slow,Off-Peak,NOT_SUN,,968,,,Non-AC,97377,T77
CR_Down_97379,CR_Train,Central Railway Main,Down,CSMT,Thane,16:17,17:15,58,False,Slow,Off-Peak,All Days,,977,,,Non-AC,97379,T79
CR_Down_97381,CR_Train,Central Railway Main,Down,CSMT,Thane,16:30,17:26,56,False,Slow,Off-Peak,NOT_SUN,,990,,,Non-AC,97381,T81
CR_Down_97383,CR_Train,Central Railway Main,Down,CSMT,Thane,16:38,17:35,57,True,AC Slow,Off-Peak,NOT_SUN,,998,,,AC,97383,T83
CR_Down_97385,CR_Train,Central Railway Main,Down,CSMT,Thane,16:52,17:48,56,False,Slow,Off-Peak,All Days,,1012,,,Non-AC,97385,T85
CR_Down_97387,CR_Train,Central Railway Main,Down,CSMT,Thane,17:04,18:00,56,False,Slow,Peak,All Days,,1024,,,Non-AC,97387,T87
CR_Down_97389,CR_Train,Central Railway Main,Down,CSMT,Thane,17:12,18:08,56,False,Slow,Peak,NOT_SUN,,1032,,,Non-AC,97389,T89
CR_Down_97391,CR_Train,Central Railway Main,Down,CSMT,Thane,17:24,18:20,56,False,Slow,Peak,NOT_SUN,,1044,,,Non-AC,97391,T91
CR_Down_97393,CR_Train,Central Railway Main,Down,CSMT,Thane,17:32,18:28,56,False,Slow,Peak,All Days,,1052,,,Non-AC,97393,T93
CR_Down_97395,CR_Train,Central Railway Main,Down,CSMT,Thane,17:48,18:44,56,False,Slow,Peak,NOT_SUN,,1068,,,Non-AC,97395,T95
CR_Down_97397,CR_Train,Central Railway Main,Down,CSMT,Thane,18:03,19:02,59,False,Slow,Peak,NOT_SUN,,1083,,,Non-AC,97397,T97
CR_Down_95911,CR_Train,Central Railway Main,Down,CSMT,Thane,18:10,18:52,42,True,AC Fast,Peak,All Days,,1090,,,AC,95911,T99
CR_Down_97399,CR_Train,Central Railway Main,Down,CSMT,Thane,18:26,19:23,57,False,Slow,Peak,NOT_SUN,,1106,,,Non-AC,97399,T101
CR_Down_97401,CR_Train,Central Railway Main,Down,CSMT,Thane,18:37,19:33,56,False,Slow,Peak,NOT_SUN,,1117,,,Non-AC,97401,T103
CR_Down_97403,CR_Train,Central Railway Main,Down,CSMT,Thane,18:45,19:42,57,True,AC Slow,Peak,NOT_SUN,,1125,,,AC,97403,T105
CR_Down_97405,CR_Train,Central Railway Main,Down,CSMT,Thane,18:58,19:54,56,False,Slow,Peak,All Days,,1138,,,Non-AC,97405,T107
CR_Down_95913,CR_Train,Central Railway Main,Down,CSMT,Thane,19:00,19:44,44,False,Fast,Peak,NOT_SUN,,1140,,,Non-AC,95913,T109
CR_Down_97409,CR_Train,Central Railway Main,Down,CSMT,Thane,19:22,20:17,55,False,Slow,Peak,All Days,,1162,,,Non-AC,97409,T111
CR_Down_97413,CR_Train,Central Railway Main,Down,CSMT,Thane,19:45,20:40,55,False,Slow,Peak,NOT_SUN,,1185,,,Non-AC,97413,T113
CR_Down_97415,CR_Train,Central Railway Main,Down,CSMT,Thane,19:55,20:51,56,False,Slow,Peak,All Days,,1195,,,Non-AC,97415,T115
CR_Down_97417,CR_Train,Central Railway Main,Down,CSMT,Thane,20:10,21:06,56,False,Slow,Peak,NOT_SUN,,1210,,,Non-AC,97417,T117
CR_Down_97419,CR_Train,Central Railway Main,Down,CSMT,Thane,20:34,21:30,56,False,Slow,Peak,NOT_SUN,,1234,,,Non-AC,97419,T119
CR_Down_97421,CR_Train,Central Railway Main,Down,CSMT,Thane,20:52,21:48,56,False,Slow,Peak,All Days,,1252,,,Non-AC,97421,T121
CR_Down_97423,CR_Train,Central Railway Main,Down,CSMT,Thane,21:04,22:00,56,False,Slow,Off-Peak,All Days,,1264,,,Non-AC,97423,T123
CR_Down_97425,CR_Train,Central Railway Main,Down,CSMT,Thane,22:08,23:03,55,False,Slow,Off-Peak,All Days,,1328,,,Non-AC,97425,T125
CR_Down_97427,CR_Train,Central Railway Main,Down,CSMT,Thane,22:20,23:15,55,True,AC Slow,Off-Peak,NOT_SUN,,1340,,,AC,97427,T127
CR_Down_97429,CR_Train,Central Railway Main,Down,CSMT,Thane,22:38,23:33,55,False,Slow,Off-Peak,All Days,,1358,,,Non-AC,97429,T129
CR_Down_97431,CR_Train,Central Railway Main,Down,CSMT,Thane,22:46,23:41,55,False,Slow,Off-Peak,All Days,,1366,,,Non-AC,97431,T131
CR_Down_97433,CR_Train,Central Railway Main,Down,CSMT,Thane,23:00,23:57,57,False,Slow,Off-Peak,All Days,,1380,,,Non-AC,97433,T133
CR_Down_95015,CR_Train,Central Railway Main,Down,CSMT,Khopoli,23:18,01:38,140,False,Fast,Off-Peak,All Days,,1398,,,Non-AC,95015,KP17
CR_Down_96341,CR_Train,Central Railway Main,Down,CSMT,Ambernath,23:08,00:50,102,False,Slow,Off-Peak,All Days,,1388,,,Non-AC,96341,A59
CR_Down_97435,CR_Train,Central Railway Main,Down,CSMT,Thane,23:12,23:59,47,True,AC Slow,Off-Peak,All Days,,1392,,,AC,97435,T135
CR_Down_96651,CR_Train,Central Railway Main,Down,CSMT,Titwala,23:16,00:59,103,False,Slow,Off-Peak,All Days,,1396,,,Non-AC,96651,TL63
CR_Down_97501,CR_Train,Central Railway Main,Down,CSMT,Ghatkopar,08:37,09:12,35,False,Slow,Peak,All Days,,517,,,Non-AC,97501,G1
CR_Down_97503,CR_Train,Central Railway Main,Down,CSMT,Ghatkopar,09:09,09:43,34,False,Slow,Peak,NOT_SUN,,549,,,Non-AC,97503,G3
CR_Down_97505,CR_Train,Central Railway Main,Down,CSMT,Ghatkopar,09:57,10:31,34,False,Slow,Peak,All Days,,597,,,Non-AC,97505,G5
CR_Down_97601,CR_Train,Central Railway Main,Down,CSMT,Kurla,00:05,00:33,28,False,Slow,Off-Peak,All Days,,5,,,Non-AC,97601,C1
CR_Down_97603,CR_Train,Central Railway Main,Down,CSMT,Kurla,08:29,08:59,30,False,Slow,Peak,NOT_SUN,,509,,,Non-AC,97603,C3
CR_Down_97605,CR_Train,Central Railway Main,Down,CSMT,Kurla,08:41,09:10,29,False,Slow,Peak,All Days,,521,,,Non-AC,97605,C5
CR_Down_97607,CR_Train,Central Railway Main,Down,CSMT,Kurla,08:53,09:21,28,False,Slow,Peak,All Days,,533,,,Non-AC,97607,C7
CR_Down_97609,CR_Train,Central Railway Main,Down,CSMT,Kurla,09:12,09:40,28,False,Slow,Peak,NOT_SUN,,552,,,Non-AC,97609,C9
CR_Down_97611,CR_Train,Central Railway Main,Down,CSMT,Kurla,09:23,09:51,28,False,Slow,Peak,NOT_SUN,,563,,,Non-AC,97611,C11
CR_Down_97613,CR_Train,Central Railway Main,Down,CSMT,Kurla,09:45,10:13,28,False,Slow,Peak,NOT_SUN,,585,,,Non-AC,97613,C13
CR_Down_97615,CR_Train,Central Railway Main,Down,CSMT,Kurla,10:00,10:28,28,False,Slow,Peak,All Days,,600,,,Non-AC,97615,C15
CR_Down_97617,CR_Train,Central Railway Main,Down,CSMT,Kurla,10:30,11:02,32,False,Slow,Peak,NOT_SUN,,630,,,Non-AC,97617,C17
CR_Down_97619,CR_Train,Central Railway Main,Down,CSMT,Kurla,10:44,11:13,29,False,Slow,Peak,NOT_SUN,,644,,,Non-AC,97619,C19
CR_Down_97621,CR_Train,Central Railway Main,Down,CSMT,Kurla,11:00,11:29,29,False,Slow,Peak,All Days,,660,,,Non-AC,97621,C21
CR_Down_97623,CR_Train,Central Railway Main,Down,CSMT,Kurla,11:12,11:40,28,False,Slow,Off-Peak,All Days,,672,,,Non-AC,97623,C23
CR_Down_97625,CR_Train,Central Railway Main,Down,CSMT,Kurla,16:43,17:11,28,False,Slow,Off-Peak,NOT_SUN,,1003,,,Non-AC,97625,C25
CR_Down_97627,CR_Train,Central Railway Main,Down,CSMT,Kurla,17:28,17:56,28,False,Slow,Peak,NOT_SUN,,1048,,,Non-AC,97627,C27
CR_Down_97629,CR_Train,Central Railway Main,Down,CSMT,Kurla,17:44,18:12,28,False,Slow,Peak,All Days,,1064,,,Non-AC,97629,C29
CR_Down_97631,CR_Train,Central Railway Main,Down,CSMT,Kurla,18:22,18:50,28,False,Slow,Peak,NOT_SUN,,1102,,,Non-AC,97631,C31
CR_Down_97633,CR_Train,Central Railway Main,Down,CSMT,Kurla,18:49,19:17,28,False,Slow,Peak,NOT_SUN,,1129,,,Non-AC,97633,C33
CR_Down_97635,CR_Train,Central Railway Main,Down,CSMT,Kurla,20:41,21:10,29,False,Slow,Peak,All Days,,1241,,,Non-AC,97635,C35
CR_Down_97637,CR_Train,Central Railway Main,Down,CSMT,Kurla,21:36,22:04,28,False,Slow,Off-Peak,NOT_SUN,,1296,,,Non-AC,97637,C37
CR_Down_97639,CR_Train,Central Railway Main,Down,CSMT,Kurla,21:56,22:25,29,False,Slow,Off-Peak,NOT_SUN,,1316,,,Non-AC,97639,C39
CR_Down_97641,CR_Train,Central Railway Main,Down,CSMT,Kurla,22:31,23:00,29,False,Slow,Off-Peak,NOT_SUN,,1351,,,Non-AC,97641,C41
CR_Down_97643,CR_Train,Central Railway Main,Down,CSMT,Kurla,22:54,23:22,28,False,Slow,Off-Peak,NOT_SUN,,1374,,,Non-AC,97643,C43
CR_Down_97645,CR_Train,Central Railway Main,Down,CSMT,Kurla,23:04,23:33,29,False,Slow,Off-Peak,All Days,,1384,,,Non-AC,97645,C45
CR_Down_97647,CR_Train,Central Railway Main,Down,CSMT,Kurla,23:23,23:51,28,False,Slow,Off-Peak,NOT_SUN,,1403,,,Non-AC,97647,C47
CR_Down_96115,CR_Train,Central Railway Main,Down,CSMT,Karjat,23:30,01:49,139,False,Slow,Off-Peak,All Days,,1410,,,Non-AC,96115,S41
CR_Down_97649,CR_Train,Central Railway Main,Down,CSMT,Kurla,23:34,23:58,24,False,Slow,Off-Peak,NOT_SUN,,1414,,,Non-AC,97649,C49
CR_Down_97437,CR_Train,Central Railway Main,Down,CSMT,Thane,23:38,00:33,55,False,Slow,Off-Peak,All Days,,1418,,,Non-AC,97437,T137
CR_Down_96653,CR_Train,Central Railway Main,Down,CSMT,Titwala,23:42,01:26,104,False,Slow,Off-Peak,All Days,,1422,,,Non-AC,96653,TL65
CR_Down_97439,CR_Train,Central Railway Main,Down,CSMT,Thane,23:46,00:41,55,False,Slow,Off-Peak,All Days,,1426,,,Non-AC,97439,T139
CR_Down_96229,CR_Train,Central Railway Main,Down,CSMT,Badlapur,23:51,01:39,108,False,Slow,Off-Peak,All Days,,1431,,,Non-AC,96229,BL61
CR_Down_97441,CR_Train,Central Railway Main,Down,CSMT,Thane,23:55,00:51,56,False,Slow,Off-Peak,All Days,,1435,,,Non-AC,97441,T141
WR_Down_91041,WR_Train,Western Railway,Down,CHURCHGATE,BORIVALI,00:09,01:14,65,False,Slow,Off-Peak,NOT_SUN,,9,,,Non-AC,91041,BVI
WR_Down_94145,WR_Train,Western Railway,Down,CHURCHGATE,Bhayandar,00:13,01:33,80,True,AC Slow,Off-Peak,All Days,,13,,,AC,94145,BYR
WR_Down_91039,WR_Train,Western Railway,Down,CHURCHGATE,ANDHERI,00:16,01:00,44,False,Slow,Off-Peak,All Days,,16,,,Non-AC,91039,ADH
WR_Down_91043,WR_Train,Western Railway,Down,CHURCHGATE,VIRAR,00:20,02:00,100,False,Slow,Off-Peak,All Days,,20,,,Non-AC,91043,VR
WR_Down_91045,WR_Train,Western Railway,Down,CHURCHGATE,Bhayandar,00:28,01:48,80,False,Slow,Off-Peak,All Days,,28,,,Non-AC,91045,BYR
WR_Down_91047,WR_Train,Western Railway,Down,CHURCHGATE,BANDRA,00:31,01:02,31,False,Slow,Off-Peak,All Days,,31,,,Non-AC,91047,BA
WR_Down_91049,WR_Train,Western Railway,Down,CHURCHGATE,BORIVALI,00:38,01:43,65,False,Slow,Off-Peak,All Days,,38,,,Non-AC,91049,BVI
WR_Down_91051,WR_Train,Western Railway,Down,CHURCHGATE,Bhayandar,00:43,02:03,80,False,Slow,Off-Peak,All Days,,43,,,Non-AC,91051,BYR
WR_Down_91053,WR_Train,Western Railway,Down,CHURCHGATE,VIRAR,00:50,02:30,100,False,Slow,Off-Peak,All Days,,50,,,Non-AC,91053,VR
WR_Down_91055,WR_Train,Western Railway,Down,CHURCHGATE,BORIVALI,01:00,02:05,65,False,Slow,Off-Peak,All Days,,60,,,Non-AC,91055,BVI
WR_Down_90011,WR_Train,Western Railway,Down,CHURCHGATE,VIRAR,04:15,05:58,103,False,Slow,Off-Peak,All Days,,255,,,Non-AC,90011,VR
WR_Down_90015,WR_Train,Western Railway,Down,CHURCHGATE,BORIVALI,04:18,05:22,64,False,Slow,Off-Peak,All Days,,258,,,Non-AC,90015,BVI
WR_Down_90019,WR_Train,Western Railway,Down,CHURCHGATE,BORIVALI,04:38,05:44,66,False,Slow,Off-Peak,All Days,,278,,,Non-AC,90019,BVI
WR_Down_90021,WR_Train,Western Railway,Down,CHURCHGATE,VIRAR,04:40,06:02,82,False,Slow,Off-Peak,All Days,,280,,,Non-AC,90021,VR
WR_Down_90025,WR_Train,Western Railway,Down,CHURCHGATE,BORIVALI,04:46,05:49,63,False,Slow,Off-Peak,All Days,,286,,,Non-AC,90025,BVI
WR_Down_90029,WR_Train,Western Railway,Down,CHURCHGATE,BORIVALI,04:55,05:58,63,False,Slow,Off-Peak,All Days,,295,,,Non-AC,90029,BVI
WR_Down_90031,WR_Train,Western Railway,Down,CHURCHGATE,BORIVALI,05:00,06:05,65,False,Slow,Off-Peak,All Days,,300,,,Non-AC,90031,BVI
WR_Down_93005,WR_Train,Western Railway,Down,CHURCHGATE,VIRAR,05:03,06:15,72,False,Slow,Off-Peak,All Days,,303,,,Non-AC,93005,DRD
WR_Down_90033,WR_Train,Western Railway,Down,CHURCHGATE,VIRAR,05:07,06:30,83,False,Slow,Off-Peak,All Days,,307,,,Non-AC,90033,VR
WR_Down_90041,WR_Train,Western Railway,Down,CHURCHGATE,VIRAR,05:15,06:38,83,False,Slow,Off-Peak,All Days,,315,,,Non-AC,90041,VR
WR_Down_90045,WR_Train,Western Railway,Down,CHURCHGATE,BORIVALI,05:15,06:19,64,False,Slow,Off-Peak,NOT_SUN,,315,,,Non-AC,90045,BVI
WR_Down_90047,WR_Train,Western Railway,Down,CHURCHGATE,Goregaon,05:19,06:13,54,False,Slow,Off-Peak,All Days,,319,,,Non-AC,90047,GMN
WR_Down_90049,WR_Train,Western Railway,Down,CHURCHGATE,VIRAR,05:23,06:43,80,False,Slow,Off-Peak,All Days,,323,,,Non-AC,90049,VR
WR_Down_90051,WR_Train,Western Railway,Down,CHURCHGATE,BORIVALI,05:28,06:33,65,False,Slow,Off-Peak,All Days,,328,,,Non-AC,90051,BVI
WR_Down_90053,WR_Train,Western Railway,Down,CHURCHGATE,VIRAR,05:29,06:53,84,False,Slow,Off-Peak,All Days,,329,,,Non-AC,90053,VR
WR_Down_90059,WR_Train,Western Railway,Down,CHURCHGATE,BORIVALI,05:36,06:41,65,False,Slow,Off-Peak,All Days,,336,,,Non-AC,90059,BVI
WR_Down_94005,WR_Train,Western Railway,Down,CHURCHGATE,BORIVALI,05:40,06:45,65,True,AC Slow,Off-Peak,SAT_SUN,,340,,,AC,94005,BVI
WR_Down_93007,WR_Train,Western Railway,Down,CHURCHGATE,VIRAR,05:52,07:04,72,False,Slow,Off-Peak,All Days,,352,,,Non-AC,93007,DRD
WR_Down_90071,WR_Train,Western Railway,Down,CHURCHGATE,BORIVALI,05:56,07:00,64,False,Slow,Off-Peak,All Days,,356,,,Non-AC,90071,BVI
WR_Down_90077,WR_Train,Western Railway,Down,CHURCHGATE,BORIVALI,05:59,07:04,65,False,Slow,Off-Peak,All Days,,359,,,Non-AC,90077,BVI
WR_Down_90079,WR_Train,Western Railway,Down,CHURCHGATE,BORIVALI,06:03,07:08,65,False,Slow,Off-Peak,NOT_SUN,,363,,,Non-AC,90079,BVI
WR_Down_90083,WR_Train,Western Railway,Down,CHURCHGATE,VIRAR,06:05,07:17,72,False,Slow,Off-Peak,All Days,,365,,,Non-AC,90083,VR
WR_Down_90087,WR_Train,Western Railway,Down,CHURCHGATE,BORIVALI,06:11,07:16,65,False,Slow,Off-Peak,NOT_SUN,,371,,,Non-AC,90087,BVI
WR_Down_94111,WR_Train,Western Railway,Down,CHURCHGATE,BORIVALI,06:14,07:19,65,True,AC Slow,Off-Peak,All Days,,374,,,AC,94111,BVI
WR_Down_90091,WR_Train,Western Railway,Down,CHURCHGATE,VIRAR,06:15,07:38,83,False,Slow,Off-Peak,All Days,,375,,,Non-AC,90091,VR
WR_Down_90093,WR_Train,Western Railway,Down,CHURCHGATE,BORIVALI,06:17,07:22,65,False,Slow,Off-Peak,All Days,,377,,,Non-AC,90093,BVI
WR_Down_90097,WR_Train,Western Railway,Down,CHURCHGATE,BORIVALI,06:21,07:30,69,False,Slow,Off-Peak,NOT_SUN,,381,,,Non-AC,90097,BVI
WR_Down_90101,WR_Train,Western Railway,Down,CHURCHGATE,BORIVALI,06:32,07:37,65,False,Slow,Off-Peak,All Days,,392,,,Non-AC,90101,BVI
WR_Down_94009,WR_Train,Western Railway,Down,CHURCHGATE,BORIVALI,06:35,07:41,66,True,AC Slow,Off-Peak,All Days,,395,,,AC,94009,BVI
WR_Down_90105,WR_Train,Western Railway,Down,CHURCHGATE,VIRAR,06:35,07:59,84,False,Slow,Off-Peak,All Days,,395,,,Non-AC,90105,VR
WR_Down_90107,WR_Train,Western Railway,Down,CHURCHGATE,Goregaon,06:39,07:32,53,False,Slow,Off-Peak,All Days,,399,,,Non-AC,90107,GMN
WR_Down_90109,WR_Train,Western Railway,Down,CHURCHGATE,BORIVALI,06:42,07:31,49,False,Slow,Off-Peak,All Days,,402,,,Non-AC,90109,BVI
WR_Down_90111,WR_Train,Western Railway,Down,CHURCHGATE,BORIVALI,06:48,07:54,66,False,Slow,Off-Peak,All Days,,408,,,Non-AC,90111,BVI
WR_Down_90113,WR_Train,Western Railway,Down,CHURCHGATE,VIRAR,06:48,08:12,84,False,Slow,Off-Peak,All Days,,408,,,Non-AC,90113,VR
WR_Down_90115,WR_Train,Western Railway,Down,CHURCHGATE,Goregaon,06:51,07:44,53,False,Slow,Off-Peak,All Days,,411,,,Non-AC,90115,GMN
WR_Down_94123,WR_Train,Western Railway,Down,CHURCHGATE,BORIVALI,06:55,08:00,65,True,AC Slow,Off-Peak,All Days,,415,,,AC,94123,BVI
WR_Down_90121,WR_Train,Western Railway,Down,CHURCHGATE,VIRAR,07:00,08:45,105,False,Slow,Peak,All Days,,420,,,Non-AC,90121,VR
WR_Down_94135,WR_Train,Western Railway,Down,CHURCHGATE,VIRAR,07:03,08:23,80,True,AC Slow,Peak,All Days,,423,,,AC,94135,VR
WR_Down_90125,WR_Train,Western Railway,Down,CHURCHGATE,BORIVALI,07:05,08:11,66,False,Slow,Peak,All Days,,425,,,Non-AC,90125,BVI
WR_Down_90127,WR_Train,Western Railway,Down,CHURCHGATE,VIRAR,07:07,08:28,81,False,Slow,Peak,All Days,,427,,,Non-AC,90127,VR
WR_Down_90129,WR_Train,Western Railway,Down,CHURCHGATE,BORIVALI,07:09,08:15,66,False,Slow,Peak,All Days,,429,,,Non-AC,90129,BVI
WR_Down_93009,WR_Train,Western Railway,Down,CHURCHGATE,VIRAR,07:11,08:29,78,False,Slow,Peak,All Days,,431,,,Non-AC,93009,DRD
WR_Down_90131,WR_Train,Western Railway,Down,CHURCHGATE,Goregaon,07:12,08:04,52,False,Slow,Peak,All Days,,432,,,Non-AC,90131,GMN
WR_Down_90133,WR_Train,Western Railway,Down,CHURCHGATE,Vile Parle,07:15,07:54,39,False,Slow,Peak,All Days,,435,,,Non-AC,90133,ADH
WR_Down_90135,WR_Train,Western Railway,Down,CHURCHGATE,Vasai Road,07:16,08:26,70,False,Slow,Peak,All Days,,436,,,Non-AC,90135,BSR
WR_Down_90139,WR_Train,Western Railway,Down,CHURCHGATE,BORIVALI,07:21,08:25,64,False,Slow,Peak,All Days,,441,,,Non-AC,90139,BVI
WR_Down_90147,WR_Train,Western Railway,Down,CHURCHGATE,VIRAR,07:24,08:44,80,False,Slow,Peak,All Days,,444,,,Non-AC,90147,VR
WR_Down_90149,WR_Train,Western Railway,Down,CHURCHGATE,Goregaon,07:27,08:23,56,False,Slow,Peak,All Days,,447,,,Non-AC,90149,GMN
WR_Down_94013,WR_Train,Western Railway,Down,CHURCHGATE,BORIVALI,07:29,08:16,47,True,AC Slow,Peak,All Days,,449,,,AC,94013,BVI
WR_Down_90151,WR_Train,Western Railway,Down,CHURCHGATE,BORIVALI,07:30,08:36,66,False,Slow,Peak,All Days,,450,,,Non-AC,90151,BVI
WR_Down_90153,WR_Train,Western Railway,Down,CHURCHGATE,VIRAR,07:32,08:57,85,False,Slow,Peak,All Days,,452,,,Non-AC,90153,VR
WR_Down_90155,WR_Train,Western Railway,Down,CHURCHGATE,BANDRA,07:33,08:05,32,False,Slow,Peak,All Days,,453,,,Non-AC,90155,BA
WR_Down_90157,WR_Train,Western Railway,Down,CHURCHGATE,Goregaon,07:36,08:31,55,False,Slow,Peak,All Days,,456,,,Non-AC,90157,GMN
WR_Down_94015,WR_Train,Western Railway,Down,CHURCHGATE,VIRAR,07:36,08:58,82,True,AC Slow,Peak,All Days,,456,,,AC,94015,VR
WR_Down_90161,WR_Train,Western Railway,Down,CHURCHGATE,VIRAR,07:39,09:20,101,False,Slow,Peak,All Days,,459,,,Non-AC,90161,VR
WR_Down_90163,WR_Train,Western Railway,Down,CHURCHGATE,BORIVALI,07:42,08:47,65,False,Slow,Peak,NOT_SUN,,462,,,Non-AC,90163,BVI
WR_Down_93011,WR_Train,Western Railway,Down,CHURCHGATE,VIRAR,07:42,09:01,79,False,Slow,Peak,All Days,,462,,,Non-AC,93011,DRD
WR_Down_90165,WR_Train,Western Railway,Down,CHURCHGATE,Vile Parle,07:45,08:24,39,False,Slow,Peak,NOT_SUN,,465,,,Non-AC,90165,ADH
WR_Down_90167,WR_Train,Western Railway,Down,CHURCHGATE,VIRAR,07:45,09:05,80,False,Slow,Peak,All Days,,465,,,Non-AC,90167,VR
WR_Down_90169,WR_Train,Western Railway,Down,CHURCHGATE,BORIVALI,07:48,08:54,66,False,Slow,Peak,All Days,,468,,,Non-AC,90169,BVI
WR_Down_90173,WR_Train,Western Railway,Down,CHURCHGATE,Goregaon,07:51,08:46,55,False,Slow,Peak,All Days,,471,,,Non-AC,90173,GMN
WR_Down_90175,WR_Train,Western Railway,Down,CHURCHGATE,ANDHERI,07:54,08:39,45,False,Slow,Peak,All Days,,474,,,Non-AC,90175,ADH
WR_Down_94017,WR_Train,Western Railway,Down,CHURCHGATE,VIRAR,07:54,09:15,81,True,AC Slow,Peak,SAT_SUN,,474,,,AC,94017,VR
WR_Down_90179,WR_Train,Western Railway,Down,CHURCHGATE,BORIVALI,07:57,09:02,65,False,Slow,Peak,All Days,,477,,,Non-AC,90179,BVI
WR_Down_90183,WR_Train,Western Railway,Down,CHURCHGATE,BORIVALI,08:03,09:05,62,False,Slow,Peak,All Days,,483,,,Non-AC,90183,BVI
WR_Down_90187,WR_Train,Western Railway,Down,CHURCHGATE,BORIVALI,08:06,09:11,65,False,Slow,Peak,All Days,,486,,,Non-AC,90187,BVI
WR_Down_90191,WR_Train,Western Railway,Down,CHURCHGATE,ANDHERI,08:10,08:53,43,False,Slow,Peak,All Days,,490,,,Non-AC,90191,ADH
WR_Down_90197,WR_Train,Western Railway,Down,CHURCHGATE,BORIVALI,08:15,09:22,67,False,Slow,Peak,All Days,,495,,,Non-AC,90197,BVI
WR_Down_90199,WR_Train,Western Railway,Down,CHURCHGATE,Goregaon,08:18,09:13,55,False,Slow,Peak,All Days,,498,,,Non-AC,90199,GMN
WR_Down_90201,WR_Train,Western Railway,Down,CHURCHGATE,VIRAR,08:20,09:48,88,False,Slow,Peak,All Days,,500,,,Non-AC,90201,VR
WR_Down_90203,WR_Train,Western Railway,Down,CHURCHGATE,BORIVALI,08:23,09:28,65,False,Slow,Peak,All Days,,503,,,Non-AC,90203,BVI
WR_Down_90205,WR_Train,Western Railway,Down,CHURCHGATE,BORIVALI,08:27,09:33,66,False,Slow,Peak,All Days,,507,,,Non-AC,90205,BVI
WR_Down_94113,WR_Train,Western Railway,Down,CHURCHGATE,VIRAR,08:27,09:51,84,True,AC Slow,Peak,All Days,,507,,,AC,94113,VR
WR_Down_90209,WR_Train,Western Railway,Down,CHURCHGATE,Goregaon,08:32,09:29,57,False,Slow,Peak,NOT_SUN,,512,,,Non-AC,90209,GMN
WR_Down_90215,WR_Train,Western Railway,Down,CHURCHGATE,BORIVALI,08:35,09:43,68,False,Slow,Peak,All Days,,515,,,Non-AC,90215,BVI
WR_Down_90219,WR_Train,Western Railway,Down,CHURCHGATE,Goregaon,08:38,09:34,56,False,Slow,Peak,All Days,,518,,,Non-AC,90219,GMN
WR_Down_90225,WR_Train,Western Railway,Down,CHURCHGATE,BORIVALI,08:46,09:55,69,False,Slow,Peak,All Days,,526,,,Non-AC,90225,BVI
WR_Down_93015,WR_Train,Western Railway,Down,CHURCHGATE,VIRAR,08:49,10:07,78,False,Slow,Peak,All Days,,529,,,Non-AC,93015,DRD
WR_Down_90227,WR_Train,Western Railway,Down,CHURCHGATE,ANDHERI,08:50,09:34,44,False,Slow,Peak,All Days,,530,,,Non-AC,90227,ADH
WR_Down_90229,WR_Train,Western Railway,Down,CHURCHGATE,BORIVALI,08:53,10:00,67,False,Slow,Peak,All Days,,533,,,Non-AC,90229,BVI
WR_Down_90231,WR_Train,Western Railway,Down,CHURCHGATE,Goregaon,08:56,09:52,56,False,Slow,Peak,All Days,,536,,,Non-AC,90231,GMN
WR_Down_90235,WR_Train,Western Railway,Down,CHURCHGATE,ANDHERI,09:00,09:45,45,False,Slow,Peak,All Days,,540,,,Non-AC,90235,ADH
WR_Down_90241,WR_Train,Western Railway,Down,CHURCHGATE,Kandivli,09:04,10:02,58,False,Slow,Peak,All Days,,544,,,Non-AC,90241,BVI
WR_Down_90247,WR_Train,Western Railway,Down,CHURCHGATE,Goregaon,09:07,10:01,54,False,Slow,Peak,NOT_SUN,,547,,,Non-AC,90247,GMN
WR_Down_90251,WR_Train,Western Railway,Down,CHURCHGATE,Kandivli,09:11,10:09,58,False,Slow,Peak,All Days,,551,,,Non-AC,90251,BVI
WR_Down_94125,WR_Train,Western Railway,Down,CHURCHGATE,Goregaon,09:14,10:07,53,True,AC Slow,Peak,All Days,,554,,,AC,94125,GMN
WR_Down_90257,WR_Train,Western Railway,Down,CHURCHGATE,BORIVALI,09:19,10:25,66,False,Slow,Peak,All Days,,559,,,Non-AC,90257,BVI
WR_Down_90259,WR_Train,Western Railway,Down,CHURCHGATE,Goregaon,09:22,10:15,53,False,Slow,Peak,NOT_SUN,,562,,,Non-AC,90259,GMN
WR_Down_94023,WR_Train,Western Railway,Down,CHURCHGATE,VIRAR,09:23,10:44,81,True,AC Slow,Peak,All Days,,563,,,AC,94023,VR
WR_Down_90263,WR_Train,Western Railway,Down,CHURCHGATE,Vile Parle,09:25,10:04,39,False,Slow,Peak,All Days,,565,,,Non-AC,90263,ADH
WR_Down_90265,WR_Train,Western Railway,Down,CHURCHGATE,BORIVALI,09:28,10:33,65,False,Slow,Peak,All Days,,568,,,Non-AC,90265,BVI
WR_Down_90269,WR_Train,Western Railway,Down,CHURCHGATE,Goregaon,09:31,10:25,54,False,Slow,Peak,All Days,,571,,,Non-AC,90269,GMN
WR_Down_90273,WR_Train,Western Railway,Down,CHURCHGATE,Bhayandar,09:34,10:55,81,False,Slow,Peak,All Days,,574,,,Non-AC,90273,BYR
WR_Down_90275,WR_Train,Western Railway,Down,CHURCHGATE,VIRAR,09:36,10:57,81,False,Slow,Peak,All Days,,576,,,Non-AC,90275,VR
WR_Down_90277,WR_Train,Western Railway,Down,CHURCHGATE,BORIVALI,09:38,10:42,64,False,Slow,Peak,All Days,,578,,,Non-AC,90277,BVI
WR_Down_90279,WR_Train,Western Railway,Down,CHURCHGATE,ANDHERI,09:41,10:25,44,False,Slow,Peak,All Days,,581,,,Non-AC,90279,ADH
WR_Down_90281,WR_Train,Western Railway,Down,CHURCHGATE,BORIVALI,09:44,10:49,65,False,Slow,Peak,All Days,,584,,,Non-AC,90281,BVI
WR_Down_90285,WR_Train,Western Railway,Down,CHURCHGATE,BORIVALI,09:47,10:53,66,False,Slow,Peak,All Days,,587,,,Non-AC,90285,BVI
WR_Down_90289,WR_Train,Western Railway,Down,CHURCHGATE,Goregaon,09:50,10:47,57,False,Slow,Peak,NOT_SUN,,590,,,Non-AC,90289,GMN
WR_Down_90291,WR_Train,Western Railway,Down,CHURCHGATE,BORIVALI,09:53,10:57,64,False,Slow,Peak,All Days,,593,,,Non-AC,90291,BVI
WR_Down_90293,WR_Train,Western Railway,Down,CHURCHGATE,Vile Parle,09:56,10:36,40,False,Slow,Peak,All Days,,596,,,Non-AC,90293,ADH
WR_Down_90297,WR_Train,Western Railway,Down,CHURCHGATE,BORIVALI,10:00,11:05,65,False,Slow,Peak,All Days,,600,,,Non-AC,90297,BVI
WR_Down_90299,WR_Train,Western Railway,Down,CHURCHGATE,Goregaon,10:03,10:57,54,False,Slow,Peak,All Days,,603,,,Non-AC,90299,GMN
WR_Down_90301,WR_Train,Western Railway,Down,CHURCHGATE,BORIVALI,10:06,11:12,66,False,Slow,Peak,NOT_SUN,,606,,,Non-AC,90301,BVI
WR_Down_90305,WR_Train,Western Railway,Down,CHURCHGATE,BORIVALI,10:10,11:15,65,False,Slow,Peak,All Days,,610,,,Non-AC,90305,BVI
WR_Down_90309,WR_Train,Western Railway,Down,CHURCHGATE,Goregaon,10:13,11:06,53,False,Slow,Peak,NOT_SUN,,613,,,Non-AC,90309,GMN
WR_Down_90311,WR_Train,Western Railway,Down,CHURCHGATE,BORIVALI,10:17,11:22,65,False,Slow,Peak,All Days,,617,,,Non-AC,90311,BVI
WR_Down_90315,WR_Train,Western Railway,Down,CHURCHGATE,BORIVALI,10:20,11:25,65,False,Slow,Peak,All Days,,620,,,Non-AC,90315,BVI
WR_Down_94029,WR_Train,Western Railway,Down,CHURCHGATE,BORIVALI,10:24,11:31,67,True,AC Slow,Peak,SAT_SUN,,624,,,AC,94029,BVI
WR_Down_90321,WR_Train,Western Railway,Down,CHURCHGATE,BORIVALI,10:27,11:34,67,False,Slow,Peak,All Days,,627,,,Non-AC,90321,BVI
WR_Down_90325,WR_Train,Western Railway,Down,CHURCHGATE,ANDHERI,10:30,11:14,44,False,Slow,Peak,All Days,,630,,,Non-AC,90325,ADH
WR_Down_90329,WR_Train,Western Railway,Down,CHURCHGATE,BORIVALI,10:33,11:38,65,False,Slow,Peak,All Days,,633,,,Non-AC,90329,BVI
WR_Down_90333,WR_Train,Western Railway,Down,CHURCHGATE,Nalla Sopara,10:36,12:13,97,False,Slow,Peak,All Days,,636,,,Non-AC,90333,NSP
WR_Down_90337,WR_Train,Western Railway,Down,CHURCHGATE,Mumbai Central,10:39,10:49,10,False,Slow,Peak,All Days,,639,,,Non-AC,90337,BCL
WR_Down_90341,WR_Train,Western Railway,Down,CHURCHGATE,BORIVALI,10:42,11:47,65,False,Slow,Peak,All Days,,642,,,Non-AC,90341,BVI
WR_Down_90343,WR_Train,Western Railway,Down,CHURCHGATE,Vile Parle,10:45,11:24,39,False,Slow,Peak,All Days,,645,,,Non-AC,90343,ADH
WR_Down_90349,WR_Train,Western Railway,Down,CHURCHGATE,Bhayandar,10:48,12:11,83,False,Slow,Peak,All Days,,648,,,Non-AC,90349,BYR
WR_Down_90351,WR_Train,Western Railway,Down,CHURCHGATE,Goregaon,10:51,11:44,53,False,Slow,Peak,All Days,,651,,,Non-AC,90351,GMN
WR_Down_90353,WR_Train,Western Railway,Down,CHURCHGATE,BORIVALI,10:54,11:59,65,False,Slow,Peak,All Days,,654,,,Non-AC,90353,BVI
WR_Down_90357,WR_Train,Western Railway,Down,CHURCHGATE,BORIVALI,10:57,12:03,66,False,Slow,Peak,All Days,,657,,,Non-AC,90357,BVI
WR_Down_90359,WR_Train,Western Railway,Down,CHURCHGATE,Mumbai Central,11:00,11:10,10,False,Slow,Peak,All Days,,660,,,Non-AC,90359,BCL
WR_Down_90361,WR_Train,Western Railway,Down,CHURCHGATE,Malad,11:00,11:39,39,False,Slow,Peak,All Days,,660,,,Non-AC,90361,MDD
WR_Down_90363,WR_Train,Western Railway,Down,CHURCHGATE,BORIVALI,11:03,12:07,64,False,Slow,Off-Peak,All Days,,663,,,Non-AC,90363,BVI
WR_Down_90365,WR_Train,Western Railway,Down,CHURCHGATE,VIRAR,11:06,12:30,84,False,Slow,Off-Peak,All Days,,666,,,Non-AC,90365,VR
WR_Down_90371,WR_Train,Western Railway,Down,CHURCHGATE,Goregaon,11:06,11:58,52,False,Slow,Off-Peak,All Days,,666,,,Non-AC,90371,GMN
WR_Down_90373,WR_Train,Western Railway,Down,CHURCHGATE,BORIVALI,11:09,12:15,66,False,Slow,Off-Peak,All Days,,669,,,Non-AC,90373,BVI
WR_Down_90375,WR_Train,Western Railway,Down,CHURCHGATE,VIRAR,11:09,12:35,86,False,Slow,Off-Peak,All Days,,669,,,Non-AC,90375,VR
WR_Down_94127,WR_Train,Western Railway,Down,CHURCHGATE,Mumbai Central,11:12,11:22,10,True,AC Slow,Off-Peak,All Days,,672,,,AC,94127,BCL
WR_Down_90379,WR_Train,Western Railway,Down,CHURCHGATE,BORIVALI,11:12,11:59,47,False,Slow,Off-Peak,All Days,,672,,,Non-AC,90379,BVI
WR_Down_90381,WR_Train,Western Railway,Down,CHURCHGATE,BORIVALI,11:15,12:21,66,False,Slow,Off-Peak,All Days,,675,,,Non-AC,90381,BVI
WR_Down_94037,WR_Train,Western Railway,Down,CHURCHGATE,VIRAR,11:15,12:38,83,True,AC Slow,Off-Peak,All Days,,675,,,AC,94037,VR
WR_Down_90385,WR_Train,Western Railway,Down,CHURCHGATE,Goregaon,11:18,12:13,55,False,Slow,Off-Peak,All Days,,678,,,Non-AC,90385,GMN
WR_Down_90387,WR_Train,Western Railway,Down,CHURCHGATE,BORIVALI,11:21,12:10,49,False,Slow,Off-Peak,All Days,,681,,,Non-AC,90387,BVI
WR_Down_90389,WR_Train,Western Railway,Down,CHURCHGATE,Mumbai Central,11:21,11:31,10,False,Slow,Off-Peak,All Days,,681,,,Non-AC,90389,BCL
WR_Down_90391,WR_Train,Western Railway,Down,CHURCHGATE,Malad,11:24,12:09,45,False,Slow,Off-Peak,All Days,,684,,,Non-AC,90391,MDD
WR_Down_90393,WR_Train,Western Railway,Down,CHURCHGATE,BORIVALI,11:24,12:29,65,False,Slow,Off-Peak,All Days,,684,,,Non-AC,90393,BVI
WR_Down_90395,WR_Train,Western Railway,Down,CHURCHGATE,Mumbai Central,11:27,11:37,10,False,Slow,Off-Peak,All Days,,687,,,Non-AC,90395,BCL
WR_Down_94115,WR_Train,Western Railway,Down,CHURCHGATE,Bhayandar,11:30,12:31,61,True,AC Slow,Off-Peak,All Days,,690,,,AC,94115,BYR
WR_Down_90401,WR_Train,Western Railway,Down,CHURCHGATE,BORIVALI,11:33,12:37,64,False,Slow,Off-Peak,All Days,,693,,,Non-AC,90401,BVI
WR_Down_90403,WR_Train,Western Railway,Down,CHURCHGATE,Vasai Road,11:33,12:43,70,False,Slow,Off-Peak,All Days,,693,,,Non-AC,90403,NSP
WR_Down_90405,WR_Train,Western Railway,Down,CHURCHGATE,Vasai Road,11:38,12:49,71,False,Slow,Off-Peak,NOT_SUN,,698,,,Non-AC,90405,BSR
WR_Down_90407,WR_Train,Western Railway,Down,CHURCHGATE,VIRAR,11:38,13:20,102,False,Slow,Off-Peak,All Days,,698,,,Non-AC,90407,VR
WR_Down_90409,WR_Train,Western Railway,Down,CHURCHGATE,BORIVALI,11:41,12:46,65,False,Slow,Off-Peak,All Days,,701,,,Non-AC,90409,BVI
WR_Down_90411,WR_Train,Western Railway,Down,CHURCHGATE,BORIVALI,11:44,12:49,65,False,Slow,Off-Peak,All Days,,704,,,Non-AC,90411,BVI
WR_Down_94039,WR_Train,Western Railway,Down,CHURCHGATE,VIRAR,11:48,13:08,80,True,AC Slow,Off-Peak,All Days,,708,,,AC,94039,VR
WR_Down_90413,WR_Train,Western Railway,Down,CHURCHGATE,BORIVALI,11:49,12:55,66,False,Slow,Off-Peak,All Days,,709,,,Non-AC,90413,BVI
WR_Down_94139,WR_Train,Western Railway,Down,CHURCHGATE,Malad,11:51,12:36,45,True,AC Slow,Off-Peak,All Days,,711,,,AC,94139,MDD
WR_Down_90417,WR_Train,Western Railway,Down,CHURCHGATE,Goregaon,11:52,12:45,53,False,Slow,Off-Peak,NOT_SUN,,712,,,Non-AC,90417,GMN
WR_Down_90419,WR_Train,Western Railway,Down,CHURCHGATE,BORIVALI,11:56,13:00,64,False,Slow,Off-Peak,All Days,,716,,,Non-AC,90419,BVI
WR_Down_90421,WR_Train,Western Railway,Down,CHURCHGATE,VIRAR,12:00,13:25,85,False,Slow,Off-Peak,All Days,,720,,,Non-AC,90421,VR
WR_Down_90423,WR_Train,Western Railway,Down,CHURCHGATE,BORIVALI,12:02,13:07,65,False,Slow,Off-Peak,All Days,,722,,,Non-AC,90423,BVI
WR_Down_90427,WR_Train,Western Railway,Down,CHURCHGATE,BORIVALI,12:05,13:10,65,False,Slow,Off-Peak,All Days,,725,,,Non-AC,90427,BVI
WR_Down_90425,WR_Train,Western Railway,Down,CHURCHGATE,Bhayandar,12:06,13:07,61,False,Slow,Off-Peak,All Days,,726,,,Non-AC,90425,BYR
WR_Down_90431,WR_Train,Western Railway,Down,CHURCHGATE,Goregaon,12:08,13:03,55,False,Slow,Off-Peak,NOT_SUN,,728,,,Non-AC,90431,GMN
WR_Down_90433,WR_Train,Western Railway,Down,CHURCHGATE,BORIVALI,12:11,13:17,66,False,Slow,Off-Peak,All Days,,731,,,Non-AC,90433,BVI
WR_Down_90435,WR_Train,Western Railway,Down,CHURCHGATE,BORIVALI,12:13,12:58,45,False,Slow,Off-Peak,All Days,,733,,,Non-AC,90435,BVI
WR_Down_90437,WR_Train,Western Railway,Down,CHURCHGATE,BORIVALI,12:16,13:21,65,False,Slow,Off-Peak,All Days,,736,,,Non-AC,90437,BVI
WR_Down_94041,WR_Train,Western Railway,Down,CHURCHGATE,VIRAR,12:16,13:27,71,True,AC Slow,Off-Peak,All Days,,736,,,AC,94041,VR
WR_Down_90441,WR_Train,Western Railway,Down,CHURCHGATE,BORIVALI,12:19,13:24,65,False,Slow,Off-Peak,NOT_SUN,,739,,,Non-AC,90441,BVI
WR_Down_90443,WR_Train,Western Railway,Down,CHURCHGATE,Vasai Road,12:20,13:32,72,False,Slow,Off-Peak,All Days,,740,,,Non-AC,90443,BSR
WR_Down_90445,WR_Train,Western Railway,Down,CHURCHGATE,BORIVALI,12:22,13:27,65,False,Slow,Off-Peak,All Days,,742,,,Non-AC,90445,BVI
WR_Down_90447,WR_Train,Western Railway,Down,CHURCHGATE,BORIVALI,12:26,13:32,66,False,Slow,Off-Peak,All Days,,746,,,Non-AC,90447,BVI
WR_Down_90449,WR_Train,Western Railway,Down,CHURCHGATE,VIRAR,12:29,14:10,101,False,Slow,Off-Peak,All Days,,749,,,Non-AC,90449,VR
WR_Down_94043,WR_Train,Western Railway,Down,CHURCHGATE,VIRAR,12:29,13:46,77,True,AC Slow,Off-Peak,All Days,,749,,,AC,94043,VR
WR_Down_90453,WR_Train,Western Railway,Down,CHURCHGATE,BORIVALI,12:33,13:38,65,False,Slow,Off-Peak,NOT_SUN,,753,,,Non-AC,90453,BVI
WR_Down_94045,WR_Train,Western Railway,Down,CHURCHGATE,VIRAR,12:34,13:59,85,True,AC Slow,Off-Peak,All Days,,754,,,AC,94045,VR
WR_Down_90459,WR_Train,Western Railway,Down,CHURCHGATE,Goregaon,12:37,13:33,56,False,Slow,Off-Peak,All Days,,757,,,Non-AC,90459,GMN
WR_Down_90461,WR_Train,Western Railway,Down,CHURCHGATE,BORIVALI,12:41,13:46,65,False,Slow,Off-Peak,All Days,,761,,,Non-AC,90461,BVI
WR_Down_90463,WR_Train,Western Railway,Down,CHURCHGATE,VIRAR,12:41,14:04,83,False,Slow,Off-Peak,All Days,,761,,,Non-AC,90463,VR
WR_Down_94047,WR_Train,Western Railway,Down,CHURCHGATE,BORIVALI,12:45,13:50,65,True,AC Slow,Off-Peak,SAT_SUN,,765,,,AC,94047,BVI
WR_Down_90465,WR_Train,Western Railway,Down,CHURCHGATE,BORIVALI,12:48,13:54,66,False,Slow,Off-Peak,All Days,,768,,,Non-AC,90465,BVI
WR_Down_90467,WR_Train,Western Railway,Down,CHURCHGATE,BORIVALI,12:54,13:59,65,False,Slow,Off-Peak,All Days,,774,,,Non-AC,90467,BVI
WR_Down_90471,WR_Train,Western Railway,Down,CHURCHGATE,BORIVALI,12:58,14:03,65,False,Slow,Off-Peak,All Days,,778,,,Non-AC,90471,BVI
WR_Down_90473,WR_Train,Western Railway,Down,CHURCHGATE,BORIVALI,13:02,14:07,65,False,Slow,Off-Peak,All Days,,782,,,Non-AC,90473,BVI
WR_Down_90475,WR_Train,Western Railway,Down,CHURCHGATE,BORIVALI,13:05,14:10,65,False,Slow,Off-Peak,All Days,,785,,,Non-AC,90475,BVI
WR_Down_94049,WR_Train,Western Railway,Down,CHURCHGATE,VIRAR,13:08,14:52,104,True,AC Slow,Off-Peak,All Days,,788,,,AC,94049,VR
WR_Down_90481,WR_Train,Western Railway,Down,CHURCHGATE,BORIVALI,13:12,14:18,66,False,Slow,Off-Peak,All Days,,792,,,Non-AC,90481,BVI
WR_Down_90483,WR_Train,Western Railway,Down,CHURCHGATE,BORIVALI,13:16,14:21,65,False,Slow,Off-Peak,All Days,,796,,,Non-AC,90483,BVI
WR_Down_90485,WR_Train,Western Railway,Down,CHURCHGATE,Vasai Road,13:16,14:27,71,False,Slow,Off-Peak,All Days,,796,,,Non-AC,90485,BSR
WR_Down_90487,WR_Train,Western Railway,Down,CHURCHGATE,Bhayandar,13:19,14:40,81,False,Slow,Off-Peak,All Days,,799,,,Non-AC,90487,BYR
WR_Down_90489,WR_Train,Western Railway,Down,CHURCHGATE,VIRAR,13:20,14:44,84,False,Slow,Off-Peak,All Days,,800,,,Non-AC,90489,VR
WR_Down_90491,WR_Train,Western Railway,Down,CHURCHGATE,Goregaon,13:23,14:16,53,False,Slow,Off-Peak,NOT_SUN,,803,,,Non-AC,90491,GMN
WR_Down_90493,WR_Train,Western Railway,Down,CHURCHGATE,BORIVALI,13:27,14:32,65,False,Slow,Off-Peak,All Days,,807,,,Non-AC,90493,BVI
WR_Down_90495,WR_Train,Western Railway,Down,CHURCHGATE,BORIVALI,13:32,14:38,66,False,Slow,Off-Peak,All Days,,812,,,Non-AC,90495,BVI
WR_Down_90497,WR_Train,Western Railway,Down,CHURCHGATE,BORIVALI,13:32,14:28,56,False,Slow,Off-Peak,All Days,,812,,,Non-AC,90497,BVI
WR_Down_90499,WR_Train,Western Railway,Down,CHURCHGATE,BORIVALI,13:38,14:41,63,False,Slow,Off-Peak,All Days,,818,,,Non-AC,90499,BVI
WR_Down_90501,WR_Train,Western Railway,Down,CHURCHGATE,VIRAR,13:38,15:00,82,False,Slow,Off-Peak,All Days,,818,,,Non-AC,90501,VR
WR_Down_90501A,WR_Train,Western Railway,Down,CHURCHGATE,BANDRA,13:41,14:12,31,False,Slow,Off-Peak,All Days,,821,,,Non-AC,90501A,BA
WR_Down_90505,WR_Train,Western Railway,Down,CHURCHGATE,BORIVALI,13:45,14:50,65,False,Slow,Off-Peak,All Days,,825,,,Non-AC,90505,BVI
WR_Down_90507,WR_Train,Western Railway,Down,CHURCHGATE,BORIVALI,13:48,14:54,66,False,Slow,Off-Peak,All Days,,828,,,Non-AC,90507,BVI
WR_Down_94117,WR_Train,Western Railway,Down,CHURCHGATE,VIRAR,13:52,15:36,104,True,AC Slow,Off-Peak,All Days,,832,,,AC,94117,VR #
WR_Down_94051,WR_Train,Western Railway,Down,CHURCHGATE,VIRAR,13:53,15:08,75,True,AC Slow,Off-Peak,SAT_SUN,,833,,,AC,94051,VR
WR_Down_90513,WR_Train,Western Railway,Down,CHURCHGATE,BORIVALI,13:58,15:04,66,False,Slow,Off-Peak,All Days,,838,,,Non-AC,90513,BVI
WR_Down_90517,WR_Train,Western Railway,Down,CHURCHGATE,Goregaon,14:02,14:59,57,False,Slow,Off-Peak,NOT_SUN,,842,,,Non-AC,90517,GMN
WR_Down_90519,WR_Train,Western Railway,Down,CHURCHGATE,VIRAR,14:02,15:25,83,False,Slow,Off-Peak,All Days,,842,,,Non-AC,90519,VR
WR_Down_90521,WR_Train,Western Railway,Down,CHURCHGATE,BORIVALI,14:05,15:01,56,False,Slow,Off-Peak,All Days,,845,,,Non-AC,90521,BVI
WR_Down_90525,WR_Train,Western Railway,Down,CHURCHGATE,BORIVALI,14:08,15:12,64,False,Slow,Off-Peak,All Days,,848,,,Non-AC,90525,BVI
WR_Down_90523,WR_Train,Western Railway,Down,CHURCHGATE,VIRAR,14:10,15:32,82,False,Slow,Off-Peak,All Days,,850,,,Non-AC,90523,VR
WR_Down_90527,WR_Train,Western Railway,Down,CHURCHGATE,BORIVALI,14:13,15:18,65,False,Slow,Off-Peak,All Days,,853,,,Non-AC,90527,BVI
WR_Down_94053,WR_Train,Western Railway,Down,CHURCHGATE,Bhayandar,14:15,15:17,62,True,AC Slow,Off-Peak,All Days,,855,,,AC,94053,BYR
WR_Down_90531,WR_Train,Western Railway,Down,CHURCHGATE,BORIVALI,14:17,15:23,66,False,Slow,Off-Peak,All Days,,857,,,Non-AC,90531,BVI
WR_Down_90533,WR_Train,Western Railway,Down,CHURCHGATE,ANDHERI,14:20,15:05,45,False,Slow,Off-Peak,NOT_SUN,,860,,,Non-AC,90533,ADH
WR_Down_90535,WR_Train,Western Railway,Down,CHURCHGATE,BORIVALI,14:24,15:30,66,False,Slow,Off-Peak,All Days,,864,,,Non-AC,90535,BVI
WR_Down_90537,WR_Train,Western Railway,Down,CHURCHGATE,Bhayandar,14:27,15:50,83,False,Slow,Off-Peak,All Days,,867,,,Non-AC,90537,BYR
WR_Down_90539,WR_Train,Western Railway,Down,CHURCHGATE,BORIVALI,14:30,15:37,67,False,Slow,Off-Peak,All Days,,870,,,Non-AC,90539,BVI
WR_Down_90541,WR_Train,Western Railway,Down,CHURCHGATE,VIRAR,14:33,15:56,83,False,Slow,Off-Peak,All Days,,873,,,Non-AC,90541,VR
WR_Down_90543,WR_Train,Western Railway,Down,CHURCHGATE,BORIVALI,14:33,15:38,65,False,Slow,Off-Peak,NOT_SUN,,873,,,Non-AC,90543,BVI
WR_Down_90549,WR_Train,Western Railway,Down,CHURCHGATE,BORIVALI,14:37,15:43,66,False,Slow,Off-Peak,All Days,,877,,,Non-AC,90549,BVI
WR_Down_90547,WR_Train,Western Railway,Down,CHURCHGATE,VIRAR,14:40,16:05,85,False,Slow,Off-Peak,All Days,,880,,,Non-AC,90547,VR
WR_Down_90551,WR_Train,Western Railway,Down,CHURCHGATE,BORIVALI,14:41,15:47,66,False,Slow,Off-Peak,All Days,,881,,,Non-AC,90551,BVI
WR_Down_90555,WR_Train,Western Railway,Down,CHURCHGATE,Goregaon,14:45,15:40,55,False,Slow,Off-Peak,All Days,,885,,,Non-AC,90555,GMN
WR_Down_90557,WR_Train,Western Railway,Down,CHURCHGATE,BORIVALI,14:49,15:55,66,False,Slow,Off-Peak,All Days,,889,,,Non-AC,90557,BVI
WR_Down_90559,WR_Train,Western Railway,Down,CHURCHGATE,BORIVALI,14:50,15:35,45,False,Slow,Off-Peak,All Days,,890,,,Non-AC,90559,BVI
WR_Down_90561,WR_Train,Western Railway,Down,CHURCHGATE,BORIVALI,14:53,15:58,65,False,Slow,Off-Peak,All Days,,893,,,Non-AC,90561,BVI
WR_Down_94055,WR_Train,Western Railway,Down,CHURCHGATE,VIRAR,14:53,16:15,82,True,AC Slow,Off-Peak,All Days,,893,,,AC,94055,VR
WR_Down_90565,WR_Train,Western Railway,Down,CHURCHGATE,Goregaon,14:57,15:53,56,False,Slow,Off-Peak,NOT_SUN,,897,,,Non-AC,90565,GMN
WR_Down_90567,WR_Train,Western Railway,Down,CHURCHGATE,VIRAR,14:58,16:19,81,False,Slow,Off-Peak,All Days,,898,,,Non-AC,90567,VR
WR_Down_90571,WR_Train,Western Railway,Down,CHURCHGATE,BORIVALI,15:00,16:06,66,False,Slow,Off-Peak,All Days,,900,,,Non-AC,90571,BVI
WR_Down_94059,WR_Train,Western Railway,Down,CHURCHGATE,BORIVALI,15:05,16:13,68,True,AC Slow,Off-Peak,SAT_SUN,,905,,,AC,94059,BVI
WR_Down_94061,WR_Train,Western Railway,Down,CHURCHGATE,VIRAR,15:07,16:30,83,True,AC Slow,Off-Peak,All Days,,907,,,AC,94061,VR
WR_Down_90577,WR_Train,Western Railway,Down,CHURCHGATE,BORIVALI,15:10,16:17,67,False,Slow,Off-Peak,All Days,,910,,,Non-AC,90577,BVI
WR_Down_90579,WR_Train,Western Railway,Down,CHURCHGATE,BORIVALI,15:12,16:00,48,False,Slow,Off-Peak,All Days,,912,,,Non-AC,90579,BVI
WR_Down_90581,WR_Train,Western Railway,Down,CHURCHGATE,Goregaon,15:13,16:10,57,False,Slow,Off-Peak,All Days,,913,,,Non-AC,90581,GMN
WR_Down_90583,WR_Train,Western Railway,Down,CHURCHGATE,BORIVALI,15:16,16:20,64,False,Slow,Off-Peak,All Days,,916,,,Non-AC,90583,BVI
WR_Down_93031,WR_Train,Western Railway,Down,CHURCHGATE,VIRAR,15:18,16:29,71,False,Slow,Off-Peak,All Days,,918,,,Non-AC,93031,DRD
WR_Down_90587,WR_Train,Western Railway,Down,CHURCHGATE,BORIVALI,15:19,16:23,64,False,Slow,Off-Peak,All Days,,919,,,Non-AC,90587,BVI
WR_Down_90589,WR_Train,Western Railway,Down,CHURCHGATE,BORIVALI,15:22,16:26,64,False,Slow,Off-Peak,All Days,,922,,,Non-AC,90589,BVI
WR_Down_94063,WR_Train,Western Railway,Down,CHURCHGATE,VIRAR,15:26,16:45,79,True,AC Slow,Off-Peak,All Days,,926,,,AC,94063,VR
WR_Down_90593,WR_Train,Western Railway,Down,CHURCHGATE,Goregaon,15:26,16:21,55,False,Slow,Off-Peak,All Days,,926,,,Non-AC,90593,GMN
WR_Down_90595,WR_Train,Western Railway,Down,CHURCHGATE,BORIVALI,15:32,16:37,65,False,Slow,Off-Peak,NOT_SUN,,932,,,Non-AC,90595,BVI
WR_Down_94065,WR_Train,Western Railway,Down,CHURCHGATE,Bhayandar,15:32,16:35,63,True,AC Slow,Off-Peak,All Days,,932,,,AC,94065,BYR
WR_Down_90599,WR_Train,Western Railway,Down,CHURCHGATE,Vasai Road,15:36,17:04,88,False,Slow,Off-Peak,All Days,,936,,,Non-AC,90599,BSR
WR_Down_90603,WR_Train,Western Railway,Down,CHURCHGATE,BORIVALI,15:41,16:46,65,False,Slow,Off-Peak,All Days,,941,,,Non-AC,90603,BVI
WR_Down_90607,WR_Train,Western Railway,Down,CHURCHGATE,BORIVALI,15:45,16:53,68,False,Slow,Off-Peak,All Days,,945,,,Non-AC,90607,BVI
WR_Down_90609,WR_Train,Western Railway,Down,CHURCHGATE,BORIVALI,15:49,16:56,67,False,Slow,Off-Peak,All Days,,949,,,Non-AC,90609,BVI
WR_Down_90601,WR_Train,Western Railway,Down,CHURCHGATE,VIRAR,15:50,17:08,78,False,Slow,Off-Peak,All Days,,950,,,Non-AC,90601,VR
WR_Down_90611,WR_Train,Western Railway,Down,CHURCHGATE,Goregaon,15:52,16:46,54,False,Slow,Off-Peak,All Days,,952,,,Non-AC,90611,GMN
WR_Down_90613,WR_Train,Western Railway,Down,CHURCHGATE,BORIVALI,15:56,17:00,64,False,Slow,Off-Peak,All Days,,956,,,Non-AC,90613,BVI
WR_Down_90615,WR_Train,Western Railway,Down,CHURCHGATE,VIRAR,15:56,17:18,82,False,Slow,Off-Peak,All Days,,956,,,Non-AC,90615,VR
WR_Down_90617,WR_Train,Western Railway,Down,CHURCHGATE,BORIVALI,16:00,16:46,46,False,Slow,Off-Peak,All Days,,960,,,Non-AC,90617,BVI
WR_Down_90621,WR_Train,Western Railway,Down,CHURCHGATE,BORIVALI,16:02,17:06,64,False,Slow,Off-Peak,All Days,,962,,,Non-AC,90621,BVI
WR_Down_90623,WR_Train,Western Railway,Down,CHURCHGATE,BORIVALI,16:05,17:09,64,False,Slow,Off-Peak,All Days,,965,,,Non-AC,90623,BVI
WR_Down_90625,WR_Train,Western Railway,Down,CHURCHGATE,Goregaon,16:08,17:04,56,False,Slow,Off-Peak,All Days,,968,,,Non-AC,90625,GMN
WR_Down_90627,WR_Train,Western Railway,Down,CHURCHGATE,BORIVALI,16:11,17:16,65,False,Slow,Off-Peak,NOT_SUN,,971,,,Non-AC,90627,BVI
WR_Down_90631,WR_Train,Western Railway,Down,CHURCHGATE,VIRAR,16:16,17:37,81,False,Slow,Off-Peak,All Days,,976,,,Non-AC,90631,VR
WR_Down_90635,WR_Train,Western Railway,Down,CHURCHGATE,BORIVALI,16:21,17:27,66,False,Slow,Off-Peak,All Days,,981,,,Non-AC,90635,BVI
WR_Down_90637,WR_Train,Western Railway,Down,CHURCHGATE,Bhayandar,16:21,17:22,61,False,Slow,Off-Peak,All Days,,981,,,Non-AC,90637,BYR
WR_Down_90641,WR_Train,Western Railway,Down,CHURCHGATE,BORIVALI,16:27,17:32,65,False,Slow,Off-Peak,All Days,,987,,,Non-AC,90641,BVI
WR_Down_90647,WR_Train,Western Railway,Down,CHURCHGATE,BORIVALI,16:33,17:38,65,False,Slow,Off-Peak,All Days,,993,,,Non-AC,90647,BVI
WR_Down_90649,WR_Train,Western Railway,Down,CHURCHGATE,BORIVALI,16:36,17:41,65,False,Slow,Off-Peak,All Days,,996,,,Non-AC,90649,BVI
WR_Down_94067,WR_Train,Western Railway,Down,CHURCHGATE,VIRAR,16:39,18:04,85,True,AC Slow,Off-Peak,All Days,,999,,,AC,94067,VR
WR_Down_90651,WR_Train,Western Railway,Down,CHURCHGATE,Goregaon,16:40,17:33,53,False,Slow,Off-Peak,All Days,,1000,,,Non-AC,90651,GMN
WR_Down_90653,WR_Train,Western Railway,Down,CHURCHGATE,Vile Parle,16:43,17:21,38,False,Slow,Off-Peak,All Days,,1003,,,Non-AC,90653,ADH
WR_Down_90655,WR_Train,Western Railway,Down,CHURCHGATE,VIRAR,16:43,18:08,85,False,Slow,Off-Peak,All Days,,1003,,,Non-AC,90655,VR
WR_Down_90657,WR_Train,Western Railway,Down,CHURCHGATE,BORIVALI,16:46,17:50,64,False,Slow,Off-Peak,All Days,,1006,,,Non-AC,90657,BVI
WR_Down_90661,WR_Train,Western Railway,Down,CHURCHGATE,BORIVALI,16:51,17:57,66,False,Slow,Off-Peak,All Days,,1011,,,Non-AC,90661,BVI
WR_Down_90663,WR_Train,Western Railway,Down,CHURCHGATE,BORIVALI,16:54,18:00,66,False,Slow,Off-Peak,All Days,,1014,,,Non-AC,90663,BVI
WR_Down_90669,WR_Train,Western Railway,Down,CHURCHGATE,Goregaon,16:57,17:51,54,False,Slow,Off-Peak,All Days,,1017,,,Non-AC,90669,GMN
WR_Down_90671,WR_Train,Western Railway,Down,CHURCHGATE,BORIVALI,17:00,18:06,66,False,Slow,Peak,NOT_SUN,,1020,,,Non-AC,90671,BVI
WR_Down_94071,WR_Train,Western Railway,Down,CHURCHGATE,VIRAR,17:03,18:28,85,True,AC Slow,Peak,SAT_SUN,,1023,,,AC,94071,VR
WR_Down_90673,WR_Train,Western Railway,Down,CHURCHGATE,Goregaon,17:04,18:00,56,False,Slow,Peak,All Days,,1024,,,Non-AC,90673,GMN
WR_Down_90675,WR_Train,Western Railway,Down,CHURCHGATE,Vile Parle,17:07,17:45,38,False,Slow,Peak,NOT_SUN,,1027,,,Non-AC,90675,ADH
WR_Down_90677,WR_Train,Western Railway,Down,CHURCHGATE,BORIVALI,17:10,18:16,66,False,Slow,Peak,All Days,,1030,,,Non-AC,90677,BVI
WR_Down_90679,WR_Train,Western Railway,Down,CHURCHGATE,VIRAR,17:12,18:39,87,False,Slow,Peak,All Days,,1032,,,Non-AC,90679,VR
WR_Down_94073,WR_Train,Western Railway,Down,CHURCHGATE,BORIVALI,17:15,18:02,47,True,AC Slow,Peak,SAT_SUN,,1035,,,AC,94073,BVI
WR_Down_90681,WR_Train,Western Railway,Down,CHURCHGATE,BORIVALI,17:16,18:23,67,False,Slow,Peak,All Days,,1036,,,Non-AC,90681,BVI
WR_Down_90685,WR_Train,Western Railway,Down,CHURCHGATE,VIRAR,17:19,19:06,107,False,Slow,Peak,All Days,,1039,,,Non-AC,90685,VR
WR_Down_90687,WR_Train,Western Railway,Down,CHURCHGATE,BORIVALI,17:24,18:14,50,False,Slow,Peak,All Days,,1044,,,Non-AC,90687,BVI
WR_Down_90691,WR_Train,Western Railway,Down,CHURCHGATE,BANDRA,17:27,17:57,30,False,Slow,Peak,All Days,,1047,,,Non-AC,90691,BA
WR_Down_90693,WR_Train,Western Railway,Down,CHURCHGATE,BORIVALI,17:28,18:20,52,False,Slow,Peak,All Days,,1048,,,Non-AC,90693,BVI
WR_Down_90695,WR_Train,Western Railway,Down,CHURCHGATE,Goregaon,17:30,18:25,55,False,Slow,Peak,All Days,,1050,,,Non-AC,90695,GMN
WR_Down_90697,WR_Train,Western Railway,Down,CHURCHGATE,BORIVALI,17:33,18:38,65,False,Slow,Peak,All Days,,1053,,,Non-AC,90697,BVI
WR_Down_90703,WR_Train,Western Railway,Down,CHURCHGATE,VIRAR,17:36,19:00,84,False,Slow,Peak,All Days,,1056,,,Non-AC,90703,VR
WR_Down_90705,WR_Train,Western Railway,Down,CHURCHGATE,BORIVALI,17:39,18:47,68,False,Slow,Peak,All Days,,1059,,,Non-AC,90705,BVI
WR_Down_90707,WR_Train,Western Railway,Down,CHURCHGATE,BORIVALI,17:39,18:34,55,False,Slow,Peak,All Days,,1059,,,Non-AC,90707,BVI
WR_Down_90709,WR_Train,Western Railway,Down,CHURCHGATE,Goregaon,17:42,18:39,57,False,Slow,Peak,All Days,,1062,,,Non-AC,90709,GMN
WR_Down_90711,WR_Train,Western Railway,Down,CHURCHGATE,Vile Parle,17:45,18:24,39,False,Slow,Peak,All Days,,1065,,,Non-AC,90711,ADH
WR_Down_90713,WR_Train,Western Railway,Down,CHURCHGATE,BORIVALI,17:48,18:55,67,False,Slow,Peak,All Days,,1068,,,Non-AC,90713,BVI
WR_Down_94075,WR_Train,Western Railway,Down,CHURCHGATE,BORIVALI,17:50,18:38,48,True,AC Slow,Peak,All Days,,1070,,,AC,94075,BVI
WR_Down_90715,WR_Train,Western Railway,Down,CHURCHGATE,BANDRA,17:51,18:21,30,False,Slow,Peak,NOT_SUN,,1071,,,Non-AC,90715,BA
WR_Down_90717,WR_Train,Western Railway,Down,CHURCHGATE,BORIVALI,17:53,18:52,59,False,Slow,Peak,All Days,,1073,,,Non-AC,90717,BVI
WR_Down_90719,WR_Train,Western Railway,Down,CHURCHGATE,VIRAR,17:54,19:36,102,False,Slow,Peak,All Days,,1074,,,Non-AC,90719,VR
WR_Down_90721,WR_Train,Western Railway,Down,CHURCHGATE,VIRAR,17:56,19:15,79,False,Slow,Peak,All Days,,1076,,,Non-AC,90721,VR
WR_Down_94119,WR_Train,Western Railway,Down,CHURCHGATE,Goregaon,17:57,18:51,54,True,AC Slow,Peak,All Days,,1077,,,AC,94119,GMN
WR_Down_90725,WR_Train,Western Railway,Down,CHURCHGATE,BORIVALI,17:59,18:59,60,False,Slow,Peak,All Days,,1079,,,Non-AC,90725,BVI
WR_Down_90727A,WR_Train,Western Railway,Down,CHURCHGATE,BORIVALI,18:00,19:06,66,False,Slow,Peak,All Days,,1080,,,Non-AC,90727A,BVI
WR_Down_90729,WR_Train,Western Railway,Down,CHURCHGATE,VIRAR,18:03,19:45,102,False,Slow,Peak,All Days,,1083,,,Non-AC,90729,VR
WR_Down_90731,WR_Train,Western Railway,Down,CHURCHGATE,BORIVALI,18:06,19:11,65,False,Slow,Peak,All Days,,1086,,,Non-AC,90731,BVI
WR_Down_94077,WR_Train,Western Railway,Down,CHURCHGATE,Bhayandar,18:06,19:13,67,True,AC Slow,Peak,All Days,,1086,,,AC,94077,BYR
WR_Down_90735,WR_Train,Western Railway,Down,CHURCHGATE,BORIVALI,18:11,19:00,49,False,Slow,Peak,NOT_SUN,,1091,,,Non-AC,90735,BVI
WR_Down_90737,WR_Train,Western Railway,Down,CHURCHGATE,VIRAR,18:13,19:59,106,False,Slow,Peak,All Days,,1093,,,Non-AC,90737,VR
WR_Down_90739,WR_Train,Western Railway,Down,CHURCHGATE,VIRAR,18:14,19:38,84,False,Slow,Peak,All Days,,1094,,,Non-AC,90739,VR
WR_Down_90743,WR_Train,Western Railway,Down,CHURCHGATE,BORIVALI,18:16,19:20,64,False,Slow,Peak,All Days,,1096,,,Non-AC,90743,BVI
WR_Down_90745,WR_Train,Western Railway,Down,CHURCHGATE,BORIVALI,18:19,19:25,66,False,Slow,Peak,All Days,,1099,,,Non-AC,90745,BVI
WR_Down_90747,WR_Train,Western Railway,Down,CHURCHGATE,Goregaon,18:22,19:16,54,False,Slow,Peak,All Days,,1102,,,Non-AC,90747,GMN
WR_Down_94079,WR_Train,Western Railway,Down,CHURCHGATE,VIRAR,18:22,19:46,84,True,AC Slow,Peak,All Days,,1102,,,AC,94079,VR
WR_Down_90751,WR_Train,Western Railway,Down,CHURCHGATE,BANDRA,18:25,18:55,30,False,Slow,Peak,All Days,,1105,,,Non-AC,90751,BA
WR_Down_90753,WR_Train,Western Railway,Down,CHURCHGATE,BORIVALI,18:25,19:12,47,False,Slow,Peak,NOT_SUN,,1105,,,Non-AC,90753,BVI
WR_Down_90755,WR_Train,Western Railway,Down,CHURCHGATE,BORIVALI,18:28,19:37,69,False,Slow,Peak,All Days,,1108,,,Non-AC,90755,BVI
WR_Down_94081,WR_Train,Western Railway,Down,CHURCHGATE,VIRAR,18:28,19:56,88,True,AC Slow,Peak,All Days,,1108,,,AC,94081,VR
WR_Down_90761,WR_Train,Western Railway,Down,CHURCHGATE,BORIVALI,18:31,19:20,49,False,Slow,Peak,All Days,,1111,,,Non-AC,90761,BVI
WR_Down_90759,WR_Train,Western Railway,Down,CHURCHGATE,BORIVALI,18:32,19:42,70,False,Slow,Peak,NOT_SUN,,1112,,,Non-AC,90759,BVI
WR_Down_90763,WR_Train,Western Railway,Down,CHURCHGATE,BORIVALI,18:35,19:45,70,False,Slow,Peak,All Days,,1115,,,Non-AC,90763,BVI
WR_Down_90765,WR_Train,Western Railway,Down,CHURCHGATE,BORIVALI,18:35,19:23,48,False,Slow,Peak,All Days,,1115,,,Non-AC,90765,BVI
WR_Down_94131,WR_Train,Western Railway,Down,CHURCHGATE,Bhayandar,18:38,20:03,85,True,AC Slow,Peak,All Days,,1118,,,AC,94131,BYR
WR_Down_90771,WR_Train,Western Railway,Down,CHURCHGATE,BANDRA,18:41,19:11,30,False,Slow,Peak,All Days,,1121,,,Non-AC,90771,BA
WR_Down_90769,WR_Train,Western Railway,Down,CHURCHGATE,Bhayandar,18:46,19:46,60,False,Slow,Peak,All Days,,1126,,,Non-AC,90769,BYR
WR_Down_90775,WR_Train,Western Railway,Down,CHURCHGATE,BORIVALI,18:47,19:57,70,False,Slow,Peak,All Days,,1127,,,Non-AC,90775,BVI
WR_Down_90779,WR_Train,Western Railway,Down,CHURCHGATE,VIRAR,18:50,20:19,89,False,Slow,Peak,All Days,,1130,,,Non-AC,90779,VR
WR_Down_90777,WR_Train,Western Railway,Down,CHURCHGATE,VIRAR,18:51,20:40,109,False,Slow,Peak,All Days,,1131,,,Non-AC,90777,VR #
WR_Down_90781,WR_Train,Western Railway,Down,CHURCHGATE,Goregaon,18:54,19:53,59,False,Slow,Peak,All Days,,1134,,,Non-AC,90781,GMN
WR_Down_90783,WR_Train,Western Railway,Down,CHURCHGATE,ANDHERI,18:57,19:43,46,False,Slow,Peak,All Days,,1137,,,Non-AC,90783,ADH
WR_Down_94083,WR_Train,Western Railway,Down,CHURCHGATE,VIRAR,19:00,20:22,82,True,AC Slow,Peak,SAT_SUN,,1140,,,AC,94083,VR
WR_Down_90787,WR_Train,Western Railway,Down,CHURCHGATE,BORIVALI,19:00,20:07,67,False,Slow,Peak,All Days,,1140,,,Non-AC,90787,BVI
WR_Down_90789,WR_Train,Western Railway,Down,CHURCHGATE,BANDRA,19:03,19:34,31,False,Slow,Peak,All Days,,1143,,,Non-AC,90789,BA
WR_Down_90791,WR_Train,Western Railway,Down,CHURCHGATE,VIRAR,19:05,20:27,82,False,Slow,Peak,All Days,,1145,,,Non-AC,90791,VR
WR_Down_90793,WR_Train,Western Railway,Down,CHURCHGATE,BORIVALI,19:07,20:15,68,False,Slow,Peak,All Days,,1147,,,Non-AC,90793,BVI
WR_Down_90799,WR_Train,Western Railway,Down,CHURCHGATE,Vile Parle,19:10,19:48,38,False,Slow,Peak,NOT_SUN,,1150,,,Non-AC,90799,ADH
WR_Down_90795,WR_Train,Western Railway,Down,CHURCHGATE,BORIVALI,19:11,19:59,48,False,Slow,Peak,All Days,,1151,,,Non-AC,90795,BVI
WR_Down_90801,WR_Train,Western Railway,Down,CHURCHGATE,Goregaon,19:14,20:08,54,False,Slow,Peak,All Days,,1154,,,Non-AC,90801,GMN
WR_Down_90803,WR_Train,Western Railway,Down,CHURCHGATE,BORIVALI,19:19,20:09,50,False,Slow,Peak,NOT_SUN,,1159,,,Non-AC,90803,BVI
WR_Down_90809,WR_Train,Western Railway,Down,CHURCHGATE,BORIVALI,19:20,20:26,66,False,Slow,Peak,All Days,,1160,,,Non-AC,90809,BVI
WR_Down_90813,WR_Train,Western Railway,Down,CHURCHGATE,BORIVALI,19:25,20:33,68,False,Slow,Peak,NOT_SUN,,1165,,,Non-AC,90813,BVI
WR_Down_94141,WR_Train,Western Railway,Down,CHURCHGATE,BORIVALI,19:25,20:19,54,True,AC Slow,Peak,All Days,,1165,,,AC,94141,BVI
WR_Down_90817,WR_Train,Western Railway,Down,CHURCHGATE,BANDRA,19:28,19:59,31,False,Slow,Peak,All Days,,1168,,,Non-AC,90817,BA
WR_Down_90819,WR_Train,Western Railway,Down,CHURCHGATE,VIRAR,19:30,20:51,81,False,Slow,Peak,All Days,,1170,,,Non-AC,90819,VR
WR_Down_90821,WR_Train,Western Railway,Down,CHURCHGATE,Goregaon,19:31,20:24,53,False,Slow,Peak,All Days,,1171,,,Non-AC,90821,GMN
WR_Down_90823,WR_Train,Western Railway,Down,CHURCHGATE,BORIVALI,19:34,20:40,66,False,Slow,Peak,All Days,,1174,,,Non-AC,90823,BVI
WR_Down_90825,WR_Train,Western Railway,Down,CHURCHGATE,BORIVALI,19:34,20:23,49,False,Slow,Peak,All Days,,1174,,,Non-AC,90825,BVI
WR_Down_90827,WR_Train,Western Railway,Down,CHURCHGATE,Goregaon,19:37,20:33,56,False,Slow,Peak,All Days,,1177,,,Non-AC,90827,GMN
WR_Down_90829,WR_Train,Western Railway,Down,CHURCHGATE,VIRAR,19:40,21:06,86,False,Slow,Peak,All Days,,1180,,,Non-AC,90829,VR
WR_Down_94089,WR_Train,Western Railway,Down,CHURCHGATE,VIRAR,19:43,21:09,86,True,AC Slow,Peak,All Days,,1183,,,AC,94089,VR
WR_Down_90833,WR_Train,Western Railway,Down,CHURCHGATE,BORIVALI,19:45,20:52,67,False,Slow,Peak,All Days,,1185,,,Non-AC,90833,BVI
WR_Down_90835,WR_Train,Western Railway,Down,CHURCHGATE,Goregaon,19:48,20:41,53,False,Slow,Peak,All Days,,1188,,,Non-AC,90835,GMN
WR_Down_90837,WR_Train,Western Railway,Down,CHURCHGATE,VIRAR,19:49,21:14,85,False,Slow,Peak,All Days,,1189,,,Non-AC,90837,VR
WR_Down_90839,WR_Train,Western Railway,Down,CHURCHGATE,BORIVALI,19:51,20:59,68,False,Slow,Peak,All Days,,1191,,,Non-AC,90839,BVI
WR_Down_90841,WR_Train,Western Railway,Down,CHURCHGATE,BORIVALI,19:54,21:01,67,False,Slow,Peak,All Days,,1194,,,Non-AC,90841,BVI
WR_Down_90843,WR_Train,Western Railway,Down,CHURCHGATE,BORIVALI,19:54,20:42,48,False,Slow,Peak,All Days,,1194,,,Non-AC,90843,BVI
WR_Down_90845,WR_Train,Western Railway,Down,CHURCHGATE,Goregaon,19:57,20:52,55,False,Slow,Peak,All Days,,1197,,,Non-AC,90845,GMN
WR_Down_94091,WR_Train,Western Railway,Down,CHURCHGATE,VIRAR,19:58,21:21,83,True,AC Slow,Peak,SAT_SUN,,1198,,,AC,94091,VR
WR_Down_90849,WR_Train,Western Railway,Down,CHURCHGATE,BORIVALI,20:01,21:09,68,False,Slow,Peak,All Days,,1201,,,Non-AC,90849,BVI
WR_Down_90855,WR_Train,Western Railway,Down,CHURCHGATE,BANDRA,20:04,20:34,30,False,Slow,Peak,All Days,,1204,,,Non-AC,90855,BA
WR_Down_94121,WR_Train,Western Railway,Down,CHURCHGATE,Goregaon,20:07,21:02,55,True,AC Slow,Peak,All Days,,1207,,,AC,94121,GMN
WR_Down_90859,WR_Train,Western Railway,Down,CHURCHGATE,BORIVALI,20:10,21:04,54,False,Slow,Peak,All Days,,1210,,,Non-AC,90859,BVI
WR_Down_90861,WR_Train,Western Railway,Down,CHURCHGATE,Goregaon,20:10,21:06,56,False,Slow,Peak,All Days,,1210,,,Non-AC,90861,GMN
WR_Down_90863,WR_Train,Western Railway,Down,CHURCHGATE,BORIVALI,20:13,21:17,64,False,Slow,Peak,All Days,,1213,,,Non-AC,90863,BVI
WR_Down_90869,WR_Train,Western Railway,Down,CHURCHGATE,BORIVALI,20:17,21:10,53,False,Slow,Peak,All Days,,1217,,,Non-AC,90869,BVI
WR_Down_90871,WR_Train,Western Railway,Down,CHURCHGATE,BORIVALI,20:20,21:26,66,False,Slow,Peak,NOT_SUN,,1220,,,Non-AC,90871,BVI
WR_Down_93041,WR_Train,Western Railway,Down,CHURCHGATE,VIRAR,20:20,21:41,81,False,Slow,Peak,All Days,,1220,,,Non-AC,93041,DRD
WR_Down_90875,WR_Train,Western Railway,Down,CHURCHGATE,BANDRA,20:24,20:55,31,False,Slow,Peak,All Days,,1224,,,Non-AC,90875,BA
WR_Down_90877,WR_Train,Western Railway,Down,CHURCHGATE,VIRAR,20:24,21:44,80,False,Slow,Peak,All Days,,1224,,,Non-AC,90877,VR
WR_Down_94093,WR_Train,Western Railway,Down,CHURCHGATE,Nalla Sopara,20:27,21:45,78,True,AC Slow,Peak,All Days,,1227,,,AC,94093,NSP
WR_Down_90881,WR_Train,Western Railway,Down,CHURCHGATE,Goregaon,20:27,21:24,57,False,Slow,Peak,NOT_SUN,,1227,,,Non-AC,90881,GMN
WR_Down_90885,WR_Train,Western Railway,Down,CHURCHGATE,BORIVALI,20:30,21:36,66,False,Slow,Peak,All Days,,1230,,,Non-AC,90885,BVI
WR_Down_90887,WR_Train,Western Railway,Down,CHURCHGATE,BORIVALI,20:30,21:21,51,False,Slow,Peak,All Days,,1230,,,Non-AC,90887,BVI
WR_Down_90889,WR_Train,Western Railway,Down,CHURCHGATE,BORIVALI,20:33,21:39,66,False,Slow,Peak,All Days,,1233,,,Non-AC,90889,BVI
WR_Down_90891,WR_Train,Western Railway,Down,CHURCHGATE,BORIVALI,20:37,21:43,66,False,Slow,Peak,All Days,,1237,,,Non-AC,90891,BVI
WR_Down_90893,WR_Train,Western Railway,Down,CHURCHGATE,VIRAR,20:38,22:03,85,False,Slow,Peak,All Days,,1238,,,Non-AC,90893,VR
WR_Down_90895,WR_Train,Western Railway,Down,CHURCHGATE,BORIVALI,20:41,21:28,47,False,Slow,Peak,All Days,,1241,,,Non-AC,90895,BVI
WR_Down_90897,WR_Train,Western Railway,Down,CHURCHGATE,VIRAR,20:44,22:29,105,False,Slow,Peak,All Days,,1244,,,Non-AC,90897,VR
WR_Down_90899,WR_Train,Western Railway,Down,CHURCHGATE,BANDRA,20:47,21:17,30,False,Slow,Peak,All Days,,1247,,,Non-AC,90899,BA
WR_Down_90901,WR_Train,Western Railway,Down,CHURCHGATE,BORIVALI,20:52,21:59,67,False,Slow,Peak,All Days,,1252,,,Non-AC,90901,BVI
WR_Down_90903,WR_Train,Western Railway,Down,CHURCHGATE,VIRAR,20:52,22:13,81,False,Slow,Peak,All Days,,1252,,,Non-AC,90903,VR
WR_Down_90907,WR_Train,Western Railway,Down,CHURCHGATE,BORIVALI,20:55,22:04,69,False,Slow,Peak,All Days,,1255,,,Non-AC,90907,BVI
WR_Down_90909,WR_Train,Western Railway,Down,CHURCHGATE,Goregaon,20:58,21:56,58,False,Slow,Peak,NOT_SUN,,1258,,,Non-AC,90909,GMN
WR_Down_90911,WR_Train,Western Railway,Down,CHURCHGATE,Mumbai Central,21:01,21:11,10,False,Slow,Off-Peak,NOT_SUN,,1261,,,Non-AC,90911,BCL
WR_Down_90913,WR_Train,Western Railway,Down,CHURCHGATE,VIRAR,21:05,22:49,104,False,Slow,Off-Peak,All Days,,1265,,,Non-AC,90913,VR
WR_Down_90915,WR_Train,Western Railway,Down,CHURCHGATE,Malad,21:05,21:49,44,False,Slow,Off-Peak,All Days,,1265,,,Non-AC,90915,MDD
WR_Down_90917,WR_Train,Western Railway,Down,CHURCHGATE,BORIVALI,21:08,22:14,66,False,Slow,Off-Peak,All Days,,1268,,,Non-AC,90917,BVI
WR_Down_90919,WR_Train,Western Railway,Down,CHURCHGATE,BORIVALI,21:12,22:07,55,False,Slow,Off-Peak,All Days,,1272,,,Non-AC,90919,BVI
WR_Down_90921,WR_Train,Western Railway,Down,CHURCHGATE,BORIVALI,21:14,22:20,66,False,Slow,Off-Peak,All Days,,1274,,,Non-AC,90921,BVI
WR_Down_90923,WR_Train,Western Railway,Down,CHURCHGATE,ANDHERI,21:17,22:01,44,False,Slow,Off-Peak,All Days,,1277,,,Non-AC,90923,ADH
WR_Down_90925,WR_Train,Western Railway,Down,CHURCHGATE,BORIVALI,21:20,22:26,66,False,Slow,Off-Peak,All Days,,1280,,,Non-AC,90925,BVI
WR_Down_90927,WR_Train,Western Railway,Down,CHURCHGATE,VIRAR,21:22,22:46,84,False,Slow,Off-Peak,All Days,,1282,,,Non-AC,90927,VR
WR_Down_94097,WR_Train,Western Railway,Down,CHURCHGATE,Bhayandar,21:23,22:43,80,True,AC Slow,Off-Peak,All Days,,1283,,,AC,94097,BYR
WR_Down_90931,WR_Train,Western Railway,Down,CHURCHGATE,BORIVALI,21:26,22:34,68,False,Slow,Off-Peak,All Days,,1286,,,Non-AC,90931,BVI
WR_Down_90933,WR_Train,Western Railway,Down,CHURCHGATE,VIRAR,21:33,22:59,86,False,Slow,Off-Peak,All Days,,1293,,,Non-AC,90933,VR
WR_Down_90935,WR_Train,Western Railway,Down,CHURCHGATE,BANDRA,21:33,22:03,30,False,Slow,Off-Peak,All Days,,1293,,,Non-AC,90935,BA
WR_Down_90939,WR_Train,Western Railway,Down,CHURCHGATE,BORIVALI,21:36,22:41,65,False,Slow,Off-Peak,All Days,,1296,,,Non-AC,90939,BVI
WR_Down_94143,WR_Train,Western Railway,Down,CHURCHGATE,BORIVALI,21:39,22:46,67,True,AC Slow,Off-Peak,All Days,,1299,,,AC,94143,BVI
WR_Down_90943,WR_Train,Western Railway,Down,CHURCHGATE,BORIVALI,21:42,22:49,67,False,Slow,Off-Peak,All Days,,1302,,,Non-AC,90943,BVI
WR_Down_90945,WR_Train,Western Railway,Down,CHURCHGATE,VIRAR,21:44,23:09,85,False,Slow,Off-Peak,All Days,,1304,,,Non-AC,90945,VR
WR_Down_90947,WR_Train,Western Railway,Down,CHURCHGATE,BORIVALI,21:45,22:52,67,False,Slow,Off-Peak,All Days,,1305,,,Non-AC,90947,BVI
WR_Down_90949,WR_Train,Western Railway,Down,CHURCHGATE,BORIVALI,21:48,22:55,67,False,Slow,Off-Peak,All Days,,1308,,,Non-AC,90949,BVI
WR_Down_90951,WR_Train,Western Railway,Down,CHURCHGATE,BORIVALI,21:48,22:39,51,False,Slow,Off-Peak,All Days,,1308,,,Non-AC,90951,BVI
WR_Down_94099,WR_Train,Western Railway,Down,CHURCHGATE,Malad,21:51,22:34,43,True,AC Slow,Off-Peak,All Days,,1311,,,AC,94099,MDD
WR_Down_90953,WR_Train,Western Railway,Down,CHURCHGATE,BORIVALI,21:52,23:00,68,False,Slow,Off-Peak,All Days,,1312,,,Non-AC,90953,BVI
WR_Down_90955,WR_Train,Western Railway,Down,CHURCHGATE,BANDRA,21:55,22:25,30,False,Slow,Off-Peak,All Days,,1315,,,Non-AC,90955,BA
WR_Down_94101,WR_Train,Western Railway,Down,CHURCHGATE,VIRAR,21:57,23:22,85,True,AC Slow,Off-Peak,SAT_SUN,,1317,,,AC,94101,VR
WR_Down_90959,WR_Train,Western Railway,Down,CHURCHGATE,VIRAR,22:01,23:26,85,False,Slow,Off-Peak,All Days,,1321,,,Non-AC,90959,VR
WR_Down_90963,WR_Train,Western Railway,Down,CHURCHGATE,Nalla Sopara,22:05,23:26,81,False,Slow,Off-Peak,All Days,,1325,,,Non-AC,90963,NSP
WR_Down_90965,WR_Train,Western Railway,Down,CHURCHGATE,BORIVALI,22:05,23:12,67,False,Slow,Off-Peak,All Days,,1325,,,Non-AC,90965,BVI
WR_Down_90967,WR_Train,Western Railway,Down,CHURCHGATE,BORIVALI,22:09,23:16,67,False,Slow,Off-Peak,All Days,,1329,,,Non-AC,90967,BVI
WR_Down_90969,WR_Train,Western Railway,Down,CHURCHGATE,BANDRA,22:12,22:42,30,False,Slow,Off-Peak,All Days,,1332,,,Non-AC,90969,BA
WR_Down_90971,WR_Train,Western Railway,Down,CHURCHGATE,BORIVALI,22:12,23:06,54,False,Slow,Off-Peak,All Days,,1332,,,Non-AC,90971,BVI
WR_Down_90973,WR_Train,Western Railway,Down,CHURCHGATE,VIRAR,22:18,23:41,83,False,Slow,Off-Peak,All Days,,1338,,,Non-AC,90973,VR
WR_Down_90977,WR_Train,Western Railway,Down,CHURCHGATE,BORIVALI,22:18,23:25,67,False,Slow,Off-Peak,All Days,,1338,,,Non-AC,90977,BVI
WR_Down_90981,WR_Train,Western Railway,Down,CHURCHGATE,Bhayandar,22:23,23:45,82,False,Slow,Off-Peak,All Days,,1343,,,Non-AC,90981,BYR
WR_Down_90979,WR_Train,Western Railway,Down,CHURCHGATE,BORIVALI,22:24,23:14,50,False,Slow,Off-Peak,All Days,,1344,,,Non-AC,90979,BVI
WR_Down_90983,WR_Train,Western Railway,Down,CHURCHGATE,VIRAR,22:30,23:52,82,False,Slow,Off-Peak,All Days,,1350,,,Non-AC,90983,VR
WR_Down_90987,WR_Train,Western Railway,Down,CHURCHGATE,BORIVALI,22:33,23:37,64,False,Slow,Off-Peak,NOT_SUN,,1353,,,Non-AC,90987,BVI
WR_Down_90989,WR_Train,Western Railway,Down,CHURCHGATE,BORIVALI,22:33,23:25,52,False,Slow,Off-Peak,All Days,,1353,,,Non-AC,90989,BVI
WR_Down_90991,WR_Train,Western Railway,Down,CHURCHGATE,Bhayandar,22:36,23:55,79,False,Slow,Off-Peak,All Days,,1356,,,Non-AC,90991,BYR
WR_Down_90993,WR_Train,Western Railway,Down,CHURCHGATE,BORIVALI,22:39,23:44,65,False,Slow,Off-Peak,All Days,,1359,,,Non-AC,90993,BVI
WR_Down_90995,WR_Train,Western Railway,Down,CHURCHGATE,VIRAR,22:42,23:56,74,False,Slow,Off-Peak,All Days,,1362,,,Non-AC,90995,VR
WR_Down_90997,WR_Train,Western Railway,Down,CHURCHGATE,BANDRA,22:45,23:15,30,False,Slow,Off-Peak,NOT_SUN,,1365,,,Non-AC,90997,BA
WR_Down_90999,WR_Train,Western Railway,Down,CHURCHGATE,BORIVALI,22:49,23:56,67,False,Slow,Off-Peak,All Days,,1369,,,Non-AC,90999,BVI
WR_Down_91001,WR_Train,Western Railway,Down,CHURCHGATE,BORIVALI,22:53,23:55,62,False,Slow,Off-Peak,All Days,,1373,,,Non-AC,91001,BVI
WR_Down_91003,WR_Train,Western Railway,Down,CHURCHGATE,BANDRA,23:00,23:30,30,False,Slow,Off-Peak,All Days,,1380,,,Non-AC,91003,BA
WR_Down_91007,WR_Train,Western Railway,Down,CHURCHGATE,Bhayandar,23:09,00:28,79,False,Slow,Off-Peak,All Days,,1389,,,Non-AC,91007,BYR
WR_Down_91009,WR_Train,Western Railway,Down,CHURCHGATE,Bhayandar,23:14,00:20,66,False,Slow,Off-Peak,All Days,,1394,,,Non-AC,91009,BYR
WR_Down_91011,WR_Train,Western Railway,Down,CHURCHGATE,BORIVALI,23:15,00:21,66,False,Slow,Off-Peak,All Days,,1395,,,Non-AC,91011,BVI
WR_Down_91015,WR_Train,Western Railway,Down,CHURCHGATE,Bhayandar,23:21,00:40,79,False,Slow,Off-Peak,All Days,,1401,,,Non-AC,91015,BYR
WR_Down_91017,WR_Train,Western Railway,Down,CHURCHGATE,VIRAR,23:23,00:53,90,False,Slow,Off-Peak,All Days,,1403,,,Non-AC,91017,VR
WR_Down_91019,WR_Train,Western Railway,Down,CHURCHGATE,Bhayandar,23:27,00:50,83,False,Slow,Off-Peak,All Days,,1407,,,Non-AC,91019,BYR
WR_Down_91021,WR_Train,Western Railway,Down,CHURCHGATE,BANDRA,23:31,23:57,26,False,Slow,Off-Peak,All Days,,1411,,,Non-AC,91021,BA
WR_Down_91023,WR_Train,Western Railway,Down,CHURCHGATE,Bhayandar,23:38,01:00,82,False,Slow,Off-Peak,All Days,,1418,,,Non-AC,91023,BYR
WR_Down_91025,WR_Train,Western Railway,Down,CHURCHGATE,VIRAR,23:40,01:08,88,False,Slow,Off-Peak,All Days,,1420,,,Non-AC,91025,VR
WR_Down_91027,WR_Train,Western Railway,Down,CHURCHGATE,Nalla Sopara,23:46,01:20,94,False,Slow,Off-Peak,All Days,,1426,,,Non-AC,91027,NSP
WR_Down_91029,WR_Train,Western Railway,Down,CHURCHGATE,Goregaon,23:49,00:45,56,False,Slow,Off-Peak,All Days,,1429,,,Non-AC,91029,GMN
WR_Down_91031,WR_Train,Western Railway,Down,CHURCHGATE,BORIVALI,23:52,00:59,67,False,Slow,Off-Peak,All Days,,1432,,,Non-AC,91031,BVI
WR_Down_92229,WR_Train,Western Railway,Down,CHURCHGATE,Vasai Road,05:36,06:50,74,False,Slow,Off-Peak,All Days,,336,,,Non-AC,92229,BSR
WR_Down_92213,WR_Train,Western Railway,Down,CHURCHGATE,VIRAR,06:00,07:22,82,False,Slow,Off-Peak,All Days,,360,,,Non-AC,92213,VR
WR_Down_92021,WR_Train,Western Railway,Down,CHURCHGATE,VIRAR,06:25,07:32,67,False,Slow,Off-Peak,All Days,,385,,,Non-AC,92021,VR
WR_Down_92027,WR_Train,Western Railway,Down,CHURCHGATE,VIRAR,06:32,07:49,77,False,Slow,Off-Peak,All Days,,392,,,Non-AC,92027,VR
WR_Down_92029,WR_Train,Western Railway,Down,CHURCHGATE,VIRAR,06:59,08:18,79,False,Slow,Off-Peak,NOT_SUN,,419,,,Non-AC,92029,VR
WR_Down_90143,WR_Train,Western Railway,Down,CHURCHGATE,Goregaon,07:20,08:00,40,False,Slow,Peak,All Days,,440,,,Non-AC,90143,GMN
WR_Down_90171,WR_Train,Western Railway,Down,CHURCHGATE,BORIVALI,07:50,08:35,45,False,Slow,Peak,All Days,,470,,,Non-AC,90171,BVI
WR_Down_90181,WR_Train,Western Railway,Down,CHURCHGATE,Goregaon,08:00,08:38,38,False,Slow,Peak,All Days,,480,,,Non-AC,90181,GMN
WR_Down_92047,WR_Train,Western Railway,Down,CHURCHGATE,VIRAR,08:05,09:28,83,False,Slow,Peak,All Days,,485,,,Non-AC,92047,VR
WR_Down_90189,WR_Train,Western Railway,Down,CHURCHGATE,VIRAR,08:08,09:33,85,False,Slow,Peak,All Days,,488,,,Non-AC,90189,VR
WR_Down_90193,WR_Train,Western Railway,Down,CHURCHGATE,BORIVALI,08:11,08:57,46,False,Slow,Peak,NOT_SUN,,491,,,Non-AC,90193,BVI
WR_Down_92231,WR_Train,Western Railway,Down,CHURCHGATE,BORIVALI,08:32,09:17,45,False,Slow,Peak,All Days,,512,,,Non-AC,92231,BVI
WR_Down_90213,WR_Train,Western Railway,Down,CHURCHGATE,VIRAR,08:35,09:57,82,False,Slow,Peak,All Days,,515,,,Non-AC,90213,VR
WR_Down_90217,WR_Train,Western Railway,Down,CHURCHGATE,Vasai Road,08:39,09:52,73,False,Slow,Peak,All Days,,519,,,Non-AC,90217,BSR
WR_Down_90223,WR_Train,Western Railway,Down,CHURCHGATE,Goregaon,08:43,09:20,37,False,Slow,Peak,All Days,,523,,,Non-AC,90223,GMN
WR_Down_94019,WR_Train,Western Railway,Down,CHURCHGATE,BORIVALI,08:46,09:30,44,True,AC Slow,Peak,All Days,,526,,,AC,94019,BVI
WR_Down_94021,WR_Train,Western Railway,Down,CHURCHGATE,VIRAR,08:53,10:12,79,True,AC Slow,Peak,All Days,,533,,,AC,94021,VR
WR_Down_90233,WR_Train,Western Railway,Down,CHURCHGATE,VIRAR,08:56,10:20,84,False,Slow,Peak,All Days,,536,,,Non-AC,90233,VR
WR_Down_92215,WR_Train,Western Railway,Down,CHURCHGATE,BORIVALI,09:00,09:43,43,False,Slow,Peak,All Days,,540,,,Non-AC,92215,BVI
WR_Down_90243,WR_Train,Western Railway,Down,CHURCHGATE,VIRAR,09:03,10:24,81,False,Slow,Peak,All Days,,543,,,Non-AC,90243,VR
WR_Down_90245,WR_Train,Western Railway,Down,CHURCHGATE,Goregaon,09:06,09:42,36,False,Slow,Peak,All Days,,546,,,Non-AC,90245,GMN
WR_Down_92211,WR_Train,Western Railway,Down,CHURCHGATE,Nalla Sopara,09:09,10:25,76,False,Slow,Peak,All Days,,549,,,Non-AC,92211,NSP
WR_Down_90255,WR_Train,Western Railway,Down,CHURCHGATE,BORIVALI,09:13,09:55,42,False,Slow,Peak,All Days,,553,,,Non-AC,90255,BVI
WR_Down_92065,WR_Train,Western Railway,Down,CHURCHGATE,VIRAR,09:19,10:39,80,False,Slow,Peak,All Days,,559,,,Non-AC,92065,VR
WR_Down_94025,WR_Train,Western Railway,Down,CHURCHGATE,BORIVALI,09:27,10:11,44,True,AC Slow,Peak,All Days,,567,,,AC,94025,BVI
WR_Down_94027,WR_Train,Western Railway,Down,CHURCHGATE,VIRAR,09:30,10:52,82,True,AC Slow,Peak,All Days,,570,,,AC,94027,VR
WR_Down_90271,WR_Train,Western Railway,Down,CHURCHGATE,BORIVALI,09:33,10:17,44,False,Slow,Peak,All Days,,573,,,Non-AC,90271,BVI
WR_Down_90283,WR_Train,Western Railway,Down,CHURCHGATE,BORIVALI,09:44,10:31,47,False,Slow,Peak,All Days,,584,,,Non-AC,90283,BVI
WR_Down_90287,WR_Train,Western Railway,Down,CHURCHGATE,VIRAR,09:48,11:11,83,False,Slow,Peak,All Days,,588,,,Non-AC,90287,VR
WR_Down_94137,WR_Train,Western Railway,Down,CHURCHGATE,BORIVALI,09:56,10:42,46,True,AC Slow,Peak,All Days,,596,,,AC,94137,BVI
WR_Down_93203,WR_Train,Western Railway,Down,CHURCHGATE,VIRAR,10:03,11:25,82,False,Slow,Peak,All Days,,603,,,Non-AC,93203,DRD
WR_Down_90303,WR_Train,Western Railway,Down,CHURCHGATE,BORIVALI,10:08,10:57,49,False,Slow,Peak,All Days,,608,,,Non-AC,90303,BVI
WR_Down_90307,WR_Train,Western Railway,Down,CHURCHGATE,Malad,10:11,10:54,43,False,Slow,Peak,All Days,,611,,,Non-AC,90307,MDD
WR_Down_90313,WR_Train,Western Railway,Down,CHURCHGATE,VIRAR,10:17,11:44,87,False,Slow,Peak,All Days,,617,,,Non-AC,90313,VR
WR_Down_92233,WR_Train,Western Railway,Down,CHURCHGATE,BORIVALI,10:24,11:12,48,False,Slow,Peak,All Days,,624,,,Non-AC,92233,BVI
WR_Down_90323,WR_Train,Western Railway,Down,CHURCHGATE,VIRAR,10:29,11:51,82,False,Slow,Peak,All Days,,629,,,Non-AC,90323,VR
WR_Down_94031,WR_Train,Western Railway,Down,CHURCHGATE,BORIVALI,10:32,11:18,46,True,AC Slow,Peak,All Days,,632,,,AC,94031,BVI
WR_Down_94033,WR_Train,Western Railway,Down,CHURCHGATE,Bhayandar,10:36,11:38,62,True,AC Slow,Peak,All Days,,636,,,AC,94033,BYR
WR_Down_90339,WR_Train,Western Railway,Down,CHURCHGATE,Malad,10:42,11:21,39,False,Slow,Peak,All Days,,642,,,Non-AC,90339,MDD
WR_Down_92217,WR_Train,Western Railway,Down,CHURCHGATE,VIRAR,10:45,12:07,82,False,Slow,Peak,All Days,,645,,,Non-AC,92217,VR
WR_Down_90347,WR_Train,Western Railway,Down,CHURCHGATE,BORIVALI,10:50,11:35,45,False,Slow,Peak,All Days,,650,,,Non-AC,90347,BVI
WR_Down_94035,WR_Train,Western Railway,Down,CHURCHGATE,VIRAR,10:53,12:14,81,True,AC Slow,Peak,SAT_SUN,,653,,,AC,94035,VR
WR_Down_90355,WR_Train,Western Railway,Down,CHURCHGATE,VIRAR,10:57,12:20,83,False,Slow,Peak,All Days,,657,,,Non-AC,90355,VR
WR_Down_92091,WR_Train,Western Railway,Down,CHURCHGATE,VIRAR,11:27,12:48,81,False,Slow,Off-Peak,All Days,,687,,,Non-AC,92091,VR
WR_Down_92099,WR_Train,Western Railway,Down,CHURCHGATE,VIRAR,12:09,13:33,84,False,Slow,Off-Peak,All Days,,729,,,Non-AC,92099,VR
WR_Down_92105,WR_Train,Western Railway,Down,CHURCHGATE,VIRAR,12:54,14:20,86,False,Slow,Off-Peak,All Days,,774,,,Non-AC,92105,VR
WR_Down_92107,WR_Train,Western Railway,Down,CHURCHGATE,VIRAR,13:03,14:21,78,False,Slow,Off-Peak,All Days,,783,,,Non-AC,92107,VR
WR_Down_92219,WR_Train,Western Railway,Down,CHURCHGATE,BORIVALI,13:49,14:35,46,False,Slow,Off-Peak,All Days,,829,,,Non-AC,92219,BVI
WR_Down_92131,WR_Train,Western Railway,Down,CHURCHGATE,VIRAR,15:21,16:43,82,False,Slow,Off-Peak,All Days,,921,,,Non-AC,92131,VR
WR_Down_92221,WR_Train,Western Railway,Down,CHURCHGATE,Bhayandar,15:43,16:43,60,False,Slow,Off-Peak,All Days,,943,,,Non-AC,92221,BYR
WR_Down_92139,WR_Train,Western Railway,Down,CHURCHGATE,VIRAR,16:05,17:25,80,False,Slow,Off-Peak,All Days,,965,,,Non-AC,92139,VR
WR_Down_92143,WR_Train,Western Railway,Down,CHURCHGATE,VIRAR,16:12,17:33,81,False,Slow,Off-Peak,All Days,,972,,,Non-AC,92143,VR
WR_Down_92181,WR_Train,Western Railway,Down,CHURCHGATE,VIRAR,19:15,20:41,86,False,Slow,Peak,All Days,,1155,,,Non-AC,92181,VR
WR_Down_92225,WR_Train,Western Railway,Down,CHURCHGATE,VIRAR,20:03,21:28,85,False,Slow,Peak,All Days,,1203,,,Non-AC,92225,VR
WR_Down_92193,WR_Train,Western Railway,Down,CHURCHGATE,VIRAR,20:14,21:37,83,False,Slow,Peak,NOT_SUN,,1214,,,Non-AC,92193,VR
WR_Down_92227,WR_Train,Western Railway,Down,CHURCHGATE,VIRAR,23:10,00:30,80,False,Slow,Off-Peak,All Days,,1390,,,Non-AC,92227,VR
HR_Down_98301,CR_Train,Harbour Line CSMT,Down,Mumbai CSMT,Belapur CBD,00:05,01:10,65,False,Slow,Off-Peak,All Days,,5,,,Non-AC,98301,BR1
HR_Down_98001,CR_Train,Harbour Line CSMT,Down,Mumbai CSMT,Panvel,00:13,01:33,80,False,Slow,Off-Peak,All Days,,13,,,Non-AC,98001,PL1
HR_Down_98801,CR_Train,Harbour Line CSMT,Down,Mumbai CSMT,Bandra,00:17,00:45,28,False,Slow,Off-Peak,All Days,,17,,,Non-AC,98801,B1
HR_Down_98573,CR_Train,Harbour Line CSMT,Down,Mumbai CSMT,Vashi,00:24,01:13,49,True,AC Slow,Off-Peak,All Days,,24,,,AC,98573,V69
HR_Down_98803,CR_Train,Harbour Line CSMT,Down,Mumbai CSMT,Bandra,00:36,01:04,28,False,Slow,Off-Peak,All Days,,36,,,Non-AC,98803,B3
HR_Down_98005,CR_Train,Harbour Line CSMT,Down,Mumbai CSMT,Panvel,00:40,02:00,80,False,Slow,Off-Peak,All Days,,40,,,Non-AC,98005,PL5
HR_Down_98701,CR_Train,Harbour Line CSMT,Down,Mumbai CSMT,Goregaon,04:28,05:22,54,False,Slow,Off-Peak,All Days,,268,,,Non-AC,98701,GN1
HR_Down_98007,CR_Train,Harbour Line CSMT,Down,Mumbai CSMT,Panvel,04:32,05:52,80,False,Slow,Off-Peak,All Days,,272,,,Non-AC,98007,PL7
HR_Down_98011,CR_Train,Harbour Line CSMT,Down,Mumbai CSMT,Panvel,04:52,06:12,80,False,Slow,Off-Peak,All Days,,292,,,Non-AC,98011,PL9
HR_Down_98703,CR_Train,Harbour Line CSMT,Down,Mumbai CSMT,Goregaon,04:56,05:50,54,False,Slow,Off-Peak,NOT_SUN,,296,,,Non-AC,98703,GN3
HR_Down_98013,CR_Train,Harbour Line CSMT,Down,Mumbai CSMT,Panvel,05:06,06:27,81,False,Slow,Off-Peak,All Days,,306,,,Non-AC,98013,PL11
HR_Down_98705,CR_Train,Harbour Line CSMT,Down,Mumbai CSMT,Goregaon,05:10,06:04,54,False,Slow,Off-Peak,All Days,,310,,,Non-AC,98705,GN5
HR_Down_98015,CR_Train,Harbour Line CSMT,Down,Mumbai CSMT,Panvel,05:18,06:38,80,False,Slow,Off-Peak,All Days,,318,,,Non-AC,98015,PL13
HR_Down_98017,CR_Train,Harbour Line CSMT,Down,Mumbai CSMT,Panvel,05:22,06:42,80,False,Slow,Off-Peak,All Days,,322,,,Non-AC,98017,PL15
HR_Down_98707,CR_Train,Harbour Line CSMT,Down,Mumbai CSMT,Goregaon,05:26,06:20,54,False,Slow,Off-Peak,All Days,,326,,,Non-AC,98707,GN7
HR_Down_98019,CR_Train,Harbour Line CSMT,Down,Mumbai CSMT,Panvel,05:30,06:50,80,False,Slow,Off-Peak,All Days,,330,,,Non-AC,98019,PL17
HR_Down_98805,CR_Train,Harbour Line CSMT,Down,Mumbai CSMT,Bandra,05:33,06:02,29,False,Slow,Off-Peak,All Days,,333,,,Non-AC,98805,B5
HR_Down_98023,CR_Train,Harbour Line CSMT,Down,Mumbai CSMT,Panvel,05:43,07:03,80,False,Slow,Off-Peak,All Days,,343,,,Non-AC,98023,PL19
HR_Down_98709,CR_Train,Harbour Line CSMT,Down,Mumbai CSMT,Goregaon,05:50,06:44,54,False,Slow,Off-Peak,All Days,,350,,,Non-AC,98709,GN9
HR_Down_98025,CR_Train,Harbour Line CSMT,Down,Mumbai CSMT,Panvel,05:56,07:16,80,False,Slow,Off-Peak,NOT_SUN,,356,,,Non-AC,98025,PL21
HR_Down_98027,CR_Train,Harbour Line CSMT,Down,Mumbai CSMT,Panvel,06:00,07:20,80,False,Slow,Off-Peak,All Days,,360,,,Non-AC,98027,PL23
HR_Down_98807,CR_Train,Harbour Line CSMT,Down,Mumbai CSMT,Bandra,06:04,06:34,30,False,Slow,Off-Peak,All Days,,364,,,Non-AC,98807,B7
HR_Down_98029,CR_Train,Harbour Line CSMT,Down,Mumbai CSMT,Panvel,06:08,07:28,80,False,Slow,Off-Peak,All Days,,368,,,Non-AC,98029,PL25
HR_Down_98711,CR_Train,Harbour Line CSMT,Down,Mumbai CSMT,Goregaon,06:11,07:05,54,False,Slow,Off-Peak,All Days,,371,,,Non-AC,98711,GN11
HR_Down_98031,CR_Train,Harbour Line CSMT,Down,Mumbai CSMT,Panvel,06:16,07:37,81,False,Slow,Off-Peak,All Days,,376,,,Non-AC,98031,PL27
HR_Down_98033,CR_Train,Harbour Line CSMT,Down,Mumbai CSMT,Panvel,06:24,07:44,80,False,Slow,Off-Peak,All Days,,384,,,Non-AC,98033,PL29
HR_Down_98713,CR_Train,Harbour Line CSMT,Down,Mumbai CSMT,Goregaon,06:28,07:22,54,False,Slow,Off-Peak,All Days,,388,,,Non-AC,98713,GN13
HR_Down_98305,CR_Train,Harbour Line CSMT,Down,Mumbai CSMT,Belapur CBD,06:32,07:37,65,False,Slow,Off-Peak,All Days,,392,,,Non-AC,98305,BR3
HR_Down_98809,CR_Train,Harbour Line CSMT,Down,Mumbai CSMT,Bandra,06:36,07:05,29,False,Slow,Off-Peak,All Days,,396,,,Non-AC,98809,B9
HR_Down_98037,CR_Train,Harbour Line CSMT,Down,Mumbai CSMT,Panvel,06:40,08:01,81,False,Slow,Off-Peak,All Days,,400,,,Non-AC,98037,PL31
HR_Down_98307,CR_Train,Harbour Line CSMT,Down,Mumbai CSMT,Belapur CBD,06:46,07:56,70,False,Slow,Off-Peak,All Days,,406,,,Non-AC,98307,BR5
HR_Down_98811,CR_Train,Harbour Line CSMT,Down,Mumbai CSMT,Bandra,06:50,07:21,31,False,Slow,Off-Peak,All Days,,410,,,Non-AC,98811,B11
HR_Down_98039,CR_Train,Harbour Line CSMT,Down,Mumbai CSMT,Panvel,06:54,08:15,81,False,Slow,Off-Peak,NOT_SUN,,414,,,Non-AC,98039,PL33
HR_Down_98041,CR_Train,Harbour Line CSMT,Down,Mumbai CSMT,Panvel,06:59,08:19,80,False,Slow,Off-Peak,All Days,,419,,,Non-AC,98041,PL35
HR_Down_98715,CR_Train,Harbour Line CSMT,Down,Mumbai CSMT,Goregaon,07:05,08:01,56,False,Slow,Peak,All Days,,425,,,Non-AC,98715,GN15
HR_Down_98043,CR_Train,Harbour Line CSMT,Down,Mumbai CSMT,Panvel,07:09,08:29,80,False,Slow,Peak,All Days,,429,,,Non-AC,98043,PL37
HR_Down_98501,CR_Train,Harbour Line CSMT,Down,Mumbai CSMT,Vashi,07:13,08:02,49,False,Slow,Peak,All Days,,433,,,Non-AC,98501,V1
HR_Down_98045,CR_Train,Harbour Line CSMT,Down,Mumbai CSMT,Panvel,07:17,08:37,80,True,AC Slow,Peak,All Days,,437,,,AC,98045,PL39
HR_Down_98813,CR_Train,Harbour Line CSMT,Down,Mumbai CSMT,Bandra,07:21,07:50,29,False,Slow,Peak,All Days,,441,,,Non-AC,98813,B13
HR_Down_98049,CR_Train,Harbour Line CSMT,Down,Mumbai CSMT,Panvel,07:26,08:47,81,False,Slow,Peak,All Days,,446,,,Non-AC,98049,PL41
HR_Down_98309,CR_Train,Harbour Line CSMT,Down,Mumbai CSMT,Belapur CBD,07:30,08:35,65,False,Slow,Peak,NOT_SUN,,450,,,Non-AC,98309,BR7
HR_Down_98717,CR_Train,Harbour Line CSMT,Down,Mumbai CSMT,Goregaon,07:36,08:30,54,False,Slow,Peak,All Days,,456,,,Non-AC,98717,GN17
HR_Down_98051,CR_Train,Harbour Line CSMT,Down,Mumbai CSMT,Panvel,07:40,09:00,80,True,AC Slow,Peak,All Days,,460,,,AC,98051,PL43
HR_Down_98311,CR_Train,Harbour Line CSMT,Down,Mumbai CSMT,Belapur CBD,07:48,08:53,65,False,Slow,Peak,All Days,,468,,,Non-AC,98311,BR9
HR_Down_98815,CR_Train,Harbour Line CSMT,Down,Mumbai CSMT,Bandra,07:51,08:20,29,False,Slow,Peak,All Days,,471,,,Non-AC,98815,B15
HR_Down_98053,CR_Train,Harbour Line CSMT,Down,Mumbai CSMT,Panvel,07:56,09:16,80,False,Slow,Peak,All Days,,476,,,Non-AC,98053,PL45
HR_Down_98055,CR_Train,Harbour Line CSMT,Down,Mumbai CSMT,Panvel,08:00,09:20,80,False,Slow,Peak,NOT_SUN,,480,,,Non-AC,98055,PL47
HR_Down_98719,CR_Train,Harbour Line CSMT,Down,Mumbai CSMT,Goregaon,08:04,08:58,54,False,Slow,Peak,All Days,,484,,,Non-AC,98719,GN19
HR_Down_98057,CR_Train,Harbour Line CSMT,Down,Mumbai CSMT,Panvel,08:08,09:29,81,False,Slow,Peak,All Days,,488,,,Non-AC,98057,PL49
HR_Down_98505,CR_Train,Harbour Line CSMT,Down,Mumbai CSMT,Vashi,08:12,09:02,50,False,Slow,Peak,All Days,,492,,,Non-AC,98505,V3
HR_Down_98817,CR_Train,Harbour Line CSMT,Down,Mumbai CSMT,Bandra,08:16,08:45,29,False,Slow,Peak,All Days,,496,,,Non-AC,98817,B17
HR_Down_98315,CR_Train,Harbour Line CSMT,Down,Mumbai CSMT,Belapur CBD,08:20,09:26,66,False,Slow,Peak,All Days,,500,,,Non-AC,98315,BR11
HR_Down_98061,CR_Train,Harbour Line CSMT,Down,Mumbai CSMT,Panvel,08:24,09:45,81,False,Slow,Peak,All Days,,504,,,Non-AC,98061,PL51
HR_Down_98819,CR_Train,Harbour Line CSMT,Down,Mumbai CSMT,Bandra,08:29,09:00,31,False,Slow,Peak,All Days,,509,,,Non-AC,98819,B19
HR_Down_98063,CR_Train,Harbour Line CSMT,Down,Mumbai CSMT,Panvel,08:33,09:54,81,False,Slow,Peak,All Days,,513,,,Non-AC,98063,PL53
HR_Down_98605,CR_Train,Harbour Line CSMT,Down,Mumbai CSMT,Chembur,08:37,09:11,34,False,Slow,Peak,All Days,,517,,,Non-AC,98605,CM1
HR_Down_98721,CR_Train,Harbour Line CSMT,Down,Mumbai CSMT,Goregaon,08:42,09:37,55,False,Slow,Peak,All Days,,522,,,Non-AC,98721,GN21
HR_Down_98507,CR_Train,Harbour Line CSMT,Down,Mumbai CSMT,Vashi,08:46,09:35,49,False,Slow,Peak,All Days,,526,,,Non-AC,98507,V5
HR_Down_98821,CR_Train,Harbour Line CSMT,Down,Mumbai CSMT,Bandra,08:50,09:19,29,False,Slow,Peak,All Days,,530,,,Non-AC,98821,B21
HR_Down_98067,CR_Train,Harbour Line CSMT,Down,Mumbai CSMT,Panvel,08:54,10:14,80,False,Slow,Peak,All Days,,534,,,Non-AC,98067,PL55
HR_Down_98317,CR_Train,Harbour Line CSMT,Down,Mumbai CSMT,Belapur CBD,08:58,10:03,65,False,Slow,Peak,All Days,,538,,,Non-AC,98317,BR13
HR_Down_98723,CR_Train,Harbour Line CSMT,Down,Mumbai CSMT,Goregaon,09:02,09:56,54,False,Slow,Peak,All Days,,542,,,Non-AC,98723,GN23
HR_Down_98069,CR_Train,Harbour Line CSMT,Down,Mumbai CSMT,Panvel,09:06,10:26,80,False,Slow,Peak,All Days,,546,,,Non-AC,98069,PL57
HR_Down_98509,CR_Train,Harbour Line CSMT,Down,Mumbai CSMT,Vashi,09:10,09:59,49,False,Slow,Peak,All Days,,550,,,Non-AC,98509,V7
HR_Down_98823,CR_Train,Harbour Line CSMT,Down,Mumbai CSMT,Bandra,09:14,09:43,29,False,Slow,Peak,All Days,,554,,,Non-AC,98823,B23
HR_Down_98071,CR_Train,Harbour Line CSMT,Down,Mumbai CSMT,Panvel,09:18,10:39,81,False,Slow,Peak,All Days,,558,,,Non-AC,98071,PL59
HR_Down_98511,CR_Train,Harbour Line CSMT,Down,Mumbai CSMT,Vashi,09:22,10:11,49,False,Slow,Peak,NOT_SUN,,562,,,Non-AC,98511,V9
HR_Down_98725,CR_Train,Harbour Line CSMT,Down,Mumbai CSMT,Goregaon,09:26,10:22,56,False,Slow,Peak,All Days,,566,,,Non-AC,98725,GN25
HR_Down_98073,CR_Train,Harbour Line CSMT,Down,Mumbai CSMT,Panvel,09:30,10:50,80,False,Slow,Peak,All Days,,570,,,Non-AC,98073,PL61
HR_Down_98513,CR_Train,Harbour Line CSMT,Down,Mumbai CSMT,Vashi,09:34,10:23,49,False,Slow,Peak,NOT_SUN,,574,,,Non-AC,98513,V11
HR_Down_98321,CR_Train,Harbour Line CSMT,Down,Mumbai CSMT,Belapur CBD,09:38,10:44,66,False,Slow,Peak,NOT_SUN,,578,,,Non-AC,98321,BR15
HR_Down_98825,CR_Train,Harbour Line CSMT,Down,Mumbai CSMT,Bandra,09:42,10:11,29,False,Slow,Peak,All Days,,582,,,Non-AC,98825,B25
HR_Down_98077,CR_Train,Harbour Line CSMT,Down,Mumbai CSMT,Panvel,09:45,11:06,81,False,Slow,Peak,All Days,,585,,,Non-AC,98077,PL63
HR_Down_98515,CR_Train,Harbour Line CSMT,Down,Mumbai CSMT,Vashi,09:48,10:38,50,False,Slow,Peak,All Days,,588,,,Non-AC,98515,V13
HR_Down_98079,CR_Train,Harbour Line CSMT,Down,Mumbai CSMT,Panvel,09:52,11:12,80,False,Slow,Peak,All Days,,592,,,Non-AC,98079,PL65
HR_Down_98727,CR_Train,Harbour Line CSMT,Down,Mumbai CSMT,Goregaon,09:55,10:50,55,False,Slow,Peak,All Days,,595,,,Non-AC,98727,GN27
HR_Down_98323,CR_Train,Harbour Line CSMT,Down,Mumbai CSMT,Belapur CBD,09:59,11:05,66,False,Slow,Peak,NOT_SUN,,599,,,Non-AC,98323,BR17
HR_Down_98081,CR_Train,Harbour Line CSMT,Down,Mumbai CSMT,Panvel,10:03,11:24,81,False,Slow,Peak,All Days,,603,,,Non-AC,98081,PL67
HR_Down_98827,CR_Train,Harbour Line CSMT,Down,Mumbai CSMT,Bandra,10:06,10:37,31,False,Slow,Peak,All Days,,606,,,Non-AC,98827,B27
HR_Down_98083,CR_Train,Harbour Line CSMT,Down,Mumbai CSMT,Panvel,10:10,11:30,80,True,AC Slow,Peak,All Days,,610,,,AC,98083,PL69
HR_Down_98517,CR_Train,Harbour Line CSMT,Down,Mumbai CSMT,Vashi,10:14,11:03,49,False,Slow,Peak,All Days,,614,,,Non-AC,98517,V15
HR_Down_98085,CR_Train,Harbour Line CSMT,Down,Mumbai CSMT,Panvel,10:18,11:38,80,False,Slow,Peak,All Days,,618,,,Non-AC,98085,PL71
HR_Down_98729,CR_Train,Harbour Line CSMT,Down,Mumbai CSMT,Goregaon,10:22,11:16,54,False,Slow,Peak,All Days,,622,,,Non-AC,98729,GN29
HR_Down_98325,CR_Train,Harbour Line CSMT,Down,Mumbai CSMT,Belapur CBD,10:26,11:31,65,False,Slow,Peak,All Days,,626,,,Non-AC,98325,BR19
HR_Down_98519,CR_Train,Harbour Line CSMT,Down,Mumbai CSMT,Vashi,10:30,11:19,49,False,Slow,Peak,NOT_SUN,,630,,,Non-AC,98519,V17
HR_Down_98089,CR_Train,Harbour Line CSMT,Down,Mumbai CSMT,Panvel,10:34,11:54,80,True,AC Slow,Peak,All Days,,634,,,AC,98089,PL73
HR_Down_98829,CR_Train,Harbour Line CSMT,Down,Mumbai CSMT,Bandra,10:38,11:07,29,False,Slow,Peak,All Days,,638,,,Non-AC,98829,B29
HR_Down_98091,CR_Train,Harbour Line CSMT,Down,Mumbai CSMT,Panvel,10:41,12:02,81,False,Slow,Peak,All Days,,641,,,Non-AC,98091,PL75
HR_Down_98521,CR_Train,Harbour Line CSMT,Down,Mumbai CSMT,Vashi,10:45,11:35,50,False,Slow,Peak,All Days,,645,,,Non-AC,98521,V19
HR_Down_98731,CR_Train,Harbour Line CSMT,Down,Mumbai CSMT,Goregaon,10:48,11:41,53,False,Slow,Peak,All Days,,648,,,Non-AC,98731,GN31
HR_Down_98093,CR_Train,Harbour Line CSMT,Down,Mumbai CSMT,Panvel,10:52,12:12,80,False,Slow,Peak,All Days,,652,,,Non-AC,98093,PL77
HR_Down_98329,CR_Train,Harbour Line CSMT,Down,Mumbai CSMT,Belapur CBD,10:56,12:01,65,False,Slow,Peak,All Days,,656,,,Non-AC,98329,BR21
HR_Down_98831,CR_Train,Harbour Line CSMT,Down,Mumbai CSMT,Bandra,11:00,11:29,29,False,Slow,Peak,All Days,,660,,,Non-AC,98831,B31
HR_Down_98095,CR_Train,Harbour Line CSMT,Down,Mumbai CSMT,Panvel,11:04,12:24,80,False,Slow,Off-Peak,All Days,,664,,,Non-AC,98095,PL79
HR_Down_98523,CR_Train,Harbour Line CSMT,Down,Mumbai CSMT,Vashi,11:08,11:57,49,False,Slow,Off-Peak,NOT_SUN,,668,,,Non-AC,98523,V21
HR_Down_98733,CR_Train,Harbour Line CSMT,Down,Mumbai CSMT,Goregaon,11:12,12:06,54,False,Slow,Off-Peak,All Days,,672,,,Non-AC,98733,GN33
HR_Down_98097,CR_Train,Harbour Line CSMT,Down,Mumbai CSMT,Panvel,11:16,12:36,80,False,Slow,Off-Peak,All Days,,676,,,Non-AC,98097,PL81
HR_Down_98525,CR_Train,Harbour Line CSMT,Down,Mumbai CSMT,Vashi,11:20,12:09,49,False,Slow,Off-Peak,All Days,,680,,,Non-AC,98525,V23
HR_Down_98099,CR_Train,Harbour Line CSMT,Down,Mumbai CSMT,Panvel,11:26,12:48,82,False,Slow,Off-Peak,All Days,,686,,,Non-AC,98099,PL83
HR_Down_98333,CR_Train,Harbour Line CSMT,Down,Mumbai CSMT,Belapur CBD,11:32,12:38,66,False,Slow,Off-Peak,All Days,,692,,,Non-AC,98333,BR23
HR_Down_98833,CR_Train,Harbour Line CSMT,Down,Mumbai CSMT,Bandra,11:36,12:06,30,False,Slow,Off-Peak,All Days,,696,,,Non-AC,98833,B33
HR_Down_98101,CR_Train,Harbour Line CSMT,Down,Mumbai CSMT,Panvel,11:40,13:01,81,False,Slow,Off-Peak,All Days,,700,,,Non-AC,98101,PL85
HR_Down_98735,CR_Train,Harbour Line CSMT,Down,Mumbai CSMT,Goregaon,11:48,12:42,54,False,Slow,Off-Peak,All Days,,708,,,Non-AC,98735,GN35
HR_Down_98103,CR_Train,Harbour Line CSMT,Down,Mumbai CSMT,Panvel,11:52,13:13,81,False,Slow,Off-Peak,All Days,,712,,,Non-AC,98103,PL87
HR_Down_98105,CR_Train,Harbour Line CSMT,Down,Mumbai CSMT,Panvel,11:56,13:17,81,False,Slow,Off-Peak,NOT_SUN,,716,,,Non-AC,98105,PL89
HR_Down_98835,CR_Train,Harbour Line CSMT,Down,Mumbai CSMT,Bandra,12:00,12:28,28,False,Slow,Off-Peak,All Days,,720,,,Non-AC,98835,B35
HR_Down_98109,CR_Train,Harbour Line CSMT,Down,Mumbai CSMT,Panvel,12:08,13:29,81,False,Slow,Off-Peak,All Days,,728,,,Non-AC,98109,PL91
HR_Down_98737,CR_Train,Harbour Line CSMT,Down,Mumbai CSMT,Goregaon,12:12,13:06,54,False,Slow,Off-Peak,All Days,,732,,,Non-AC,98737,GN37
HR_Down_98111,CR_Train,Harbour Line CSMT,Down,Mumbai CSMT,Panvel,12:17,13:37,80,False,Slow,Off-Peak,NOT_SUN,,737,,,Non-AC,98111,PL93
HR_Down_98837,CR_Train,Harbour Line CSMT,Down,Mumbai CSMT,Bandra,12:21,12:50,29,False,Slow,Off-Peak,All Days,,741,,,Non-AC,98837,B37
HR_Down_98335,CR_Train,Harbour Line CSMT,Down,Mumbai CSMT,Belapur CBD,12:25,13:31,66,False,Slow,Off-Peak,All Days,,745,,,Non-AC,98335,BR25
HR_Down_98113,CR_Train,Harbour Line CSMT,Down,Mumbai CSMT,Panvel,12:29,13:50,81,False,Slow,Off-Peak,All Days,,749,,,Non-AC,98113,PL95
HR_Down_91393,CR_Train,Harbour Line CSMT,Down,Mumbai CSMT,Goregaon,12:36,13:29,53,False,Slow,Off-Peak,NOT_SUN,,756,,,Non-AC,91393,WGN1
HR_Down_98337,CR_Train,Harbour Line CSMT,Down,Mumbai CSMT,Belapur CBD,12:39,13:45,66,False,Slow,Off-Peak,All Days,,759,,,Non-AC,98337,BR27
HR_Down_98839,CR_Train,Harbour Line CSMT,Down,Mumbai CSMT,Bandra,12:47,13:16,29,False,Slow,Off-Peak,All Days,,767,,,Non-AC,98839,B39
HR_Down_98117,CR_Train,Harbour Line CSMT,Down,Mumbai CSMT,Panvel,12:51,14:12,81,False,Slow,Off-Peak,All Days,,771,,,Non-AC,98117,PL97
HR_Down_98527,CR_Train,Harbour Line CSMT,Down,Mumbai CSMT,Vashi,12:55,13:44,49,False,Slow,Off-Peak,NOT_SUN,,775,,,Non-AC,98527,V25
HR_Down_98739,CR_Train,Harbour Line CSMT,Down,Mumbai CSMT,Goregaon,12:58,13:53,55,False,Slow,Off-Peak,All Days,,778,,,Non-AC,98739,GN39
HR_Down_98121,CR_Train,Harbour Line CSMT,Down,Mumbai CSMT,Panvel,13:03,14:24,81,False,Slow,Off-Peak,All Days,,783,,,Non-AC,98121,PL99
HR_Down_98339,CR_Train,Harbour Line CSMT,Down,Mumbai CSMT,Belapur CBD,13:07,14:13,66,True,AC Slow,Off-Peak,All Days,,787,,,AC,98339,BR29
HR_Down_98841,CR_Train,Harbour Line CSMT,Down,Mumbai CSMT,Bandra,13:11,13:40,29,False,Slow,Off-Peak,All Days,,791,,,Non-AC,98841,B41
HR_Down_98123,CR_Train,Harbour Line CSMT,Down,Mumbai CSMT,Panvel,13:15,14:35,80,False,Slow,Off-Peak,All Days,,795,,,Non-AC,98123,PL101
HR_Down_98125,CR_Train,Harbour Line CSMT,Down,Mumbai CSMT,Panvel,13:19,14:39,80,False,Slow,Off-Peak,All Days,,799,,,Non-AC,98125,PL103
HR_Down_98741,CR_Train,Harbour Line CSMT,Down,Mumbai CSMT,Goregaon,13:26,14:20,54,False,Slow,Off-Peak,All Days,,806,,,Non-AC,98741,GN41
HR_Down_98127,CR_Train,Harbour Line CSMT,Down,Mumbai CSMT,Panvel,13:30,14:50,80,False,Slow,Off-Peak,All Days,,810,,,Non-AC,98127,PL105
HR_Down_98529,CR_Train,Harbour Line CSMT,Down,Mumbai CSMT,Vashi,13:34,14:23,49,False,Slow,Off-Peak,All Days,,814,,,Non-AC,98529,V27
HR_Down_98843,CR_Train,Harbour Line CSMT,Down,Mumbai CSMT,Bandra,13:38,14:07,29,False,Slow,Off-Peak,All Days,,818,,,Non-AC,98843,B43
HR_Down_98131,CR_Train,Harbour Line CSMT,Down,Mumbai CSMT,Panvel,13:48,15:09,81,False,Slow,Off-Peak,All Days,,828,,,Non-AC,98131,PL107
HR_Down_98743,CR_Train,Harbour Line CSMT,Down,Mumbai CSMT,Goregaon,13:52,14:46,54,False,Slow,Off-Peak,All Days,,832,,,Non-AC,98743,GN43
HR_Down_98133,CR_Train,Harbour Line CSMT,Down,Mumbai CSMT,Panvel,13:56,15:17,81,False,Slow,Off-Peak,All Days,,836,,,Non-AC,98133,PL109
HR_Down_98845,CR_Train,Harbour Line CSMT,Down,Mumbai CSMT,Bandra,14:04,14:33,29,False,Slow,Off-Peak,All Days,,844,,,Non-AC,98845,B45
HR_Down_98135,CR_Train,Harbour Line CSMT,Down,Mumbai CSMT,Panvel,14:12,15:33,81,False,Slow,Off-Peak,All Days,,852,,,Non-AC,98135,PL111
HR_Down_98745,CR_Train,Harbour Line CSMT,Down,Mumbai CSMT,Goregaon,14:18,15:12,54,False,Slow,Off-Peak,All Days,,858,,,Non-AC,98745,GN45
HR_Down_98137,CR_Train,Harbour Line CSMT,Down,Mumbai CSMT,Panvel,14:22,15:42,80,False,Slow,Off-Peak,All Days,,862,,,Non-AC,98137,PL113
HR_Down_98847,CR_Train,Harbour Line CSMT,Down,Mumbai CSMT,Bandra,14:28,14:57,29,False,Slow,Off-Peak,All Days,,868,,,Non-AC,98847,B47
HR_Down_98139,CR_Train,Harbour Line CSMT,Down,Mumbai CSMT,Panvel,14:34,15:54,80,False,Slow,Off-Peak,NOT_SUN,,874,,,Non-AC,98139,PL115
HR_Down_91395,CR_Train,Harbour Line CSMT,Down,Mumbai CSMT,Goregaon,14:40,15:35,55,False,Slow,Off-Peak,NOT_SUN,,880,,,Non-AC,91395,WGN3
HR_Down_98141,CR_Train,Harbour Line CSMT,Down,Mumbai CSMT,Panvel,14:44,16:05,81,False,Slow,Off-Peak,All Days,,884,,,Non-AC,98141,PL117
HR_Down_98143,CR_Train,Harbour Line CSMT,Down,Mumbai CSMT,Panvel,14:48,16:08,80,False,Slow,Off-Peak,NOT_SUN,,888,,,Non-AC,98143,PL119
HR_Down_98747,CR_Train,Harbour Line CSMT,Down,Mumbai CSMT,Goregaon,14:52,15:46,54,False,Slow,Off-Peak,All Days,,892,,,Non-AC,98747,GN47
HR_Down_98145,CR_Train,Harbour Line CSMT,Down,Mumbai CSMT,Panvel,14:56,16:16,80,False,Slow,Off-Peak,All Days,,896,,,Non-AC,98145,PL121
HR_Down_98343,CR_Train,Harbour Line CSMT,Down,Mumbai CSMT,Belapur CBD,15:00,16:05,65,False,Slow,Off-Peak,NOT_SUN,,900,,,Non-AC,98343,BR31
HR_Down_98849,CR_Train,Harbour Line CSMT,Down,Mumbai CSMT,Bandra,15:04,15:33,29,False,Slow,Off-Peak,All Days,,904,,,Non-AC,98849,B49
HR_Down_98149,CR_Train,Harbour Line CSMT,Down,Mumbai CSMT,Panvel,15:08,16:28,80,False,Slow,Off-Peak,All Days,,908,,,Non-AC,98149,PL123
HR_Down_98345,CR_Train,Harbour Line CSMT,Down,Mumbai CSMT,Belapur CBD,15:12,16:17,65,False,Slow,Off-Peak,All Days,,912,,,Non-AC,98345,BR33
HR_Down_98151,CR_Train,Harbour Line CSMT,Down,Mumbai CSMT,Panvel,15:16,16:36,80,False,Slow,Off-Peak,All Days,,916,,,Non-AC,98151,PL125
HR_Down_98749,CR_Train,Harbour Line CSMT,Down,Mumbai CSMT,Goregaon,15:20,16:14,54,False,Slow,Off-Peak,All Days,,920,,,Non-AC,98749,GN49
HR_Down_98153,CR_Train,Harbour Line CSMT,Down,Mumbai CSMT,Panvel,15:24,16:44,80,False,Slow,Off-Peak,All Days,,924,,,Non-AC,98153,PL127
HR_Down_98155,CR_Train,Harbour Line CSMT,Down,Mumbai CSMT,Panvel,15:28,16:48,80,False,Slow,Off-Peak,All Days,,928,,,Non-AC,98155,PL129
HR_Down_98851,CR_Train,Harbour Line CSMT,Down,Mumbai CSMT,Bandra,15:32,16:01,29,False,Slow,Off-Peak,All Days,,932,,,Non-AC,98851,B51
HR_Down_98157,CR_Train,Harbour Line CSMT,Down,Mumbai CSMT,Panvel,15:36,16:56,80,True,AC Slow,Off-Peak,All Days,,936,,,AC,98157,PL131
HR_Down_98159,CR_Train,Harbour Line CSMT,Down,Mumbai CSMT,Panvel,15:44,17:04,80,False,Slow,Off-Peak,All Days,,944,,,Non-AC,98159,PL133
HR_Down_98751,CR_Train,Harbour Line CSMT,Down,Mumbai CSMT,Goregaon,15:48,16:42,54,False,Slow,Off-Peak,All Days,,948,,,Non-AC,98751,GN51
HR_Down_98533,CR_Train,Harbour Line CSMT,Down,Mumbai CSMT,Vashi,15:54,16:43,49,True,AC Slow,Off-Peak,All Days,,954,,,AC,98533,V29
HR_Down_98163,CR_Train,Harbour Line CSMT,Down,Mumbai CSMT,Panvel,16:00,17:21,81,False,Slow,Off-Peak,All Days,,960,,,Non-AC,98163,PL135
HR_Down_98853,CR_Train,Harbour Line CSMT,Down,Mumbai CSMT,Bandra,16:04,16:33,29,False,Slow,Off-Peak,NOT_SUN,,964,,,Non-AC,98853,B53
HR_Down_98165,CR_Train,Harbour Line CSMT,Down,Mumbai CSMT,Panvel,16:08,17:28,80,False,Slow,Off-Peak,All Days,,968,,,Non-AC,98165,PL137
HR_Down_98535,CR_Train,Harbour Line CSMT,Down,Mumbai CSMT,Vashi,16:12,17:01,49,False,Slow,Off-Peak,NOT_SUN,,972,,,Non-AC,98535,V31
HR_Down_98753,CR_Train,Harbour Line CSMT,Down,Mumbai CSMT,Goregaon,16:16,17:10,54,False,Slow,Off-Peak,All Days,,976,,,Non-AC,98753,GN53
HR_Down_98169,CR_Train,Harbour Line CSMT,Down,Mumbai CSMT,Panvel,16:23,17:44,81,False,Slow,Off-Peak,All Days,,983,,,Non-AC,98169,PL139
HR_Down_98347,CR_Train,Harbour Line CSMT,Down,Mumbai CSMT,Belapur CBD,16:27,17:32,65,False,Slow,Off-Peak,NOT_SUN,,987,,,Non-AC,98347,BR35
HR_Down_98855,CR_Train,Harbour Line CSMT,Down,Mumbai CSMT,Bandra,16:31,17:00,29,False,Slow,Off-Peak,All Days,,991,,,Non-AC,98855,B55
HR_Down_98171,CR_Train,Harbour Line CSMT,Down,Mumbai CSMT,Panvel,16:35,17:55,80,False,Slow,Off-Peak,All Days,,995,,,Non-AC,98171,PL141
HR_Down_98349,CR_Train,Harbour Line CSMT,Down,Mumbai CSMT,Belapur CBD,16:39,17:44,65,False,Slow,Off-Peak,All Days,,999,,,Non-AC,98349,BR37
HR_Down_98755,CR_Train,Harbour Line CSMT,Down,Mumbai CSMT,Goregaon,16:43,17:37,54,False,Slow,Off-Peak,All Days,,1003,,,Non-AC,98755,GN55
HR_Down_98537,CR_Train,Harbour Line CSMT,Down,Mumbai CSMT,Vashi,16:47,17:36,49,False,Slow,Off-Peak,All Days,,1007,,,Non-AC,98537,V33
HR_Down_98175,CR_Train,Harbour Line CSMT,Down,Mumbai CSMT,Panvel,16:51,18:11,80,False,Slow,Off-Peak,All Days,,1011,,,Non-AC,98175,PL143
HR_Down_98857,CR_Train,Harbour Line CSMT,Down,Mumbai CSMT,Bandra,16:56,17:25,29,False,Slow,Off-Peak,All Days,,1016,,,Non-AC,98857,B57
HR_Down_98351,CR_Train,Harbour Line CSMT,Down,Mumbai CSMT,Belapur CBD,17:00,18:08,68,False,Slow,Peak,All Days,,1020,,,Non-AC,98351,BR39
HR_Down_98539,CR_Train,Harbour Line CSMT,Down,Mumbai CSMT,Vashi,17:04,17:53,49,False,Slow,Peak,NOT_SUN,,1024,,,Non-AC,98539,V35
HR_Down_98179,CR_Train,Harbour Line CSMT,Down,Mumbai CSMT,Panvel,17:08,18:28,80,False,Slow,Peak,All Days,,1028,,,Non-AC,98179,PL145
HR_Down_98757,CR_Train,Harbour Line CSMT,Down,Mumbai CSMT,Goregaon,17:12,18:06,54,False,Slow,Peak,All Days,,1032,,,Non-AC,98757,GN57
HR_Down_98353,CR_Train,Harbour Line CSMT,Down,Mumbai CSMT,Belapur CBD,17:16,18:21,65,False,Slow,Peak,NOT_SUN,,1036,,,Non-AC,98353,BR41
HR_Down_98183,CR_Train,Harbour Line CSMT,Down,Mumbai CSMT,Panvel,17:20,18:40,80,False,Slow,Peak,All Days,,1040,,,Non-AC,98183,PL147
HR_Down_98541,CR_Train,Harbour Line CSMT,Down,Mumbai CSMT,Vashi,17:26,18:16,50,False,Slow,Peak,NOT_SUN,,1046,,,Non-AC,98541,V37
HR_Down_98859,CR_Train,Harbour Line CSMT,Down,Mumbai CSMT,Bandra,17:29,17:58,29,False,Slow,Peak,All Days,,1049,,,Non-AC,98859,B59
HR_Down_98185,CR_Train,Harbour Line CSMT,Down,Mumbai CSMT,Panvel,17:33,18:53,80,False,Slow,Peak,All Days,,1053,,,Non-AC,98185,PL149
HR_Down_98759,CR_Train,Harbour Line CSMT,Down,Mumbai CSMT,Goregaon,17:37,18:31,54,False,Slow,Peak,NOT_SUN,,1057,,,Non-AC,98759,GN59
HR_Down_98543,CR_Train,Harbour Line CSMT,Down,Mumbai CSMT,Vashi,17:41,18:30,49,False,Slow,Peak,All Days,,1061,,,Non-AC,98543,V39
HR_Down_98189,CR_Train,Harbour Line CSMT,Down,Mumbai CSMT,Panvel,17:45,19:05,80,False,Slow,Peak,All Days,,1065,,,Non-AC,98189,PL151
HR_Down_98861,CR_Train,Harbour Line CSMT,Down,Mumbai CSMT,Bandra,17:50,18:22,32,False,Slow,Peak,All Days,,1070,,,Non-AC,98861,B61
HR_Down_98545,CR_Train,Harbour Line CSMT,Down,Mumbai CSMT,Vashi,17:53,18:44,51,False,Slow,Peak,All Days,,1073,,,Non-AC,98545,V41
HR_Down_98191,CR_Train,Harbour Line CSMT,Down,Mumbai CSMT,Panvel,17:57,19:18,81,False,Slow,Peak,All Days,,1077,,,Non-AC,98191,PL153
HR_Down_98355,CR_Train,Harbour Line CSMT,Down,Mumbai CSMT,Belapur CBD,18:01,19:07,66,False,Slow,Peak,NOT_SUN,,1081,,,Non-AC,98355,BR43
HR_Down_98761,CR_Train,Harbour Line CSMT,Down,Mumbai CSMT,Goregaon,18:05,19:00,55,False,Slow,Peak,All Days,,1085,,,Non-AC,98761,GN61
HR_Down_98193,CR_Train,Harbour Line CSMT,Down,Mumbai CSMT,Panvel,18:08,19:30,82,False,Slow,Peak,All Days,,1088,,,Non-AC,98193,PL155
HR_Down_98195,CR_Train,Harbour Line CSMT,Down,Mumbai CSMT,Panvel,18:12,19:34,82,False,Slow,Peak,All Days,,1092,,,Non-AC,98195,PL157
HR_Down_98547,CR_Train,Harbour Line CSMT,Down,Mumbai CSMT,Vashi,18:16,19:05,49,False,Slow,Peak,All Days,,1096,,,Non-AC,98547,V43
HR_Down_98863,CR_Train,Harbour Line CSMT,Down,Mumbai CSMT,Bandra,18:22,18:53,31,False,Slow,Peak,All Days,,1102,,,Non-AC,98863,B63
HR_Down_98199,CR_Train,Harbour Line CSMT,Down,Mumbai CSMT,Panvel,18:26,19:47,81,False,Slow,Peak,All Days,,1106,,,Non-AC,98199,PL159
HR_Down_98201,CR_Train,Harbour Line CSMT,Down,Mumbai CSMT,Panvel,18:33,19:54,81,True,AC Slow,Peak,All Days,,1113,,,AC,98201,PL161
HR_Down_98763,CR_Train,Harbour Line CSMT,Down,Mumbai CSMT,Goregaon,18:37,19:32,55,False,Slow,Peak,All Days,,1117,,,Non-AC,98763,GN63
HR_Down_98203,CR_Train,Harbour Line CSMT,Down,Mumbai CSMT,Panvel,18:41,20:02,81,False,Slow,Peak,All Days,,1121,,,Non-AC,98203,PL163
HR_Down_98865,CR_Train,Harbour Line CSMT,Down,Mumbai CSMT,Bandra,18:45,19:14,29,False,Slow,Peak,All Days,,1125,,,Non-AC,98865,B65
HR_Down_98549,CR_Train,Harbour Line CSMT,Down,Mumbai CSMT,Vashi,18:49,19:38,49,False,Slow,Peak,NOT_SUN,,1129,,,Non-AC,98549,V45
HR_Down_98765,CR_Train,Harbour Line CSMT,Down,Mumbai CSMT,Goregaon,18:53,19:48,55,False,Slow,Peak,All Days,,1133,,,Non-AC,98765,GN65
HR_Down_98205,CR_Train,Harbour Line CSMT,Down,Mumbai CSMT,Panvel,18:57,20:17,80,False,Slow,Peak,NOT_SUN,,1137,,,Non-AC,98205,PL165
HR_Down_98359,CR_Train,Harbour Line CSMT,Down,Mumbai CSMT,Belapur CBD,19:01,20:06,65,False,Slow,Peak,All Days,,1141,,,Non-AC,98359,BR45
HR_Down_98207,CR_Train,Harbour Line CSMT,Down,Mumbai CSMT,Panvel,19:05,20:25,80,False,Slow,Peak,All Days,,1145,,,Non-AC,98207,PL167
HR_Down_98767,CR_Train,Harbour Line CSMT,Down,Mumbai CSMT,Goregaon,19:09,20:04,55,False,Slow,Peak,All Days,,1149,,,Non-AC,98767,GN67
HR_Down_98361,CR_Train,Harbour Line CSMT,Down,Mumbai CSMT,Belapur CBD,19:13,20:19,66,False,Slow,Peak,NOT_SUN,,1153,,,Non-AC,98361,BR47
HR_Down_98211,CR_Train,Harbour Line CSMT,Down,Mumbai CSMT,Panvel,19:17,20:37,80,False,Slow,Peak,All Days,,1157,,,Non-AC,98211,PL169
HR_Down_98867,CR_Train,Harbour Line CSMT,Down,Mumbai CSMT,Bandra,19:24,19:54,30,False,Slow,Peak,All Days,,1164,,,Non-AC,98867,B67
HR_Down_98551,CR_Train,Harbour Line CSMT,Down,Mumbai CSMT,Vashi,19:28,20:19,51,False,Slow,Peak,NOT_SUN,,1168,,,Non-AC,98551,V47
HR_Down_98213,CR_Train,Harbour Line CSMT,Down,Mumbai CSMT,Panvel,19:32,20:55,83,False,Slow,Peak,All Days,,1172,,,Non-AC,98213,PL171
HR_Down_98363,CR_Train,Harbour Line CSMT,Down,Mumbai CSMT,Belapur CBD,19:36,20:43,67,False,Slow,Peak,All Days,,1176,,,Non-AC,98363,BR49
HR_Down_98769,CR_Train,Harbour Line CSMT,Down,Mumbai CSMT,Goregaon,19:40,20:35,55,False,Slow,Peak,All Days,,1180,,,Non-AC,98769,GN69
HR_Down_98553,CR_Train,Harbour Line CSMT,Down,Mumbai CSMT,Vashi,19:44,20:34,50,False,Slow,Peak,NOT_SUN,,1184,,,Non-AC,98553,V49
HR_Down_98217,CR_Train,Harbour Line CSMT,Down,Mumbai CSMT,Panvel,19:48,21:11,83,False,Slow,Peak,All Days,,1188,,,Non-AC,98217,PL173
HR_Down_98365,CR_Train,Harbour Line CSMT,Down,Mumbai CSMT,Belapur CBD,19:52,20:59,67,False,Slow,Peak,NOT_SUN,,1192,,,Non-AC,98365,BR51
HR_Down_98869,CR_Train,Harbour Line CSMT,Down,Mumbai CSMT,Bandra,19:56,20:24,28,False,Slow,Peak,All Days,,1196,,,Non-AC,98869,B69
HR_Down_98221,CR_Train,Harbour Line CSMT,Down,Mumbai CSMT,Panvel,20:00,21:21,81,True,AC Slow,Peak,All Days,,1200,,,AC,98221,PL175
HR_Down_98555,CR_Train,Harbour Line CSMT,Down,Mumbai CSMT,Vashi,20:04,20:54,50,False,Slow,Peak,All Days,,1204,,,Non-AC,98555,V51
HR_Down_98771,CR_Train,Harbour Line CSMT,Down,Mumbai CSMT,Goregaon,20:08,21:03,55,False,Slow,Peak,All Days,,1208,,,Non-AC,98771,GN71
HR_Down_98223,CR_Train,Harbour Line CSMT,Down,Mumbai CSMT,Panvel,20:16,21:37,81,False,Slow,Peak,All Days,,1216,,,Non-AC,98223,PL177
HR_Down_98871,CR_Train,Harbour Line CSMT,Down,Mumbai CSMT,Bandra,20:20,20:50,30,False,Slow,Peak,All Days,,1220,,,Non-AC,98871,B71
HR_Down_98367,CR_Train,Harbour Line CSMT,Down,Mumbai CSMT,Belapur CBD,20:28,21:34,66,False,Slow,Peak,All Days,,1228,,,Non-AC,98367,BR53
HR_Down_98225,CR_Train,Harbour Line CSMT,Down,Mumbai CSMT,Panvel,20:32,21:53,81,False,Slow,Peak,All Days,,1232,,,Non-AC,98225,PL179
HR_Down_98773,CR_Train,Harbour Line CSMT,Down,Mumbai CSMT,Goregaon,20:36,21:32,56,False,Slow,Peak,All Days,,1236,,,Non-AC,98773,GN73
HR_Down_98557,CR_Train,Harbour Line CSMT,Down,Mumbai CSMT,Vashi,20:40,21:30,50,False,Slow,Peak,NOT_SUN,,1240,,,Non-AC,98557,V53
HR_Down_91491,CR_Train,Harbour Line CSMT,Down,Mumbai CSMT,Tilaknagar,20:46,21:50,64,False,Slow,Peak,All Days,,1246,,,Non-AC,91491,WBO1
HR_Down_98229,CR_Train,Harbour Line CSMT,Down,Mumbai CSMT,Panvel,20:49,22:09,80,False,Slow,Peak,All Days,,1249,,,Non-AC,98229,PL181
HR_Down_98873,CR_Train,Harbour Line CSMT,Down,Mumbai CSMT,Bandra,20:54,21:23,29,False,Slow,Peak,All Days,,1254,,,Non-AC,98873,B73
HR_Down_98233,CR_Train,Harbour Line CSMT,Down,Mumbai CSMT,Panvel,21:02,22:22,80,False,Slow,Off-Peak,All Days,,1262,,,Non-AC,98233,PL183
HR_Down_98559,CR_Train,Harbour Line CSMT,Down,Mumbai CSMT,Vashi,21:06,21:55,49,False,Slow,Off-Peak,NOT_SUN,,1266,,,Non-AC,98559,V55
HR_Down_98775,CR_Train,Harbour Line CSMT,Down,Mumbai CSMT,Goregaon,21:10,22:05,55,False,Slow,Off-Peak,All Days,,1270,,,Non-AC,98775,GN75
HR_Down_98235,CR_Train,Harbour Line CSMT,Down,Mumbai CSMT,Panvel,21:14,22:34,80,False,Slow,Off-Peak,All Days,,1274,,,Non-AC,98235,PL185
HR_Down_98369,CR_Train,Harbour Line CSMT,Down,Mumbai CSMT,Belapur CBD,21:18,22:23,65,False,Slow,Off-Peak,All Days,,1278,,,Non-AC,98369,BR55
HR_Down_98875,CR_Train,Harbour Line CSMT,Down,Mumbai CSMT,Bandra,21:22,21:51,29,False,Slow,Off-Peak,All Days,,1282,,,Non-AC,98875,B75
HR_Down_98561,CR_Train,Harbour Line CSMT,Down,Mumbai CSMT,Vashi,21:26,22:15,49,False,Slow,Off-Peak,NOT_SUN,,1286,,,Non-AC,98561,V57
HR_Down_98239,CR_Train,Harbour Line CSMT,Down,Mumbai CSMT,Panvel,21:30,22:50,80,True,AC Slow,Off-Peak,All Days,,1290,,,AC,98239,PL187
HR_Down_98777,CR_Train,Harbour Line CSMT,Down,Mumbai CSMT,Goregaon,21:34,22:29,55,False,Slow,Off-Peak,All Days,,1294,,,Non-AC,98777,GN77
HR_Down_98371,CR_Train,Harbour Line CSMT,Down,Mumbai CSMT,Belapur CBD,21:38,22:43,65,False,Slow,Off-Peak,NOT_SUN,,1298,,,Non-AC,98371,BR57
HR_Down_98241,CR_Train,Harbour Line CSMT,Down,Mumbai CSMT,Panvel,21:42,23:02,80,False,Slow,Off-Peak,All Days,,1302,,,Non-AC,98241,PL189
HR_Down_98877,CR_Train,Harbour Line CSMT,Down,Mumbai CSMT,Bandra,21:46,22:16,30,False,Slow,Off-Peak,All Days,,1306,,,Non-AC,98877,B77
HR_Down_98563,CR_Train,Harbour Line CSMT,Down,Mumbai CSMT,Vashi,21:50,22:39,49,False,Slow,Off-Peak,All Days,,1310,,,Non-AC,98563,V59
HR_Down_98243,CR_Train,Harbour Line CSMT,Down,Mumbai CSMT,Panvel,21:54,23:14,80,False,Slow,Off-Peak,All Days,,1314,,,Non-AC,98243,PL191
HR_Down_98373,CR_Train,Harbour Line CSMT,Down,Mumbai CSMT,Belapur CBD,21:58,23:03,65,False,Slow,Off-Peak,All Days,,1318,,,Non-AC,98373,BR59
HR_Down_98779,CR_Train,Harbour Line CSMT,Down,Mumbai CSMT,Goregaon,22:02,22:57,55,False,Slow,Off-Peak,All Days,,1322,,,Non-AC,98779,GN79
HR_Down_98245,CR_Train,Harbour Line CSMT,Down,Mumbai CSMT,Panvel,22:06,23:26,80,False,Slow,Off-Peak,All Days,,1326,,,Non-AC,98245,PL193
HR_Down_98879,CR_Train,Harbour Line CSMT,Down,Mumbai CSMT,Bandra,22:10,22:39,29,False,Slow,Off-Peak,All Days,,1330,,,Non-AC,98879,B79
HR_Down_98565,CR_Train,Harbour Line CSMT,Down,Mumbai CSMT,Vashi,22:14,23:03,49,False,Slow,Off-Peak,NOT_SUN,,1334,,,Non-AC,98565,V61
HR_Down_98247,CR_Train,Harbour Line CSMT,Down,Mumbai CSMT,Panvel,22:20,23:40,80,False,Slow,Off-Peak,All Days,,1340,,,Non-AC,98247,PL195
HR_Down_98781,CR_Train,Harbour Line CSMT,Down,Mumbai CSMT,Goregaon,22:24,23:19,55,False,Slow,Off-Peak,All Days,,1344,,,Non-AC,98781,GN81
HR_Down_98567,CR_Train,Harbour Line CSMT,Down,Mumbai CSMT,Vashi,22:30,23:19,49,False,Slow,Off-Peak,All Days,,1350,,,Non-AC,98567,V63
HR_Down_98249,CR_Train,Harbour Line CSMT,Down,Mumbai CSMT,Panvel,22:34,23:54,80,False,Slow,Off-Peak,All Days,,1354,,,Non-AC,98249,PL197
HR_Down_98881,CR_Train,Harbour Line CSMT,Down,Mumbai CSMT,Bandra,22:38,23:07,29,False,Slow,Off-Peak,All Days,,1358,,,Non-AC,98881,B81
HR_Down_98569,CR_Train,Harbour Line CSMT,Down,Mumbai CSMT,Vashi,22:45,23:34,49,False,Slow,Off-Peak,NOT_SUN,,1365,,,Non-AC,98569,V65
HR_Down_98251,CR_Train,Harbour Line CSMT,Down,Mumbai CSMT,Panvel,22:50,23:59,69,False,Slow,Off-Peak,All Days,,1370,,,Non-AC,98251,PL199
HR_Down_98783,CR_Train,Harbour Line CSMT,Down,Mumbai CSMT,Goregaon,22:54,23:49,55,False,Slow,Off-Peak,All Days,,1374,,,Non-AC,98783,GN83
HR_Down_98253,CR_Train,Harbour Line CSMT,Down,Mumbai CSMT,Panvel,22:58,00:18,80,False,Slow,Off-Peak,All Days,,1378,,,Non-AC,98253,PL201
HR_Down_98883,CR_Train,Harbour Line CSMT,Down,Mumbai CSMT,Bandra,23:02,23:31,29,False,Slow,Off-Peak,All Days,,1382,,,Non-AC,98883,B83
HR_Down_98255,CR_Train,Harbour Line CSMT,Down,Mumbai CSMT,Panvel,23:14,00:34,80,False,Slow,Off-Peak,All Days,,1394,,,Non-AC,98255,PL203
HR_Down_98571,CR_Train,Harbour Line CSMT,Down,Mumbai CSMT,Vashi,23:20,00:09,49,False,Slow,Off-Peak,NOT_SUN,,1400,,,Non-AC,98571,V67
HR_Down_98785,CR_Train,Harbour Line CSMT,Down,Mumbai CSMT,Goregaon,23:26,00:21,55,False,Slow,Off-Peak,All Days,,1406,,,Non-AC,98785,GN85
HR_Down_98257,CR_Train,Harbour Line CSMT,Down,Mumbai CSMT,Panvel,23:30,00:50,80,False,Slow,Off-Peak,All Days,,1410,,,Non-AC,98257,PL205
HR_Down_98885,CR_Train,Harbour Line CSMT,Down,Mumbai CSMT,Bandra,23:38,23:56,18,False,Slow,Off-Peak,All Days,,1418,,,Non-AC,98885,B85
HR_Down_98003,CR_Train,Harbour Line CSMT,Down,Mumbai CSMT,Panvel,23:42,01:02,80,False,Slow,Off-Peak,All Days,,1422,,,Non-AC,98003,PL3
HR_Down_98787,CR_Train,Harbour Line CSMT,Down,Mumbai CSMT,Goregaon,23:46,00:41,55,False,Slow,Off-Peak,All Days,,1426,,,Non-AC,98787,GN87
HR_Down_98259,CR_Train,Harbour Line CSMT,Down,Mumbai CSMT,Panvel,23:52,01:13,81,False,Slow,Off-Peak,All Days,,1432,,,Non-AC,98259,PL207
TH_Down_99001,CR_Train,Trans-Harbour Line,Down,THANE,Panvel,00:05,00:57,52,False,Slow,Off-Peak,All Days,,5,,,Non-AC,99001,TPL1
TH_Down_99003,CR_Train,Trans-Harbour Line,Down,THANE,Panvel,05:12,06:04,52,False,Slow,Off-Peak,All Days,,312,,,Non-AC,99003,TPL3
TH_Down_99401,CR_Train,Trans-Harbour Line,Down,THANE,Vashi,05:25,05:54,29,False,Slow,Off-Peak,All Days,,325,,,Non-AC,99401,TV1
TH_Down_99201,CR_Train,Trans-Harbour Line,Down,THANE,Nerul,05:40,06:10,30,False,Slow,Off-Peak,All Days,,340,,,Non-AC,99201,TNU1
TH_Down_99403,CR_Train,Trans-Harbour Line,Down,THANE,Vashi,05:53,06:22,29,False,Slow,Off-Peak,All Days,,353,,,Non-AC,99403,TV3
TH_Down_99405,CR_Train,Trans-Harbour Line,Down,THANE,Vashi,06:09,06:38,29,False,Slow,Off-Peak,All Days,,369,,,Non-AC,99405,TV5
TH_Down_99005,CR_Train,Trans-Harbour Line,Down,THANE,Panvel,06:20,07:12,52,False,Slow,Off-Peak,All Days,,380,,,Non-AC,99005,TPL5
TH_Down_99203,CR_Train,Trans-Harbour Line,Down,THANE,Nerul,06:27,06:57,30,False,Slow,Off-Peak,All Days,,387,,,Non-AC,99203,TNU3
TH_Down_99407,CR_Train,Trans-Harbour Line,Down,THANE,Vashi,06:39,07:08,29,False,Slow,Off-Peak,All Days,,399,,,Non-AC,99407,TV7
TH_Down_99205,CR_Train,Trans-Harbour Line,Down,THANE,Nerul,06:46,07:18,32,False,Slow,Off-Peak,NOT_SUN,,406,,,Non-AC,99205,TNU5
TH_Down_99409,CR_Train,Trans-Harbour Line,Down,THANE,Vashi,06:59,07:28,29,False,Slow,Off-Peak,All Days,,419,,,Non-AC,99409,TV9
TH_Down_99007,CR_Train,Trans-Harbour Line,Down,THANE,Panvel,07:04,07:57,53,False,Slow,Peak,All Days,,424,,,Non-AC,99007,TPL7
TH_Down_99411,CR_Train,Trans-Harbour Line,Down,THANE,Vashi,07:17,07:46,29,False,Slow,Peak,All Days,,437,,,Non-AC,99411,TV11
TH_Down_99207,CR_Train,Trans-Harbour Line,Down,THANE,Nerul,07:23,07:53,30,False,Slow,Peak,All Days,,443,,,Non-AC,99207,TNU7
TH_Down_99413,CR_Train,Trans-Harbour Line,Down,THANE,Vashi,07:35,08:04,29,False,Slow,Peak,All Days,,455,,,Non-AC,99413,TV13
TH_Down_99209,CR_Train,Trans-Harbour Line,Down,THANE,Nerul,07:43,08:13,30,False,Slow,Peak,All Days,,463,,,Non-AC,99209,TNU9
TH_Down_99415,CR_Train,Trans-Harbour Line,Down,THANE,Vashi,07:53,08:22,29,False,Slow,Peak,All Days,,473,,,Non-AC,99415,TV15
TH_Down_99009,CR_Train,Trans-Harbour Line,Down,THANE,Panvel,08:03,08:56,53,False,Slow,Peak,All Days,,483,,,Non-AC,99009,TPL9
TH_Down_99417,CR_Train,Trans-Harbour Line,Down,THANE,Vashi,08:07,08:37,30,False,Slow,Peak,NOT_SUN,,487,,,Non-AC,99417,TV17
TH_Down_99211,CR_Train,Trans-Harbour Line,Down,THANE,Nerul,08:14,08:44,30,False,Slow,Peak,All Days,,494,,,Non-AC,99211,TNU11
TH_Down_99419,CR_Train,Trans-Harbour Line,Down,THANE,Vashi,08:23,08:52,29,False,Slow,Peak,All Days,,503,,,Non-AC,99419,TV19
TH_Down_99213,CR_Train,Trans-Harbour Line,Down,THANE,Nerul,08:31,09:01,30,False,Slow,Peak,All Days,,511,,,Non-AC,99213,TNU13
TH_Down_99421,CR_Train,Trans-Harbour Line,Down,THANE,Vashi,08:36,09:05,29,False,Slow,Peak,All Days,,516,,,Non-AC,99421,TV21
TH_Down_99011,CR_Train,Trans-Harbour Line,Down,THANE,Panvel,08:41,09:33,52,False,Slow,Peak,All Days,,521,,,Non-AC,99011,TPL11
TH_Down_99215,CR_Train,Trans-Harbour Line,Down,THANE,Nerul,08:51,09:21,30,False,Slow,Peak,All Days,,531,,,Non-AC,99215,TNU15
TH_Down_99423,CR_Train,Trans-Harbour Line,Down,THANE,Vashi,08:56,09:25,29,False,Slow,Peak,All Days,,536,,,Non-AC,99423,TV23
TH_Down_99217,CR_Train,Trans-Harbour Line,Down,THANE,Nerul,09:04,09:34,30,False,Slow,Peak,All Days,,544,,,Non-AC,99217,TNU17
TH_Down_99425,CR_Train,Trans-Harbour Line,Down,THANE,Vashi,09:09,09:39,30,False,Slow,Peak,All Days,,549,,,Non-AC,99425,TV25
TH_Down_99013,CR_Train,Trans-Harbour Line,Down,THANE,Panvel,09:14,10:06,52,False,Slow,Peak,All Days,,554,,,Non-AC,99013,TPL13
TH_Down_99219,CR_Train,Trans-Harbour Line,Down,THANE,Nerul,09:19,09:51,32,False,Slow,Peak,NOT_SUN,,559,,,Non-AC,99219,TNU19
TH_Down_99427,CR_Train,Trans-Harbour Line,Down,THANE,Vashi,09:30,09:59,29,False,Slow,Peak,All Days,,570,,,Non-AC,99427,TV27
TH_Down_99015,CR_Train,Trans-Harbour Line,Down,THANE,Panvel,09:39,10:31,52,False,Slow,Peak,All Days,,579,,,Non-AC,99015,TPL15
TH_Down_99221,CR_Train,Trans-Harbour Line,Down,THANE,Nerul,09:47,10:17,30,False,Slow,Peak,All Days,,587,,,Non-AC,99221,TNU21
TH_Down_99429,CR_Train,Trans-Harbour Line,Down,THANE,Vashi,09:53,10:22,29,False,Slow,Peak,All Days,,593,,,Non-AC,99429,TV29
TH_Down_99017,CR_Train,Trans-Harbour Line,Down,THANE,Panvel,10:01,10:54,53,False,Slow,Peak,All Days,,601,,,Non-AC,99017,TPL17
TH_Down_99431,CR_Train,Trans-Harbour Line,Down,THANE,Vashi,10:07,10:36,29,False,Slow,Peak,All Days,,607,,,Non-AC,99431,TV31
TH_Down_99223,CR_Train,Trans-Harbour Line,Down,THANE,Nerul,10:12,10:42,30,False,Slow,Peak,All Days,,612,,,Non-AC,99223,TNU23
TH_Down_99433,CR_Train,Trans-Harbour Line,Down,THANE,Vashi,10:20,10:50,30,False,Slow,Peak,All Days,,620,,,Non-AC,99433,TV33
TH_Down_99435,CR_Train,Trans-Harbour Line,Down,THANE,Vashi,10:35,11:05,30,False,Slow,Peak,All Days,,635,,,Non-AC,99435,TV35
TH_Down_99019,CR_Train,Trans-Harbour Line,Down,THANE,Panvel,10:39,11:34,55,False,Slow,Peak,NOT_SUN,,639,,,Non-AC,99019,TPL19
TH_Down_99437,CR_Train,Trans-Harbour Line,Down,THANE,Vashi,10:48,11:17,29,False,Slow,Peak,All Days,,648,,,Non-AC,99437,TV37
TH_Down_99225,CR_Train,Trans-Harbour Line,Down,THANE,Nerul,10:55,11:25,30,False,Slow,Peak,All Days,,655,,,Non-AC,99225,TNU25
TH_Down_99439,CR_Train,Trans-Harbour Line,Down,THANE,Vashi,11:06,11:35,29,False,Slow,Off-Peak,All Days,,666,,,Non-AC,99439,TV39
TH_Down_99021,CR_Train,Trans-Harbour Line,Down,THANE,Panvel,11:14,12:07,53,False,Slow,Off-Peak,All Days,,674,,,Non-AC,99021,TPL21
TH_Down_99441,CR_Train,Trans-Harbour Line,Down,THANE,Vashi,11:20,11:49,29,False,Slow,Off-Peak,All Days,,680,,,Non-AC,99441,TV41
TH_Down_99227,CR_Train,Trans-Harbour Line,Down,THANE,Nerul,11:27,11:57,30,False,Slow,Off-Peak,All Days,,687,,,Non-AC,99227,TNU27
TH_Down_99443,CR_Train,Trans-Harbour Line,Down,THANE,Vashi,11:35,12:04,29,False,Slow,Off-Peak,All Days,,695,,,Non-AC,99443,TV43
TH_Down_99229,CR_Train,Trans-Harbour Line,Down,THANE,Nerul,11:42,12:12,30,False,Slow,Off-Peak,All Days,,702,,,Non-AC,99229,TNU29
TH_Down_99445,CR_Train,Trans-Harbour Line,Down,THANE,Vashi,11:48,12:17,29,False,Slow,Off-Peak,All Days,,708,,,Non-AC,99445,TV45
TH_Down_99023,CR_Train,Trans-Harbour Line,Down,THANE,Panvel,12:00,12:56,56,False,Slow,Off-Peak,All Days,,720,,,Non-AC,99023,TPL23
TH_Down_99447,CR_Train,Trans-Harbour Line,Down,THANE,Vashi,12:06,12:35,29,False,Slow,Off-Peak,All Days,,726,,,Non-AC,99447,TV47
TH_Down_99231,CR_Train,Trans-Harbour Line,Down,THANE,Nerul,12:12,12:42,30,False,Slow,Off-Peak,All Days,,732,,,Non-AC,99231,TNU31
TH_Down_99449,CR_Train,Trans-Harbour Line,Down,THANE,Vashi,12:18,12:47,29,False,Slow,Off-Peak,All Days,,738,,,Non-AC,99449,TV49
TH_Down_99233,CR_Train,Trans-Harbour Line,Down,THANE,Nerul,12:35,13:05,30,False,Slow,Off-Peak,All Days,,755,,,Non-AC,99233,TNU33
TH_Down_99451,CR_Train,Trans-Harbour Line,Down,THANE,Vashi,12:41,13:10,29,False,Slow,Off-Peak,All Days,,761,,,Non-AC,99451,TV51
TH_Down_99025,CR_Train,Trans-Harbour Line,Down,THANE,Panvel,12:49,13:42,53,False,Slow,Off-Peak,All Days,,769,,,Non-AC,99025,TPL25
TH_Down_99453,CR_Train,Trans-Harbour Line,Down,THANE,Vashi,13:00,13:29,29,False,Slow,Off-Peak,All Days,,780,,,Non-AC,99453,TV53
TH_Down_99235,CR_Train,Trans-Harbour Line,Down,THANE,Nerul,13:10,13:40,30,False,Slow,Off-Peak,All Days,,790,,,Non-AC,99235,TNU35
TH_Down_99027,CR_Train,Trans-Harbour Line,Down,THANE,Panvel,13:24,14:16,52,False,Slow,Off-Peak,All Days,,804,,,Non-AC,99027,TPL27
TH_Down_99455,CR_Train,Trans-Harbour Line,Down,THANE,Vashi,13:30,13:59,29,False,Slow,Off-Peak,All Days,,810,,,Non-AC,99455,TV55
TH_Down_99237,CR_Train,Trans-Harbour Line,Down,THANE,Nerul,13:37,14:07,30,False,Slow,Off-Peak,All Days,,817,,,Non-AC,99237,TNU37
TH_Down_99457,CR_Train,Trans-Harbour Line,Down,THANE,Vashi,13:50,14:19,29,False,Slow,Off-Peak,All Days,,830,,,Non-AC,99457,TV57
TH_Down_99029,CR_Train,Trans-Harbour Line,Down,THANE,Panvel,14:03,14:55,52,False,Slow,Off-Peak,All Days,,843,,,Non-AC,99029,TPL29
TH_Down_99239,CR_Train,Trans-Harbour Line,Down,THANE,Nerul,14:13,14:43,30,False,Slow,Off-Peak,All Days,,853,,,Non-AC,99239,TNU39
TH_Down_99459,CR_Train,Trans-Harbour Line,Down,THANE,Vashi,14:19,14:48,29,False,Slow,Off-Peak,All Days,,859,,,Non-AC,99459,TV59
TH_Down_99031,CR_Train,Trans-Harbour Line,Down,THANE,Panvel,14:36,15:28,52,False,Slow,Off-Peak,All Days,,876,,,Non-AC,99031,TPL31
TH_Down_99461,CR_Train,Trans-Harbour Line,Down,THANE,Vashi,14:46,15:15,29,False,Slow,Off-Peak,All Days,,886,,,Non-AC,99461,TV61
TH_Down_99033,CR_Train,Trans-Harbour Line,Down,THANE,Panvel,14:54,15:46,52,False,Slow,Off-Peak,All Days,,894,,,Non-AC,99033,TPL33
TH_Down_99463,CR_Train,Trans-Harbour Line,Down,THANE,Vashi,15:00,15:29,29,False,Slow,Off-Peak,All Days,,900,,,Non-AC,99463,TV63
TH_Down_99241,CR_Train,Trans-Harbour Line,Down,THANE,Nerul,15:05,15:35,30,False,Slow,Off-Peak,All Days,,905,,,Non-AC,99241,TNU41
TH_Down_99035,CR_Train,Trans-Harbour Line,Down,THANE,Panvel,15:20,16:12,52,False,Slow,Off-Peak,All Days,,920,,,Non-AC,99035,TPL35
TH_Down_99465,CR_Train,Trans-Harbour Line,Down,THANE,Vashi,15:25,15:54,29,False,Slow,Off-Peak,All Days,,925,,,Non-AC,99465,TV65
TH_Down_99243,CR_Train,Trans-Harbour Line,Down,THANE,Nerul,15:30,16:00,30,False,Slow,Off-Peak,All Days,,930,,,Non-AC,99243,TNU43
TH_Down_99467,CR_Train,Trans-Harbour Line,Down,THANE,Vashi,15:40,16:09,29,False,Slow,Off-Peak,All Days,,940,,,Non-AC,99467,TV67
TH_Down_99469,CR_Train,Trans-Harbour Line,Down,THANE,Vashi,15:52,16:23,31,False,Slow,Off-Peak,All Days,,952,,,Non-AC,99469,TV69
TH_Down_99037,CR_Train,Trans-Harbour Line,Down,THANE,Panvel,16:00,16:52,52,False,Slow,Off-Peak,All Days,,960,,,Non-AC,99037,TPL37
TH_Down_99471,CR_Train,Trans-Harbour Line,Down,THANE,Vashi,16:07,16:36,29,False,Slow,Off-Peak,All Days,,967,,,Non-AC,99471,TV71
TH_Down_99473,CR_Train,Trans-Harbour Line,Down,THANE,Vashi,16:19,16:48,29,False,Slow,Off-Peak,All Days,,979,,,Non-AC,99473,TV73
TH_Down_99039,CR_Train,Trans-Harbour Line,Down,THANE,Panvel,16:24,17:16,52,False,Slow,Off-Peak,All Days,,984,,,Non-AC,99039,TPL39
TH_Down_99245,CR_Train,Trans-Harbour Line,Down,THANE,Nerul,16:33,17:03,30,False,Slow,Off-Peak,All Days,,993,,,Non-AC,99245,TNU45
TH_Down_99475,CR_Train,Trans-Harbour Line,Down,THANE,Vashi,16:40,17:11,31,False,Slow,Off-Peak,All Days,,1000,,,Non-AC,99475,TV75
TH_Down_99041,CR_Train,Trans-Harbour Line,Down,THANE,Panvel,16:48,17:40,52,False,Slow,Off-Peak,All Days,,1008,,,Non-AC,99041,TPL41
TH_Down_99477,CR_Train,Trans-Harbour Line,Down,THANE,Vashi,16:55,17:24,29,False,Slow,Off-Peak,All Days,,1015,,,Non-AC,99477,TV77
TH_Down_99247,CR_Train,Trans-Harbour Line,Down,THANE,Nerul,17:00,17:30,30,False,Slow,Peak,All Days,,1020,,,Non-AC,99247,TNU47
TH_Down_99479,CR_Train,Trans-Harbour Line,Down,THANE,Vashi,17:08,17:37,29,False,Slow,Peak,All Days,,1028,,,Non-AC,99479,TV79
TH_Down_99249,CR_Train,Trans-Harbour Line,Down,THANE,Nerul,17:14,17:46,32,False,Slow,Peak,NOT_SUN,,1034,,,Non-AC,99249,TNU49
TH_Down_99043,CR_Train,Trans-Harbour Line,Down,THANE,Panvel,17:23,18:15,52,False,Slow,Peak,All Days,,1043,,,Non-AC,99043,TPL43
TH_Down_99481,CR_Train,Trans-Harbour Line,Down,THANE,Vashi,17:28,17:57,29,False,Slow,Peak,All Days,,1048,,,Non-AC,99481,TV81
TH_Down_99251,CR_Train,Trans-Harbour Line,Down,THANE,Nerul,17:34,18:04,30,False,Slow,Peak,All Days,,1054,,,Non-AC,99251,TNU51
TH_Down_99483,CR_Train,Trans-Harbour Line,Down,THANE,Vashi,17:46,18:15,29,False,Slow,Peak,All Days,,1066,,,Non-AC,99483,TV83
TH_Down_99045,CR_Train,Trans-Harbour Line,Down,THANE,Panvel,17:54,18:46,52,False,Slow,Peak,All Days,,1074,,,Non-AC,99045,TPL45
TH_Down_99485,CR_Train,Trans-Harbour Line,Down,THANE,Vashi,18:06,18:35,29,False,Slow,Peak,All Days,,1086,,,Non-AC,99485,TV85
TH_Down_99047,CR_Train,Trans-Harbour Line,Down,THANE,Panvel,18:10,19:01,51,False,Slow,Peak,All Days,,1090,,,Non-AC,99047,TPL47
TH_Down_99253,CR_Train,Trans-Harbour Line,Down,THANE,Nerul,18:17,18:47,30,False,Slow,Peak,All Days,,1097,,,Non-AC,99253,TNU53
TH_Down_99487,CR_Train,Trans-Harbour Line,Down,THANE,Vashi,18:24,18:53,29,False,Slow,Peak,All Days,,1104,,,Non-AC,99487,TV87
TH_Down_99255,CR_Train,Trans-Harbour Line,Down,THANE,Nerul,18:29,18:59,30,False,Slow,Peak,NOT_SUN,,1109,,,Non-AC,99255,TNU55
TH_Down_99049,CR_Train,Trans-Harbour Line,Down,THANE,Panvel,18:34,19:26,52,False,Slow,Peak,All Days,,1114,,,Non-AC,99049,TPL49
TH_Down_99489,CR_Train,Trans-Harbour Line,Down,THANE,Vashi,18:42,19:11,29,False,Slow,Peak,All Days,,1122,,,Non-AC,99489,TV89
TH_Down_99257,CR_Train,Trans-Harbour Line,Down,THANE,Nerul,18:49,19:19,30,False,Slow,Peak,All Days,,1129,,,Non-AC,99257,TNU57
TH_Down_99491,CR_Train,Trans-Harbour Line,Down,THANE,Vashi,18:59,19:28,29,False,Slow,Peak,All Days,,1139,,,Non-AC,99491,TV91
TH_Down_99051,CR_Train,Trans-Harbour Line,Down,THANE,Panvel,19:14,20:06,52,False,Slow,Peak,All Days,,1154,,,Non-AC,99051,TPL51
TH_Down_99493,CR_Train,Trans-Harbour Line,Down,THANE,Vashi,19:19,19:48,29,False,Slow,Peak,All Days,,1159,,,Non-AC,99493,TV93
TH_Down_99259,CR_Train,Trans-Harbour Line,Down,THANE,Nerul,19:24,19:54,30,False,Slow,Peak,All Days,,1164,,,Non-AC,99259,TNU59
TH_Down_99495,CR_Train,Trans-Harbour Line,Down,THANE,Vashi,19:34,20:04,30,False,Slow,Peak,All Days,,1174,,,Non-AC,99495,TV95
TH_Down_99261,CR_Train,Trans-Harbour Line,Down,THANE,Nerul,19:38,20:08,30,False,Slow,Peak,All Days,,1178,,,Non-AC,99261,TNU61
TH_Down_99053,CR_Train,Trans-Harbour Line,Down,THANE,Panvel,19:48,20:42,54,False,Slow,Peak,NOT_SUN,,1188,,,Non-AC,99053,TPL53
TH_Down_99497,CR_Train,Trans-Harbour Line,Down,THANE,Vashi,19:54,20:23,29,False,Slow,Peak,All Days,,1194,,,Non-AC,99497,TV97
TH_Down_99055,CR_Train,Trans-Harbour Line,Down,THANE,Panvel,19:59,20:51,52,False,Slow,Peak,All Days,,1199,,,Non-AC,99055,TPL55
TH_Down_99499,CR_Train,Trans-Harbour Line,Down,THANE,Vashi,20:05,20:35,30,False,Slow,Peak,All Days,,1205,,,Non-AC,99499,TV99
TH_Down_99057,CR_Train,Trans-Harbour Line,Down,THANE,Panvel,20:15,21:07,52,False,Slow,Peak,All Days,,1215,,,Non-AC,99057,TPL57
TH_Down_99263,CR_Train,Trans-Harbour Line,Down,THANE,Nerul,20:20,20:50,30,False,Slow,Peak,All Days,,1220,,,Non-AC,99263,TNU63
TH_Down_99501,CR_Train,Trans-Harbour Line,Down,THANE,Vashi,20:28,20:57,29,False,Slow,Peak,All Days,,1228,,,Non-AC,99501,TV101
TH_Down_99265,CR_Train,Trans-Harbour Line,Down,THANE,Nerul,20:33,21:03,30,False,Slow,Peak,All Days,,1233,,,Non-AC,99265,TNU65
TH_Down_99503,CR_Train,Trans-Harbour Line,Down,THANE,Vashi,20:43,21:12,29,False,Slow,Peak,All Days,,1243,,,Non-AC,99503,TV103
TH_Down_99059,CR_Train,Trans-Harbour Line,Down,THANE,Panvel,20:50,21:42,52,False,Slow,Peak,All Days,,1250,,,Non-AC,99059,TPL59
TH_Down_99505,CR_Train,Trans-Harbour Line,Down,THANE,Vashi,21:00,21:29,29,False,Slow,Peak,All Days,,1260,,,Non-AC,99505,TV105
TH_Down_99061,CR_Train,Trans-Harbour Line,Down,THANE,Panvel,21:11,22:02,51,False,Slow,Off-Peak,All Days,,1271,,,Non-AC,99061,TPL61
TH_Down_99507,CR_Train,Trans-Harbour Line,Down,THANE,Vashi,21:20,21:49,29,False,Slow,Off-Peak,All Days,,1280,,,Non-AC,99507,TV107
TH_Down_99267,CR_Train,Trans-Harbour Line,Down,THANE,Nerul,21:30,22:02,32,False,Slow,Off-Peak,All Days,,1290,,,Non-AC,99267,TNU67
TH_Down_99063,CR_Train,Trans-Harbour Line,Down,THANE,Panvel,21:36,22:28,52,False,Slow,Off-Peak,All Days,,1296,,,Non-AC,99063,TPL63
TH_Down_99509,CR_Train,Trans-Harbour Line,Down,THANE,Vashi,21:41,22:10,29,False,Slow,Off-Peak,All Days,,1301,,,Non-AC,99509,TV109
TH_Down_99065,CR_Train,Trans-Harbour Line,Down,THANE,Panvel,21:52,22:46,54,False,Slow,Off-Peak,NOT_SUN,,1312,,,Non-AC,99065,TPL65
TH_Down_99511,CR_Train,Trans-Harbour Line,Down,THANE,Vashi,22:01,22:31,30,False,Slow,Off-Peak,All Days,,1321,,,Non-AC,99511,TV111
TH_Down_99067,CR_Train,Trans-Harbour Line,Down,THANE,Panvel,22:15,23:07,52,False,Slow,Off-Peak,All Days,,1335,,,Non-AC,99067,TPL67
TH_Down_99513,CR_Train,Trans-Harbour Line,Down,THANE,Vashi,22:25,22:54,29,False,Slow,Off-Peak,All Days,,1345,,,Non-AC,99513,TV113
TH_Down_99515,CR_Train,Trans-Harbour Line,Down,THANE,Vashi,22:45,23:14,29,False,Slow,Off-Peak,All Days,,1365,,,Non-AC,99515,TV115
TH_Down_99069,CR_Train,Trans-Harbour Line,Down,THANE,Panvel,22:55,23:47,52,False,Slow,Off-Peak,All Days,,1375,,,Non-AC,99069,TPL69
TH_Down_99517,CR_Train,Trans-Harbour Line,Down,THANE,Vashi,23:09,23:38,29,False,Slow,Off-Peak,All Days,,1389,,,Non-AC,99517,TV117
TH_Down_99071,CR_Train,Trans-Harbour Line,Down,THANE,Panvel,23:14,23:58,44,False,Slow,Off-Peak,All Days,,1394,,,Non-AC,99071,TPL71
TH_Down_99073,CR_Train,Trans-Harbour Line,Down,THANE,Panvel,23:32,00:24,52,False,Slow,Off-Peak,All Days,,1412,,,Non-AC,99073,TPL73
TH_Down_99519,CR_Train,Trans-Harbour Line,Down,THANE,Vashi,23:45,00:14,29,False,Slow,Off-Peak,All Days,,1425,,,Non-AC,99519,TV119
CR_Up_95002,CR_Train,Central Railway Main,Up,Khopoli,CSMT,04:50,07:18,148,False,Medium,Off-Peak,All Days,,290,,,Non-AC,95002,KP2
CR_Up_95004,CR_Train,Central Railway Main,Up,Khopoli,CSMT,06:16,08:40,144,False,Fast,Off-Peak,All Days,,376,,,Non-AC,95004,KP4
CR_Up_95006,CR_Train,Central Railway Main,Up,Khopoli,CSMT,08:40,11:03,143,False,Fast,Peak,All Days,,520,,,Non-AC,95006,KP6
CR_Up_95008,CR_Train,Central Railway Main,Up,Khopoli,CSMT,13:48,16:14,146,False,Fast,Off-Peak,All Days,,828,,,Non-AC,95008,KP8
CR_Up_95010,CR_Train,Central Railway Main,Up,Khopoli,CSMT,16:30,18:51,141,False,Fast,Off-Peak,All Days,,990,,,Non-AC,95010,KP10
CR_Up_95012,CR_Train,Central Railway Main,Up,Khopoli,CSMT,18:02,20:24,142,False,Fast,Peak,All Days,,1082,,,Non-AC,95012,KP12
CR_Up_96102,CR_Train,Central Railway Main,Up,Karjat,CSMT,02:30,04:56,146,False,Slow,Off-Peak,All Days,,150,,,Non-AC,96102,S2
CR_Up_96104,CR_Train,Central Railway Main,Up,Karjat,CSMT,03:35,05:56,141,False,Slow,Off-Peak,All Days,,215,,,Non-AC,96104,S4
CR_Up_96106,CR_Train,Central Railway Main,Up,Karjat,CSMT,04:27,06:48,141,False,Slow,Off-Peak,All Days,,267,,,Non-AC,96106,S6
CR_Up_95102,CR_Train,Central Railway Main,Up,Karjat,CSMT,04:53,06:51,118,False,Fast,Off-Peak,All Days,,293,,,Non-AC,95102,S8
CR_Up_95104,CR_Train,Central Railway Main,Up,Karjat,CSMT,05:50,07:45,115,False,Medium,Off-Peak,All Days,,350,,,Non-AC,95104,S10
CR_Up_95106,CR_Train,Central Railway Main,Up,Karjat,CSMT,06:33,08:29,116,False,Fast,Off-Peak,All Days,,393,,,Non-AC,95106,S12
CR_Up_95108,CR_Train,Central Railway Main,Up,Karjat,CSMT,07:00,08:58,118,False,Fast,Peak,All Days,,420,,,Non-AC,95108,S14
CR_Up_95110,CR_Train,Central Railway Main,Up,Karjat,CSMT,07:19,09:15,116,False,Fast,Peak,All Days,,439,,,Non-AC,95110,S16
CR_Up_95112,CR_Train,Central Railway Main,Up,Karjat,CSMT,07:52,09:51,119,False,Fast,Peak,All Days,,472,,,Non-AC,95112,S18
CR_Up_95114,CR_Train,Central Railway Main,Up,Karjat,CSMT,08:27,10:29,122,False,Fast,Peak,All Days,,507,,,Non-AC,95114,S20
CR_Up_95116,CR_Train,Central Railway Main,Up,Karjat,CSMT,09:45,11:44,119,False,Medium,Peak,All Days,,585,,,Non-AC,95116,S22
CR_Up_95118,CR_Train,Central Railway Main,Up,Karjat,CSMT,10:43,12:44,121,False,Fast,Peak,All Days,,643,,,Non-AC,95118,S24
CR_Up_95120,CR_Train,Central Railway Main,Up,Karjat,CSMT,11:19,13:15,116,False,Medium,Off-Peak,All Days,,679,,,Non-AC,95120,S26
CR_Up_95122,CR_Train,Central Railway Main,Up,Karjat,CSMT,12:00,13:59,119,False,Medium,Off-Peak,All Days,,720,,,Non-AC,95122,S28
CR_Up_95124,CR_Train,Central Railway Main,Up,Karjat,CSMT,12:23,14:20,117,False,Medium,Off-Peak,All Days,,743,,,Non-AC,95124,S30
CR_Up_95126,CR_Train,Central Railway Main,Up,Karjat,CSMT,13:00,14:55,115,False,Fast,Off-Peak,All Days,,780,,,Non-AC,95126,S32
CR_Up_95128,CR_Train,Central Railway Main,Up,Karjat,CSMT,13:55,15:55,120,False,Fast,Off-Peak,All Days,,835,,,Non-AC,95128,S34
CR_Up_95130,CR_Train,Central Railway Main,Up,Karjat,CSMT,15:26,17:26,120,False,Fast,Off-Peak,All Days,,926,,,Non-AC,95130,S36
CR_Up_95132,CR_Train,Central Railway Main,Up,Karjat,CSMT,16:00,17:57,117,False,Fast,Off-Peak,All Days,,960,,,Non-AC,95132,S38
CR_Up_95134,CR_Train,Central Railway Main,Up,Karjat,CSMT,17:33,19:28,115,False,Fast,Peak,All Days,,1053,,,Non-AC,95134,S40
CR_Up_95136,CR_Train,Central Railway Main,Up,Karjat,CSMT,17:56,19:56,120,False,Fast,Peak,All Days,,1076,,,Non-AC,95136,S42
CR_Up_95138,CR_Train,Central Railway Main,Up,Karjat,CSMT,18:40,20:41,121,False,Fast,Peak,All Days,,1120,,,Non-AC,95138,S44
CR_Up_95140,CR_Train,Central Railway Main,Up,Karjat,CSMT,19:43,21:39,116,False,Fast,Peak,All Days,,1183,,,Non-AC,95140,S46
CR_Up_95142,CR_Train,Central Railway Main,Up,Karjat,CSMT,20:38,22:41,123,False,Fast,Peak,All Days,,1238,,,Non-AC,95142,S48
CR_Up_95144,CR_Train,Central Railway Main,Up,Karjat,CSMT,21:10,23:04,114,False,Fast,Off-Peak,All Days,,1270,,,Non-AC,95144,S50
CR_Up_95146,CR_Train,Central Railway Main,Up,Karjat,CSMT,22:03,23:59,116,False,Medium,Off-Peak,All Days,,1323,,,Non-AC,95146,S54
CR_Up_96202,CR_Train,Central Railway Main,Up,Badlapur,CSMT,05:40,07:28,108,False,Slow,Off-Peak,All Days,,340,,,Non-AC,96202,BL2
CR_Up_96204,CR_Train,Central Railway Main,Up,Badlapur,CSMT,06:15,08:04,109,False,Slow,Off-Peak,All Days,,375,,,Non-AC,96204,BL4
CR_Up_96206,CR_Train,Central Railway Main,Up,Badlapur,CSMT,06:46,08:34,108,False,Slow,Off-Peak,All Days,,406,,,Non-AC,96206,BL6
CR_Up_95202,CR_Train,Central Railway Main,Up,Badlapur,CSMT,06:52,08:16,84,False,Fast,Off-Peak,All Days,,412,,,Non-AC,95202,BL8
CR_Up_95204,CR_Train,Central Railway Main,Up,Badlapur,CSMT,08:10,09:33,83,False,Fast,Peak,All Days,,490,,,Non-AC,95204,BL10
CR_Up_95206,CR_Train,Central Railway Main,Up,Badlapur,CSMT,08:45,10:13,88,False,Medium,Peak,All Days,,525,,,Non-AC,95206,BL12
CR_Up_96210,CR_Train,Central Railway Main,Up,Badlapur,CSMT,08:52,10:44,112,False,Slow,Peak,All Days,,532,,,Non-AC,96210,BL14
CR_Up_95208,CR_Train,Central Railway Main,Up,Badlapur,CSMT,09:29,10:57,88,False,Fast,Peak,All Days,,569,,,Non-AC,95208,BL16
CR_Up_96212,CR_Train,Central Railway Main,Up,Badlapur,CSMT,10:26,12:15,109,False,Slow,Peak,All Days,,626,,,Non-AC,96212,BL18
CR_Up_95210,CR_Train,Central Railway Main,Up,Badlapur,CSMT,10:42,12:12,90,True,AC Medium,Peak,All Days,,642,,,AC,95210,BL20
CR_Up_96214,CR_Train,Central Railway Main,Up,Badlapur,CSMT,10:58,12:57,119,False,Slow,Peak,All Days,,658,,,Non-AC,96214,BL22
CR_Up_96216,CR_Train,Central Railway Main,Up,Badlapur,CSMT,11:25,13:19,114,False,Slow,Off-Peak,All Days,,685,,,Non-AC,96216,BL24
CR_Up_96218,CR_Train,Central Railway Main,Up,Badlapur,CSMT,11:41,13:34,113,False,Slow,Off-Peak,All Days,,701,,,Non-AC,96218,BL26
CR_Up_96220,CR_Train,Central Railway Main,Up,Badlapur,CSMT,12:00,13:50,110,False,Slow,Off-Peak,All Days,,720,,,Non-AC,96220,BL28
CR_Up_95212,CR_Train,Central Railway Main,Up,Badlapur,CSMT,12:15,13:42,87,False,Fast,Off-Peak,All Days,,735,,,Non-AC,95212,BL30
CR_Up_95216,CR_Train,Central Railway Main,Up,Badlapur,CSMT,13:22,14:49,87,False,Medium,Off-Peak,All Days,,802,,,Non-AC,95216,BL32
CR_Up_95220,CR_Train,Central Railway Main,Up,Badlapur,CSMT,14:11,15:35,84,False,Fast,Off-Peak,All Days,,851,,,Non-AC,95220,BL34
CR_Up_95222,CR_Train,Central Railway Main,Up,Badlapur,CSMT,14:57,16:23,86,False,Fast,Off-Peak,All Days,,897,,,Non-AC,95222,BL36
CR_Up_95224,CR_Train,Central Railway Main,Up,Badlapur,CSMT,15:32,16:56,84,False,Fast,Off-Peak,All Days,,932,,,Non-AC,95224,BL38
CR_Up_95226,CR_Train,Central Railway Main,Up,Badlapur,CSMT,15:47,17:13,86,False,Fast,Off-Peak,All Days,,947,,,Non-AC,95226,BL40
CR_Up_95228,CR_Train,Central Railway Main,Up,Badlapur,CSMT,16:18,17:41,83,False,Fast,Off-Peak,All Days,,978,,,Non-AC,95228,BL42
CR_Up_95230,CR_Train,Central Railway Main,Up,Badlapur,CSMT,16:47,18:10,83,False,Fast,Off-Peak,All Days,,1007,,,Non-AC,95230,BL44
CR_Up_95232,CR_Train,Central Railway Main,Up,Badlapur,CSMT,17:00,18:21,81,False,Medium,Peak,All Days,,1020,,,Non-AC,95232,BL46
CR_Up_95234,CR_Train,Central Railway Main,Up,Badlapur,CSMT,17:16,18:38,82,False,Fast,Peak,All Days,,1036,,,Non-AC,95234,BL48
CR_Up_95236,CR_Train,Central Railway Main,Up,Badlapur,CSMT,18:17,19:44,87,False,Fast,Peak,All Days,,1097,,,Non-AC,95236,BL50
CR_Up_95238,CR_Train,Central Railway Main,Up,Badlapur,CSMT,18:55,20:18,83,False,Fast,Peak,All Days,,1135,,,Non-AC,95238,BL52
CR_Up_95240,CR_Train,Central Railway Main,Up,Badlapur,CSMT,19:34,20:59,85,False,Fast,Peak,All Days,,1174,,,Non-AC,95240,BL54
CR_Up_95242,CR_Train,Central Railway Main,Up,Badlapur,CSMT,20:03,21:32,89,False,Fast,Peak,All Days,,1203,,,Non-AC,95242,BL56
CR_Up_96222,CR_Train,Central Railway Main,Up,Badlapur,CSMT,20:22,22:15,113,False,Slow,Peak,All Days,,1222,,,Non-AC,96222,BL58
CR_Up_95244,CR_Train,Central Railway Main,Up,Badlapur,CSMT,20:46,22:11,85,False,Fast,Peak,All Days,,1246,,,Non-AC,95244,BL60
CR_Up_96224,CR_Train,Central Railway Main,Up,Badlapur,CSMT,21:06,22:57,111,False,Slow,Off-Peak,All Days,,1266,,,Non-AC,96224,BL62
CR_Up_95246,CR_Train,Central Railway Main,Up,Badlapur,CSMT,21:37,23:01,84,False,Fast,Off-Peak,All Days,,1297,,,Non-AC,95246,BL64
CR_Up_95248,CR_Train,Central Railway Main,Up,Badlapur,CSMT,21:58,23:27,89,False,Fast,Off-Peak,All Days,,1318,,,Non-AC,95248,BL66
CR_Up_96302,CR_Train,Central Railway Main,Up,Ambernath,CSMT,03:43,05:24,101,False,Slow,Off-Peak,All Days,,223,,,Non-AC,96302,A2
CR_Up_96304,CR_Train,Central Railway Main,Up,Ambernath,CSMT,04:08,05:50,102,False,Slow,Off-Peak,All Days,,248,,,Non-AC,96304,A4
CR_Up_96306,CR_Train,Central Railway Main,Up,Ambernath,CSMT,04:55,06:38,103,False,Slow,Off-Peak,All Days,,295,,,Non-AC,96306,A6
CR_Up_96308,CR_Train,Central Railway Main,Up,Ambernath,CSMT,05:18,07:00,102,False,Slow,Off-Peak,All Days,,318,,,Non-AC,96308,A8
CR_Up_96310,CR_Train,Central Railway Main,Up,Ambernath,CSMT,06:10,07:52,102,False,Slow,Off-Peak,All Days,,370,,,Non-AC,96310,A10
CR_Up_95302,CR_Train,Central Railway Main,Up,Ambernath,CSMT,07:17,08:36,79,False,Fast,Peak,All Days,,437,,,Non-AC,95302,A12
CR_Up_95304,CR_Train,Central Railway Main,Up,Ambernath,CSMT,07:35,08:54,79,False,Fast,Peak,All Days,,455,,,Non-AC,95304,A14
CR_Up_95306,CR_Train,Central Railway Main,Up,Ambernath,CSMT,07:51,09:09,78,False,Fast,Peak,All Days,,471,,,Non-AC,95306,A16
CR_Up_95308,CR_Train,Central Railway Main,Up,Ambernath,CSMT,08:10,09:26,76,False,Fast,Peak,All Days,,490,,,Non-AC,95308,A18
CR_Up_95310,CR_Train,Central Railway Main,Up,Ambernath,CSMT,08:27,09:44,77,False,Medium,Peak,All Days,,507,,,Non-AC,95310,A20
CR_Up_95312,CR_Train,Central Railway Main,Up,Ambernath,CSMT,08:49,10:10,81,False,Medium,Peak,All Days,,529,,,Non-AC,95312,A22
CR_Up_95314,CR_Train,Central Railway Main,Up,Ambernath,CSMT,09:52,11:10,78,False,Medium,Peak,All Days,,592,,,Non-AC,95314,A24
CR_Up_95316,CR_Train,Central Railway Main,Up,Ambernath,CSMT,10:15,11:33,78,False,Fast,Peak,All Days,,615,,,Non-AC,95316,A26
CR_Up_96312,CR_Train,Central Railway Main,Up,Ambernath,CSMT,11:03,12:48,105,False,Slow,Off-Peak,All Days,,663,,,Non-AC,96312,A28
CR_Up_96314,CR_Train,Central Railway Main,Up,Ambernath,CSMT,11:17,13:02,105,True,AC Slow,Off-Peak,NOT_SUN,,677,,,AC,96314,A30
CR_Up_96316,CR_Train,Central Railway Main,Up,Ambernath,CSMT,12:03,13:46,103,False,Slow,Off-Peak,All Days,,723,,,Non-AC,96316,A32
CR_Up_96318,CR_Train,Central Railway Main,Up,Ambernath,CSMT,12:19,13:59,100,False,Slow,Off-Peak,All Days,,739,,,Non-AC,96318,A34
CR_Up_96320,CR_Train,Central Railway Main,Up,Ambernath,CSMT,12:50,14:33,103,False,Slow,Off-Peak,All Days,,770,,,Non-AC,96320,A36
CR_Up_96322,CR_Train,Central Railway Main,Up,Ambernath,CSMT,13:35,15:17,102,False,Slow,Off-Peak,All Days,,815,,,Non-AC,96322,A38
CR_Up_96324,CR_Train,Central Railway Main,Up,Ambernath,CSMT,14:00,15:47,107,True,AC Slow,Off-Peak,NOT_SUN,,840,,,AC,96324,A40
CR_Up_95320,CR_Train,Central Railway Main,Up,Ambernath,CSMT,14:24,15:41,77,False,Medium,Off-Peak,All Days,,864,,,Non-AC,95320,A42
CR_Up_95322,CR_Train,Central Railway Main,Up,Ambernath,CSMT,14:45,16:09,84,False,Fast,Off-Peak,All Days,,885,,,Non-AC,95322,A44
CR_Up_95324,CR_Train,Central Railway Main,Up,Ambernath,CSMT,15:12,16:31,79,True,AC Fast,Off-Peak,NOT_SUN,,912,,,AC,95324,A46
CR_Up_95326,CR_Train,Central Railway Main,Up,Ambernath,CSMT,16:21,17:37,76,False,Fast,Off-Peak,All Days,,981,,,Non-AC,95326,A48
CR_Up_95330,CR_Train,Central Railway Main,Up,Ambernath,CSMT,17:32,18:46,74,False,Fast,Peak,All Days,,1052,,,Non-AC,95330,A50
CR_Up_95332,CR_Train,Central Railway Main,Up,Ambernath,CSMT,17:49,19:11,82,False,Fast,Peak,All Days,,1069,,,Non-AC,95332,A52
CR_Up_96326,CR_Train,Central Railway Main,Up,Ambernath,CSMT,19:37,21:24,107,False,Slow,Peak,All Days,,1177,,,Non-AC,96326,A54
CR_Up_95340,CR_Train,Central Railway Main,Up,Ambernath,CSMT,20:05,21:27,82,False,Fast,Peak,All Days,,1205,,,Non-AC,95340,A56
CR_Up_95342,CR_Train,Central Railway Main,Up,Ambernath,CSMT,20:50,22:07,77,True,AC Fast,Peak,NOT_SUN,,1250,,,AC,95342,A58
CR_Up_95344,CR_Train,Central Railway Main,Up,Ambernath,CSMT,21:07,22:28,81,False,Fast,Off-Peak,All Days,,1267,,,Non-AC,95344,A60
CR_Up_96328,CR_Train,Central Railway Main,Up,Ambernath,CSMT,21:35,23:18,103,False,Slow,Off-Peak,All Days,,1295,,,Non-AC,96328,A62
CR_Up_96330,CR_Train,Central Railway Main,Up,Ambernath,CSMT,22:01,23:44,103,False,Slow,Off-Peak,All Days,,1321,,,Non-AC,96330,A64
CR_Up_96602,CR_Train,Central Railway Main,Up,Titwala,CSMT,03:56,05:40,104,False,Slow,Off-Peak,All Days,,236,,,Non-AC,96602,TL2
CR_Up_97002,CR_Train,Central Railway Main,Up,Kalyan,CSMT,04:39,06:07,88,False,Slow,Off-Peak,All Days,,279,,,Non-AC,97002,K2
CR_Up_96604,CR_Train,Central Railway Main,Up,Titwala,CSMT,04:32,06:15,103,False,Slow,Off-Peak,All Days,,272,,,Non-AC,96604,TL4
CR_Up_96402,CR_Train,Central Railway Main,Up,Kasara,CSMT,03:51,06:30,159,False,Slow,Off-Peak,All Days,,231,,,Non-AC,96402,N2
CR_Up_96606,CR_Train,Central Railway Main,Up,Titwala,CSMT,05:11,06:56,105,False,Slow,Off-Peak,All Days,,311,,,Non-AC,96606,TL6
CR_Up_97006,CR_Train,Central Railway Main,Up,Kalyan,CSMT,05:39,07:08,89,False,Slow,Off-Peak,All Days,,339,,,Non-AC,97006,K4
CR_Up_97008,CR_Train,Central Railway Main,Up,Kalyan,CSMT,05:43,07:12,89,False,Slow,Off-Peak,All Days,,343,,,Non-AC,97008,K6
CR_Up_96608,CR_Train,Central Railway Main,Up,Titwala,CSMT,05:34,07:20,106,False,Slow,Off-Peak,All Days,,334,,,Non-AC,96608,TL8
CR_Up_97010,CR_Train,Central Railway Main,Up,Kalyan,CSMT,06:03,07:32,89,False,Slow,Off-Peak,All Days,,363,,,Non-AC,97010,K8
CR_Up_96404,CR_Train,Central Railway Main,Up,Kasara,CSMT,04:59,07:38,159,False,Slow,Off-Peak,All Days,,299,,,Non-AC,96404,N4
CR_Up_97012,CR_Train,Central Railway Main,Up,Kalyan,CSMT,06:14,07:42,88,False,Slow,Off-Peak,All Days,,374,,,Non-AC,97012,K10
CR_Up_96610,CR_Train,Central Railway Main,Up,Titwala,CSMT,06:13,07:56,103,False,Slow,Off-Peak,All Days,,373,,,Non-AC,96610,TL10
CR_Up_95702,CR_Train,Central Railway Main,Up,Kalyan,CSMT,06:32,07:39,67,True,AC Fast,Off-Peak,All Days,,392,,,AC,95702,K12
CR_Up_97014,CR_Train,Central Railway Main,Up,Kalyan,CSMT,06:43,08:12,89,False,Slow,Off-Peak,NOT_SUN,,403,,,Non-AC,97014,K14
CR_Up_96502,CR_Train,Central Railway Main,Up,Asangaon,CSMT,06:11,08:22,131,False,Slow,Off-Peak,All Days,,371,,,Non-AC,96502,AN2
CR_Up_96612,CR_Train,Central Railway Main,Up,Titwala,CSMT,06:46,08:31,105,False,Slow,Off-Peak,All Days,,406,,,Non-AC,96612,TL12
CR_Up_97022,CR_Train,Central Railway Main,Up,Kalyan,CSMT,07:15,08:45,90,True,AC Slow,Peak,NOT_SUN,,435,,,AC,97022,K16
CR_Up_95704,CR_Train,Central Railway Main,Up,Kalyan,CSMT,07:18,08:26,68,False,Fast,Peak,NOT_SUN,,438,,,Non-AC,95704,K18
CR_Up_97024,CR_Train,Central Railway Main,Up,Kalyan,CSMT,07:21,08:53,92,False,Slow,Peak,NOT_SUN,,441,,,Non-AC,97024,K20
CR_Up_95402,CR_Train,Central Railway Main,Up,Kasara,CSMT,06:10,08:25,135,False,Medium,Off-Peak,All Days,,370,,,Non-AC,95402,N6
CR_Up_97026,CR_Train,Central Railway Main,Up,Kalyan,CSMT,07:34,09:05,91,True,AC Slow,Peak,NOT_SUN,,454,,,AC,97026,K22
CR_Up_95602,CR_Train,Central Railway Main,Up,Titwala,CSMT,07:21,08:47,86,False,Fast,Peak,All Days,,441,,,Non-AC,95602,TL14
CR_Up_95708,CR_Train,Central Railway Main,Up,Kalyan,CSMT,07:42,09:03,81,False,Medium,Peak,All Days,,462,,,Non-AC,95708,K24
CR_Up_96504,CR_Train,Central Railway Main,Up,Asangaon,CSMT,07:08,09:15,127,False,Slow,Peak,All Days,,428,,,Non-AC,96504,AN4
CR_Up_97030,CR_Train,Central Railway Main,Up,Kalyan,CSMT,07:57,09:26,89,False,Slow,Peak,NOT_SUN,,477,,,Non-AC,97030,K26
CR_Up_96614,CR_Train,Central Railway Main,Up,Titwala,CSMT,07:45,09:30,105,False,Slow,Peak,All Days,,465,,,Non-AC,96614,TL16
CR_Up_95502,CR_Train,Central Railway Main,Up,Asangaon,CSMT,07:28,09:12,104,False,Fast,Peak,All Days,,448,,,Non-AC,95502,AN6
CR_Up_97032,CR_Train,Central Railway Main,Up,Kalyan,CSMT,08:09,09:38,89,False,Slow,Peak,NOT_SUN,,489,,,Non-AC,97032,LSPL
CR_Up_95404,CR_Train,Central Railway Main,Up,Kasara,CSMT,06:57,09:18,141,False,Fast,Off-Peak,All Days,,417,,,Non-AC,95404,N8
CR_Up_95710,CR_Train,Central Railway Main,Up,Kalyan,CSMT,08:14,09:30,76,False,Medium,Peak,All Days,,494,,,Non-AC,95710,K30
CR_Up_97034,CR_Train,Central Railway Main,Up,Kalyan,CSMT,08:20,09:49,89,False,Slow,Peak,All Days,,500,,,Non-AC,97034,K32
CR_Up_95712,CR_Train,Central Railway Main,Up,Kalyan,CSMT,08:33,09:37,64,False,Fast,Peak,NOT_SUN,,513,,,Non-AC,95712,K34
CR_Up_95406,CR_Train,Central Railway Main,Up,Kasara,CSMT,07:22,09:40,138,False,Medium,Peak,All Days,,442,,,Non-AC,95406,N10
CR_Up_95716,CR_Train,Central Railway Main,Up,Kalyan,CSMT,08:46,10:03,77,False,Medium,Peak,All Days,,526,,,Non-AC,95716,K36
CR_Up_96618,CR_Train,Central Railway Main,Up,Titwala,CSMT,08:33,10:18,105,True,AC Slow,Peak,NOT_SUN,,513,,,AC,96618,TL18
CR_Up_95714,CR_Train,Central Railway Main,Up,Kalyan,CSMT,08:54,09:59,65,True,AC Fast,Peak,All Days,,534,,,AC,95714,K38
CR_Up_95718,CR_Train,Central Railway Main,Up,Kalyan,CSMT,09:02,10:20,78,False,Medium,Peak,All Days,,542,,,Non-AC,95718,K40
CR_Up_95504,CR_Train,Central Railway Main,Up,Asangaon,CSMT,08:30,10:16,106,False,Medium,Peak,All Days,,510,,,Non-AC,95504,AN8
CR_Up_95604,CR_Train,Central Railway Main,Up,Titwala,CSMT,09:04,10:34,90,False,Medium,Peak,All Days,,544,,,Non-AC,95604,TL20
CR_Up_97040,CR_Train,Central Railway Main,Up,Kalyan,CSMT,09:23,10:52,89,False,Slow,Peak,NOT_SUN,,563,,,Non-AC,97040,K42
CR_Up_97042,CR_Train,Central Railway Main,Up,Kalyan,CSMT,09:29,11:00,91,False,Slow,Peak,All Days,,569,,,Non-AC,97042,K44
CR_Up_95408,CR_Train,Central Railway Main,Up,Kasara,CSMT,08:18,10:50,152,False,Medium,Peak,All Days,,498,,,Non-AC,95408,N12
CR_Up_95722,CR_Train,Central Railway Main,Up,Kalyan,CSMT,09:43,11:00,77,False,Medium,Peak,All Days,,583,,,Non-AC,95722,K46
CR_Up_97044,CR_Train,Central Railway Main,Up,Kalyan,CSMT,09:50,11:20,90,False,Slow,Peak,All Days,,590,,,Non-AC,97044,K48
CR_Up_96508,CR_Train,Central Railway Main,Up,Asangaon,CSMT,09:18,11:24,126,False,Slow,Peak,All Days,,558,,,Non-AC,96508,AN10
CR_Up_97046,CR_Train,Central Railway Main,Up,Kalyan,CSMT,10:15,11:45,90,False,Slow,Peak,NOT_SUN,,615,,,Non-AC,97046,K50
CR_Up_97048,CR_Train,Central Railway Main,Up,Kalyan,CSMT,10:25,11:54,89,True,AC Slow,Peak,NOT_SUN,,625,,,AC,97048,K52
CR_Up_96622,CR_Train,Central Railway Main,Up,Titwala,CSMT,10:20,12:03,103,False,Slow,Peak,All Days,,620,,,Non-AC,96622,TL22
CR_Up_96510,CR_Train,Central Railway Main,Up,Asangaon,CSMT,10:03,12:07,124,False,Slow,Peak,All Days,,603,,,Non-AC,96510,AN12
CR_Up_95606,CR_Train,Central Railway Main,Up,Titwala,CSMT,10:45,12:08,83,False,Fast,Peak,All Days,,645,,,Non-AC,95606,TL24
CR_Up_96624,CR_Train,Central Railway Main,Up,Titwala,CSMT,10:58,12:44,106,False,Slow,Peak,All Days,,658,,,Non-AC,96624,TL26
CR_Up_95410,CR_Train,Central Railway Main,Up,Kasara,CSMT,10:18,12:40,142,False,Medium,Peak,All Days,,618,,,Non-AC,95410,N14
CR_Up_96626,CR_Train,Central Railway Main,Up,Titwala,CSMT,11:18,13:05,107,False,Slow,Off-Peak,All Days,,678,,,Non-AC,96626,TL28
CR_Up_95728,CR_Train,Central Railway Main,Up,Kalyan,CSMT,11:46,12:48,62,False,Fast,Off-Peak,NOT_SUN,,706,,,Non-AC,95728,K54
CR_Up_97062,CR_Train,Central Railway Main,Up,Kalyan,CSMT,11:50,13:22,92,False,Slow,Off-Peak,All Days,,710,,,Non-AC,97062,K56
CR_Up_96512,CR_Train,Central Railway Main,Up,Asangaon,CSMT,11:16,13:26,130,False,Slow,Off-Peak,All Days,,676,,,Non-AC,96512,AN14
CR_Up_96628,CR_Train,Central Railway Main,Up,Titwala,CSMT,11:54,13:42,108,False,Slow,Off-Peak,All Days,,714,,,Non-AC,96628,TL30
CR_Up_95412,CR_Train,Central Railway Main,Up,Kasara,CSMT,11:10,13:25,135,False,Fast,Off-Peak,All Days,,670,,,Non-AC,95412,N16
CR_Up_96630,CR_Train,Central Railway Main,Up,Titwala,CSMT,12:21,14:04,103,False,Slow,Off-Peak,All Days,,741,,,Non-AC,96630,TL32
CR_Up_97068,CR_Train,Central Railway Main,Up,Kalyan,CSMT,12:40,14:08,88,False,Slow,Off-Peak,All Days,,760,,,Non-AC,97068,K58
CR_Up_97070,CR_Train,Central Railway Main,Up,Kalyan,CSMT,12:53,14:21,88,False,Slow,Off-Peak,All Days,,773,,,Non-AC,97070,K60
CR_Up_96632,CR_Train,Central Railway Main,Up,Titwala,CSMT,12:44,14:29,105,False,Slow,Off-Peak,All Days,,764,,,Non-AC,96632,TL34
CR_Up_96634,CR_Train,Central Railway Main,Up,Titwala,CSMT,12:58,14:41,103,False,Slow,Off-Peak,All Days,,778,,,Non-AC,96634,TL36
CR_Up_97076,CR_Train,Central Railway Main,Up,Kalyan,CSMT,13:28,14:57,89,False,Slow,Off-Peak,NOT_SUN,,808,,,Non-AC,97076,K62
CR_Up_95414,CR_Train,Central Railway Main,Up,Kasara,CSMT,12:19,14:38,139,False,Medium,Off-Peak,All Days,,739,,,Non-AC,95414,N18
CR_Up_96636,CR_Train,Central Railway Main,Up,Titwala,CSMT,13:20,15:04,104,False,Slow,Off-Peak,All Days,,800,,,Non-AC,96636,TL38
CR_Up_95730,CR_Train,Central Railway Main,Up,Kalyan,CSMT,13:36,14:41,65,False,Fast,Off-Peak,All Days,,816,,,Non-AC,95730,K64
CR_Up_97078,CR_Train,Central Railway Main,Up,Kalyan,CSMT,13:43,15:13,90,False,Slow,Off-Peak,All Days,,823,,,Non-AC,97078,K66
CR_Up_97080,CR_Train,Central Railway Main,Up,Kalyan,CSMT,13:55,15:24,89,False,Slow,Off-Peak,All Days,,835,,,Non-AC,97080,K68
CR_Up_95732,CR_Train,Central Railway Main,Up,Kalyan,CSMT,14:02,15:08,66,False,Fast,Off-Peak,NOT_SUN,,842,,,Non-AC,95732,K70
CR_Up_96638,CR_Train,Central Railway Main,Up,Titwala,CSMT,13:51,15:36,105,False,Slow,Off-Peak,All Days,,831,,,Non-AC,96638,TL40
CR_Up_97084,CR_Train,Central Railway Main,Up,Kalyan,CSMT,14:11,15:41,90,False,Slow,Off-Peak,NOT_SUN,,851,,,Non-AC,97084,K72
CR_Up_97086,CR_Train,Central Railway Main,Up,Kalyan,CSMT,14:25,15:55,90,False,Slow,Off-Peak,All Days,,865,,,Non-AC,97086,K74
CR_Up_97088,CR_Train,Central Railway Main,Up,Kalyan,CSMT,14:33,16:02,89,False,Slow,Off-Peak,All Days,,873,,,Non-AC,97088,K76
CR_Up_97090,CR_Train,Central Railway Main,Up,Kalyan,CSMT,14:41,16:11,90,False,Slow,Off-Peak,All Days,,881,,,Non-AC,97090,K78
CR_Up_95416,CR_Train,Central Railway Main,Up,Kasara,CSMT,13:31,15:49,138,False,Medium,Off-Peak,All Days,,811,,,Non-AC,95416,N20
CR_Up_96640,CR_Train,Central Railway Main,Up,Titwala,CSMT,14:44,16:29,105,False,Slow,Off-Peak,All Days,,884,,,Non-AC,96640,TL42
CR_Up_97092,CR_Train,Central Railway Main,Up,Kalyan,CSMT,15:10,16:38,88,False,Slow,Off-Peak,All Days,,910,,,Non-AC,97092,K80
CR_Up_96642,CR_Train,Central Railway Main,Up,Titwala,CSMT,15:08,16:52,104,False,Slow,Off-Peak,All Days,,908,,,Non-AC,96642,TL44
CR_Up_97096,CR_Train,Central Railway Main,Up,Kalyan,CSMT,15:30,17:04,94,False,Slow,Off-Peak,All Days,,930,,,Non-AC,97096,K82
CR_Up_97098,CR_Train,Central Railway Main,Up,Kalyan,CSMT,15:37,17:12,95,False,Slow,Off-Peak,All Days,,937,,,Non-AC,97098,K84
CR_Up_95506,CR_Train,Central Railway Main,Up,Asangaon,CSMT,15:02,16:44,102,False,Fast,Off-Peak,All Days,,902,,,Non-AC,95506,AN16
CR_Up_96644,CR_Train,Central Railway Main,Up,Titwala,CSMT,15:35,17:20,105,False,Slow,Off-Peak,All Days,,935,,,Non-AC,96644,TL46
CR_Up_95418,CR_Train,Central Railway Main,Up,Kasara,CSMT,14:42,17:02,140,False,Medium,Off-Peak,All Days,,882,,,Non-AC,95418,N22
CR_Up_97104,CR_Train,Central Railway Main,Up,Kalyan,CSMT,16:04,17:32,88,False,Slow,Off-Peak,NOT_SUN,,964,,,Non-AC,97104,K86
CR_Up_97106,CR_Train,Central Railway Main,Up,Kalyan,CSMT,16:10,17:37,87,False,Slow,Off-Peak,All Days,,970,,,Non-AC,97106,K88
CR_Up_95608,CR_Train,Central Railway Main,Up,Titwala,CSMT,15:58,17:22,84,False,Fast,Off-Peak,All Days,,958,,,Non-AC,95608,TL48
CR_Up_95508,CR_Train,Central Railway Main,Up,Asangaon,CSMT,15:43,17:30,107,False,Fast,Off-Peak,All Days,,943,,,Non-AC,95508,AN18
CR_Up_97110,CR_Train,Central Railway Main,Up,Kalyan,CSMT,16:24,17:53,89,False,Slow,Off-Peak,All Days,,984,,,Non-AC,97110,K90
CR_Up_95736,CR_Train,Central Railway Main,Up,Kalyan,CSMT,16:42,17:46,64,False,Fast,Off-Peak,All Days,,1002,,,Non-AC,95736,K92
CR_Up_95420,CR_Train,Central Railway Main,Up,Kasara,CSMT,15:35,17:51,136,False,Medium,Off-Peak,All Days,,935,,,Non-AC,95420,N24
CR_Up_95610,CR_Train,Central Railway Main,Up,Titwala,CSMT,16:47,18:06,79,True,AC Fast,Off-Peak,All Days,,1007,,,AC,95610,TL50
CR_Up_95510,CR_Train,Central Railway Main,Up,Asangaon,CSMT,16:36,18:14,98,False,Fast,Off-Peak,All Days,,996,,,Non-AC,95510,AN20
CR_Up_97116,CR_Train,Central Railway Main,Up,Kalyan,CSMT,17:13,18:45,92,False,Slow,Peak,All Days,,1033,,,Non-AC,97116,K94
CR_Up_95612,CR_Train,Central Railway Main,Up,Titwala,CSMT,17:07,18:26,79,False,Fast,Peak,All Days,,1027,,,Non-AC,95612,TL52
CR_Up_95738,CR_Train,Central Railway Main,Up,Kalyan,CSMT,17:27,18:30,63,True,AC Fast,Peak,NOT_SUN,,1047,,,AC,95738,K96
CR_Up_97118,CR_Train,Central Railway Main,Up,Kalyan,CSMT,17:27,18:59,92,False,Slow,Peak,NOT_SUN,,1047,,,Non-AC,97118,K98
CR_Up_95422,CR_Train,Central Railway Main,Up,Kasara,CSMT,16:16,18:34,138,False,Fast,Off-Peak,All Days,,976,,,Non-AC,95422,N26
CR_Up_97120,CR_Train,Central Railway Main,Up,Kalyan,CSMT,17:37,19:10,93,False,Slow,Peak,All Days,,1057,,,Non-AC,97120,K100
CR_Up_95740,CR_Train,Central Railway Main,Up,Kalyan,CSMT,17:39,18:42,63,False,Fast,Peak,All Days,,1059,,,Non-AC,95740,K102
CR_Up_95614,CR_Train,Central Railway Main,Up,Titwala,CSMT,17:36,18:54,78,False,Fast,Peak,All Days,,1056,,,Non-AC,95614,TL54
CR_Up_97122,CR_Train,Central Railway Main,Up,Kalyan,CSMT,18:00,19:30,90,False,Slow,Peak,All Days,,1080,,,Non-AC,97122,K104
CR_Up_95424,CR_Train,Central Railway Main,Up,Kasara,CSMT,17:02,19:19,137,False,Medium,Peak,All Days,,1022,,,Non-AC,95424,N28
CR_Up_97126,CR_Train,Central Railway Main,Up,Kalyan,CSMT,18:21,19:50,89,False,Slow,Peak,All Days,,1101,,,Non-AC,97126,K106
CR_Up_95742,CR_Train,Central Railway Main,Up,Kalyan,CSMT,18:22,19:25,63,False,Fast,Peak,NOT_SUN,,1102,,,Non-AC,95742,K108
CR_Up_95744,CR_Train,Central Railway Main,Up,Kalyan,CSMT,18:25,19:40,75,False,Medium,Peak,All Days,,1105,,,Non-AC,95744,K110
CR_Up_95512,CR_Train,Central Railway Main,Up,Asangaon,CSMT,17:50,19:33,103,False,Medium,Peak,All Days,,1070,,,Non-AC,95512,AN22
CR_Up_97128,CR_Train,Central Railway Main,Up,Kalyan,CSMT,18:34,20:02,88,False,Slow,Peak,All Days,,1114,,,Non-AC,97128,K112
CR_Up_95616,CR_Train,Central Railway Main,Up,Titwala,CSMT,18:30,19:52,82,False,Fast,Peak,All Days,,1110,,,Non-AC,95616,TL56
CR_Up_97134,CR_Train,Central Railway Main,Up,Kalyan,CSMT,18:51,20:22,91,False,Slow,Peak,All Days,,1131,,,Non-AC,97134,K114
CR_Up_96516,CR_Train,Central Railway Main,Up,Asangaon,CSMT,18:15,20:26,131,False,Slow,Peak,All Days,,1095,,,Non-AC,96516,AN24
CR_Up_97138,CR_Train,Central Railway Main,Up,Kalyan,CSMT,19:02,20:34,92,False,Slow,Peak,All Days,,1142,,,Non-AC,97138,K116
CR_Up_97142,CR_Train,Central Railway Main,Up,Kalyan,CSMT,19:12,20:44,92,False,Slow,Peak,All Days,,1152,,,Non-AC,97142,K118
CR_Up_97144,CR_Train,Central Railway Main,Up,Kalyan,CSMT,19:26,20:56,90,False,Slow,Peak,All Days,,1166,,,Non-AC,97144,K120
CR_Up_95426,CR_Train,Central Railway Main,Up,Kasara,CSMT,18:17,20:35,138,False,Fast,Peak,All Days,,1097,,,Non-AC,95426,N30
CR_Up_97148,CR_Train,Central Railway Main,Up,Kalyan,CSMT,19:45,21:16,91,False,Slow,Peak,NOT_SUN,,1185,,,Non-AC,97148,K122
CR_Up_95514,CR_Train,Central Railway Main,Up,Asangaon,CSMT,19:10,20:55,105,False,Fast,Peak,All Days,,1150,,,Non-AC,95514,AN26
CR_Up_97152,CR_Train,Central Railway Main,Up,Kalyan,CSMT,19:56,21:28,92,True,AC Slow,Peak,NOT_SUN,,1196,,,AC,97152,K124
CR_Up_96648,CR_Train,Central Railway Main,Up,Titwala,CSMT,19:45,21:35,110,False,Slow,Peak,All Days,,1185,,,Non-AC,96648,TL58
CR_Up_96518,CR_Train,Central Railway Main,Up,Asangaon,CSMT,19:42,21:52,130,False,Slow,Peak,All Days,,1182,,,Non-AC,96518,AN28
CR_Up_97156,CR_Train,Central Railway Main,Up,Kalyan,CSMT,20:29,22:00,91,False,Slow,Peak,All Days,,1229,,,Non-AC,97156,K126
CR_Up_96650,CR_Train,Central Railway Main,Up,Titwala,CSMT,20:14,22:03,109,False,Slow,Peak,All Days,,1214,,,Non-AC,96650,TL60
CR_Up_97158,CR_Train,Central Railway Main,Up,Kalyan,CSMT,20:38,22:08,90,False,Slow,Peak,NOT_SUN,,1238,,,Non-AC,97158,K128
CR_Up_96652,CR_Train,Central Railway Main,Up,Titwala,CSMT,20:37,22:28,111,False,Slow,Peak,All Days,,1237,,,Non-AC,96652,TL62
CR_Up_95516,CR_Train,Central Railway Main,Up,Asangaon,CSMT,20:33,22:20,107,False,Medium,Peak,All Days,,1233,,,Non-AC,95516,AN30
CR_Up_96654,CR_Train,Central Railway Main,Up,Titwala,CSMT,21:00,22:45,105,False,Slow,Peak,All Days,,1260,,,Non-AC,96654,TL64
CR_Up_95428,CR_Train,Central Railway Main,Up,Kasara,CSMT,20:15,22:35,140,False,Fast,Peak,All Days,,1215,,,Non-AC,95428,N32
CR_Up_97168,CR_Train,Central Railway Main,Up,Kalyan,CSMT,21:36,23:05,89,True,AC Slow,Off-Peak,All Days,,1296,,,AC,97168,K130
CR_Up_96656,CR_Train,Central Railway Main,Up,Titwala,CSMT,21:24,23:09,105,False,Slow,Off-Peak,All Days,,1284,,,Non-AC,96656,TL66
CR_Up_97170,CR_Train,Central Railway Main,Up,Kalyan,CSMT,21:59,23:30,91,False,Slow,Off-Peak,All Days,,1319,,,Non-AC,97170,K132
CR_Up_97172,CR_Train,Central Railway Main,Up,Kalyan,CSMT,22:06,23:36,90,False,Slow,Off-Peak,All Days,,1326,,,Non-AC,97172,K134
CR_Up_96658,CR_Train,Central Railway Main,Up,Titwala,CSMT,22:06,23:53,107,False,Slow,Off-Peak,All Days,,1326,,,Non-AC,96658,TL68
CR_Up_97174,CR_Train,Central Railway Main,Up,Kalyan,CSMT,22:26,23:58,92,False,Slow,Off-Peak,All Days,,1346,,,Non-AC,97174,K136
CR_Up_95430,CR_Train,Central Railway Main,Up,Kasara,CSMT,21:21,23:38,137,False,Fast,Off-Peak,All Days,,1281,,,Non-AC,95430,N34
CR_Up_96230,CR_Train,Central Railway Main,Up,Badlapur,CSMT,23:29,01:20,111,False,Slow,Off-Peak,All Days,,1409,,,Non-AC,96230,BL68
CR_Up_97202,CR_Train,Central Railway Main,Up,Dombivli,CSMT,05:56,07:16,80,False,Slow,Off-Peak,NOT_SUN,,356,,,Non-AC,97202,DL2
CR_Up_95802,CR_Train,Central Railway Main,Up,Dombivli,CSMT,06:14,07:14,60,False,Slow,Off-Peak,NOT_SUN,,374,,,Non-AC,95802,DL4
CR_Up_97204,CR_Train,Central Railway Main,Up,Dombivli,CSMT,07:29,08:49,80,False,Slow,Peak,All Days,,449,,,Non-AC,97204,DL6
CR_Up_97206,CR_Train,Central Railway Main,Up,Dombivli,CSMT,07:47,09:09,82,False,Slow,Peak,All Days,,467,,,Non-AC,97206,DL8
CR_Up_95804,CR_Train,Central Railway Main,Up,Dombivli,CSMT,08:14,09:21,67,False,Medium,Peak,All Days,,494,,,Non-AC,95804,DL10
CR_Up_97208,CR_Train,Central Railway Main,Up,Dombivli,CSMT,08:41,10:03,82,False,Slow,Peak,All Days,,521,,,Non-AC,97208,DL12
CR_Up_97210,CR_Train,Central Railway Main,Up,Dombivli,CSMT,09:04,10:26,82,False,Slow,Peak,All Days,,544,,,Non-AC,97210,DL14
CR_Up_97214,CR_Train,Central Railway Main,Up,Dombivli,CSMT,10:40,12:00,80,False,Slow,Peak,All Days,,640,,,Non-AC,97214,DL16
CR_Up_97216,CR_Train,Central Railway Main,Up,Dombivli,CSMT,11:06,12:27,81,False,Slow,Off-Peak,All Days,,666,,,Non-AC,97216,DL18
CR_Up_97218,CR_Train,Central Railway Main,Up,Dombivli,CSMT,11:48,13:10,82,True,AC Slow,Off-Peak,NOT_SUN,,708,,,AC,97218,DL20
CR_Up_97220,CR_Train,Central Railway Main,Up,Dombivli,CSMT,12:08,13:30,82,False,Slow,Off-Peak,All Days,,728,,,Non-AC,97220,DL22
CR_Up_97222,CR_Train,Central Railway Main,Up,Dombivli,CSMT,12:56,14:16,80,False,Slow,Off-Peak,All Days,,776,,,Non-AC,97222,DL24
CR_Up_97224,CR_Train,Central Railway Main,Up,Dombivli,CSMT,13:32,14:52,80,False,Slow,Off-Peak,All Days,,812,,,Non-AC,97224,DL26
CR_Up_97228,CR_Train,Central Railway Main,Up,Dombivli,CSMT,14:08,15:30,82,False,Slow,Off-Peak,All Days,,848,,,Non-AC,97228,DL28
CR_Up_97230,CR_Train,Central Railway Main,Up,Dombivli,CSMT,14:56,16:17,81,False,Slow,Off-Peak,All Days,,896,,,Non-AC,97230,DL30
CR_Up_97232,CR_Train,Central Railway Main,Up,Dombivli,CSMT,15:35,16:56,81,False,Slow,Off-Peak,All Days,,935,,,Non-AC,97232,DL32
CR_Up_97234,CR_Train,Central Railway Main,Up,Dombivli,CSMT,16:38,18:00,82,False,Slow,Off-Peak,All Days,,998,,,Non-AC,97234,DL34
CR_Up_97236,CR_Train,Central Railway Main,Up,Dombivli,CSMT,16:55,18:14,79,True,AC Slow,Off-Peak,NOT_SUN,,1015,,,AC,97236,DL36
CR_Up_97238,CR_Train,Central Railway Main,Up,Dombivli,CSMT,17:13,18:33,80,False,Slow,Peak,All Days,,1033,,,Non-AC,97238,DL38
CR_Up_97242,CR_Train,Central Railway Main,Up,Dombivli,CSMT,17:58,19:18,80,False,Slow,Peak,All Days,,1078,,,Non-AC,97242,DL40
CR_Up_97244,CR_Train,Central Railway Main,Up,Dombivli,CSMT,18:20,19:41,81,False,Slow,Peak,All Days,,1100,,,Non-AC,97244,DL42
CR_Up_97248,CR_Train,Central Railway Main,Up,Dombivli,CSMT,18:52,20:12,80,False,Slow,Peak,All Days,,1132,,,Non-AC,97248,DL44
CR_Up_97250,CR_Train,Central Railway Main,Up,Dombivli,CSMT,19:28,20:52,84,False,Slow,Peak,All Days,,1168,,,Non-AC,97250,DL46
CR_Up_97252,CR_Train,Central Railway Main,Up,Dombivli,CSMT,19:50,21:12,82,True,AC Slow,Peak,NOT_SUN,,1190,,,AC,97252,DL48
CR_Up_97254,CR_Train,Central Railway Main,Up,Dombivli,CSMT,20:23,21:45,82,False,Slow,Peak,All Days,,1223,,,Non-AC,97254,DL50
CR_Up_97256,CR_Train,Central Railway Main,Up,Dombivli,CSMT,20:33,21:56,83,False,Slow,Peak,NOT_SUN,,1233,,,Non-AC,97256,DL52
CR_Up_97258,CR_Train,Central Railway Main,Up,Dombivli,CSMT,21:08,22:32,84,False,Slow,Off-Peak,All Days,,1268,,,Non-AC,97258,DL54
CR_Up_97260,CR_Train,Central Railway Main,Up,Dombivli,CSMT,22:00,23:22,82,False,Slow,Off-Peak,NOT_SUN,,1320,,,Non-AC,97260,DL56
CR_Up_97262,CR_Train,Central Railway Main,Up,Dombivli,CSMT,22:18,23:40,82,False,Slow,Off-Peak,NOT_SUN,,1338,,,Non-AC,97262,DL58
CR_Up_96020,CR_Train,Central Railway Main,Up,Khopoli,CSMT,22:15,01:05,170,False,Slow,Off-Peak,All Days,,1335,,,Non-AC,96020,KP14
CR_Up_97302,CR_Train,Central Railway Main,Up,Thane,CSMT,04:04,05:00,56,False,Slow,Off-Peak,All Days,,244,,,Non-AC,97302,T2
CR_Up_97304,CR_Train,Central Railway Main,Up,Thane,CSMT,04:16,05:12,56,False,Slow,Off-Peak,All Days,,256,,,Non-AC,97304,T4
CR_Up_97306,CR_Train,Central Railway Main,Up,Thane,CSMT,04:40,05:36,56,False,Slow,Off-Peak,All Days,,280,,,Non-AC,97306,T6
CR_Up_97308,CR_Train,Central Railway Main,Up,Thane,CSMT,04:48,05:46,58,False,Slow,Off-Peak,All Days,,288,,,Non-AC,97308,T8
CR_Up_95902,CR_Train,Central Railway Main,Up,Thane,CSMT,05:08,05:52,44,False,Fast,Off-Peak,All Days,,308,,,Non-AC,95902,T10
CR_Up_97310,CR_Train,Central Railway Main,Up,Thane,CSMT,05:24,06:21,57,True,AC Slow,Off-Peak,NOT_SUN,,324,,,AC,97310,T12
CR_Up_97312,CR_Train,Central Railway Main,Up,Thane,CSMT,05:37,06:34,57,False,Slow,Off-Peak,All Days,,337,,,Non-AC,97312,T14
CR_Up_97314,CR_Train,Central Railway Main,Up,Thane,CSMT,05:47,06:44,57,False,Slow,Off-Peak,All Days,,347,,,Non-AC,97314,T16
CR_Up_97316,CR_Train,Central Railway Main,Up,Thane,CSMT,06:28,07:24,56,False,Slow,Off-Peak,NOT_SUN,,388,,,Non-AC,97316,T18
CR_Up_97318,CR_Train,Central Railway Main,Up,Thane,CSMT,06:50,07:46,56,False,Slow,Off-Peak,NOT_SUN,,410,,,Non-AC,97318,T20
CR_Up_97320,CR_Train,Central Railway Main,Up,Thane,CSMT,07:04,08:00,56,True,AC Slow,Peak,NOT_SUN,,424,,,AC,97320,T22
CR_Up_97322,CR_Train,Central Railway Main,Up,Thane,CSMT,07:44,08:41,57,False,Slow,Peak,NOT_SUN,,464,,,Non-AC,97322,T24
CR_Up_97324,CR_Train,Central Railway Main,Up,Thane,CSMT,08:01,08:57,56,False,Slow,Peak,NOT_SUN,,481,,,Non-AC,97324,T26
CR_Up_95904,CR_Train,Central Railway Main,Up,Thane,CSMT,08:05,08:50,45,True,AC Fast,Peak,NOT_SUN,,485,,,AC,95904,T28
CR_Up_97326,CR_Train,Central Railway Main,Up,Thane,CSMT,08:14,09:12,58,False,Slow,Peak,All Days,,494,,,Non-AC,97326,T30
CR_Up_95906,CR_Train,Central Railway Main,Up,Thane,CSMT,08:20,09:05,45,False,Fast,Peak,NOT_SUN,,500,,,Non-AC,95906,T32
CR_Up_97328,CR_Train,Central Railway Main,Up,Thane,CSMT,08:25,09:23,58,False,Slow,Peak,All Days,,505,,,Non-AC,97328,T34
CR_Up_97330,CR_Train,Central Railway Main,Up,Thane,CSMT,08:36,09:33,57,False,Slow,Peak,NOT_SUN,,516,,,Non-AC,97330,T36
CR_Up_97332,CR_Train,Central Railway Main,Up,Thane,CSMT,08:47,09:45,58,False,Slow,Peak,All Days,,527,,,Non-AC,97332,T38
CR_Up_97334,CR_Train,Central Railway Main,Up,Thane,CSMT,09:00,09:59,59,False,Slow,Peak,All Days,,540,,,Non-AC,97334,T40
CR_Up_95908,CR_Train,Central Railway Main,Up,Thane,CSMT,09:03,09:47,44,True,AC Fast,Peak,NOT_SUN,,543,,,AC,95908,T42
CR_Up_97336,CR_Train,Central Railway Main,Up,Thane,CSMT,09:08,10:06,58,False,Slow,Peak,All Days,,548,,,Non-AC,97336,T44
CR_Up_97338,CR_Train,Central Railway Main,Up,Thane,CSMT,09:16,10:14,58,False,Slow,Peak,NOT_SUN,,556,,,Non-AC,97338,T46
CR_Up_97340,CR_Train,Central Railway Main,Up,Thane,CSMT,09:30,10:30,60,False,Slow,Peak,All Days,,570,,,Non-AC,97340,T48
CR_Up_97342,CR_Train,Central Railway Main,Up,Thane,CSMT,09:41,10:40,59,False,Slow,Peak,NOT_SUN,,581,,,Non-AC,97342,T50
CR_Up_97344,CR_Train,Central Railway Main,Up,Thane,CSMT,09:50,10:48,58,False,Slow,Peak,NOT_SUN,,590,,,Non-AC,97344,T52
CR_Up_95910,CR_Train,Central Railway Main,Up,Thane,CSMT,09:54,10:40,46,False,Fast,Peak,All Days,,594,,,Non-AC,95910,T54
CR_Up_97346,CR_Train,Central Railway Main,Up,Thane,CSMT,09:57,10:56,59,False,Slow,Peak,All Days,,597,,,Non-AC,97346,T56
CR_Up_97348,CR_Train,Central Railway Main,Up,Thane,CSMT,10:06,11:04,58,False,Slow,Peak,All Days,,606,,,Non-AC,97348,T58
CR_Up_97350,CR_Train,Central Railway Main,Up,Thane,CSMT,10:20,11:17,57,False,Slow,Peak,All Days,,620,,,Non-AC,97350,T60
CR_Up_97352,CR_Train,Central Railway Main,Up,Thane,CSMT,10:33,11:31,58,False,Slow,Peak,NOT_SUN,,633,,,Non-AC,97352,T62
CR_Up_97354,CR_Train,Central Railway Main,Up,Thane,CSMT,10:44,11:42,58,False,Slow,Peak,NOT_SUN,,644,,,Non-AC,97354,T64
CR_Up_95912,CR_Train,Central Railway Main,Up,Thane,CSMT,10:46,11:29,43,False,Fast,Peak,NOT_SUN,,646,,,Non-AC,95912,T66
CR_Up_97356,CR_Train,Central Railway Main,Up,Thane,CSMT,10:52,11:50,58,False,Slow,Peak,All Days,,652,,,Non-AC,97356,T68
CR_Up_97358,CR_Train,Central Railway Main,Up,Thane,CSMT,11:25,12:23,58,False,Slow,Off-Peak,NOT_SUN,,685,,,Non-AC,97358,T70
CR_Up_97360,CR_Train,Central Railway Main,Up,Thane,CSMT,11:36,12:34,58,False,Slow,Off-Peak,NOT_SUN,,696,,,Non-AC,97360,T72
CR_Up_97362,CR_Train,Central Railway Main,Up,Thane,CSMT,11:56,12:54,58,False,Slow,Off-Peak,NOT_SUN,,716,,,Non-AC,97362,T74
CR_Up_97364,CR_Train,Central Railway Main,Up,Thane,CSMT,12:56,13:54,58,False,Slow,Off-Peak,NOT_SUN,,776,,,Non-AC,97364,T76
CR_Up_97366,CR_Train,Central Railway Main,Up,Thane,CSMT,13:28,14:25,57,True,AC Slow,Off-Peak,NOT_SUN,,808,,,AC,97366,T78
CR_Up_97368,CR_Train,Central Railway Main,Up,Thane,CSMT,14:03,15:01,58,False,Slow,Off-Peak,NOT_SUN,,843,,,Non-AC,97368,T80
CR_Up_97370,CR_Train,Central Railway Main,Up,Thane,CSMT,14:22,15:20,58,True,AC Slow,Off-Peak,NOT_SUN,,862,,,AC,97370,T82
CR_Up_95914,CR_Train,Central Railway Main,Up,Thane,CSMT,15:03,15:45,42,True,AC Fast,Off-Peak,NOT_SUN,,903,,,AC,95914,T84
CR_Up_97374,CR_Train,Central Railway Main,Up,Thane,CSMT,15:08,16:06,58,False,Slow,Off-Peak,NOT_SUN,,908,,,Non-AC,97374,T86
CR_Up_97378,CR_Train,Central Railway Main,Up,Thane,CSMT,15:36,16:34,58,True,AC Slow,Off-Peak,NOT_SUN,,936,,,AC,97378,T88
CR_Up_97380,CR_Train,Central Railway Main,Up,Thane,CSMT,15:51,16:48,57,False,Slow,Off-Peak,All Days,,951,,,Non-AC,97380,T90
CR_Up_97382,CR_Train,Central Railway Main,Up,Thane,CSMT,16:12,17:16,64,False,Slow,Off-Peak,NOT_SUN,,972,,,Non-AC,97382,T92
CR_Up_97384,CR_Train,Central Railway Main,Up,Thane,CSMT,16:30,17:28,58,False,Slow,Off-Peak,All Days,,990,,,Non-AC,97384,T94
CR_Up_97386,CR_Train,Central Railway Main,Up,Thane,CSMT,16:43,17:40,57,False,Slow,Off-Peak,All Days,,1003,,,Non-AC,97386,T96
CR_Up_97388,CR_Train,Central Railway Main,Up,Thane,CSMT,16:59,17:57,58,False,Slow,Off-Peak,NOT_SUN,,1019,,,Non-AC,97388,T98
CR_Up_97390,CR_Train,Central Railway Main,Up,Thane,CSMT,17:06,18:03,57,False,Slow,Peak,NOT_SUN,,1026,,,Non-AC,97390,T100
CR_Up_97394,CR_Train,Central Railway Main,Up,Thane,CSMT,17:13,18:10,57,False,Slow,Peak,All Days,,1033,,,Non-AC,97394,T102
CR_Up_97396,CR_Train,Central Railway Main,Up,Thane,CSMT,17:21,18:18,57,False,Slow,Peak,All Days,,1041,,,Non-AC,97396,T104
CR_Up_97398,CR_Train,Central Railway Main,Up,Thane,CSMT,17:25,18:22,57,False,Slow,Peak,NOT_SUN,,1045,,,Non-AC,97398,T106
CR_Up_97400,CR_Train,Central Railway Main,Up,Thane,CSMT,17:31,18:29,58,False,Slow,Peak,NOT_SUN,,1051,,,Non-AC,97400,T108
CR_Up_97402,CR_Train,Central Railway Main,Up,Thane,CSMT,17:41,18:40,59,True,AC Slow,Peak,NOT_SUN,,1061,,,AC,97402,T110
CR_Up_97404,CR_Train,Central Railway Main,Up,Thane,CSMT,17:52,18:50,58,False,Slow,Peak,All Days,,1072,,,Non-AC,97404,T112
CR_Up_97406,CR_Train,Central Railway Main,Up,Thane,CSMT,18:07,19:06,59,False,Slow,Peak,All Days,,1087,,,Non-AC,97406,T114
CR_Up_97408,CR_Train,Central Railway Main,Up,Thane,CSMT,18:16,19:14,58,False,Slow,Peak,NOT_SUN,,1096,,,Non-AC,97408,T116
CR_Up_97414,CR_Train,Central Railway Main,Up,Thane,CSMT,18:48,19:46,58,False,Slow,Peak,NOT_SUN,,1128,,,Non-AC,97414,T118
CR_Up_97416,CR_Train,Central Railway Main,Up,Thane,CSMT,18:57,19:55,58,True,AC Slow,Peak,All Days,,1137,,,AC,97416,T120
CR_Up_97420,CR_Train,Central Railway Main,Up,Thane,CSMT,19:29,20:30,61,False,Slow,Peak,NOT_SUN,,1169,,,Non-AC,97420,T122
CR_Up_97422,CR_Train,Central Railway Main,Up,Thane,CSMT,19:38,20:38,60,False,Slow,Peak,NOT_SUN,,1178,,,Non-AC,97422,T124
CR_Up_97424,CR_Train,Central Railway Main,Up,Thane,CSMT,19:49,20:48,59,True,AC Slow,Peak,NOT_SUN,,1189,,,AC,97424,T126
CR_Up_97426,CR_Train,Central Railway Main,Up,Thane,CSMT,20:01,20:59,58,False,Slow,Peak,All Days,,1201,,,Non-AC,97426,T128
CR_Up_97428,CR_Train,Central Railway Main,Up,Thane,CSMT,20:50,21:48,58,False,Slow,Peak,NOT_SUN,,1250,,,Non-AC,97428,T130
CR_Up_97430,CR_Train,Central Railway Main,Up,Thane,CSMT,21:21,22:20,59,False,Slow,Off-Peak,NOT_SUN,,1281,,,Non-AC,97430,T132
CR_Up_96406,CR_Train,Central Railway Main,Up,Kasara,CSMT,22:00,00:45,165,False,Slow,Off-Peak,All Days,,1320,,,Non-AC,96406,N36
CR_Up_97502,CR_Train,Central Railway Main,Up,Ghatkopar,CSMT,09:16,09:53,37,False,Slow,Peak,All Days,,556,,,Non-AC,97502,G2
CR_Up_97504,CR_Train,Central Railway Main,Up,Ghatkopar,CSMT,09:46,10:22,36,False,Slow,Peak,NOT_SUN,,586,,,Non-AC,97504,G4
CR_Up_97506,CR_Train,Central Railway Main,Up,Ghatkopar,CSMT,10:35,11:12,37,False,Slow,Peak,All Days,,635,,,Non-AC,97506,G6
CR_Up_97602,CR_Train,Central Railway Main,Up,Kurla,CSMT,04:38,05:08,30,False,Slow,Off-Peak,NOT_SUN,,278,,,Non-AC,97602,C2
CR_Up_97604,CR_Train,Central Railway Main,Up,Kurla,CSMT,04:46,05:16,30,True,AC Slow,Off-Peak,All Days,,286,,,AC,97604,C4
CR_Up_97606,CR_Train,Central Railway Main,Up,Kurla,CSMT,07:38,08:08,30,False,Slow,Peak,All Days,,458,,,Non-AC,97606,C6
CR_Up_97608,CR_Train,Central Railway Main,Up,Kurla,CSMT,09:11,09:41,30,False,Slow,Peak,NOT_SUN,,551,,,Non-AC,97608,C8
CR_Up_97610,CR_Train,Central Railway Main,Up,Kurla,CSMT,09:39,10:10,31,False,Slow,Peak,All Days,,579,,,Non-AC,97610,C10
CR_Up_97612,CR_Train,Central Railway Main,Up,Kurla,CSMT,10:03,10:34,31,False,Slow,Peak,NOT_SUN,,603,,,Non-AC,97612,C12
CR_Up_97614,CR_Train,Central Railway Main,Up,Kurla,CSMT,15:54,16:24,30,False,Slow,Off-Peak,NOT_SUN,,954,,,Non-AC,97614,C14
CR_Up_97616,CR_Train,Central Railway Main,Up,Kurla,CSMT,16:12,16:42,30,False,Slow,Off-Peak,NOT_SUN,,972,,,Non-AC,97616,C16
CR_Up_97618,CR_Train,Central Railway Main,Up,Kurla,CSMT,16:34,17:08,34,False,Slow,Off-Peak,NOT_SUN,,994,,,Non-AC,97618,C18
CR_Up_97620,CR_Train,Central Railway Main,Up,Kurla,CSMT,17:19,17:48,29,False,Slow,Peak,NOT_SUN,,1039,,,Non-AC,97620,C20
CR_Up_97622,CR_Train,Central Railway Main,Up,Kurla,CSMT,18:06,18:37,31,False,Slow,Peak,NOT_SUN,,1086,,,Non-AC,97622,C22
CR_Up_97624,CR_Train,Central Railway Main,Up,Kurla,CSMT,18:32,19:02,30,False,Slow,Peak,All Days,,1112,,,Non-AC,97624,C24
CR_Up_97626,CR_Train,Central Railway Main,Up,Kurla,CSMT,18:56,19:26,30,False,Slow,Peak,NOT_SUN,,1136,,,Non-AC,97626,C26
CR_Up_97628,CR_Train,Central Railway Main,Up,Kurla,CSMT,19:35,20:06,31,False,Slow,Peak,NOT_SUN,,1175,,,Non-AC,97628,C28
CR_Up_97630,CR_Train,Central Railway Main,Up,Kurla,CSMT,22:22,22:53,31,False,Slow,Off-Peak,NOT_SUN,,1342,,,Non-AC,97630,C30
CR_Up_96520,CR_Train,Central Railway Main,Up,Asangaon,CSMT,22:10,00:20,130,False,Slow,Off-Peak,All Days,,1330,,,Non-AC,96520,AN32
CR_Up_95748,CR_Train,Central Railway Main,Up,Kalyan,CSMT,23:15,00:22,67,False,Fast,Off-Peak,NOT_SUN,,1395,,,Non-AC,95748,K138
CR_Up_96110,CR_Train,Central Railway Main,Up,Karjat,CSMT,21:43,00:06,143,False,Slow,Off-Peak,All Days,,1303,,,Non-AC,96110,S52
WR_Up_90992,WR_Train,Western Railway,Up,VIRAR,CHURCHGATE,22:40,00:05,85,False,Slow,Off-Peak,All Days,,1360,,,Non-AC,90992,VR
WR_Up_94144,WR_Train,Western Railway,Up,BORIVALI,CHURCHGATE,22:58,00:08,70,True,AC Slow,Off-Peak,All Days,,1378,,,AC,94144,BVI
WR_Up_90982,WR_Train,Western Railway,Up,BORIVALI,CHURCHGATE,23:03,00:10,67,False,Slow,Off-Peak,All Days,,1383,,,Non-AC,90982,BVI
WR_Up_90996,WR_Train,Western Railway,Up,BORIVALI,CHURCHGATE,23:25,00:13,48,False,Slow,Off-Peak,All Days,,1405,,,Non-AC,90996,BVI
WR_Up_91000,WR_Train,Western Railway,Up,VIRAR,CHURCHGATE,22:55,00:20,85,False,Slow,Off-Peak,All Days,,1375,,,Non-AC,91000,VR
WR_Up_90990,WR_Train,Western Railway,Up,BORIVALI,CHURCHGATE,23:15,00:22,67,False,Slow,Off-Peak,All Days,,1395,,,Non-AC,90990,BVI
WR_Up_90998,WR_Train,Western Railway,Up,BORIVALI,CHURCHGATE,23:25,00:31,66,False,Slow,Off-Peak,All Days,,1405,,,Non-AC,90998,BVI
WR_Up_91004,WR_Train,Western Railway,Up,BORIVALI,CHURCHGATE,23:34,00:39,65,False,Slow,Off-Peak,All Days,,1414,,,Non-AC,91004,BVI
WR_Up_91006,WR_Train,Western Railway,Up,VIRAR,CHURCHGATE,23:15,00:42,87,False,Slow,Off-Peak,All Days,,1395,,,Non-AC,91006,VR
WR_Up_91008,WR_Train,Western Railway,Up,BORIVALI,CHURCHGATE,23:48,00:53,65,False,Slow,Off-Peak,All Days,,1428,,,Non-AC,91008,BVI
WR_Up_91012,WR_Train,Western Railway,Up,VIRAR,CHURCHGATE,23:30,01:10,100,False,Slow,Off-Peak,All Days,,1410,,,Non-AC,91012,VR
WR_Up_91014,WR_Train,Western Railway,Up,BORIVALI,CHURCHGATE,00:10,01:15,65,False,Slow,Off-Peak,All Days,,10,,,Non-AC,91014,BVI
WR_Up_91018,WR_Train,Western Railway,Up,VIRAR,CHURCHGATE,23:49,01:26,97,False,Slow,Off-Peak,All Days,,1429,,,Non-AC,91018,VR
WR_Up_91020,WR_Train,Western Railway,Up,BORIVALI,CHURCHGATE,00:30,01:35,65,False,Slow,Off-Peak,All Days,,30,,,Non-AC,91020,BVI
WR_Up_91024,WR_Train,Western Railway,Up,VIRAR,CHURCHGATE,00:05,01:45,100,False,Slow,Off-Peak,All Days,,5,,,Non-AC,91024,VR
WR_Up_90002,WR_Train,Western Railway,Up,ANDHERI,CHURCHGATE,04:05,04:50,45,False,Slow,Off-Peak,All Days,,245,,,Non-AC,90002,ADH
WR_Up_90004,WR_Train,Western Railway,Up,BORIVALI,CHURCHGATE,03:50,04:56,66,False,Slow,Off-Peak,All Days,,230,,,Non-AC,90004,BVI
WR_Up_90006,WR_Train,Western Railway,Up,VIRAR,CHURCHGATE,03:25,05:05,100,False,Slow,Off-Peak,All Days,,205,,,Non-AC,90006,VR
WR_Up_90018,WR_Train,Western Railway,Up,VIRAR,CHURCHGATE,03:40,05:08,88,False,Slow,Off-Peak,All Days,,220,,,Non-AC,90018,VR
WR_Up_90008,WR_Train,Western Railway,Up,BORIVALI,CHURCHGATE,04:05,05:12,67,False,Slow,Off-Peak,NOT_SUN,,245,,,Non-AC,90008,BVI
WR_Up_90020,WR_Train,Western Railway,Up,Bhayandar,CHURCHGATE,04:10,05:14,64,False,Slow,Off-Peak,All Days,,250,,,Non-AC,90020,BYR
WR_Up_90010,WR_Train,Western Railway,Up,BORIVALI,CHURCHGATE,04:10,05:16,66,False,Slow,Off-Peak,All Days,,250,,,Non-AC,90010,BVI
WR_Up_90014,WR_Train,Western Railway,Up,BORIVALI,CHURCHGATE,04:15,05:21,66,False,Slow,Off-Peak,All Days,,255,,,Non-AC,90014,BVI
WR_Up_90016,WR_Train,Western Railway,Up,BORIVALI,CHURCHGATE,04:20,05:25,65,False,Slow,Off-Peak,All Days,,260,,,Non-AC,90016,BVI
WR_Up_90022,WR_Train,Western Railway,Up,BORIVALI,CHURCHGATE,04:25,05:30,65,False,Slow,Off-Peak,All Days,,265,,,Non-AC,90022,BVI
WR_Up_94004,WR_Train,Western Railway,Up,BORIVALI,CHURCHGATE,04:31,05:36,65,True,AC Slow,Off-Peak,SAT_SUN,,271,,,AC,94004,BVI
WR_Up_90038,WR_Train,Western Railway,Up,VIRAR,CHURCHGATE,04:20,05:42,82,False,Slow,Off-Peak,All Days,,260,,,Non-AC,90038,VR
WR_Up_90030,WR_Train,Western Railway,Up,BORIVALI,CHURCHGATE,04:38,05:44,66,False,Slow,Off-Peak,All Days,,278,,,Non-AC,90030,BVI
WR_Up_90042,WR_Train,Western Railway,Up,Bhayandar,CHURCHGATE,04:45,05:46,61,False,Slow,Off-Peak,All Days,,285,,,Non-AC,90042,BYR
WR_Up_90032,WR_Train,Western Railway,Up,BORIVALI,CHURCHGATE,04:42,05:49,67,False,Slow,Off-Peak,All Days,,282,,,Non-AC,90032,BVI
WR_Up_90054,WR_Train,Western Railway,Up,VIRAR,CHURCHGATE,04:35,06:03,88,False,Slow,Off-Peak,All Days,,275,,,Non-AC,90054,VR
WR_Up_90036,WR_Train,Western Railway,Up,BORIVALI,CHURCHGATE,04:53,06:00,67,False,Slow,Off-Peak,All Days,,293,,,Non-AC,90036,BVI
WR_Up_90040,WR_Train,Western Railway,Up,BORIVALI,CHURCHGATE,04:58,06:06,68,False,Slow,Off-Peak,NOT_SUN,,298,,,Non-AC,90040,BVI
WR_Up_94110,WR_Train,Western Railway,Up,Goregaon,CHURCHGATE,05:14,06:10,56,True,AC Slow,Off-Peak,All Days,,314,,,AC,94110,GMN
WR_Up_90048,WR_Train,Western Railway,Up,BORIVALI,CHURCHGATE,05:05,06:14,69,False,Slow,Off-Peak,All Days,,305,,,Non-AC,90048,BVI
WR_Up_90050,WR_Train,Western Railway,Up,Bhayandar,CHURCHGATE,04:55,06:17,82,False,Slow,Off-Peak,All Days,,295,,,Non-AC,90050,BYR
WR_Up_90052,WR_Train,Western Railway,Up,ANDHERI,CHURCHGATE,05:32,06:21,49,False,Slow,Off-Peak,NOT_SUN,,332,,,Non-AC,90052,ADH
WR_Up_90056,WR_Train,Western Railway,Up,BORIVALI,CHURCHGATE,05:15,06:24,69,False,Slow,Off-Peak,All Days,,315,,,Non-AC,90056,BVI
WR_Up_94006,WR_Train,Western Railway,Up,Nalla Sopara,CHURCHGATE,04:50,06:29,99,True,AC Slow,Off-Peak,All Days,,290,,,AC,94006,NSP #
WR_Up_94134,WR_Train,Western Railway,Up,Bhayandar,CHURCHGATE,05:25,06:30,65,True,AC Slow,Off-Peak,All Days,,325,,,AC,94134,BYR
WR_Up_90058,WR_Train,Western Railway,Up,Bhayandar,CHURCHGATE,05:15,06:34,79,False,Slow,Off-Peak,All Days,,315,,,Non-AC,90058,BYR
WR_Up_90070,WR_Train,Western Railway,Up,VIRAR,CHURCHGATE,05:11,06:38,87,False,Slow,Off-Peak,All Days,,311,,,Non-AC,90070,VR
WR_Up_90060,WR_Train,Western Railway,Up,BORIVALI,CHURCHGATE,05:31,06:37,66,False,Slow,Off-Peak,All Days,,331,,,Non-AC,90060,BVI
WR_Up_90074,WR_Train,Western Railway,Up,VIRAR,CHURCHGATE,05:28,06:45,77,False,Slow,Off-Peak,All Days,,328,,,Non-AC,90074,VR
WR_Up_90064,WR_Train,Western Railway,Up,BORIVALI,CHURCHGATE,05:40,06:47,67,False,Slow,Off-Peak,NOT_SUN,,340,,,Non-AC,90064,BVI
WR_Up_94122,WR_Train,Western Railway,Up,BORIVALI,CHURCHGATE,05:45,06:51,66,True,AC Slow,Off-Peak,All Days,,345,,,AC,94122,BVI
WR_Up_90068,WR_Train,Western Railway,Up,Goregaon,CHURCHGATE,05:56,06:54,58,False,Slow,Off-Peak,All Days,,356,,,Non-AC,90068,GMN
WR_Up_90072,WR_Train,Western Railway,Up,Bhayandar,CHURCHGATE,05:38,06:59,81,False,Slow,Off-Peak,All Days,,338,,,Non-AC,90072,BYR
WR_Up_90098,WR_Train,Western Railway,Up,VIRAR,CHURCHGATE,05:39,07:02,83,False,Slow,Off-Peak,All Days,,339,,,Non-AC,90098,VR
WR_Up_93002,WR_Train,Western Railway,Up,VIRAR,CHURCHGATE,05:47,07:05,78,False,Slow,Off-Peak,All Days,,347,,,Non-AC,93002,DRD
WR_Up_90076,WR_Train,Western Railway,Up,BORIVALI,CHURCHGATE,05:54,07:02,68,False,Slow,Off-Peak,All Days,,354,,,Non-AC,90076,BVI
WR_Up_90078,WR_Train,Western Railway,Up,BORIVALI,CHURCHGATE,05:57,07:06,69,False,Slow,Off-Peak,All Days,,357,,,Non-AC,90078,BVI
WR_Up_90102,WR_Train,Western Railway,Up,Vasai Road,CHURCHGATE,05:56,07:08,72,False,Slow,Off-Peak,All Days,,356,,,Non-AC,90102,BSR
WR_Up_90080,WR_Train,Western Railway,Up,BORIVALI,CHURCHGATE,06:04,07:11,67,False,Slow,Off-Peak,All Days,,364,,,Non-AC,90080,BVI
WR_Up_90106,WR_Train,Western Railway,Up,VIRAR,CHURCHGATE,05:50,07:12,82,False,Slow,Off-Peak,All Days,,350,,,Non-AC,90106,VR
WR_Up_90082,WR_Train,Western Railway,Up,BORIVALI,CHURCHGATE,06:07,07:14,67,False,Slow,Off-Peak,All Days,,367,,,Non-AC,90082,BVI
WR_Up_90104,WR_Train,Western Railway,Up,BORIVALI,CHURCHGATE,06:21,07:17,56,False,Slow,Off-Peak,All Days,,381,,,Non-AC,90104,BVI
WR_Up_90086,WR_Train,Western Railway,Up,ANDHERI,CHURCHGATE,06:33,07:19,46,False,Slow,Off-Peak,NOT_SUN,,393,,,Non-AC,90086,ADH
WR_Up_90088,WR_Train,Western Railway,Up,Goregaon,CHURCHGATE,06:23,07:22,59,False,Slow,Off-Peak,All Days,,383,,,Non-AC,90088,GMN
WR_Up_94008,WR_Train,Western Railway,Up,VIRAR,CHURCHGATE,05:57,07:22,85,True,AC Slow,Off-Peak,All Days,,357,,,AC,94008,VR
WR_Up_90090,WR_Train,Western Railway,Up,BORIVALI,CHURCHGATE,06:13,07:25,72,False,Slow,Off-Peak,All Days,,373,,,Non-AC,90090,BVI
WR_Up_90100,WR_Train,Western Railway,Up,BORIVALI,CHURCHGATE,06:19,07:30,71,False,Slow,Off-Peak,All Days,,379,,,Non-AC,90100,BVI
WR_Up_90120,WR_Train,Western Railway,Up,VIRAR,CHURCHGATE,06:03,07:29,86,False,Slow,Off-Peak,All Days,,363,,,Non-AC,90120,VR
WR_Up_94010,WR_Train,Western Railway,Up,BORIVALI,CHURCHGATE,06:36,07:32,56,True,AC Slow,Off-Peak,All Days,,396,,,AC,94010,BVI
WR_Up_90108,WR_Train,Western Railway,Up,Bhayandar,CHURCHGATE,06:10,07:33,83,False,Slow,Off-Peak,All Days,,370,,,Non-AC,90108,BYR
WR_Up_90110,WR_Train,Western Railway,Up,BORIVALI,CHURCHGATE,06:26,07:36,70,False,Slow,Off-Peak,All Days,,386,,,Non-AC,90110,BVI
WR_Up_90122,WR_Train,Western Railway,Up,VIRAR,CHURCHGATE,06:11,07:36,85,False,Slow,Off-Peak,All Days,,371,,,Non-AC,90122,VR
WR_Up_90112,WR_Train,Western Railway,Up,BORIVALI,CHURCHGATE,06:30,07:39,69,False,Slow,Off-Peak,NOT_SUN,,390,,,Non-AC,90112,BVI
WR_Up_90130,WR_Train,Western Railway,Up,VIRAR,CHURCHGATE,06:17,07:40,83,False,Slow,Off-Peak,All Days,,377,,,Non-AC,90130,VR
WR_Up_90116,WR_Train,Western Railway,Up,BORIVALI,CHURCHGATE,06:40,07:45,65,False,Slow,Off-Peak,All Days,,400,,,Non-AC,90116,BVI
WR_Up_94012,WR_Train,Western Railway,Up,BORIVALI,CHURCHGATE,06:51,07:48,57,True,AC Slow,Off-Peak,SAT_SUN,,411,,,AC,94012,BVI
WR_Up_90124,WR_Train,Western Railway,Up,BORIVALI,CHURCHGATE,06:44,07:48,64,False,Slow,Off-Peak,All Days,,404,,,Non-AC,90124,BVI
WR_Up_90126,WR_Train,Western Railway,Up,BORIVALI,CHURCHGATE,06:47,07:51,64,False,Slow,Off-Peak,All Days,,407,,,Non-AC,90126,BVI
WR_Up_90128,WR_Train,Western Railway,Up,BORIVALI,CHURCHGATE,06:50,07:54,64,False,Slow,Off-Peak,All Days,,410,,,Non-AC,90128,BVI
WR_Up_90146,WR_Train,Western Railway,Up,Vasai Road,CHURCHGATE,06:43,07:57,74,False,Slow,Off-Peak,All Days,,403,,,Non-AC,90146,BSR
WR_Up_90132,WR_Train,Western Railway,Up,Goregaon,CHURCHGATE,07:00,08:00,60,False,Slow,Peak,All Days,,420,,,Non-AC,90132,GMN
WR_Up_90150,WR_Train,Western Railway,Up,VIRAR,CHURCHGATE,06:38,08:03,85,False,Slow,Off-Peak,All Days,,398,,,Non-AC,90150,VR
WR_Up_90138,WR_Train,Western Railway,Up,Goregaon,CHURCHGATE,07:07,08:03,56,False,Slow,Peak,All Days,,427,,,Non-AC,90138,GMN
WR_Up_90140,WR_Train,Western Railway,Up,BORIVALI,CHURCHGATE,07:00,08:07,67,False,Slow,Peak,All Days,,420,,,Non-AC,90140,BVI
WR_Up_90148,WR_Train,Western Railway,Up,BORIVALI,CHURCHGATE,07:13,08:08,55,False,Slow,Peak,NOT_SUN,,433,,,Non-AC,90148,BVI
WR_Up_90158,WR_Train,Western Railway,Up,VIRAR,CHURCHGATE,06:48,08:11,83,False,Slow,Off-Peak,All Days,,408,,,Non-AC,90158,VR
WR_Up_90142,WR_Train,Western Railway,Up,BORIVALI,CHURCHGATE,07:06,08:14,68,False,Slow,Peak,All Days,,426,,,Non-AC,90142,BVI
WR_Up_90164,WR_Train,Western Railway,Up,VIRAR,CHURCHGATE,06:52,08:16,84,False,Slow,Off-Peak,All Days,,412,,,Non-AC,90164,VR
WR_Up_90144,WR_Train,Western Railway,Up,BORIVALI,CHURCHGATE,07:09,08:18,69,False,Slow,Peak,All Days,,429,,,Non-AC,90144,BVI
WR_Up_94112,WR_Train,Western Railway,Up,BORIVALI,CHURCHGATE,07:25,08:20,55,True,AC Slow,Peak,All Days,,445,,,AC,94112,BVI
WR_Up_93004,WR_Train,Western Railway,Up,VIRAR,CHURCHGATE,07:10,08:23,73,False,Slow,Peak,All Days,,430,,,Non-AC,93004,DRD
WR_Up_90152,WR_Train,Western Railway,Up,VIRAR,CHURCHGATE,06:44,08:24,100,False,Slow,Off-Peak,All Days,,404,,,Non-AC,90152,VR
WR_Up_90154,WR_Train,Western Railway,Up,BORIVALI,CHURCHGATE,07:21,08:29,68,False,Slow,Peak,NOT_SUN,,441,,,Non-AC,90154,BVI
WR_Up_90168,WR_Train,Western Railway,Up,BORIVALI,CHURCHGATE,07:36,08:32,56,False,Slow,Peak,NOT_SUN,,456,,,Non-AC,90168,BVI
WR_Up_90160,WR_Train,Western Railway,Up,Goregaon,CHURCHGATE,07:35,08:32,57,False,Slow,Peak,All Days,,455,,,Non-AC,90160,GMN
WR_Up_90162,WR_Train,Western Railway,Up,BORIVALI,CHURCHGATE,07:28,08:35,67,False,Slow,Peak,All Days,,448,,,Non-AC,90162,BVI
WR_Up_90182,WR_Train,Western Railway,Up,VIRAR,CHURCHGATE,07:06,08:36,90,False,Slow,Peak,All Days,,426,,,Non-AC,90182,VR
WR_Up_90166,WR_Train,Western Railway,Up,BORIVALI,CHURCHGATE,07:32,08:40,68,False,Slow,Peak,All Days,,452,,,Non-AC,90166,BVI
WR_Up_90170,WR_Train,Western Railway,Up,BANDRA,CHURCHGATE,08:10,08:43,33,False,Slow,Peak,All Days,,490,,,Non-AC,90170,BA
WR_Up_94014,WR_Train,Western Railway,Up,BORIVALI,CHURCHGATE,07:46,08:42,56,True,AC Slow,Peak,All Days,,466,,,AC,94014,BVI
WR_Up_90186,WR_Train,Western Railway,Up,Bhayandar,CHURCHGATE,07:40,08:46,66,False,Slow,Peak,All Days,,460,,,Non-AC,90186,BYR
WR_Up_90172,WR_Train,Western Railway,Up,BORIVALI,CHURCHGATE,07:40,08:46,66,False,Slow,Peak,All Days,,460,,,Non-AC,90172,BVI #
WR_Up_94016,WR_Train,Western Railway,Up,VIRAR,CHURCHGATE,07:15,08:49,94,True,AC Slow,Peak,All Days,,435,,,AC,94016,VR
WR_Up_90176,WR_Train,Western Railway,Up,ANDHERI,CHURCHGATE,08:03,08:49,46,False,Slow,Peak,All Days,,483,,,Non-AC,90176,ADH
WR_Up_90192,WR_Train,Western Railway,Up,Malad,CHURCHGATE,08:08,08:52,44,False,Slow,Peak,All Days,,488,,,Non-AC,90192,MDD
WR_Up_90178,WR_Train,Western Railway,Up,BORIVALI,CHURCHGATE,07:43,08:52,69,False,Slow,Peak,All Days,,463,,,Non-AC,90178,BVI
WR_Up_90180,WR_Train,Western Railway,Up,Goregaon,CHURCHGATE,07:56,08:56,60,False,Slow,Peak,All Days,,476,,,Non-AC,90180,GMN
WR_Up_90204,WR_Train,Western Railway,Up,Goregaon,CHURCHGATE,08:16,09:00,44,False,Slow,Peak,All Days,,496,,,Non-AC,90204,GMN
WR_Up_90188,WR_Train,Western Railway,Up,Goregaon,CHURCHGATE,08:07,09:01,54,False,Slow,Peak,All Days,,487,,,Non-AC,90188,GMN
WR_Up_90206,WR_Train,Western Railway,Up,VIRAR,CHURCHGATE,07:38,09:03,85,False,Slow,Peak,All Days,,458,,,Non-AC,90206,VR
WR_Up_90194,WR_Train,Western Railway,Up,BORIVALI,CHURCHGATE,08:03,09:06,63,False,Slow,Peak,All Days,,483,,,Non-AC,90194,BVI
WR_Up_90220,WR_Train,Western Railway,Up,Malad,CHURCHGATE,08:26,09:10,44,False,Slow,Peak,All Days,,506,,,Non-AC,90220,MDD
WR_Up_94124,WR_Train,Western Railway,Up,BORIVALI,CHURCHGATE,08:06,09:11,65,True,AC Slow,Peak,All Days,,486,,,AC,94124,BVI
WR_Up_90200,WR_Train,Western Railway,Up,VIRAR,CHURCHGATE,07:35,09:15,100,False,Slow,Peak,All Days,,455,,,Non-AC,90200,VR #
WR_Up_90202,WR_Train,Western Railway,Up,ANDHERI,CHURCHGATE,08:34,09:18,44,False,Slow,Peak,NOT_SUN,,514,,,Non-AC,90202,ADH
WR_Up_94018,WR_Train,Western Railway,Up,BORIVALI,CHURCHGATE,08:26,09:19,53,True,AC Slow,Peak,All Days,,506,,,AC,94018,BVI
WR_Up_90210,WR_Train,Western Railway,Up,Goregaon,CHURCHGATE,08:27,09:22,55,False,Slow,Peak,All Days,,507,,,Non-AC,90210,GMN
WR_Up_94020,WR_Train,Western Railway,Up,VIRAR,CHURCHGATE,07:59,09:22,83,True,AC Slow,Peak,All Days,,479,,,AC,94020,VR
WR_Up_90212,WR_Train,Western Railway,Up,BORIVALI,CHURCHGATE,08:16,09:25,69,False,Slow,Peak,All Days,,496,,,Non-AC,90212,BVI
WR_Up_94022,WR_Train,Western Railway,Up,Bhayandar,CHURCHGATE,08:24,09:27,63,True,AC Slow,Peak,All Days,,504,,,AC,94022,BYR
WR_Up_90214,WR_Train,Western Railway,Up,BORIVALI,CHURCHGATE,08:19,09:28,69,False,Slow,Peak,All Days,,499,,,Non-AC,90214,BVI
WR_Up_90230,WR_Train,Western Railway,Up,BORIVALI,CHURCHGATE,08:34,09:30,56,False,Slow,Peak,All Days,,514,,,Non-AC,90230,BVI
WR_Up_90222,WR_Train,Western Railway,Up,Goregaon,CHURCHGATE,08:36,09:31,55,False,Slow,Peak,All Days,,516,,,Non-AC,90222,GMN
WR_Up_90242,WR_Train,Western Railway,Up,Vasai Road,CHURCHGATE,08:14,09:33,79,False,Slow,Peak,NOT_SUN,,494,,,Non-AC,90242,BSR
WR_Up_90224,WR_Train,Western Railway,Up,ANDHERI,CHURCHGATE,08:48,09:35,47,False,Slow,Peak,All Days,,528,,,Non-AC,90224,ADH
WR_Up_90238,WR_Train,Western Railway,Up,BORIVALI,CHURCHGATE,08:40,09:37,57,False,Slow,Peak,All Days,,520,,,Non-AC,90238,BVI
WR_Up_90226,WR_Train,Western Railway,Up,BORIVALI,CHURCHGATE,08:30,09:41,71,False,Slow,Peak,All Days,,510,,,Non-AC,90226,BVI
WR_Up_90250,WR_Train,Western Railway,Up,Goregaon,CHURCHGATE,08:56,09:40,44,False,Slow,Peak,All Days,,536,,,Non-AC,90250,GMN
WR_Up_90232,WR_Train,Western Railway,Up,ANDHERI,CHURCHGATE,08:57,09:44,47,False,Slow,Peak,All Days,,537,,,Non-AC,90232,ADH
WR_Up_90252,WR_Train,Western Railway,Up,VIRAR,CHURCHGATE,08:18,09:44,86,False,Slow,Peak,All Days,,498,,,Non-AC,90252,VR
WR_Up_90236,WR_Train,Western Railway,Up,BORIVALI,CHURCHGATE,08:38,09:47,69,False,Slow,Peak,NOT_SUN,,518,,,Non-AC,90236,BVI
WR_Up_90240,WR_Train,Western Railway,Up,BANDRA,CHURCHGATE,09:16,09:50,34,False,Slow,Peak,All Days,,556,,,Non-AC,90240,BA
WR_Up_94136,WR_Train,Western Railway,Up,VIRAR,CHURCHGATE,08:28,09:49,81,True,AC Slow,Peak,All Days,,508,,,AC,94136,VR
WR_Up_90244,WR_Train,Western Railway,Up,VIRAR,CHURCHGATE,08:08,09:53,105,False,Slow,Peak,All Days,,488,,,Non-AC,90244,VR
WR_Up_90246,WR_Train,Western Railway,Up,Goregaon,CHURCHGATE,08:55,09:56,61,False,Slow,Peak,All Days,,535,,,Non-AC,90246,GMN
WR_Up_90248,WR_Train,Western Railway,Up,BORIVALI,CHURCHGATE,08:47,09:59,72,False,Slow,Peak,All Days,,527,,,Non-AC,90248,BVI
WR_Up_90254,WR_Train,Western Railway,Up,BORIVALI,CHURCHGATE,08:52,10:01,69,False,Slow,Peak,NOT_SUN,,532,,,Non-AC,90254,BVI
WR_Up_90266,WR_Train,Western Railway,Up,Vasai Road,CHURCHGATE,08:47,10:03,76,True,AC Slow,Peak,All Days,,527,,,AC,90266,BSR
WR_Up_90270,WR_Train,Western Railway,Up,VIRAR,CHURCHGATE,08:40,10:08,88,False,Slow,Peak,All Days,,520,,,Non-AC,90270,VR
WR_Up_90256,WR_Train,Western Railway,Up,BORIVALI,CHURCHGATE,08:58,10:06,68,False,Slow,Peak,All Days,,538,,,Non-AC,90256,BVI
WR_Up_90258,WR_Train,Western Railway,Up,BORIVALI,CHURCHGATE,09:01,10:09,68,False,Slow,Peak,NOT_SUN,,541,,,Non-AC,90258,BVI
WR_Up_90262,WR_Train,Western Railway,Up,BORIVALI,CHURCHGATE,09:06,10:13,67,False,Slow,Peak,All Days,,546,,,Non-AC,90262,BVI
WR_Up_90282,WR_Train,Western Railway,Up,Goregaon,CHURCHGATE,09:30,10:14,44,False,Slow,Peak,All Days,,570,,,Non-AC,90282,GMN
WR_Up_90264,WR_Train,Western Railway,Up,Goregaon,CHURCHGATE,09:18,10:16,58,False,Slow,Peak,All Days,,558,,,Non-AC,90264,GMN
WR_Up_94024,WR_Train,Western Railway,Up,VIRAR,CHURCHGATE,08:33,10:20,107,True,AC Slow,Peak,All Days,,513,,,AC,94024,VR *
WR_Up_90268,WR_Train,Western Railway,Up,BORIVALI,CHURCHGATE,09:15,10:23,68,False,Slow,Peak,All Days,,555,,,Non-AC,90268,BVI
WR_Up_90290,WR_Train,Western Railway,Up,VIRAR,CHURCHGATE,08:53,10:23,90,False,Slow,Peak,All Days,,533,,,Non-AC,90290,VR
WR_Up_90272,WR_Train,Western Railway,Up,ANDHERI,CHURCHGATE,09:38,10:27,49,False,Slow,Peak,All Days,,578,,,Non-AC,90272,ADH
WR_Up_90274,WR_Train,Western Railway,Up,Bhayandar,CHURCHGATE,09:06,10:30,84,False,Slow,Peak,All Days,,546,,,Non-AC,90274,BYR #
WR_Up_94026,WR_Train,Western Railway,Up,BORIVALI,CHURCHGATE,09:35,10:29,54,True,AC Slow,Peak,All Days,,575,,,AC,94026,BVI
WR_Up_90276,WR_Train,Western Railway,Up,Goregaon,CHURCHGATE,09:34,10:33,59,False,Slow,Peak,NOT_SUN,,574,,,Non-AC,90276,GMN
WR_Up_94028,WR_Train,Western Railway,Up,VIRAR,CHURCHGATE,09:09,10:32,83,True,AC Slow,Peak,All Days,,549,,,AC,94028,VR
WR_Up_90280,WR_Train,Western Railway,Up,VIRAR,CHURCHGATE,08:49,10:36,107,False,Slow,Peak,All Days,,529,,,Non-AC,90280,VR #
WR_Up_90300,WR_Train,Western Railway,Up,Goregaon,CHURCHGATE,09:53,10:36,43,False,Slow,Peak,All Days,,593,,,Non-AC,90300,GMN
WR_Up_90284,WR_Train,Western Railway,Up,ANDHERI,CHURCHGATE,09:50,10:39,49,False,Slow,Peak,All Days,,590,,,Non-AC,90284,ADH
WR_Up_90286,WR_Train,Western Railway,Up,Goregaon,CHURCHGATE,09:40,10:42,62,False,Slow,Peak,All Days,,580,,,Non-AC,90286,GMN
WR_Up_90288,WR_Train,Western Railway,Up,BORIVALI,CHURCHGATE,09:28,10:45,77,False,Slow,Peak,All Days,,568,,,Non-AC,90288,BVI
WR_Up_90310,WR_Train,Western Railway,Up,VIRAR,CHURCHGATE,09:15,10:46,91,False,Slow,Peak,All Days,,555,,,Non-AC,90310,VR
WR_Up_90292,WR_Train,Western Railway,Up,BORIVALI,CHURCHGATE,09:38,10:48,70,False,Slow,Peak,All Days,,578,,,Non-AC,90292,BVI
WR_Up_94030,WR_Train,Western Railway,Up,VIRAR,CHURCHGATE,09:23,10:50,87,True,AC Slow,Peak,SAT_SUN,,563,,,AC,94030,VR
WR_Up_90296,WR_Train,Western Railway,Up,BORIVALI,CHURCHGATE,09:41,10:51,70,False,Slow,Peak,All Days,,581,,,Non-AC,90296,BVI
WR_Up_90322,WR_Train,Western Railway,Up,Bhayandar,CHURCHGATE,09:49,10:53,64,False,Slow,Peak,All Days,,589,,,Non-AC,90322,BYR
WR_Up_90302,WR_Train,Western Railway,Up,Goregaon,CHURCHGATE,09:57,10:54,57,False,Slow,Peak,All Days,,597,,,Non-AC,90302,GMN
WR_Up_90306,WR_Train,Western Railway,Up,BORIVALI,CHURCHGATE,09:50,10:57,67,False,Slow,Peak,All Days,,590,,,Non-AC,90306,BVI
WR_Up_90324,WR_Train,Western Railway,Up,VIRAR,CHURCHGATE,09:30,10:57,87,False,Slow,Peak,All Days,,570,,,Non-AC,90324,VR
WR_Up_90308,WR_Train,Western Railway,Up,ANDHERI,CHURCHGATE,10:14,11:00,46,False,Slow,Peak,All Days,,614,,,Non-AC,90308,ADH
WR_Up_90328,WR_Train,Western Railway,Up,BORIVALI,CHURCHGATE,10:06,11:03,57,False,Slow,Peak,All Days,,606,,,Non-AC,90328,BVI
WR_Up_90312,WR_Train,Western Railway,Up,BORIVALI,CHURCHGATE,09:55,11:03,68,False,Slow,Peak,All Days,,595,,,Non-AC,90312,BVI
WR_Up_90334,WR_Train,Western Railway,Up,VIRAR,CHURCHGATE,09:43,11:06,83,False,Slow,Peak,All Days,,583,,,Non-AC,90334,VR
WR_Up_90316,WR_Train,Western Railway,Up,BORIVALI,CHURCHGATE,10:00,11:06,66,False,Slow,Peak,All Days,,600,,,Non-AC,90316,BVI
WR_Up_90342,WR_Train,Western Railway,Up,VIRAR,CHURCHGATE,09:47,11:09,82,False,Slow,Peak,All Days,,587,,,Non-AC,90342,VR #
WR_Up_94126,WR_Train,Western Railway,Up,Goregaon,CHURCHGATE,10:11,11:09,58,True,AC Slow,Peak,All Days,,611,,,AC,94126,GMN
WR_Up_94032,WR_Train,Western Railway,Up,BORIVALI,CHURCHGATE,10:16,11:12,56,True,AC Slow,Peak,All Days,,616,,,AC,94032,BVI
WR_Up_90320,WR_Train,Western Railway,Up,BORIVALI,CHURCHGATE,10:04,11:12,68,False,Slow,Peak,All Days,,604,,,Non-AC,90320,BVI
WR_Up_90346,WR_Train,Western Railway,Up,Bhayandar,CHURCHGATE,10:11,11:15,64,False,Slow,Peak,All Days,,611,,,Non-AC,90346,BYR
WR_Up_90326,WR_Train,Western Railway,Up,Goregaon,CHURCHGATE,10:18,11:15,57,False,Slow,Peak,NOT_SUN,,618,,,Non-AC,90326,GMN
WR_Up_90344,WR_Train,Western Railway,Up,BORIVALI,CHURCHGATE,10:22,11:18,56,False,Slow,Peak,All Days,,622,,,Non-AC,90344,BVI
WR_Up_90330,WR_Train,Western Railway,Up,ANDHERI,CHURCHGATE,10:31,11:18,47,False,Slow,Peak,All Days,,631,,,Non-AC,90330,ADH
WR_Up_90356,WR_Train,Western Railway,Up,VIRAR,CHURCHGATE,09:56,11:21,85,False,Slow,Peak,All Days,,596,,,Non-AC,90356,VR
WR_Up_90332,WR_Train,Western Railway,Up,BORIVALI,CHURCHGATE,10:12,11:21,69,False,Slow,Peak,All Days,,612,,,Non-AC,90332,BVI
WR_Up_90338,WR_Train,Western Railway,Up,Goregaon,CHURCHGATE,10:29,11:24,55,False,Slow,Peak,All Days,,629,,,Non-AC,90338,GMN
WR_Up_90340,WR_Train,Western Railway,Up,BORIVALI,CHURCHGATE,10:19,11:27,68,False,Slow,Peak,All Days,,619,,,Non-AC,90340,BVI
WR_Up_94114,WR_Train,Western Railway,Up,VIRAR,CHURCHGATE,10:08,11:27,79,True,AC Slow,Peak,All Days,,608,,,AC,94114,VR
WR_Up_90358,WR_Train,Western Railway,Up,BORIVALI,CHURCHGATE,10:36,11:30,54,False,Slow,Peak,All Days,,636,,,Non-AC,90358,BVI
WR_Up_90348,WR_Train,Western Railway,Up,ANDHERI,CHURCHGATE,10:45,11:30,45,False,Slow,Peak,All Days,,645,,,Non-AC,90348,ADH
WR_Up_90364,WR_Train,Western Railway,Up,VIRAR,CHURCHGATE,10:12,11:35,83,False,Slow,Peak,All Days,,612,,,Non-AC,90364,VR
WR_Up_90350,WR_Train,Western Railway,Up,Vasai Road,CHURCHGATE,10:02,11:36,94,False,Slow,Peak,All Days,,602,,,Non-AC,90350,BSR #
WR_Up_90352,WR_Train,Western Railway,Up,BORIVALI,CHURCHGATE,10:31,11:40,69,False,Slow,Peak,All Days,,631,,,Non-AC,90352,BVI
WR_Up_94034,WR_Train,Western Railway,Up,VIRAR,CHURCHGATE,10:20,11:44,84,True,AC Slow,Peak,All Days,,620,,,AC,94034,VR
WR_Up_90362,WR_Train,Western Railway,Up,BORIVALI,CHURCHGATE,10:40,11:46,66,False,Slow,Peak,All Days,,640,,,Non-AC,90362,BVI
WR_Up_94138,WR_Train,Western Railway,Up,BORIVALI,CHURCHGATE,10:50,11:47,57,True,AC Slow,Peak,All Days,,650,,,AC,94138,BVI
WR_Up_90366,WR_Train,Western Railway,Up,Goregaon,CHURCHGATE,10:53,11:49,56,False,Slow,Peak,NOT_SUN,,653,,,Non-AC,90366,GMN
WR_Up_90368,WR_Train,Western Railway,Up,BORIVALI,CHURCHGATE,10:47,11:52,65,False,Slow,Peak,All Days,,647,,,Non-AC,90368,BVI
WR_Up_90388,WR_Train,Western Railway,Up,VIRAR,CHURCHGATE,10:33,11:55,82,False,Slow,Peak,All Days,,633,,,Non-AC,90388,VR
WR_Up_90372,WR_Train,Western Railway,Up,Goregaon,CHURCHGATE,11:02,11:57,55,False,Slow,Off-Peak,All Days,,662,,,Non-AC,90372,GMN
WR_Up_90374,WR_Train,Western Railway,Up,BORIVALI,CHURCHGATE,10:53,12:00,67,False,Slow,Peak,All Days,,653,,,Non-AC,90374,BVI
WR_Up_90386,WR_Train,Western Railway,Up,BORIVALI,CHURCHGATE,11:04,12:01,57,False,Slow,Off-Peak,All Days,,664,,,Non-AC,90386,BVI
WR_Up_90376,WR_Train,Western Railway,Up,BORIVALI,CHURCHGATE,10:57,12:03,66,False,Slow,Peak,All Days,,657,,,Non-AC,90376,BVI
WR_Up_90378,WR_Train,Western Railway,Up,ANDHERI,CHURCHGATE,11:21,12:07,46,False,Slow,Off-Peak,All Days,,681,,,Non-AC,90378,ADH
WR_Up_90394,WR_Train,Western Railway,Up,Bhayandar,CHURCHGATE,11:04,12:09,65,False,Slow,Off-Peak,All Days,,664,,,Non-AC,90394,BYR
WR_Up_90380,WR_Train,Western Railway,Up,BORIVALI,CHURCHGATE,11:01,12:10,69,False,Slow,Off-Peak,All Days,,661,,,Non-AC,90380,BVI
WR_Up_94036,WR_Train,Western Railway,Up,BORIVALI,CHURCHGATE,11:23,12:12,49,True,AC Slow,Off-Peak,All Days,,683,,,AC,94036,BVI
WR_Up_90384,WR_Train,Western Railway,Up,Goregaon,CHURCHGATE,11:16,12:14,58,False,Slow,Off-Peak,NOT_SUN,,676,,,Non-AC,90384,GMN
WR_Up_94038,WR_Train,Western Railway,Up,VIRAR,CHURCHGATE,10:52,12:19,87,True,AC Slow,Peak,All Days,,652,,,AC,94038,VR
WR_Up_90390,WR_Train,Western Railway,Up,BORIVALI,CHURCHGATE,11:13,12:19,66,False,Slow,Off-Peak,All Days,,673,,,Non-AC,90390,BVI
WR_Up_90396,WR_Train,Western Railway,Up,ANDHERI,CHURCHGATE,11:37,12:23,46,False,Slow,Off-Peak,All Days,,697,,,Non-AC,90396,ADH
WR_Up_90398,WR_Train,Western Railway,Up,BORIVALI,CHURCHGATE,11:20,12:26,66,False,Slow,Off-Peak,NOT_SUN,,680,,,Non-AC,90398,BVI
WR_Up_94042,WR_Train,Western Railway,Up,VIRAR,CHURCHGATE,11:00,12:27,87,True,AC Slow,Peak,All Days,,660,,,AC,94042,VR
WR_Up_90412,WR_Train,Western Railway,Up,VIRAR,CHURCHGATE,11:06,12:30,84,False,Slow,Off-Peak,All Days,,666,,,Non-AC,90412,VR
WR_Up_90402,WR_Train,Western Railway,Up,BORIVALI,CHURCHGATE,11:23,12:33,70,False,Slow,Off-Peak,All Days,,683,,,Non-AC,90402,BVI
WR_Up_90404,WR_Train,Western Railway,Up,BORIVALI,CHURCHGATE,11:29,12:36,67,False,Slow,Off-Peak,All Days,,689,,,Non-AC,90404,BVI
WR_Up_90416,WR_Train,Western Railway,Up,BORIVALI,CHURCHGATE,11:50,12:37,47,False,Slow,Off-Peak,All Days,,710,,,Non-AC,90416,BVI
WR_Up_94040,WR_Train,Western Railway,Up,BORIVALI,CHURCHGATE,11:35,12:40,65,True,AC Slow,Off-Peak,SAT_SUN,,695,,,AC,94040,BVI
WR_Up_90408,WR_Train,Western Railway,Up,BORIVALI,CHURCHGATE,11:40,12:45,65,False,Slow,Off-Peak,All Days,,700,,,Non-AC,90408,BVI
WR_Up_90422,WR_Train,Western Railway,Up,VIRAR,CHURCHGATE,11:22,12:48,86,False,Slow,Off-Peak,All Days,,682,,,Non-AC,90422,VR
WR_Up_90410,WR_Train,Western Railway,Up,Goregaon,CHURCHGATE,11:50,12:51,61,False,Slow,Off-Peak,All Days,,710,,,Non-AC,90410,GMN
WR_Up_90428,WR_Train,Western Railway,Up,VIRAR,CHURCHGATE,11:35,12:52,77,False,Slow,Off-Peak,All Days,,695,,,Non-AC,90428,VR
WR_Up_90414,WR_Train,Western Railway,Up,BORIVALI,CHURCHGATE,11:47,12:54,67,False,Slow,Off-Peak,All Days,,707,,,Non-AC,90414,BVI
WR_Up_94044,WR_Train,Western Railway,Up,Bhayandar,CHURCHGATE,11:54,12:57,63,True,AC Slow,Off-Peak,All Days,,714,,,AC,94044,BYR
WR_Up_90418,WR_Train,Western Railway,Up,Goregaon,CHURCHGATE,12:02,12:58,56,False,Slow,Off-Peak,All Days,,722,,,Non-AC,90418,GMN
WR_Up_90420,WR_Train,Western Railway,Up,BORIVALI,CHURCHGATE,11:52,13:02,70,False,Slow,Off-Peak,All Days,,712,,,Non-AC,90420,BVI
WR_Up_90436,WR_Train,Western Railway,Up,BORIVALI,CHURCHGATE,12:17,13:05,48,False,Slow,Off-Peak,All Days,,737,,,Non-AC,90436,BVI
WR_Up_90424,WR_Train,Western Railway,Up,BORIVALI,CHURCHGATE,11:59,13:08,69,False,Slow,Off-Peak,All Days,,719,,,Non-AC,90424,BVI
WR_Up_90426,WR_Train,Western Railway,Up,BORIVALI,CHURCHGATE,12:07,13:13,66,False,Slow,Off-Peak,All Days,,727,,,Non-AC,90426,BVI
WR_Up_90440,WR_Train,Western Railway,Up,VIRAR,CHURCHGATE,11:50,13:15,85,False,Slow,Off-Peak,All Days,,710,,,Non-AC,90440,VR
WR_Up_90430,WR_Train,Western Railway,Up,BORIVALI,CHURCHGATE,12:11,13:16,65,False,Slow,Off-Peak,All Days,,731,,,Non-AC,90430,BVI
WR_Up_90432,WR_Train,Western Railway,Up,BORIVALI,CHURCHGATE,12:14,13:19,65,False,Slow,Off-Peak,All Days,,734,,,Non-AC,90432,BVI
WR_Up_90438,WR_Train,Western Railway,Up,BORIVALI,CHURCHGATE,12:19,13:24,65,False,Slow,Off-Peak,All Days,,739,,,Non-AC,90438,BVI
WR_Up_90450,WR_Train,Western Railway,Up,VIRAR,CHURCHGATE,12:00,13:28,88,False,Slow,Off-Peak,All Days,,720,,,Non-AC,90450,VR
WR_Up_90442,WR_Train,Western Railway,Up,Goregaon,CHURCHGATE,12:30,13:28,58,False,Slow,Off-Peak,NOT_SUN,,750,,,Non-AC,90442,GMN
WR_Up_90444,WR_Train,Western Railway,Up,BORIVALI,CHURCHGATE,12:29,13:34,65,False,Slow,Off-Peak,All Days,,749,,,Non-AC,90444,BVI
WR_Up_90444A,WR_Train,Western Railway,Up,Bhayandar,CHURCHGATE,12:14,13:38,84,False,Slow,Off-Peak,All Days,,734,,,Non-AC,90444A,BYR
WR_Up_94046,WR_Train,Western Railway,Up,VIRAR,CHURCHGATE,12:20,13:41,81,True,AC Slow,Off-Peak,SAT_SUN,,740,,,AC,94046,VR
WR_Up_90446,WR_Train,Western Railway,Up,BORIVALI,CHURCHGATE,12:37,13:41,64,False,Slow,Off-Peak,All Days,,757,,,Non-AC,90446,BVI
WR_Up_90452,WR_Train,Western Railway,Up,Goregaon,CHURCHGATE,12:50,13:45,55,False,Slow,Off-Peak,NOT_SUN,,770,,,Non-AC,90452,GMN
WR_Up_94116,WR_Train,Western Railway,Up,Bhayandar,CHURCHGATE,12:44,13:48,64,True,AC Slow,Off-Peak,All Days,,764,,,AC,94116,BYR
WR_Up_90456,WR_Train,Western Railway,Up,BORIVALI,CHURCHGATE,12:45,13:51,66,False,Slow,Off-Peak,All Days,,765,,,Non-AC,90456,BVI
WR_Up_90470,WR_Train,Western Railway,Up,VIRAR,CHURCHGATE,12:26,13:51,85,False,Slow,Off-Peak,All Days,,746,,,Non-AC,90470,VR
WR_Up_90460,WR_Train,Western Railway,Up,BORIVALI,CHURCHGATE,12:52,13:55,63,False,Slow,Off-Peak,All Days,,772,,,Non-AC,90460,BVI
WR_Up_94048,WR_Train,Western Railway,Up,VIRAR,CHURCHGATE,12:45,14:00,75,True,AC Slow,Off-Peak,All Days,,765,,,AC,94048,VR
WR_Up_90462,WR_Train,Western Railway,Up,BORIVALI,CHURCHGATE,12:55,14:01,66,False,Slow,Off-Peak,All Days,,775,,,Non-AC,90462,BVI
WR_Up_90478,WR_Train,Western Railway,Up,VIRAR,CHURCHGATE,12:38,14:05,87,False,Slow,Off-Peak,All Days,,758,,,Non-AC,90478,VR
WR_Up_90466,WR_Train,Western Railway,Up,BORIVALI,CHURCHGATE,13:01,14:05,64,False,Slow,Off-Peak,All Days,,781,,,Non-AC,90466,BVI
WR_Up_90472,WR_Train,Western Railway,Up,BORIVALI,CHURCHGATE,13:05,14:10,65,False,Slow,Off-Peak,All Days,,785,,,Non-AC,90472,BVI
WR_Up_90474,WR_Train,Western Railway,Up,Goregaon,CHURCHGATE,13:19,14:14,55,False,Slow,Off-Peak,NOT_SUN,,799,,,Non-AC,90474,GMN
WR_Up_90476,WR_Train,Western Railway,Up,BORIVALI,CHURCHGATE,13:10,14:17,67,False,Slow,Off-Peak,All Days,,790,,,Non-AC,90476,BVI
WR_Up_90498,WR_Train,Western Railway,Up,VIRAR,CHURCHGATE,12:55,14:20,85,False,Slow,Off-Peak,All Days,,775,,,Non-AC,90498,VR
WR_Up_90480,WR_Train,Western Railway,Up,BORIVALI,CHURCHGATE,13:13,14:21,68,False,Slow,Off-Peak,All Days,,793,,,Non-AC,90480,BVI
WR_Up_90500,WR_Train,Western Railway,Up,Vasai Road,CHURCHGATE,13:09,14:23,74,False,Slow,Off-Peak,NOT_SUN,,789,,,Non-AC,90500,BSR
WR_Up_90482,WR_Train,Western Railway,Up,BORIVALI,CHURCHGATE,13:18,14:24,66,False,Slow,Off-Peak,All Days,,798,,,Non-AC,90482,BVI
WR_Up_90494,WR_Train,Western Railway,Up,BORIVALI,CHURCHGATE,13:32,14:30,58,False,Slow,Off-Peak,NOT_SUN,,812,,,Non-AC,90494,BVI
WR_Up_90484,WR_Train,Western Railway,Up,VIRAR,CHURCHGATE,12:45,14:27,102,False,Slow,Off-Peak,All Days,,765,,,Non-AC,90484,VR
WR_Up_90490,WR_Train,Western Railway,Up,BORIVALI,CHURCHGATE,13:22,14:32,70,False,Slow,Off-Peak,All Days,,802,,,Non-AC,90490,BVI
WR_Up_90506,WR_Train,Western Railway,Up,Bhayandar,CHURCHGATE,13:30,14:33,63,False,Slow,Off-Peak,All Days,,810,,,Non-AC,90506,BYR
WR_Up_90492,WR_Train,Western Railway,Up,BORIVALI,CHURCHGATE,13:29,14:38,69,False,Slow,Off-Peak,All Days,,809,,,Non-AC,90492,BVI
WR_Up_90496,WR_Train,Western Railway,Up,BORIVALI,CHURCHGATE,13:35,14:41,66,False,Slow,Off-Peak,All Days,,815,,,Non-AC,90496,BVI
WR_Up_94050,WR_Train,Western Railway,Up,VIRAR,CHURCHGATE,13:18,14:44,86,True,AC Slow,Off-Peak,All Days,,798,,,AC,94050,VR
WR_Up_90502,WR_Train,Western Railway,Up,Goregaon,CHURCHGATE,13:49,14:44,55,False,Slow,Off-Peak,All Days,,829,,,Non-AC,90502,GMN
WR_Up_90512,WR_Train,Western Railway,Up,VIRAR,CHURCHGATE,13:25,14:47,82,False,Slow,Off-Peak,All Days,,805,,,Non-AC,90512,VR
WR_Up_90504,WR_Train,Western Railway,Up,BORIVALI,CHURCHGATE,13:40,14:48,68,False,Slow,Off-Peak,All Days,,820,,,Non-AC,90504,BVI
WR_Up_94054,WR_Train,Western Railway,Up,VIRAR,CHURCHGATE,13:34,14:53,79,True,AC Slow,Off-Peak,All Days,,814,,,AC,94054,VR
WR_Up_90508,WR_Train,Western Railway,Up,BORIVALI,CHURCHGATE,13:46,14:53,67,False,Slow,Off-Peak,NOT_SUN,,826,,,Non-AC,90508,BVI
WR_Up_90522,WR_Train,Western Railway,Up,VIRAR,CHURCHGATE,13:34,14:56,82,False,Slow,Off-Peak,All Days,,814,,,Non-AC,90522,VR
WR_Up_90510,WR_Train,Western Railway,Up,BORIVALI,CHURCHGATE,13:51,14:57,66,False,Slow,Off-Peak,All Days,,831,,,Non-AC,90510,BVI
WR_Up_94052,WR_Train,Western Railway,Up,BORIVALI,CHURCHGATE,13:55,15:00,65,True,AC Slow,Off-Peak,SAT_SUN,,835,,,AC,94052,BVI
WR_Up_90514,WR_Train,Western Railway,Up,BORIVALI,CHURCHGATE,13:59,15:02,63,False,Slow,Off-Peak,All Days,,839,,,Non-AC,90514,BVI
WR_Up_90516,WR_Train,Western Railway,Up,BORIVALI,CHURCHGATE,14:04,15:08,64,False,Slow,Off-Peak,All Days,,844,,,Non-AC,90516,BVI
WR_Up_93022,WR_Train,Western Railway,Up,VIRAR,CHURCHGATE,13:57,15:09,72,False,Slow,Off-Peak,All Days,,837,,,Non-AC,93022,DRD
WR_Up_90520,WR_Train,Western Railway,Up,BORIVALI,CHURCHGATE,14:08,15:13,65,False,Slow,Off-Peak,All Days,,848,,,Non-AC,90520,BVI
WR_Up_90536,WR_Train,Western Railway,Up,Bhayandar,CHURCHGATE,14:07,15:15,68,False,Slow,Off-Peak,All Days,,847,,,Non-AC,90536,BYR
WR_Up_90524,WR_Train,Western Railway,Up,BORIVALI,CHURCHGATE,14:11,15:16,65,False,Slow,Off-Peak,All Days,,851,,,Non-AC,90524,BVI
WR_Up_90526,WR_Train,Western Railway,Up,Vasai Road,CHURCHGATE,13:48,15:19,91,False,Slow,Off-Peak,All Days,,828,,,Non-AC,90526,BSR
WR_Up_90532,WR_Train,Western Railway,Up,BORIVALI,CHURCHGATE,14:17,15:23,66,False,Slow,Off-Peak,All Days,,857,,,Non-AC,90532,BVI
WR_Up_94056,WR_Train,Western Railway,Up,VIRAR,CHURCHGATE,14:06,15:23,77,True,AC Slow,Off-Peak,All Days,,846,,,AC,94056,VR
WR_Up_90534,WR_Train,Western Railway,Up,Goregaon,CHURCHGATE,14:28,15:26,58,False,Slow,Off-Peak,NOT_SUN,,868,,,Non-AC,90534,GMN
WR_Up_94058,WR_Train,Western Railway,Up,VIRAR,CHURCHGATE,14:05,15:28,83,True,AC Slow,Off-Peak,All Days,,845,,,AC,94058,VR
WR_Up_90536A,WR_Train,Western Railway,Up,BANDRA,CHURCHGATE,14:57,15:29,32,False,Slow,Off-Peak,All Days,,897,,,Non-AC,90536A,BA
WR_Up_90538,WR_Train,Western Railway,Up,BORIVALI,CHURCHGATE,14:27,15:32,65,False,Slow,Off-Peak,All Days,,867,,,Non-AC,90538,BVI
WR_Up_90540,WR_Train,Western Railway,Up,BORIVALI,CHURCHGATE,14:30,15:35,65,False,Slow,Off-Peak,All Days,,870,,,Non-AC,90540,BVI
WR_Up_90546,WR_Train,Western Railway,Up,BORIVALI,CHURCHGATE,14:35,15:41,66,False,Slow,Off-Peak,All Days,,875,,,Non-AC,90546,BVI
WR_Up_90562,WR_Train,Western Railway,Up,VIRAR,CHURCHGATE,14:18,15:46,88,False,Slow,Off-Peak,All Days,,858,,,Non-AC,90562,VR
WR_Up_90550,WR_Train,Western Railway,Up,BORIVALI,CHURCHGATE,14:40,15:46,66,False,Slow,Off-Peak,All Days,,880,,,Non-AC,90550,BVI
WR_Up_90552,WR_Train,Western Railway,Up,BORIVALI,CHURCHGATE,14:43,15:48,65,False,Slow,Off-Peak,All Days,,883,,,Non-AC,90552,BVI
WR_Up_90564,WR_Train,Western Railway,Up,BORIVALI,CHURCHGATE,14:56,15:52,56,False,Slow,Off-Peak,All Days,,896,,,Non-AC,90564,BVI
WR_Up_90554,WR_Train,Western Railway,Up,BORIVALI,CHURCHGATE,14:48,15:53,65,False,Slow,Off-Peak,All Days,,888,,,Non-AC,90554,BVI
WR_Up_90572,WR_Train,Western Railway,Up,VIRAR,CHURCHGATE,14:32,15:57,85,False,Slow,Off-Peak,All Days,,872,,,Non-AC,90572,VR
WR_Up_90558,WR_Train,Western Railway,Up,ANDHERI,CHURCHGATE,15:12,15:59,47,False,Slow,Off-Peak,NOT_SUN,,912,,,Non-AC,90558,ADH
WR_Up_90574,WR_Train,Western Railway,Up,BORIVALI,CHURCHGATE,15:09,16:03,54,False,Slow,Off-Peak,All Days,,909,,,Non-AC,90574,BVI
WR_Up_90566,WR_Train,Western Railway,Up,Goregaon,CHURCHGATE,15:10,16:05,55,False,Slow,Off-Peak,NOT_SUN,,910,,,Non-AC,90566,GMN
WR_Up_90570,WR_Train,Western Railway,Up,BORIVALI,CHURCHGATE,15:03,16:08,65,False,Slow,Off-Peak,All Days,,903,,,Non-AC,90570,BVI
WR_Up_90582,WR_Train,Western Railway,Up,Bhayandar,CHURCHGATE,15:08,16:13,65,False,Slow,Off-Peak,All Days,,908,,,Non-AC,90582,BYR
WR_Up_90588,WR_Train,Western Railway,Up,VIRAR,CHURCHGATE,14:56,16:16,80,False,Slow,Off-Peak,All Days,,896,,,Non-AC,90588,VR
WR_Up_90576,WR_Train,Western Railway,Up,BORIVALI,CHURCHGATE,15:12,16:17,65,False,Slow,Off-Peak,All Days,,912,,,Non-AC,90576,BVI
WR_Up_90578,WR_Train,Western Railway,Up,BORIVALI,CHURCHGATE,15:18,16:24,66,False,Slow,Off-Peak,All Days,,918,,,Non-AC,90578,BVI
WR_Up_90594,WR_Train,Western Railway,Up,BORIVALI,CHURCHGATE,15:36,16:29,53,False,Slow,Off-Peak,All Days,,936,,,Non-AC,90594,BVI
WR_Up_90580,WR_Train,Western Railway,Up,BORIVALI,CHURCHGATE,15:23,16:32,69,False,Slow,Off-Peak,All Days,,923,,,Non-AC,90580,BVI
WR_Up_94062,WR_Train,Western Railway,Up,Bhayandar,CHURCHGATE,15:32,16:35,63,True,AC Slow,Off-Peak,All Days,,932,,,AC,94062,BYR
WR_Up_90586,WR_Train,Western Railway,Up,BORIVALI,CHURCHGATE,15:30,16:37,67,False,Slow,Off-Peak,All Days,,930,,,Non-AC,90586,BVI
WR_Up_90600,WR_Train,Western Railway,Up,VIRAR,CHURCHGATE,15:12,16:38,86,False,Slow,Off-Peak,All Days,,912,,,Non-AC,90600,VR
WR_Up_90592,WR_Train,Western Railway,Up,Goregaon,CHURCHGATE,15:46,16:40,54,False,Slow,Off-Peak,All Days,,946,,,Non-AC,90592,GMN
WR_Up_93026,WR_Train,Western Railway,Up,VIRAR,CHURCHGATE,15:21,16:43,82,False,Slow,Off-Peak,All Days,,921,,,Non-AC,93026,DRD
WR_Up_90596,WR_Train,Western Railway,Up,BORIVALI,CHURCHGATE,15:40,16:46,66,False,Slow,Off-Peak,All Days,,940,,,Non-AC,90596,BVI
WR_Up_94064,WR_Train,Western Railway,Up,VIRAR,CHURCHGATE,15:27,16:47,80,True,AC Slow,Off-Peak,SAT_SUN,,927,,,AC,94064,VR
WR_Up_90598,WR_Train,Western Railway,Up,BORIVALI,CHURCHGATE,15:43,16:51,68,False,Slow,Off-Peak,All Days,,943,,,Non-AC,90598,BVI
WR_Up_90614,WR_Train,Western Railway,Up,VIRAR,CHURCHGATE,15:30,16:54,84,False,Slow,Off-Peak,All Days,,930,,,Non-AC,90614,VR
WR_Up_90602,WR_Train,Western Railway,Up,BORIVALI,CHURCHGATE,15:48,16:56,68,False,Slow,Off-Peak,NOT_SUN,,948,,,Non-AC,90602,BVI
WR_Up_90606,WR_Train,Western Railway,Up,BORIVALI,CHURCHGATE,15:54,17:00,66,False,Slow,Off-Peak,All Days,,954,,,Non-AC,90606,BVI
WR_Up_90610,WR_Train,Western Railway,Up,Goregaon,CHURCHGATE,16:06,17:03,57,False,Slow,Off-Peak,NOT_SUN,,966,,,Non-AC,90610,GMN
WR_Up_90612,WR_Train,Western Railway,Up,BORIVALI,CHURCHGATE,15:58,17:07,69,False,Slow,Off-Peak,All Days,,958,,,Non-AC,90612,BVI
WR_Up_90618,WR_Train,Western Railway,Up,Goregaon,CHURCHGATE,16:14,17:10,56,False,Slow,Off-Peak,All Days,,974,,,Non-AC,90618,GMN
WR_Up_90616,WR_Train,Western Railway,Up,BORIVALI,CHURCHGATE,16:01,17:13,72,False,Slow,Off-Peak,All Days,,961,,,Non-AC,90616,BVI
WR_Up_90620,WR_Train,Western Railway,Up,BORIVALI,CHURCHGATE,16:03,17:16,73,False,Slow,Off-Peak,All Days,,963,,,Non-AC,90620,BVI
WR_Up_90622,WR_Train,Western Railway,Up,BORIVALI,CHURCHGATE,16:07,17:19,72,False,Slow,Off-Peak,All Days,,967,,,Non-AC,90622,BVI
WR_Up_90626,WR_Train,Western Railway,Up,BORIVALI,CHURCHGATE,16:15,17:25,70,False,Slow,Off-Peak,All Days,,975,,,Non-AC,90626,BVI
WR_Up_90636,WR_Train,Western Railway,Up,Goregaon,CHURCHGATE,16:33,17:30,57,False,Slow,Off-Peak,All Days,,993,,,Non-AC,90636,GMN
WR_Up_90638,WR_Train,Western Railway,Up,BORIVALI,CHURCHGATE,16:21,17:33,72,False,Slow,Off-Peak,All Days,,981,,,Non-AC,90638,BVI
WR_Up_90640,WR_Train,Western Railway,Up,BORIVALI,CHURCHGATE,16:28,17:36,68,False,Slow,Off-Peak,All Days,,988,,,Non-AC,90640,BVI
WR_Up_90642,WR_Train,Western Railway,Up,BORIVALI,CHURCHGATE,16:31,17:42,71,False,Slow,Off-Peak,All Days,,991,,,Non-AC,90642,BVI
WR_Up_90646,WR_Train,Western Railway,Up,BORIVALI,CHURCHGATE,16:34,17:45,71,False,Slow,Off-Peak,All Days,,994,,,Non-AC,90646,BVI
WR_Up_90650,WR_Train,Western Railway,Up,BORIVALI,CHURCHGATE,16:42,17:48,66,False,Slow,Off-Peak,NOT_SUN,,1002,,,Non-AC,90650,BVI
WR_Up_90656,WR_Train,Western Railway,Up,Goregaon,CHURCHGATE,16:55,17:51,56,False,Slow,Off-Peak,All Days,,1015,,,Non-AC,90656,GMN
WR_Up_90660,WR_Train,Western Railway,Up,BORIVALI,CHURCHGATE,16:50,17:54,64,False,Slow,Off-Peak,All Days,,1010,,,Non-AC,90660,BVI
WR_Up_90662,WR_Train,Western Railway,Up,BORIVALI,CHURCHGATE,16:53,18:00,67,False,Slow,Off-Peak,All Days,,1013,,,Non-AC,90662,BVI
WR_Up_90666,WR_Train,Western Railway,Up,BORIVALI,CHURCHGATE,16:56,18:03,67,False,Slow,Off-Peak,All Days,,1016,,,Non-AC,90666,BVI
WR_Up_90672,WR_Train,Western Railway,Up,Vasai Road,CHURCHGATE,16:37,18:10,93,False,Slow,Off-Peak,All Days,,997,,,Non-AC,90672,BSR
WR_Up_90676,WR_Train,Western Railway,Up,BORIVALI,CHURCHGATE,17:06,18:13,67,False,Slow,Peak,All Days,,1026,,,Non-AC,90676,BVI
WR_Up_90680,WR_Train,Western Railway,Up,Goregaon,CHURCHGATE,17:20,18:16,56,False,Slow,Peak,All Days,,1040,,,Non-AC,90680,GMN
WR_Up_90682,WR_Train,Western Railway,Up,BORIVALI,CHURCHGATE,17:10,18:19,69,False,Slow,Peak,All Days,,1030,,,Non-AC,90682,BVI
WR_Up_90684,WR_Train,Western Railway,Up,ANDHERI,CHURCHGATE,17:36,18:22,46,False,Slow,Peak,All Days,,1056,,,Non-AC,90684,ADH
WR_Up_90686,WR_Train,Western Railway,Up,BORIVALI,CHURCHGATE,17:13,18:25,72,False,Slow,Peak,All Days,,1033,,,Non-AC,90686,BVI
WR_Up_90692,WR_Train,Western Railway,Up,BORIVALI,CHURCHGATE,17:23,18:29,66,False,Slow,Peak,NOT_SUN,,1043,,,Non-AC,90692,BVI
WR_Up_90694,WR_Train,Western Railway,Up,Goregaon,CHURCHGATE,17:37,18:32,55,False,Slow,Peak,All Days,,1057,,,Non-AC,90694,GMN
WR_Up_94128,WR_Train,Western Railway,Up,BORIVALI,CHURCHGATE,17:27,18:35,68,True,AC Slow,Peak,All Days,,1047,,,AC,94128,BVI
WR_Up_90702,WR_Train,Western Railway,Up,BORIVALI,CHURCHGATE,17:31,18:38,67,False,Slow,Peak,All Days,,1051,,,Non-AC,90702,BVI
WR_Up_90708,WR_Train,Western Railway,Up,ANDHERI,CHURCHGATE,17:56,18:44,48,False,Slow,Peak,NOT_SUN,,1076,,,Non-AC,90708,ADH
WR_Up_90714,WR_Train,Western Railway,Up,BORIVALI,CHURCHGATE,17:44,18:49,65,False,Slow,Peak,All Days,,1064,,,Non-AC,90714,BVI
WR_Up_90718,WR_Train,Western Railway,Up,BORIVALI,CHURCHGATE,17:48,18:54,66,False,Slow,Peak,All Days,,1068,,,Non-AC,90718,BVI
WR_Up_90726,WR_Train,Western Railway,Up,Goregaon,CHURCHGATE,17:57,19:00,63,False,Slow,Peak,All Days,,1077,,,Non-AC,90726,GMN
WR_Up_90728,WR_Train,Western Railway,Up,BORIVALI,CHURCHGATE,17:57,19:04,67,False,Slow,Peak,All Days,,1077,,,Non-AC,90728,BVI
WR_Up_90736,WR_Train,Western Railway,Up,Goregaon,CHURCHGATE,18:11,19:07,56,False,Slow,Peak,All Days,,1091,,,Non-AC,90736,GMN
WR_Up_90738,WR_Train,Western Railway,Up,BORIVALI,CHURCHGATE,18:04,19:11,67,False,Slow,Peak,All Days,,1084,,,Non-AC,90738,BVI
WR_Up_90740,WR_Train,Western Railway,Up,BANDRA,CHURCHGATE,18:42,19:14,32,False,Slow,Peak,NOT_SUN,,1122,,,Non-AC,90740,BA
WR_Up_90742,WR_Train,Western Railway,Up,BORIVALI,CHURCHGATE,18:08,19:16,68,False,Slow,Peak,All Days,,1088,,,Non-AC,90742,BVI
WR_Up_90746,WR_Train,Western Railway,Up,BORIVALI,CHURCHGATE,18:13,19:19,66,False,Slow,Peak,NOT_SUN,,1093,,,Non-AC,90746,BVI
WR_Up_90752,WR_Train,Western Railway,Up,ANDHERI,CHURCHGATE,18:37,19:22,45,False,Slow,Peak,All Days,,1117,,,Non-AC,90752,ADH
WR_Up_90754,WR_Train,Western Railway,Up,BORIVALI,CHURCHGATE,18:19,19:25,66,False,Slow,Peak,All Days,,1099,,,Non-AC,90754,BVI
WR_Up_90756,WR_Train,Western Railway,Up,Goregaon,CHURCHGATE,18:33,19:28,55,False,Slow,Peak,All Days,,1113,,,Non-AC,90756,GMN
WR_Up_90760,WR_Train,Western Railway,Up,BORIVALI,CHURCHGATE,18:24,19:31,67,False,Slow,Peak,All Days,,1104,,,Non-AC,90760,BVI
WR_Up_90762,WR_Train,Western Railway,Up,BANDRA,CHURCHGATE,19:02,19:34,32,False,Slow,Peak,All Days,,1142,,,Non-AC,90762,BA
WR_Up_90764,WR_Train,Western Railway,Up,BORIVALI,CHURCHGATE,18:27,19:37,70,False,Slow,Peak,All Days,,1107,,,Non-AC,90764,BVI
WR_Up_90770,WR_Train,Western Railway,Up,BORIVALI,CHURCHGATE,18:32,19:41,69,False,Slow,Peak,All Days,,1112,,,Non-AC,90770,BVI
WR_Up_90772,WR_Train,Western Railway,Up,Goregaon,CHURCHGATE,18:49,19:45,56,False,Slow,Peak,All Days,,1129,,,Non-AC,90772,GMN
WR_Up_90774,WR_Train,Western Railway,Up,BORIVALI,CHURCHGATE,18:37,19:48,71,False,Slow,Peak,All Days,,1117,,,Non-AC,90774,BVI
WR_Up_90776,WR_Train,Western Railway,Up,BORIVALI,CHURCHGATE,18:43,19:51,68,False,Slow,Peak,All Days,,1123,,,Non-AC,90776,BVI
WR_Up_90782,WR_Train,Western Railway,Up,BORIVALI,CHURCHGATE,18:52,19:57,65,False,Slow,Peak,All Days,,1132,,,Non-AC,90782,BVI
WR_Up_94120,WR_Train,Western Railway,Up,Goregaon,CHURCHGATE,19:06,20:01,55,True,AC Slow,Peak,All Days,,1146,,,AC,94120,GMN
WR_Up_90788,WR_Train,Western Railway,Up,BORIVALI,CHURCHGATE,18:58,20:04,66,False,Slow,Peak,All Days,,1138,,,Non-AC,90788,BVI
WR_Up_90790,WR_Train,Western Railway,Up,BORIVALI,CHURCHGATE,19:00,20:07,67,False,Slow,Peak,All Days,,1140,,,Non-AC,90790,BVI
WR_Up_90794,WR_Train,Western Railway,Up,BANDRA,CHURCHGATE,19:39,20:10,31,False,Slow,Peak,All Days,,1179,,,Non-AC,90794,BA
WR_Up_90796,WR_Train,Western Railway,Up,BORIVALI,CHURCHGATE,19:05,20:16,71,False,Slow,Peak,NOT_SUN,,1145,,,Non-AC,90796,BVI
WR_Up_90804,WR_Train,Western Railway,Up,Goregaon,CHURCHGATE,19:21,20:19,58,False,Slow,Peak,All Days,,1161,,,Non-AC,90804,GMN
WR_Up_90808,WR_Train,Western Railway,Up,BORIVALI,CHURCHGATE,19:13,20:23,70,False,Slow,Peak,All Days,,1153,,,Non-AC,90808,BVI
WR_Up_90810,WR_Train,Western Railway,Up,BORIVALI,CHURCHGATE,19:16,20:26,70,False,Slow,Peak,NOT_SUN,,1156,,,Non-AC,90810,BVI
WR_Up_90814,WR_Train,Western Railway,Up,BORIVALI,CHURCHGATE,19:21,20:30,69,False,Slow,Peak,All Days,,1161,,,Non-AC,90814,BVI
WR_Up_90816,WR_Train,Western Railway,Up,ANDHERI,CHURCHGATE,19:48,20:33,45,False,Slow,Peak,All Days,,1188,,,Non-AC,90816,ADH
WR_Up_90822,WR_Train,Western Railway,Up,BORIVALI,CHURCHGATE,19:27,20:39,72,False,Slow,Peak,All Days,,1167,,,Non-AC,90822,BVI
WR_Up_90840,WR_Train,Western Railway,Up,VIRAR,CHURCHGATE,19:15,20:37,82,False,Slow,Peak,All Days,,1155,,,Non-AC,90840,VR
WR_Up_90826,WR_Train,Western Railway,Up,BORIVALI,CHURCHGATE,19:33,20:43,70,False,Slow,Peak,All Days,,1173,,,Non-AC,90826,BVI
WR_Up_90844,WR_Train,Western Railway,Up,VIRAR,CHURCHGATE,19:24,20:43,79,False,Slow,Peak,All Days,,1164,,,Non-AC,90844,VR
WR_Up_90828,WR_Train,Western Railway,Up,ANDHERI,CHURCHGATE,20:01,20:49,48,False,Slow,Peak,NOT_SUN,,1201,,,Non-AC,90828,ADH
WR_Up_90830,WR_Train,Western Railway,Up,BORIVALI,CHURCHGATE,19:43,20:53,70,False,Slow,Peak,All Days,,1183,,,Non-AC,90830,BVI
WR_Up_90834,WR_Train,Western Railway,Up,Goregaon,CHURCHGATE,19:59,20:55,56,False,Slow,Peak,All Days,,1199,,,Non-AC,90834,GMN
WR_Up_90836,WR_Train,Western Railway,Up,BORIVALI,CHURCHGATE,19:49,20:58,69,False,Slow,Peak,NOT_SUN,,1189,,,Non-AC,90836,BVI
WR_Up_90838,WR_Train,Western Railway,Up,BORIVALI,CHURCHGATE,19:52,21:01,69,False,Slow,Peak,All Days,,1192,,,Non-AC,90838,BVI
WR_Up_90842,WR_Train,Western Railway,Up,BORIVALI,CHURCHGATE,19:57,21:05,68,False,Slow,Peak,All Days,,1197,,,Non-AC,90842,BVI
WR_Up_90862,WR_Train,Western Railway,Up,VIRAR,CHURCHGATE,19:43,21:08,85,False,Slow,Peak,All Days,,1183,,,Non-AC,90862,VR
WR_Up_90846,WR_Train,Western Railway,Up,BORIVALI,CHURCHGATE,20:02,21:09,67,False,Slow,Peak,All Days,,1202,,,Non-AC,90846,BVI
WR_Up_90860,WR_Train,Western Railway,Up,BORIVALI,CHURCHGATE,20:16,21:13,57,False,Slow,Peak,NOT_SUN,,1216,,,Non-AC,90860,BVI
WR_Up_90848,WR_Train,Western Railway,Up,BORIVALI,CHURCHGATE,20:04,21:14,70,False,Slow,Peak,NOT_SUN,,1204,,,Non-AC,90848,BVI
WR_Up_94092,WR_Train,Western Railway,Up,VIRAR,CHURCHGATE,19:51,21:19,88,True,AC Slow,Peak,All Days,,1191,,,AC,94092,VR
WR_Up_90850,WR_Train,Western Railway,Up,Goregaon,CHURCHGATE,20:16,21:17,61,False,Slow,Peak,All Days,,1216,,,Non-AC,90850,GMN
WR_Up_90856,WR_Train,Western Railway,Up,BORIVALI,CHURCHGATE,20:11,21:22,71,False,Slow,Peak,All Days,,1211,,,Non-AC,90856,BVI
WR_Up_90864,WR_Train,Western Railway,Up,Goregaon,CHURCHGATE,20:29,21:26,57,False,Slow,Peak,All Days,,1229,,,Non-AC,90864,GMN
WR_Up_93036,WR_Train,Western Railway,Up,VIRAR,CHURCHGATE,20:16,21:27,71,False,Slow,Peak,All Days,,1216,,,Non-AC,93036,DRD
WR_Up_90866,WR_Train,Western Railway,Up,BORIVALI,CHURCHGATE,20:20,21:29,69,False,Slow,Peak,All Days,,1220,,,Non-AC,90866,BVI
WR_Up_94142,WR_Train,Western Railway,Up,BORIVALI,CHURCHGATE,20:23,21:32,69,True,AC Slow,Peak,All Days,,1223,,,AC,94142,BVI
WR_Up_94096,WR_Train,Western Railway,Up,Bhayandar,CHURCHGATE,20:36,21:36,60,True,AC Slow,Peak,All Days,,1236,,,AC,94096,BYR
WR_Up_90874,WR_Train,Western Railway,Up,BORIVALI,CHURCHGATE,20:30,21:36,66,False,Slow,Peak,All Days,,1230,,,Non-AC,90874,BVI
WR_Up_90878,WR_Train,Western Railway,Up,BORIVALI,CHURCHGATE,20:34,21:41,67,False,Slow,Peak,All Days,,1234,,,Non-AC,90878,BVI
WR_Up_90892,WR_Train,Western Railway,Up,VIRAR,CHURCHGATE,20:13,21:40,87,False,Slow,Peak,All Days,,1213,,,Non-AC,90892,VR
WR_Up_90880,WR_Train,Western Railway,Up,Goregaon,CHURCHGATE,20:46,21:44,58,False,Slow,Peak,All Days,,1246,,,Non-AC,90880,GMN
WR_Up_90896,WR_Train,Western Railway,Up,BORIVALI,CHURCHGATE,20:46,21:46,60,False,Slow,Peak,All Days,,1246,,,Non-AC,90896,BVI
WR_Up_90882,WR_Train,Western Railway,Up,BANDRA,CHURCHGATE,21:14,21:47,33,False,Slow,Off-Peak,All Days,,1274,,,Non-AC,90882,BA
WR_Up_90886,WR_Train,Western Railway,Up,BORIVALI,CHURCHGATE,20:41,21:50,69,False,Slow,Peak,NOT_SUN,,1241,,,Non-AC,90886,BVI
WR_Up_94098,WR_Train,Western Railway,Up,VIRAR,CHURCHGATE,20:29,21:53,84,True,AC Slow,Peak,SAT_SUN,,1229,,,AC,94098,VR
WR_Up_90894,WR_Train,Western Railway,Up,Goregaon,CHURCHGATE,20:57,21:55,58,False,Slow,Peak,All Days,,1257,,,Non-AC,90894,GMN
WR_Up_90910,WR_Train,Western Railway,Up,VIRAR,CHURCHGATE,20:35,21:57,82,False,Slow,Peak,All Days,,1235,,,Non-AC,90910,VR
WR_Up_90898,WR_Train,Western Railway,Up,BORIVALI,CHURCHGATE,20:50,22:01,71,False,Slow,Peak,All Days,,1250,,,Non-AC,90898,BVI
WR_Up_90900,WR_Train,Western Railway,Up,BORIVALI,CHURCHGATE,20:59,22:05,66,False,Slow,Peak,All Days,,1259,,,Non-AC,90900,BVI
WR_Up_90902,WR_Train,Western Railway,Up,Goregaon,CHURCHGATE,21:11,22:08,57,False,Slow,Off-Peak,All Days,,1271,,,Non-AC,90902,GMN
WR_Up_93038,WR_Train,Western Railway,Up,VIRAR,CHURCHGATE,21:00,22:09,69,False,Slow,Peak,All Days,,1260,,,Non-AC,93038,DRD
WR_Up_90904,WR_Train,Western Railway,Up,BORIVALI,CHURCHGATE,21:03,22:12,69,False,Slow,Off-Peak,All Days,,1263,,,Non-AC,90904,BVI
WR_Up_90924,WR_Train,Western Railway,Up,VIRAR,CHURCHGATE,20:48,22:12,84,False,Slow,Peak,All Days,,1248,,,Non-AC,90924,VR
WR_Up_90926,WR_Train,Western Railway,Up,BORIVALI,CHURCHGATE,21:28,22:16,48,False,Slow,Off-Peak,All Days,,1288,,,Non-AC,90926,BVI
WR_Up_90908,WR_Train,Western Railway,Up,BORIVALI,CHURCHGATE,21:09,22:17,68,False,Slow,Off-Peak,All Days,,1269,,,Non-AC,90908,BVI
WR_Up_94108,WR_Train,Western Railway,Up,Bhayandar,CHURCHGATE,21:15,22:21,66,True,AC Slow,Off-Peak,All Days,,1275,,,AC,94108,BYR
WR_Up_90912,WR_Train,Western Railway,Up,BORIVALI,CHURCHGATE,21:12,22:22,70,False,Slow,Off-Peak,All Days,,1272,,,Non-AC,90912,BVI
WR_Up_90934,WR_Train,Western Railway,Up,VIRAR,CHURCHGATE,20:58,22:24,86,False,Slow,Peak,All Days,,1258,,,Non-AC,90934,VR
WR_Up_90916,WR_Train,Western Railway,Up,BORIVALI,CHURCHGATE,21:16,22:25,69,False,Slow,Off-Peak,All Days,,1276,,,Non-AC,90916,BVI
WR_Up_90918,WR_Train,Western Railway,Up,Goregaon,CHURCHGATE,21:32,22:30,58,False,Slow,Off-Peak,NOT_SUN,,1292,,,Non-AC,90918,GMN
WR_Up_90922,WR_Train,Western Railway,Up,BORIVALI,CHURCHGATE,21:24,22:33,69,False,Slow,Off-Peak,All Days,,1284,,,Non-AC,90922,BVI
WR_Up_90938,WR_Train,Western Railway,Up,VIRAR,CHURCHGATE,21:07,22:35,88,False,Slow,Off-Peak,All Days,,1267,,,Non-AC,90938,VR
WR_Up_94100,WR_Train,Western Railway,Up,VIRAR,CHURCHGATE,21:16,22:38,82,True,AC Slow,Off-Peak,All Days,,1276,,,AC,94100,VR
WR_Up_90928,WR_Train,Western Railway,Up,BORIVALI,CHURCHGATE,21:32,22:39,67,False,Slow,Off-Peak,All Days,,1292,,,Non-AC,90928,BVI
WR_Up_90930,WR_Train,Western Railway,Up,BORIVALI,CHURCHGATE,21:36,22:42,66,False,Slow,Off-Peak,NOT_SUN,,1296,,,Non-AC,90930,BVI
WR_Up_90932,WR_Train,Western Railway,Up,BORIVALI,CHURCHGATE,21:40,22:45,65,False,Slow,Off-Peak,All Days,,1300,,,Non-AC,90932,BVI
WR_Up_90944,WR_Train,Western Railway,Up,VIRAR,CHURCHGATE,21:24,22:47,83,False,Slow,Off-Peak,All Days,,1284,,,Non-AC,90944,VR
WR_Up_90936,WR_Train,Western Railway,Up,BORIVALI,CHURCHGATE,21:44,22:52,68,False,Slow,Off-Peak,All Days,,1304,,,Non-AC,90936,BVI
WR_Up_94102,WR_Train,Western Railway,Up,VIRAR,CHURCHGATE,21:28,22:52,84,True,AC Slow,Off-Peak,SAT_SUN,,1288,,,AC,94102,VR
WR_Up_90950,WR_Train,Western Railway,Up,VIRAR,CHURCHGATE,21:32,22:59,87,False,Slow,Off-Peak,All Days,,1292,,,Non-AC,90950,VR
WR_Up_90940,WR_Train,Western Railway,Up,BORIVALI,CHURCHGATE,21:50,23:00,70,False,Slow,Off-Peak,All Days,,1310,,,Non-AC,90940,BVI
WR_Up_90942,WR_Train,Western Railway,Up,BORIVALI,CHURCHGATE,21:56,23:05,69,False,Slow,Off-Peak,All Days,,1316,,,Non-AC,90942,BVI
WR_Up_90946,WR_Train,Western Railway,Up,Goregaon,CHURCHGATE,22:12,23:09,57,False,Slow,Off-Peak,NOT_SUN,,1332,,,Non-AC,90946,GMN
WR_Up_90948,WR_Train,Western Railway,Up,BORIVALI,CHURCHGATE,21:58,23:12,74,False,Slow,Off-Peak,All Days,,1318,,,Non-AC,90948,BVI
WR_Up_90952,WR_Train,Western Railway,Up,BORIVALI,CHURCHGATE,22:08,23:15,67,False,Slow,Off-Peak,All Days,,1328,,,Non-AC,90952,BVI
WR_Up_90962,WR_Train,Western Railway,Up,VIRAR,CHURCHGATE,21:52,23:16,84,False,Slow,Off-Peak,All Days,,1312,,,Non-AC,90962,VR
WR_Up_90956,WR_Train,Western Railway,Up,BORIVALI,CHURCHGATE,22:15,23:21,66,False,Slow,Off-Peak,All Days,,1335,,,Non-AC,90956,BVI
WR_Up_90970,WR_Train,Western Railway,Up,VIRAR,CHURCHGATE,22:07,23:22,75,False,Slow,Off-Peak,All Days,,1327,,,Non-AC,90970,VR
WR_Up_90968,WR_Train,Western Railway,Up,VIRAR,CHURCHGATE,22:05,23:27,82,False,Slow,Off-Peak,All Days,,1325,,,Non-AC,90968,VR
WR_Up_90958,WR_Train,Western Railway,Up,BORIVALI,CHURCHGATE,22:22,23:30,68,False,Slow,Off-Peak,All Days,,1342,,,Non-AC,90958,BVI
WR_Up_90964,WR_Train,Western Railway,Up,BORIVALI,CHURCHGATE,22:30,23:36,66,False,Slow,Off-Peak,All Days,,1350,,,Non-AC,90964,BVI
WR_Up_90976,WR_Train,Western Railway,Up,VIRAR,CHURCHGATE,22:14,23:41,87,False,Slow,Off-Peak,All Days,,1334,,,Non-AC,90976,VR
WR_Up_90972,WR_Train,Western Railway,Up,BORIVALI,CHURCHGATE,22:37,23:43,66,False,Slow,Off-Peak,All Days,,1357,,,Non-AC,90972,BVI
WR_Up_90984,WR_Train,Western Railway,Up,VIRAR,CHURCHGATE,22:24,23:47,83,False,Slow,Off-Peak,All Days,,1344,,,Non-AC,90984,VR
WR_Up_90974,WR_Train,Western Railway,Up,BORIVALI,CHURCHGATE,22:43,23:51,68,False,Slow,Off-Peak,All Days,,1363,,,Non-AC,90974,BVI
WR_Up_90978,WR_Train,Western Railway,Up,BORIVALI,CHURCHGATE,22:49,23:56,67,False,Slow,Off-Peak,All Days,,1369,,,Non-AC,90978,BVI
WR_Up_92228,WR_Train,Western Railway,Up,Bhayandar,CHURCHGATE,04:30,05:32,62,False,Slow,Off-Peak,All Days,,270,,,Non-AC,92228,BYR
WR_Up_92212,WR_Train,Western Railway,Up,Nalla Sopara,CHURCHGATE,04:35,05:55,80,False,Slow,Off-Peak,All Days,,275,,,Non-AC,92212,NSP
WR_Up_92004,WR_Train,Western Railway,Up,VIRAR,CHURCHGATE,04:50,06:19,89,False,Slow,Off-Peak,All Days,,290,,,Non-AC,92004,VR
WR_Up_92008,WR_Train,Western Railway,Up,VIRAR,CHURCHGATE,05:08,06:25,77,False,Slow,Off-Peak,All Days,,308,,,Non-AC,92008,VR
WR_Up_92012,WR_Train,Western Railway,Up,VIRAR,CHURCHGATE,05:25,06:52,87,False,Slow,Off-Peak,NOT_SUN,,325,,,Non-AC,92012,VR
WR_Up_92024,WR_Train,Western Railway,Up,VIRAR,CHURCHGATE,06:30,07:54,84,False,Slow,Off-Peak,All Days,,390,,,Non-AC,92024,VR
WR_Up_92230,WR_Train,Western Railway,Up,Vasai Road,CHURCHGATE,07:14,08:29,75,False,Slow,Peak,All Days,,434,,,Non-AC,92230,BSR
WR_Up_92214,WR_Train,Western Railway,Up,VIRAR,CHURCHGATE,07:32,08:56,84,False,Slow,Peak,All Days,,452,,,Non-AC,92214,VR
WR_Up_92210,WR_Train,Western Railway,Up,Bhayandar,CHURCHGATE,08:00,09:06,66,False,Slow,Peak,All Days,,480,,,Non-AC,92210,BYR
WR_Up_92042,WR_Train,Western Railway,Up,VIRAR,CHURCHGATE,07:55,09:16,81,False,Slow,Peak,All Days,,475,,,Non-AC,92042,VR
WR_Up_93202,WR_Train,Western Railway,Up,VIRAR,CHURCHGATE,08:40,09:56,76,False,Slow,Peak,All Days,,520,,,Non-AC,93202,DRD
WR_Up_92232,WR_Train,Western Railway,Up,BORIVALI,CHURCHGATE,09:22,10:19,57,False,Slow,Peak,All Days,,562,,,Non-AC,92232,BVI
WR_Up_92216,WR_Train,Western Railway,Up,BORIVALI,CHURCHGATE,09:48,10:42,54,False,Slow,Peak,All Days,,588,,,Non-AC,92216,BVI
WR_Up_92072,WR_Train,Western Railway,Up,Bhayandar,CHURCHGATE,10:20,11:24,64,False,Slow,Peak,All Days,,620,,,Non-AC,92072,BYR
WR_Up_92078,WR_Train,Western Railway,Up,VIRAR,CHURCHGATE,10:39,12:05,86,False,Slow,Peak,All Days,,639,,,Non-AC,92078,VR
WR_Up_92086,WR_Train,Western Railway,Up,VIRAR,CHURCHGATE,11:10,12:34,84,False,Slow,Off-Peak,All Days,,670,,,Non-AC,92086,VR
WR_Up_92092,WR_Train,Western Railway,Up,VIRAR,CHURCHGATE,11:38,13:00,82,False,Slow,Off-Peak,All Days,,698,,,Non-AC,92092,VR
WR_Up_92218,WR_Train,Western Railway,Up,VIRAR,CHURCHGATE,12:13,13:36,83,False,Slow,Off-Peak,All Days,,733,,,Non-AC,92218,VR
WR_Up_92114,WR_Train,Western Railway,Up,VIRAR,CHURCHGATE,13:42,15:05,83,False,Slow,Off-Peak,All Days,,822,,,Non-AC,92114,VR
WR_Up_92124,WR_Train,Western Railway,Up,VIRAR,CHURCHGATE,14:37,16:00,83,False,Slow,Off-Peak,All Days,,877,,,Non-AC,92124,VR
WR_Up_92126,WR_Train,Western Railway,Up,VIRAR,CHURCHGATE,14:48,16:05,77,False,Slow,Off-Peak,All Days,,888,,,Non-AC,92126,VR
WR_Up_90628,WR_Train,Western Railway,Up,Bhayandar,CHURCHGATE,16:05,17:05,60,False,Slow,Off-Peak,All Days,,965,,,Non-AC,90628,BYR
WR_Up_94118,WR_Train,Western Railway,Up,VIRAR,CHURCHGATE,15:45,17:09,84,True,AC Slow,Off-Peak,All Days,,945,,,AC,94118,VR
WR_Up_94066,WR_Train,Western Railway,Up,BORIVALI,CHURCHGATE,16:18,17:12,54,True,AC Slow,Off-Peak,SAT_SUN,,978,,,AC,94066,BVI
WR_Up_90634,WR_Train,Western Railway,Up,Malad,CHURCHGATE,16:32,17:15,43,False,Slow,Off-Peak,All Days,,992,,,Non-AC,90634,MDD
WR_Up_90644,WR_Train,Western Railway,Up,Bhayandar,CHURCHGATE,16:15,17:20,65,False,Slow,Off-Peak,All Days,,975,,,Non-AC,90644,BYR
WR_Up_90652,WR_Train,Western Railway,Up,VIRAR,CHURCHGATE,16:08,17:29,81,False,Slow,Off-Peak,All Days,,968,,,Non-AC,90652,VR
WR_Up_90654,WR_Train,Western Railway,Up,Malad,CHURCHGATE,16:50,17:32,42,False,Slow,Off-Peak,All Days,,1010,,,Non-AC,90654,MDD
WR_Up_94068,WR_Train,Western Railway,Up,VIRAR,CHURCHGATE,16:20,17:39,79,True,AC Slow,Off-Peak,All Days,,980,,,AC,94068,VR
WR_Up_90664,WR_Train,Western Railway,Up,Malad,CHURCHGATE,17:02,17:44,42,False,Slow,Peak,All Days,,1022,,,Non-AC,90664,MDD
WR_Up_90674,WR_Train,Western Railway,Up,VIRAR,CHURCHGATE,16:28,17:52,84,False,Slow,Off-Peak,All Days,,988,,,Non-AC,90674,VR
WR_Up_94072,WR_Train,Western Railway,Up,VIRAR,CHURCHGATE,16:32,17:58,86,True,AC Slow,Off-Peak,All Days,,992,,,AC,94072,VR
WR_Up_92220,WR_Train,Western Railway,Up,Bhayandar,CHURCHGATE,17:02,18:06,64,False,Slow,Peak,All Days,,1022,,,Non-AC,92220,BYR
WR_Up_90690,WR_Train,Western Railway,Up,Malad,CHURCHGATE,17:25,18:10,45,False,Slow,Peak,All Days,,1045,,,Non-AC,90690,MDD
WR_Up_94076,WR_Train,Western Railway,Up,BORIVALI,CHURCHGATE,17:28,18:17,49,True,AC Slow,Peak,All Days,,1048,,,AC,94076,BVI
WR_Up_90704,WR_Train,Western Railway,Up,Nalla Sopara,CHURCHGATE,17:03,18:20,77,False,Slow,Peak,NOT_SUN,,1023,,,Non-AC,90704,NSP
WR_Up_94078,WR_Train,Western Railway,Up,VIRAR,CHURCHGATE,17:00,18:25,85,True,AC Slow,Peak,All Days,,1020,,,AC,94078,VR
WR_Up_90716,WR_Train,Western Railway,Up,VIRAR,CHURCHGATE,17:05,18:28,83,False,Slow,Peak,All Days,,1025,,,Non-AC,90716,VR
WR_Up_90710,WR_Train,Western Railway,Up,BORIVALI,CHURCHGATE,17:39,18:32,53,False,Slow,Peak,All Days,,1059,,,Non-AC,90710,BVI
WR_Up_90720,WR_Train,Western Railway,Up,Bhayandar,CHURCHGATE,17:34,18:36,62,False,Slow,Peak,All Days,,1054,,,Non-AC,90720,BYR
WR_Up_90734,WR_Train,Western Railway,Up,VIRAR,CHURCHGATE,17:27,18:46,79,False,Slow,Peak,All Days,,1047,,,Non-AC,90734,VR
WR_Up_94080,WR_Train,Western Railway,Up,BORIVALI,CHURCHGATE,18:08,18:52,44,True,AC Slow,Peak,SAT_SUN,,1088,,,AC,94080,BVI
WR_Up_90748,WR_Train,Western Railway,Up,Vasai Road,CHURCHGATE,17:48,18:56,68,False,Slow,Peak,All Days,,1068,,,Non-AC,90748,BSR
WR_Up_90750,WR_Train,Western Railway,Up,VIRAR,CHURCHGATE,17:41,19:00,79,False,Slow,Peak,All Days,,1061,,,Non-AC,90750,VR
WR_Up_92158,WR_Train,Western Railway,Up,VIRAR,CHURCHGATE,17:43,19:03,80,False,Slow,Peak,All Days,,1063,,,Non-AC,92158,VR
WR_Up_90758,WR_Train,Western Railway,Up,BORIVALI,CHURCHGATE,18:24,19:08,44,False,Slow,Peak,All Days,,1104,,,Non-AC,90758,BVI
WR_Up_94140,WR_Train,Western Railway,Up,Malad,CHURCHGATE,18:32,19:19,47,True,AC Slow,Peak,All Days,,1112,,,AC,94140,MDD
WR_Up_90780,WR_Train,Western Railway,Up,VIRAR,CHURCHGATE,18:13,19:29,76,False,Slow,Peak,All Days,,1093,,,Non-AC,90780,VR
WR_Up_94082,WR_Train,Western Railway,Up,BORIVALI,CHURCHGATE,18:52,19:36,44,True,AC Slow,Peak,All Days,,1132,,,AC,94082,BVI
WR_Up_90778,WR_Train,Western Railway,Up,BORIVALI,CHURCHGATE,18:47,19:42,55,False,Slow,Peak,All Days,,1127,,,Non-AC,90778,BVI
WR_Up_90792,WR_Train,Western Railway,Up,VIRAR,CHURCHGATE,18:24,19:49,85,False,Slow,Peak,All Days,,1104,,,Non-AC,90792,VR
WR_Up_94086,WR_Train,Western Railway,Up,VIRAR,CHURCHGATE,18:33,19:55,82,True,AC Slow,Peak,SAT_SUN,,1113,,,AC,94086,VR
WR_Up_92222,WR_Train,Western Railway,Up,BORIVALI,CHURCHGATE,19:10,19:58,48,False,Slow,Peak,All Days,,1150,,,Non-AC,92222,BVI
WR_Up_90806,WR_Train,Western Railway,Up,BORIVALI,CHURCHGATE,19:11,20:03,52,False,Slow,Peak,All Days,,1151,,,Non-AC,90806,BVI
WR_Up_92174,WR_Train,Western Railway,Up,VIRAR,CHURCHGATE,18:55,20:07,72,False,Slow,Peak,NOT_SUN,,1135,,,Non-AC,92174,VR
WR_Up_90820,WR_Train,Western Railway,Up,BORIVALI,CHURCHGATE,19:26,20:13,47,False,Slow,Peak,All Days,,1166,,,Non-AC,90820,BVI
WR_Up_93034,WR_Train,Western Railway,Up,VIRAR,CHURCHGATE,18:55,20:16,81,False,Slow,Peak,All Days,,1135,,,Non-AC,93034,DRD
WR_Up_90818,WR_Train,Western Railway,Up,BORIVALI,CHURCHGATE,19:25,20:20,55,False,Slow,Peak,All Days,,1165,,,Non-AC,90818,BVI
WR_Up_94090,WR_Train,Western Railway,Up,Bhayandar,CHURCHGATE,19:23,20:23,60,True,AC Slow,Peak,All Days,,1163,,,AC,94090,BYR
WR_Up_90832,WR_Train,Western Railway,Up,VIRAR,CHURCHGATE,19:11,20:33,82,False,Slow,Peak,All Days,,1151,,,Non-AC,90832,VR
WR_Up_92224,WR_Train,Western Railway,Up,VIRAR,CHURCHGATE,21:39,23:05,86,False,Slow,Off-Peak,All Days,,1299,,,Non-AC,92224,VR
HR_Up_98238,CR_Train,Harbour Line CSMT,Up,Panvel,Mumbai CSMT,22:46,00:05,79,False,Slow,Off-Peak,All Days,,1366,,,Non-AC,98238,PL194
HR_Up_98886,CR_Train,Harbour Line CSMT,Up,Bandra,Mumbai CSMT,23:42,00:13,31,False,Slow,Off-Peak,All Days,,1422,,,Non-AC,98886,B86
HR_Up_98242,CR_Train,Harbour Line CSMT,Up,Panvel,Mumbai CSMT,22:58,00:17,79,True,AC Slow,Off-Peak,All Days,,1378,,,AC,98242,PL196
HR_Up_98788,CR_Train,Harbour Line CSMT,Up,Goregaon,Mumbai CSMT,23:33,00:28,55,False,Slow,Off-Peak,All Days,,1413,,,Non-AC,98788,GN88
HR_Up_98244,CR_Train,Harbour Line CSMT,Up,Panvel,Mumbai CSMT,23:13,00:32,79,False,Slow,Off-Peak,All Days,,1393,,,Non-AC,98244,PL198
HR_Up_98702,CR_Train,Harbour Line CSMT,Up,Goregaon,Mumbai CSMT,00:07,01:02,55,False,Slow,Off-Peak,All Days,,7,,,Non-AC,98702,GN2
HR_Up_98002,CR_Train,Harbour Line CSMT,Up,Panvel,Mumbai CSMT,00:03,01:06,63,False,Slow,Off-Peak,All Days,,3,,,Non-AC,98002,PL2
HR_Up_98802,CR_Train,Harbour Line CSMT,Up,Bandra,Mumbai CSMT,04:17,04:48,31,False,Slow,Off-Peak,All Days,,257,,,Non-AC,98802,B2
HR_Up_98502,CR_Train,Harbour Line CSMT,Up,Vashi,Mumbai CSMT,04:03,04:52,49,False,Slow,Off-Peak,NOT_SUN,,243,,,Non-AC,98502,V2
HR_Up_98302,CR_Train,Harbour Line CSMT,Up,Belapur CBD,Mumbai CSMT,03:55,05:00,65,False,Slow,Off-Peak,All Days,,235,,,Non-AC,98302,BR2
HR_Up_98804,CR_Train,Harbour Line CSMT,Up,Bandra,Mumbai CSMT,04:34,05:04,30,False,Slow,Off-Peak,All Days,,274,,,Non-AC,98804,B4
HR_Up_98504,CR_Train,Harbour Line CSMT,Up,Vashi,Mumbai CSMT,04:25,05:14,49,False,Slow,Off-Peak,All Days,,265,,,Non-AC,98504,V4
HR_Up_98304,CR_Train,Harbour Line CSMT,Up,Belapur CBD,Mumbai CSMT,04:13,05:18,65,False,Slow,Off-Peak,All Days,,253,,,Non-AC,98304,BR4
HR_Up_98004,CR_Train,Harbour Line CSMT,Up,Panvel,Mumbai CSMT,04:03,05:22,79,False,Slow,Off-Peak,All Days,,243,,,Non-AC,98004,PL4
HR_Up_98508,CR_Train,Harbour Line CSMT,Up,Vashi,Mumbai CSMT,04:37,05:26,49,False,Slow,Off-Peak,All Days,,277,,,Non-AC,98508,V6
HR_Up_98306,CR_Train,Harbour Line CSMT,Up,Belapur CBD,Mumbai CSMT,04:26,05:30,64,False,Slow,Off-Peak,All Days,,266,,,Non-AC,98306,BR6
HR_Up_98510,CR_Train,Harbour Line CSMT,Up,Vashi,Mumbai CSMT,04:50,05:39,49,False,Slow,Off-Peak,All Days,,290,,,Non-AC,98510,V8
HR_Up_98806,CR_Train,Harbour Line CSMT,Up,Bandra,Mumbai CSMT,05:13,05:43,30,False,Slow,Off-Peak,All Days,,313,,,Non-AC,98806,B6
HR_Up_98006,CR_Train,Harbour Line CSMT,Up,Panvel,Mumbai CSMT,04:27,05:47,80,False,Slow,Off-Peak,All Days,,267,,,Non-AC,98006,PL6
HR_Up_98308,CR_Train,Harbour Line CSMT,Up,Belapur CBD,Mumbai CSMT,04:53,05:56,63,False,Slow,Off-Peak,All Days,,293,,,Non-AC,98308,BR8
HR_Up_98704,CR_Train,Harbour Line CSMT,Up,Goregaon,Mumbai CSMT,05:05,06:00,55,False,Slow,Off-Peak,All Days,,305,,,Non-AC,98704,GN4
HR_Up_98514,CR_Train,Harbour Line CSMT,Up,Vashi,Mumbai CSMT,05:15,06:04,49,False,Slow,Off-Peak,NOT_SUN,,315,,,Non-AC,98514,V10
HR_Up_98008,CR_Train,Harbour Line CSMT,Up,Panvel,Mumbai CSMT,04:49,06:08,79,False,Slow,Off-Peak,All Days,,289,,,Non-AC,98008,PL8
HR_Up_98706,CR_Train,Harbour Line CSMT,Up,Goregaon,Mumbai CSMT,05:17,06:12,55,False,Slow,Off-Peak,All Days,,317,,,Non-AC,98706,GN6
HR_Up_98516,CR_Train,Harbour Line CSMT,Up,Vashi,Mumbai CSMT,05:27,06:16,49,False,Slow,Off-Peak,All Days,,327,,,Non-AC,98516,V12
HR_Up_98010,CR_Train,Harbour Line CSMT,Up,Panvel,Mumbai CSMT,05:05,06:24,79,False,Slow,Off-Peak,All Days,,305,,,Non-AC,98010,PL10
HR_Up_98708,CR_Train,Harbour Line CSMT,Up,Goregaon,Mumbai CSMT,05:33,06:28,55,False,Slow,Off-Peak,All Days,,333,,,Non-AC,98708,GN8
HR_Up_98518,CR_Train,Harbour Line CSMT,Up,Vashi,Mumbai CSMT,05:43,06:32,49,False,Slow,Off-Peak,All Days,,343,,,Non-AC,98518,V14
HR_Up_98012,CR_Train,Harbour Line CSMT,Up,Panvel,Mumbai CSMT,05:17,06:36,79,False,Slow,Off-Peak,All Days,,317,,,Non-AC,98012,PL12
HR_Up_98808,CR_Train,Harbour Line CSMT,Up,Bandra,Mumbai CSMT,06:10,06:40,30,False,Slow,Off-Peak,All Days,,370,,,Non-AC,98808,B8
HR_Up_98310,CR_Train,Harbour Line CSMT,Up,Belapur CBD,Mumbai CSMT,05:40,06:44,64,False,Slow,Off-Peak,All Days,,340,,,Non-AC,98310,BR10
HR_Up_98014,CR_Train,Harbour Line CSMT,Up,Panvel,Mumbai CSMT,05:31,06:50,79,False,Slow,Off-Peak,All Days,,331,,,Non-AC,98014,PL14
HR_Up_98710,CR_Train,Harbour Line CSMT,Up,Goregaon,Mumbai CSMT,05:59,06:54,55,False,Slow,Off-Peak,NOT_SUN,,359,,,Non-AC,98710,GN10
HR_Up_98016,CR_Train,Harbour Line CSMT,Up,Panvel,Mumbai CSMT,05:40,06:59,79,False,Slow,Off-Peak,All Days,,340,,,Non-AC,98016,PL16
HR_Up_98314,CR_Train,Harbour Line CSMT,Up,Belapur CBD,Mumbai CSMT,06:02,07:06,64,False,Slow,Off-Peak,All Days,,362,,,Non-AC,98314,BR12
HR_Up_98712,CR_Train,Harbour Line CSMT,Up,Goregaon,Mumbai CSMT,06:14,07:09,55,False,Slow,Off-Peak,All Days,,374,,,Non-AC,98712,GN12
HR_Up_98520,CR_Train,Harbour Line CSMT,Up,Vashi,Mumbai CSMT,06:23,07:13,50,True,AC Slow,Off-Peak,All Days,,383,,,AC,98520,V16
HR_Up_98810,CR_Train,Harbour Line CSMT,Up,Bandra,Mumbai CSMT,06:45,07:17,32,False,Slow,Off-Peak,All Days,,405,,,Non-AC,98810,B10
HR_Up_98018,CR_Train,Harbour Line CSMT,Up,Panvel,Mumbai CSMT,06:02,07:21,79,False,Slow,Off-Peak,All Days,,362,,,Non-AC,98018,PL18
HR_Up_98316,CR_Train,Harbour Line CSMT,Up,Belapur CBD,Mumbai CSMT,06:22,07:26,64,False,Slow,Off-Peak,All Days,,382,,,Non-AC,98316,BR14
HR_Up_98714,CR_Train,Harbour Line CSMT,Up,Goregaon,Mumbai CSMT,06:35,07:30,55,False,Slow,Off-Peak,All Days,,395,,,Non-AC,98714,GN14
HR_Up_98020,CR_Train,Harbour Line CSMT,Up,Panvel,Mumbai CSMT,06:17,07:36,79,True,AC Slow,Off-Peak,NOT_SUN,,377,,,AC,98020,PL20
HR_Up_98812,CR_Train,Harbour Line CSMT,Up,Bandra,Mumbai CSMT,07:13,07:44,31,False,Slow,Peak,All Days,,433,,,Non-AC,98812,B12
HR_Up_98022,CR_Train,Harbour Line CSMT,Up,Panvel,Mumbai CSMT,06:29,07:48,79,False,Slow,Off-Peak,All Days,,389,,,Non-AC,98022,PL22
HR_Up_98716,CR_Train,Harbour Line CSMT,Up,Goregaon,Mumbai CSMT,06:57,07:52,55,False,Slow,Off-Peak,All Days,,417,,,Non-AC,98716,GN16
HR_Up_98524,CR_Train,Harbour Line CSMT,Up,Vashi,Mumbai CSMT,07:07,07:56,49,False,Slow,Peak,All Days,,427,,,Non-AC,98524,V18
HR_Up_98814,CR_Train,Harbour Line CSMT,Up,Bandra,Mumbai CSMT,07:29,08:00,31,False,Slow,Peak,All Days,,449,,,Non-AC,98814,B14
HR_Up_98026,CR_Train,Harbour Line CSMT,Up,Panvel,Mumbai CSMT,06:45,08:04,79,False,Slow,Off-Peak,All Days,,405,,,Non-AC,98026,PL24
HR_Up_98318,CR_Train,Harbour Line CSMT,Up,Belapur CBD,Mumbai CSMT,07:04,08:08,64,False,Slow,Peak,NOT_SUN,,424,,,Non-AC,98318,BR16
HR_Up_98718,CR_Train,Harbour Line CSMT,Up,Goregaon,Mumbai CSMT,07:17,08:12,55,False,Slow,Peak,All Days,,437,,,Non-AC,98718,GN18
HR_Up_98028,CR_Train,Harbour Line CSMT,Up,Panvel,Mumbai CSMT,06:57,08:16,79,False,Slow,Off-Peak,All Days,,417,,,Non-AC,98028,PL26
HR_Up_98526,CR_Train,Harbour Line CSMT,Up,Vashi,Mumbai CSMT,07:31,08:20,49,False,Slow,Peak,All Days,,451,,,Non-AC,98526,V20
HR_Up_98320,CR_Train,Harbour Line CSMT,Up,Belapur CBD,Mumbai CSMT,07:20,08:24,64,False,Slow,Peak,All Days,,440,,,Non-AC,98320,BR18
HR_Up_98816,CR_Train,Harbour Line CSMT,Up,Bandra,Mumbai CSMT,07:58,08:29,31,False,Slow,Peak,All Days,,478,,,Non-AC,98816,B16
HR_Up_98032,CR_Train,Harbour Line CSMT,Up,Panvel,Mumbai CSMT,07:14,08:33,79,False,Slow,Peak,All Days,,434,,,Non-AC,98032,PL28
HR_Up_98528,CR_Train,Harbour Line CSMT,Up,Vashi,Mumbai CSMT,07:48,08:37,49,False,Slow,Peak,All Days,,468,,,Non-AC,98528,V22
HR_Up_98720,CR_Train,Harbour Line CSMT,Up,Goregaon,Mumbai CSMT,07:47,08:42,55,False,Slow,Peak,All Days,,467,,,Non-AC,98720,GN20
HR_Up_98602,CR_Train,Harbour Line CSMT,Up,Mankhurd,Mumbai CSMT,08:05,08:46,41,False,Slow,Peak,All Days,,485,,,Non-AC,98602,M2
HR_Up_98036,CR_Train,Harbour Line CSMT,Up,Panvel,Mumbai CSMT,07:31,08:50,79,False,Slow,Peak,All Days,,451,,,Non-AC,98036,PL30
HR_Up_98322,CR_Train,Harbour Line CSMT,Up,Belapur CBD,Mumbai CSMT,07:50,08:54,64,False,Slow,Peak,All Days,,470,,,Non-AC,98322,BR20
HR_Up_98818,CR_Train,Harbour Line CSMT,Up,Bandra,Mumbai CSMT,08:28,08:58,30,False,Slow,Peak,All Days,,508,,,Non-AC,98818,B18
HR_Up_98530,CR_Train,Harbour Line CSMT,Up,Vashi,Mumbai CSMT,08:13,09:02,49,False,Slow,Peak,All Days,,493,,,Non-AC,98530,V24
HR_Up_98038,CR_Train,Harbour Line CSMT,Up,Panvel,Mumbai CSMT,07:47,09:06,79,False,Slow,Peak,All Days,,467,,,Non-AC,98038,PL32
HR_Up_98324,CR_Train,Harbour Line CSMT,Up,Belapur CBD,Mumbai CSMT,08:06,09:10,64,False,Slow,Peak,All Days,,486,,,Non-AC,98324,BR22
HR_Up_98722,CR_Train,Harbour Line CSMT,Up,Goregaon,Mumbai CSMT,08:17,09:14,57,False,Slow,Peak,All Days,,497,,,Non-AC,98722,GN22
HR_Up_98042,CR_Train,Harbour Line CSMT,Up,Panvel,Mumbai CSMT,07:59,09:18,79,False,Slow,Peak,NOT_SUN,,479,,,Non-AC,98042,PL34
HR_Up_98532,CR_Train,Harbour Line CSMT,Up,Vashi,Mumbai CSMT,08:33,09:22,49,False,Slow,Peak,All Days,,513,,,Non-AC,98532,V26
HR_Up_98820,CR_Train,Harbour Line CSMT,Up,Bandra,Mumbai CSMT,08:53,09:26,33,False,Slow,Peak,All Days,,533,,,Non-AC,98820,B20
HR_Up_98044,CR_Train,Harbour Line CSMT,Up,Panvel,Mumbai CSMT,08:09,09:30,81,False,Slow,Peak,All Days,,489,,,Non-AC,98044,PL36
HR_Up_98604,CR_Train,Harbour Line CSMT,Up,Mankhurd,Mumbai CSMT,08:53,09:34,41,False,Slow,Peak,NOT_SUN,,533,,,Non-AC,98604,M4
HR_Up_98046,CR_Train,Harbour Line CSMT,Up,Panvel,Mumbai CSMT,08:19,09:38,79,False,Slow,Peak,NOT_SUN,,499,,,Non-AC,98046,PL38
HR_Up_98822,CR_Train,Harbour Line CSMT,Up,Bandra,Mumbai CSMT,09:08,09:42,34,False,Slow,Peak,All Days,,548,,,Non-AC,98822,B22
HR_Up_98048,CR_Train,Harbour Line CSMT,Up,Panvel,Mumbai CSMT,08:26,09:45,79,False,Slow,Peak,All Days,,506,,,Non-AC,98048,PL40
HR_Up_98724,CR_Train,Harbour Line CSMT,Up,Goregaon,Mumbai CSMT,08:51,09:48,57,False,Slow,Peak,All Days,,531,,,Non-AC,98724,GN24
HR_Up_98606,CR_Train,Harbour Line CSMT,Up,Chembur,Mumbai CSMT,09:14,09:52,38,False,Slow,Peak,All Days,,554,,,Non-AC,98606,CM2
HR_Up_98326,CR_Train,Harbour Line CSMT,Up,Belapur CBD,Mumbai CSMT,08:49,09:55,66,False,Slow,Peak,NOT_SUN,,529,,,Non-AC,98326,BR24
HR_Up_98824,CR_Train,Harbour Line CSMT,Up,Bandra,Mumbai CSMT,09:27,09:59,32,False,Slow,Peak,All Days,,567,,,Non-AC,98824,B24
HR_Up_98534,CR_Train,Harbour Line CSMT,Up,Vashi,Mumbai CSMT,09:12,10:02,50,False,Slow,Peak,All Days,,552,,,Non-AC,98534,V28
HR_Up_98052,CR_Train,Harbour Line CSMT,Up,Panvel,Mumbai CSMT,08:45,10:06,81,True,AC Slow,Peak,All Days,,525,,,AC,98052,PL42
HR_Up_98726,CR_Train,Harbour Line CSMT,Up,Goregaon,Mumbai CSMT,09:13,10:10,57,False,Slow,Peak,All Days,,553,,,Non-AC,98726,GN26
HR_Up_98328,CR_Train,Harbour Line CSMT,Up,Belapur CBD,Mumbai CSMT,09:07,10:14,67,False,Slow,Peak,All Days,,547,,,Non-AC,98328,BR26
HR_Up_98056,CR_Train,Harbour Line CSMT,Up,Panvel,Mumbai CSMT,08:56,10:18,82,False,Slow,Peak,All Days,,536,,,Non-AC,98056,PL44
HR_Up_98826,CR_Train,Harbour Line CSMT,Up,Bandra,Mumbai CSMT,09:51,10:22,31,False,Slow,Peak,All Days,,591,,,Non-AC,98826,B26
HR_Up_98330,CR_Train,Harbour Line CSMT,Up,Belapur CBD,Mumbai CSMT,09:20,10:26,66,False,Slow,Peak,NOT_SUN,,560,,,Non-AC,98330,BR28
HR_Up_98058,CR_Train,Harbour Line CSMT,Up,Panvel,Mumbai CSMT,09:09,10:30,81,True,AC Slow,Peak,All Days,,549,,,AC,98058,PL46
HR_Up_98536,CR_Train,Harbour Line CSMT,Up,Vashi,Mumbai CSMT,09:44,10:34,50,False,Slow,Peak,All Days,,584,,,Non-AC,98536,V30
HR_Up_98060,CR_Train,Harbour Line CSMT,Up,Panvel,Mumbai CSMT,09:17,10:38,81,False,Slow,Peak,All Days,,557,,,Non-AC,98060,PL48
HR_Up_98728,CR_Train,Harbour Line CSMT,Up,Goregaon,Mumbai CSMT,09:46,10:41,55,False,Slow,Peak,All Days,,586,,,Non-AC,98728,GN28
HR_Up_98332,CR_Train,Harbour Line CSMT,Up,Belapur CBD,Mumbai CSMT,09:39,10:45,66,False,Slow,Peak,All Days,,579,,,Non-AC,98332,BR30
HR_Up_98062,CR_Train,Harbour Line CSMT,Up,Panvel,Mumbai CSMT,09:28,10:48,80,False,Slow,Peak,All Days,,568,,,Non-AC,98062,PL50
HR_Up_98828,CR_Train,Harbour Line CSMT,Up,Bandra,Mumbai CSMT,10:20,10:52,32,False,Slow,Peak,All Days,,620,,,Non-AC,98828,B28
HR_Up_98538,CR_Train,Harbour Line CSMT,Up,Vashi,Mumbai CSMT,10:07,10:56,49,False,Slow,Peak,All Days,,607,,,Non-AC,98538,V32
HR_Up_98066,CR_Train,Harbour Line CSMT,Up,Panvel,Mumbai CSMT,09:40,11:00,80,False,Slow,Peak,All Days,,580,,,Non-AC,98066,PL52
HR_Up_98730,CR_Train,Harbour Line CSMT,Up,Goregaon,Mumbai CSMT,10:06,11:04,58,False,Slow,Peak,All Days,,606,,,Non-AC,98730,GN30
HR_Up_98540,CR_Train,Harbour Line CSMT,Up,Vashi,Mumbai CSMT,10:19,11:08,49,False,Slow,Peak,NOT_SUN,,619,,,Non-AC,98540,V34
HR_Up_98070,CR_Train,Harbour Line CSMT,Up,Panvel,Mumbai CSMT,09:53,11:12,79,False,Slow,Peak,All Days,,593,,,Non-AC,98070,PL54
HR_Up_98830,CR_Train,Harbour Line CSMT,Up,Bandra,Mumbai CSMT,10:45,11:16,31,False,Slow,Peak,All Days,,645,,,Non-AC,98830,B30
HR_Up_98334,CR_Train,Harbour Line CSMT,Up,Belapur CBD,Mumbai CSMT,10:16,11:20,64,False,Slow,Peak,All Days,,616,,,Non-AC,98334,BR32
HR_Up_98072,CR_Train,Harbour Line CSMT,Up,Panvel,Mumbai CSMT,10:05,11:24,79,False,Slow,Peak,All Days,,605,,,Non-AC,98072,PL56
HR_Up_98732,CR_Train,Harbour Line CSMT,Up,Goregaon,Mumbai CSMT,10:35,11:30,55,False,Slow,Peak,All Days,,635,,,Non-AC,98732,GN32
HR_Up_98074,CR_Train,Harbour Line CSMT,Up,Panvel,Mumbai CSMT,10:17,11:36,79,False,Slow,Peak,All Days,,617,,,Non-AC,98074,PL58
HR_Up_98336,CR_Train,Harbour Line CSMT,Up,Belapur CBD,Mumbai CSMT,10:40,11:44,64,False,Slow,Peak,All Days,,640,,,Non-AC,98336,BR34
HR_Up_98832,CR_Train,Harbour Line CSMT,Up,Bandra,Mumbai CSMT,11:17,11:48,31,False,Slow,Off-Peak,All Days,,677,,,Non-AC,98832,B32
HR_Up_98078,CR_Train,Harbour Line CSMT,Up,Panvel,Mumbai CSMT,10:33,11:52,79,False,Slow,Peak,All Days,,633,,,Non-AC,98078,PL60
HR_Up_98734,CR_Train,Harbour Line CSMT,Up,Goregaon,Mumbai CSMT,11:00,11:56,56,False,Slow,Peak,All Days,,660,,,Non-AC,98734,GN34
HR_Up_98338,CR_Train,Harbour Line CSMT,Up,Belapur CBD,Mumbai CSMT,10:59,12:04,65,False,Slow,Peak,NOT_SUN,,659,,,Non-AC,98338,BR36
HR_Up_98080,CR_Train,Harbour Line CSMT,Up,Panvel,Mumbai CSMT,10:49,12:08,79,False,Slow,Peak,All Days,,649,,,Non-AC,98080,PL62
HR_Up_98834,CR_Train,Harbour Line CSMT,Up,Bandra,Mumbai CSMT,11:41,12:12,31,False,Slow,Off-Peak,All Days,,701,,,Non-AC,98834,B34
HR_Up_98340,CR_Train,Harbour Line CSMT,Up,Belapur CBD,Mumbai CSMT,11:13,12:17,64,False,Slow,Off-Peak,NOT_SUN,,673,,,Non-AC,98340,BR38
HR_Up_98736,CR_Train,Harbour Line CSMT,Up,Goregaon,Mumbai CSMT,11:23,12:21,58,False,Slow,Off-Peak,All Days,,683,,,Non-AC,98736,GN36
HR_Up_98082,CR_Train,Harbour Line CSMT,Up,Panvel,Mumbai CSMT,11:06,12:25,79,False,Slow,Off-Peak,All Days,,666,,,Non-AC,98082,PL64
HR_Up_91392,CR_Train,Harbour Line CSMT,Up,Goregaon,Mumbai CSMT,11:34,12:28,54,False,Slow,Off-Peak,NOT_SUN,,694,,,Non-AC,91392,WGN2
HR_Up_98086,CR_Train,Harbour Line CSMT,Up,Panvel,Mumbai CSMT,11:16,12:35,79,False,Slow,Off-Peak,All Days,,676,,,Non-AC,98086,PL66
HR_Up_98342,CR_Train,Harbour Line CSMT,Up,Belapur CBD,Mumbai CSMT,11:39,12:43,64,False,Slow,Off-Peak,All Days,,699,,,Non-AC,98342,BR40
HR_Up_98836,CR_Train,Harbour Line CSMT,Up,Bandra,Mumbai CSMT,12:16,12:47,31,False,Slow,Off-Peak,All Days,,736,,,Non-AC,98836,B36
HR_Up_98090,CR_Train,Harbour Line CSMT,Up,Panvel,Mumbai CSMT,11:32,12:51,79,False,Slow,Off-Peak,All Days,,692,,,Non-AC,98090,PL68
HR_Up_98738,CR_Train,Harbour Line CSMT,Up,Goregaon,Mumbai CSMT,11:54,12:54,60,False,Slow,Off-Peak,All Days,,714,,,Non-AC,98738,GN38
HR_Up_98344,CR_Train,Harbour Line CSMT,Up,Belapur CBD,Mumbai CSMT,11:54,12:58,64,False,Slow,Off-Peak,NOT_SUN,,714,,,Non-AC,98344,BR42
HR_Up_98092,CR_Train,Harbour Line CSMT,Up,Panvel,Mumbai CSMT,11:43,13:02,79,True,AC Slow,Off-Peak,All Days,,703,,,AC,98092,PL70
HR_Up_98838,CR_Train,Harbour Line CSMT,Up,Bandra,Mumbai CSMT,12:37,13:07,30,False,Slow,Off-Peak,All Days,,757,,,Non-AC,98838,B38
HR_Up_98094,CR_Train,Harbour Line CSMT,Up,Panvel,Mumbai CSMT,11:52,13:11,79,False,Slow,Off-Peak,All Days,,712,,,Non-AC,98094,PL72
HR_Up_98346,CR_Train,Harbour Line CSMT,Up,Belapur CBD,Mumbai CSMT,12:11,13:15,64,False,Slow,Off-Peak,All Days,,731,,,Non-AC,98346,BR44
HR_Up_98740,CR_Train,Harbour Line CSMT,Up,Goregaon,Mumbai CSMT,12:27,13:22,55,False,Slow,Off-Peak,All Days,,747,,,Non-AC,98740,GN40
HR_Up_98098,CR_Train,Harbour Line CSMT,Up,Panvel,Mumbai CSMT,12:07,13:26,79,False,Slow,Off-Peak,All Days,,727,,,Non-AC,98098,PL74
HR_Up_98840,CR_Train,Harbour Line CSMT,Up,Bandra,Mumbai CSMT,12:58,13:30,32,False,Slow,Off-Peak,All Days,,778,,,Non-AC,98840,B40
HR_Up_98348,CR_Train,Harbour Line CSMT,Up,Belapur CBD,Mumbai CSMT,12:29,13:34,65,False,Slow,Off-Peak,All Days,,749,,,Non-AC,98348,BR46
HR_Up_98100,CR_Train,Harbour Line CSMT,Up,Panvel,Mumbai CSMT,12:24,13:43,79,False,Slow,Off-Peak,All Days,,744,,,Non-AC,98100,PL76
HR_Up_98742,CR_Train,Harbour Line CSMT,Up,Goregaon,Mumbai CSMT,12:53,13:48,55,False,Slow,Off-Peak,All Days,,773,,,Non-AC,98742,GN42
HR_Up_98350,CR_Train,Harbour Line CSMT,Up,Belapur CBD,Mumbai CSMT,12:48,13:52,64,False,Slow,Off-Peak,All Days,,768,,,Non-AC,98350,BR48
HR_Up_98842,CR_Train,Harbour Line CSMT,Up,Bandra,Mumbai CSMT,13:24,13:56,32,False,Slow,Off-Peak,All Days,,804,,,Non-AC,98842,B42
HR_Up_98102,CR_Train,Harbour Line CSMT,Up,Panvel,Mumbai CSMT,12:41,14:00,79,False,Slow,Off-Peak,All Days,,761,,,Non-AC,98102,PL78
HR_Up_98744,CR_Train,Harbour Line CSMT,Up,Goregaon,Mumbai CSMT,13:15,14:09,54,False,Slow,Off-Peak,All Days,,795,,,Non-AC,98744,GN44
HR_Up_98106,CR_Train,Harbour Line CSMT,Up,Panvel,Mumbai CSMT,12:56,14:16,80,False,Slow,Off-Peak,All Days,,776,,,Non-AC,98106,PL80
HR_Up_98844,CR_Train,Harbour Line CSMT,Up,Bandra,Mumbai CSMT,13:51,14:22,31,False,Slow,Off-Peak,All Days,,831,,,Non-AC,98844,B44
HR_Up_98108,CR_Train,Harbour Line CSMT,Up,Panvel,Mumbai CSMT,13:09,14:28,79,False,Slow,Off-Peak,All Days,,789,,,Non-AC,98108,PL82
HR_Up_91394,CR_Train,Harbour Line CSMT,Up,Goregaon,Mumbai CSMT,13:38,14:32,54,False,Slow,Off-Peak,NOT_SUN,,818,,,Non-AC,91394,WGN4
HR_Up_98110,CR_Train,Harbour Line CSMT,Up,Panvel,Mumbai CSMT,13:19,14:38,79,False,Slow,Off-Peak,All Days,,799,,,Non-AC,98110,PL84
HR_Up_98112,CR_Train,Harbour Line CSMT,Up,Panvel,Mumbai CSMT,13:23,14:43,80,False,Slow,Off-Peak,NOT_SUN,,803,,,Non-AC,98112,PL86
HR_Up_98846,CR_Train,Harbour Line CSMT,Up,Bandra,Mumbai CSMT,14:17,14:48,31,False,Slow,Off-Peak,All Days,,857,,,Non-AC,98846,B46
HR_Up_98114,CR_Train,Harbour Line CSMT,Up,Panvel,Mumbai CSMT,13:33,14:52,79,False,Slow,Off-Peak,NOT_SUN,,813,,,Non-AC,98114,PL88
HR_Up_98116,CR_Train,Harbour Line CSMT,Up,Panvel,Mumbai CSMT,13:37,14:56,79,False,Slow,Off-Peak,All Days,,817,,,Non-AC,98116,PL90
HR_Up_98746,CR_Train,Harbour Line CSMT,Up,Goregaon,Mumbai CSMT,14:05,15:00,55,False,Slow,Off-Peak,All Days,,845,,,Non-AC,98746,GN46
HR_Up_98118,CR_Train,Harbour Line CSMT,Up,Panvel,Mumbai CSMT,13:45,15:04,79,False,Slow,Off-Peak,NOT_SUN,,825,,,Non-AC,98118,PL92
HR_Up_98354,CR_Train,Harbour Line CSMT,Up,Belapur CBD,Mumbai CSMT,14:04,15:08,64,False,Slow,Off-Peak,All Days,,844,,,Non-AC,98354,BR50
HR_Up_98848,CR_Train,Harbour Line CSMT,Up,Bandra,Mumbai CSMT,14:41,15:12,31,False,Slow,Off-Peak,All Days,,881,,,Non-AC,98848,B48
HR_Up_98120,CR_Train,Harbour Line CSMT,Up,Panvel,Mumbai CSMT,13:57,15:16,79,False,Slow,Off-Peak,All Days,,837,,,Non-AC,98120,PL94
HR_Up_98542,CR_Train,Harbour Line CSMT,Up,Vashi,Mumbai CSMT,14:31,15:20,49,False,Slow,Off-Peak,All Days,,871,,,Non-AC,98542,V36
HR_Up_98122,CR_Train,Harbour Line CSMT,Up,Panvel,Mumbai CSMT,14:05,15:24,79,False,Slow,Off-Peak,All Days,,845,,,Non-AC,98122,PL96
HR_Up_98748,CR_Train,Harbour Line CSMT,Up,Goregaon,Mumbai CSMT,14:33,15:28,55,False,Slow,Off-Peak,All Days,,873,,,Non-AC,98748,GN48
HR_Up_98356,CR_Train,Harbour Line CSMT,Up,Belapur CBD,Mumbai CSMT,14:28,15:32,64,True,AC Slow,Off-Peak,All Days,,868,,,AC,98356,BR52
HR_Up_98850,CR_Train,Harbour Line CSMT,Up,Bandra,Mumbai CSMT,15:05,15:36,31,False,Slow,Off-Peak,All Days,,905,,,Non-AC,98850,B50
HR_Up_98126,CR_Train,Harbour Line CSMT,Up,Panvel,Mumbai CSMT,14:20,15:40,80,False,Slow,Off-Peak,All Days,,860,,,Non-AC,98126,PL98
HR_Up_98128,CR_Train,Harbour Line CSMT,Up,Panvel,Mumbai CSMT,14:31,15:50,79,True,AC Slow,Off-Peak,All Days,,871,,,AC,98128,PL100
HR_Up_98750,CR_Train,Harbour Line CSMT,Up,Goregaon,Mumbai CSMT,14:59,15:54,55,False,Slow,Off-Peak,All Days,,899,,,Non-AC,98750,GN50
HR_Up_98132,CR_Train,Harbour Line CSMT,Up,Panvel,Mumbai CSMT,14:41,16:00,79,False,Slow,Off-Peak,All Days,,881,,,Non-AC,98132,PL102
HR_Up_98134,CR_Train,Harbour Line CSMT,Up,Panvel,Mumbai CSMT,14:45,16:04,79,False,Slow,Off-Peak,All Days,,885,,,Non-AC,98134,PL104
HR_Up_98544,CR_Train,Harbour Line CSMT,Up,Vashi,Mumbai CSMT,15:19,16:08,49,False,Slow,Off-Peak,NOT_SUN,,919,,,Non-AC,98544,V38
HR_Up_98852,CR_Train,Harbour Line CSMT,Up,Bandra,Mumbai CSMT,15:41,16:12,31,False,Slow,Off-Peak,All Days,,941,,,Non-AC,98852,B52
HR_Up_98136,CR_Train,Harbour Line CSMT,Up,Panvel,Mumbai CSMT,14:56,16:16,80,False,Slow,Off-Peak,NOT_SUN,,896,,,Non-AC,98136,PL106
HR_Up_98546,CR_Train,Harbour Line CSMT,Up,Vashi,Mumbai CSMT,15:33,16:22,49,False,Slow,Off-Peak,NOT_SUN,,933,,,Non-AC,98546,V40
HR_Up_98140,CR_Train,Harbour Line CSMT,Up,Panvel,Mumbai CSMT,15:08,16:27,79,False,Slow,Off-Peak,All Days,,908,,,Non-AC,98140,PL108
HR_Up_98752,CR_Train,Harbour Line CSMT,Up,Goregaon,Mumbai CSMT,15:35,16:30,55,False,Slow,Off-Peak,All Days,,935,,,Non-AC,98752,GN52
HR_Up_98142,CR_Train,Harbour Line CSMT,Up,Panvel,Mumbai CSMT,15:16,16:35,79,False,Slow,Off-Peak,All Days,,916,,,Non-AC,98142,PL110
HR_Up_98144,CR_Train,Harbour Line CSMT,Up,Panvel,Mumbai CSMT,15:20,16:39,79,False,Slow,Off-Peak,All Days,,920,,,Non-AC,98144,PL112
HR_Up_98854,CR_Train,Harbour Line CSMT,Up,Bandra,Mumbai CSMT,16:12,16:43,31,False,Slow,Off-Peak,All Days,,972,,,Non-AC,98854,B54
HR_Up_98146,CR_Train,Harbour Line CSMT,Up,Panvel,Mumbai CSMT,15:28,16:47,79,False,Slow,Off-Peak,All Days,,928,,,Non-AC,98146,PL114
HR_Up_98358,CR_Train,Harbour Line CSMT,Up,Belapur CBD,Mumbai CSMT,15:47,16:51,64,False,Slow,Off-Peak,All Days,,947,,,Non-AC,98358,BR54
HR_Up_98754,CR_Train,Harbour Line CSMT,Up,Goregaon,Mumbai CSMT,16:01,16:56,55,False,Slow,Off-Peak,All Days,,961,,,Non-AC,98754,GN54
HR_Up_98550,CR_Train,Harbour Line CSMT,Up,Vashi,Mumbai CSMT,16:11,17:00,49,False,Slow,Off-Peak,All Days,,971,,,Non-AC,98550,V42
HR_Up_98148,CR_Train,Harbour Line CSMT,Up,Panvel,Mumbai CSMT,15:45,17:04,79,False,Slow,Off-Peak,All Days,,945,,,Non-AC,98148,PL116
HR_Up_98150,CR_Train,Harbour Line CSMT,Up,Panvel,Mumbai CSMT,15:49,17:08,79,False,Slow,Off-Peak,All Days,,949,,,Non-AC,98150,PL118
HR_Up_98856,CR_Train,Harbour Line CSMT,Up,Bandra,Mumbai CSMT,16:41,17:12,31,False,Slow,Off-Peak,NOT_SUN,,1001,,,Non-AC,98856,B56
HR_Up_98360,CR_Train,Harbour Line CSMT,Up,Belapur CBD,Mumbai CSMT,16:12,17:16,64,False,Slow,Off-Peak,NOT_SUN,,972,,,Non-AC,98360,BR56
HR_Up_98152,CR_Train,Harbour Line CSMT,Up,Panvel,Mumbai CSMT,16:01,17:20,79,False,Slow,Off-Peak,NOT_SUN,,961,,,Non-AC,98152,PL120
HR_Up_98756,CR_Train,Harbour Line CSMT,Up,Goregaon,Mumbai CSMT,16:29,17:24,55,False,Slow,Off-Peak,All Days,,989,,,Non-AC,98756,GN56
HR_Up_98154,CR_Train,Harbour Line CSMT,Up,Panvel,Mumbai CSMT,16:10,17:30,80,False,Slow,Off-Peak,All Days,,970,,,Non-AC,98154,PL122
HR_Up_98556,CR_Train,Harbour Line CSMT,Up,Vashi,Mumbai CSMT,16:44,17:33,49,False,Slow,Off-Peak,All Days,,1004,,,Non-AC,98556,V44
HR_Up_98362,CR_Train,Harbour Line CSMT,Up,Belapur CBD,Mumbai CSMT,16:33,17:37,64,False,Slow,Off-Peak,All Days,,993,,,Non-AC,98362,BR58
HR_Up_98156,CR_Train,Harbour Line CSMT,Up,Panvel,Mumbai CSMT,16:22,17:41,79,False,Slow,Off-Peak,NOT_SUN,,982,,,Non-AC,98156,PL124
HR_Up_98858,CR_Train,Harbour Line CSMT,Up,Bandra,Mumbai CSMT,17:13,17:44,31,False,Slow,Peak,All Days,,1033,,,Non-AC,98858,B58
HR_Up_98158,CR_Train,Harbour Line CSMT,Up,Panvel,Mumbai CSMT,16:30,17:49,79,False,Slow,Off-Peak,All Days,,990,,,Non-AC,98158,PL126
HR_Up_98758,CR_Train,Harbour Line CSMT,Up,Goregaon,Mumbai CSMT,16:58,17:53,55,False,Slow,Off-Peak,All Days,,1018,,,Non-AC,98758,GN58
HR_Up_98160,CR_Train,Harbour Line CSMT,Up,Panvel,Mumbai CSMT,16:38,17:57,79,False,Slow,Off-Peak,All Days,,998,,,Non-AC,98160,PL128
HR_Up_98560,CR_Train,Harbour Line CSMT,Up,Vashi,Mumbai CSMT,17:12,18:01,49,False,Slow,Peak,NOT_SUN,,1032,,,Non-AC,98560,V46
HR_Up_98860,CR_Train,Harbour Line CSMT,Up,Bandra,Mumbai CSMT,17:33,18:04,31,False,Slow,Peak,All Days,,1053,,,Non-AC,98860,B60
HR_Up_98364,CR_Train,Harbour Line CSMT,Up,Belapur CBD,Mumbai CSMT,17:04,18:08,64,False,Slow,Peak,All Days,,1024,,,Non-AC,98364,BR60
HR_Up_98164,CR_Train,Harbour Line CSMT,Up,Panvel,Mumbai CSMT,16:53,18:12,79,False,Slow,Off-Peak,All Days,,1013,,,Non-AC,98164,PL130
HR_Up_98562,CR_Train,Harbour Line CSMT,Up,Vashi,Mumbai CSMT,17:27,18:16,49,False,Slow,Peak,All Days,,1047,,,Non-AC,98562,V48
HR_Up_98760,CR_Train,Harbour Line CSMT,Up,Goregaon,Mumbai CSMT,17:25,18:20,55,False,Slow,Peak,All Days,,1045,,,Non-AC,98760,GN60
HR_Up_98166,CR_Train,Harbour Line CSMT,Up,Panvel,Mumbai CSMT,17:07,18:26,79,True,AC Slow,Peak,All Days,,1027,,,AC,98166,PL132
HR_Up_98564,CR_Train,Harbour Line CSMT,Up,Vashi,Mumbai CSMT,17:44,18:33,49,False,Slow,Peak,All Days,,1064,,,Non-AC,98564,V50
HR_Up_98862,CR_Train,Harbour Line CSMT,Up,Bandra,Mumbai CSMT,18:06,18:37,31,False,Slow,Peak,All Days,,1086,,,Non-AC,98862,B62
HR_Up_98170,CR_Train,Harbour Line CSMT,Up,Panvel,Mumbai CSMT,17:21,18:41,80,False,Slow,Peak,All Days,,1041,,,Non-AC,98170,PL134
HR_Up_98366,CR_Train,Harbour Line CSMT,Up,Belapur CBD,Mumbai CSMT,17:40,18:45,65,False,Slow,Peak,NOT_SUN,,1060,,,Non-AC,98366,BR62
HR_Up_98762,CR_Train,Harbour Line CSMT,Up,Goregaon,Mumbai CSMT,17:53,18:49,56,False,Slow,Peak,All Days,,1073,,,Non-AC,98762,GN62
HR_Up_98172,CR_Train,Harbour Line CSMT,Up,Panvel,Mumbai CSMT,17:33,18:53,80,False,Slow,Peak,All Days,,1053,,,Non-AC,98172,PL136
HR_Up_98566,CR_Train,Harbour Line CSMT,Up,Vashi,Mumbai CSMT,18:07,18:57,50,False,Slow,Peak,NOT_SUN,,1087,,,Non-AC,98566,V52
HR_Up_98368,CR_Train,Harbour Line CSMT,Up,Belapur CBD,Mumbai CSMT,17:56,19:01,65,False,Slow,Peak,All Days,,1076,,,Non-AC,98368,BR64
HR_Up_98864,CR_Train,Harbour Line CSMT,Up,Bandra,Mumbai CSMT,18:34,19:05,31,False,Slow,Peak,All Days,,1114,,,Non-AC,98864,B64
HR_Up_98176,CR_Train,Harbour Line CSMT,Up,Panvel,Mumbai CSMT,17:50,19:09,79,False,Slow,Peak,All Days,,1070,,,Non-AC,98176,PL138
HR_Up_98764,CR_Train,Harbour Line CSMT,Up,Goregaon,Mumbai CSMT,18:14,19:13,59,False,Slow,Peak,All Days,,1094,,,Non-AC,98764,GN64
HR_Up_98568,CR_Train,Harbour Line CSMT,Up,Vashi,Mumbai CSMT,18:26,19:17,51,False,Slow,Peak,NOT_SUN,,1106,,,Non-AC,98568,V54
HR_Up_98370,CR_Train,Harbour Line CSMT,Up,Belapur CBD,Mumbai CSMT,18:16,19:21,65,False,Slow,Peak,All Days,,1096,,,Non-AC,98370,BR66
HR_Up_98178,CR_Train,Harbour Line CSMT,Up,Panvel,Mumbai CSMT,18:06,19:28,82,False,Slow,Peak,All Days,,1086,,,Non-AC,98178,PL140
HR_Up_98866,CR_Train,Harbour Line CSMT,Up,Bandra,Mumbai CSMT,19:01,19:32,31,False,Slow,Peak,All Days,,1141,,,Non-AC,98866,B66
HR_Up_98180,CR_Train,Harbour Line CSMT,Up,Panvel,Mumbai CSMT,18:14,19:36,82,False,Slow,Peak,NOT_SUN,,1094,,,Non-AC,98180,PL142
HR_Up_98766,CR_Train,Harbour Line CSMT,Up,Goregaon,Mumbai CSMT,18:41,19:40,59,False,Slow,Peak,NOT_SUN,,1121,,,Non-AC,98766,GN66
HR_Up_98570,CR_Train,Harbour Line CSMT,Up,Vashi,Mumbai CSMT,18:54,19:44,50,False,Slow,Peak,All Days,,1134,,,Non-AC,98570,V56
HR_Up_98372,CR_Train,Harbour Line CSMT,Up,Belapur CBD,Mumbai CSMT,18:44,19:48,64,False,Slow,Peak,NOT_SUN,,1124,,,Non-AC,98372,BR68
HR_Up_98868,CR_Train,Harbour Line CSMT,Up,Bandra,Mumbai CSMT,19:22,19:52,30,False,Slow,Peak,All Days,,1162,,,Non-AC,98868,B68
HR_Up_98184,CR_Train,Harbour Line CSMT,Up,Panvel,Mumbai CSMT,18:37,19:56,79,True,AC Slow,Peak,All Days,,1117,,,AC,98184,PL144
HR_Up_98186,CR_Train,Harbour Line CSMT,Up,Panvel,Mumbai CSMT,18:41,20:00,79,False,Slow,Peak,All Days,,1121,,,Non-AC,98186,PL146
HR_Up_98572,CR_Train,Harbour Line CSMT,Up,Vashi,Mumbai CSMT,19:15,20:04,49,False,Slow,Peak,All Days,,1155,,,Non-AC,98572,V58
HR_Up_98768,CR_Train,Harbour Line CSMT,Up,Goregaon,Mumbai CSMT,19:10,20:08,58,False,Slow,Peak,All Days,,1150,,,Non-AC,98768,GN68
HR_Up_98190,CR_Train,Harbour Line CSMT,Up,Panvel,Mumbai CSMT,18:57,20:16,79,False,Slow,Peak,All Days,,1137,,,Non-AC,98190,PL148
HR_Up_98770,CR_Train,Harbour Line CSMT,Up,Goregaon,Mumbai CSMT,19:27,20:24,57,False,Slow,Peak,All Days,,1167,,,Non-AC,98770,GN70
HR_Up_98192,CR_Train,Harbour Line CSMT,Up,Panvel,Mumbai CSMT,19:09,20:28,79,False,Slow,Peak,All Days,,1149,,,Non-AC,98192,PL150
HR_Up_98870,CR_Train,Harbour Line CSMT,Up,Bandra,Mumbai CSMT,20:02,20:32,30,False,Slow,Peak,All Days,,1202,,,Non-AC,98870,B70
HR_Up_98194,CR_Train,Harbour Line CSMT,Up,Panvel,Mumbai CSMT,19:17,20:36,79,False,Slow,Peak,All Days,,1157,,,Non-AC,98194,PL152
HR_Up_91396,CR_Train,Harbour Line CSMT,Up,Goregaon,Mumbai CSMT,19:45,20:39,54,False,Slow,Peak,All Days,,1185,,,Non-AC,91396,WGN6
HR_Up_98196,CR_Train,Harbour Line CSMT,Up,Panvel,Mumbai CSMT,19:24,20:44,80,False,Slow,Peak,All Days,,1164,,,Non-AC,98196,PL154
HR_Up_98772,CR_Train,Harbour Line CSMT,Up,Goregaon,Mumbai CSMT,19:56,20:51,55,False,Slow,Peak,All Days,,1196,,,Non-AC,98772,GN72
HR_Up_98574,CR_Train,Harbour Line CSMT,Up,Vashi,Mumbai CSMT,20:09,20:58,49,False,Slow,Peak,NOT_SUN,,1209,,,Non-AC,98574,V60
HR_Up_98198,CR_Train,Harbour Line CSMT,Up,Panvel,Mumbai CSMT,19:43,21:02,79,False,Slow,Peak,All Days,,1183,,,Non-AC,98198,PL156
HR_Up_98872,CR_Train,Harbour Line CSMT,Up,Bandra,Mumbai CSMT,20:33,21:06,33,False,Slow,Peak,All Days,,1233,,,Non-AC,98872,B72
HR_Up_98200,CR_Train,Harbour Line CSMT,Up,Panvel,Mumbai CSMT,19:51,21:10,79,False,Slow,Peak,All Days,,1191,,,Non-AC,98200,PL158
HR_Up_98202,CR_Train,Harbour Line CSMT,Up,Panvel,Mumbai CSMT,19:55,21:14,79,False,Slow,Peak,All Days,,1195,,,Non-AC,98202,PL160
HR_Up_98576,CR_Train,Harbour Line CSMT,Up,Vashi,Mumbai CSMT,20:29,21:18,49,False,Slow,Peak,NOT_SUN,,1229,,,Non-AC,98576,V62
HR_Up_98774,CR_Train,Harbour Line CSMT,Up,Goregaon,Mumbai CSMT,20:26,21:22,56,False,Slow,Peak,All Days,,1226,,,Non-AC,98774,GN74
HR_Up_98204,CR_Train,Harbour Line CSMT,Up,Panvel,Mumbai CSMT,20:07,21:26,79,True,AC Slow,Peak,All Days,,1207,,,AC,98204,PL162
HR_Up_98874,CR_Train,Harbour Line CSMT,Up,Bandra,Mumbai CSMT,20:59,21:30,31,False,Slow,Peak,All Days,,1259,,,Non-AC,98874,B74
HR_Up_98380,CR_Train,Harbour Line CSMT,Up,Belapur CBD,Mumbai CSMT,20:30,21:34,64,False,Slow,Peak,NOT_SUN,,1230,,,Non-AC,98380,BR70
HR_Up_98578,CR_Train,Harbour Line CSMT,Up,Vashi,Mumbai CSMT,20:49,21:38,49,False,Slow,Peak,NOT_SUN,,1249,,,Non-AC,98578,V64
HR_Up_98206,CR_Train,Harbour Line CSMT,Up,Panvel,Mumbai CSMT,20:23,21:42,79,False,Slow,Peak,All Days,,1223,,,Non-AC,98206,PL164
HR_Up_98776,CR_Train,Harbour Line CSMT,Up,Goregaon,Mumbai CSMT,20:51,21:46,55,False,Slow,Peak,All Days,,1251,,,Non-AC,98776,GN76
HR_Up_98210,CR_Train,Harbour Line CSMT,Up,Panvel,Mumbai CSMT,20:31,21:50,79,False,Slow,Peak,All Days,,1231,,,Non-AC,98210,PL166
HR_Up_98212,CR_Train,Harbour Line CSMT,Up,Panvel,Mumbai CSMT,20:35,21:54,79,False,Slow,Peak,All Days,,1235,,,Non-AC,98212,PL168
HR_Up_98382,CR_Train,Harbour Line CSMT,Up,Belapur CBD,Mumbai CSMT,20:54,21:58,64,False,Slow,Peak,All Days,,1254,,,Non-AC,98382,BR72
HR_Up_98876,CR_Train,Harbour Line CSMT,Up,Bandra,Mumbai CSMT,21:31,22:03,32,False,Slow,Off-Peak,All Days,,1291,,,Non-AC,98876,B76
HR_Up_98214,CR_Train,Harbour Line CSMT,Up,Panvel,Mumbai CSMT,20:47,22:06,79,False,Slow,Peak,All Days,,1247,,,Non-AC,98214,PL170
HR_Up_98778,CR_Train,Harbour Line CSMT,Up,Goregaon,Mumbai CSMT,21:15,22:10,55,False,Slow,Off-Peak,All Days,,1275,,,Non-AC,98778,GN78
HR_Up_98216,CR_Train,Harbour Line CSMT,Up,Panvel,Mumbai CSMT,20:57,22:16,79,False,Slow,Peak,All Days,,1257,,,Non-AC,98216,PL172
HR_Up_98384,CR_Train,Harbour Line CSMT,Up,Belapur CBD,Mumbai CSMT,21:16,22:20,64,False,Slow,Off-Peak,NOT_SUN,,1276,,,Non-AC,98384,BR74
HR_Up_98218,CR_Train,Harbour Line CSMT,Up,Panvel,Mumbai CSMT,21:05,22:24,79,False,Slow,Off-Peak,All Days,,1265,,,Non-AC,98218,PL174
HR_Up_98878,CR_Train,Harbour Line CSMT,Up,Bandra,Mumbai CSMT,22:00,22:30,30,False,Slow,Off-Peak,All Days,,1320,,,Non-AC,98878,B78
HR_Up_98220,CR_Train,Harbour Line CSMT,Up,Panvel,Mumbai CSMT,21:15,22:34,79,False,Slow,Off-Peak,All Days,,1275,,,Non-AC,98220,PL176
HR_Up_98780,CR_Train,Harbour Line CSMT,Up,Goregaon,Mumbai CSMT,21:43,22:38,55,False,Slow,Off-Peak,All Days,,1303,,,Non-AC,98780,GN80
HR_Up_98222,CR_Train,Harbour Line CSMT,Up,Panvel,Mumbai CSMT,21:26,22:45,79,False,Slow,Off-Peak,All Days,,1286,,,Non-AC,98222,PL178
HR_Up_98224,CR_Train,Harbour Line CSMT,Up,Panvel,Mumbai CSMT,21:30,22:49,79,False,Slow,Off-Peak,NOT_SUN,,1290,,,Non-AC,98224,PL180
HR_Up_98880,CR_Train,Harbour Line CSMT,Up,Bandra,Mumbai CSMT,22:24,22:54,30,False,Slow,Off-Peak,All Days,,1344,,,Non-AC,98880,B80
HR_Up_98226,CR_Train,Harbour Line CSMT,Up,Panvel,Mumbai CSMT,21:39,22:58,79,False,Slow,Off-Peak,All Days,,1299,,,Non-AC,98226,PL182
HR_Up_98782,CR_Train,Harbour Line CSMT,Up,Goregaon,Mumbai CSMT,22:15,23:10,55,False,Slow,Off-Peak,All Days,,1335,,,Non-AC,98782,GN82
HR_Up_98228,CR_Train,Harbour Line CSMT,Up,Panvel,Mumbai CSMT,21:52,23:14,82,False,Slow,Off-Peak,All Days,,1312,,,Non-AC,98228,PL184
HR_Up_98882,CR_Train,Harbour Line CSMT,Up,Bandra,Mumbai CSMT,22:49,23:20,31,False,Slow,Off-Peak,All Days,,1369,,,Non-AC,98882,B82
HR_Up_98230,CR_Train,Harbour Line CSMT,Up,Panvel,Mumbai CSMT,22:07,23:26,79,False,Slow,Off-Peak,NOT_SUN,,1327,,,Non-AC,98230,PL186
HR_Up_98784,CR_Train,Harbour Line CSMT,Up,Goregaon,Mumbai CSMT,22:40,23:35,55,False,Slow,Off-Peak,All Days,,1360,,,Non-AC,98784,GN84
HR_Up_98232,CR_Train,Harbour Line CSMT,Up,Panvel,Mumbai CSMT,22:19,23:39,80,False,Slow,Off-Peak,All Days,,1339,,,Non-AC,98232,PL188
HR_Up_98234,CR_Train,Harbour Line CSMT,Up,Panvel,Mumbai CSMT,22:23,23:43,80,False,Slow,Off-Peak,All Days,,1343,,,Non-AC,98234,PL190
HR_Up_98884,CR_Train,Harbour Line CSMT,Up,Bandra,Mumbai CSMT,23:16,23:47,31,False,Slow,Off-Peak,All Days,,1396,,,Non-AC,98884,B84
HR_Up_98236,CR_Train,Harbour Line CSMT,Up,Panvel,Mumbai CSMT,22:35,23:54,79,False,Slow,Off-Peak,All Days,,1355,,,Non-AC,98236,PL192
TH_Up_99074,CR_Train,Trans-Harbour Line,Up,Panvel,THANE,23:18,00:10,52,False,Slow,Off-Peak,All Days,,1398,,,Non-AC,99074,TPL74
TH_Up_99002,CR_Train,Trans-Harbour Line,Up,Panvel,THANE,04:33,05:25,52,False,Slow,Off-Peak,All Days,,273,,,Non-AC,99002,TPL2
TH_Up_99004,CR_Train,Trans-Harbour Line,Up,Panvel,THANE,04:53,05:45,52,False,Slow,Off-Peak,All Days,,293,,,Non-AC,99004,TPL4
TH_Up_99402,CR_Train,Trans-Harbour Line,Up,Vashi,THANE,05:29,05:58,29,False,Slow,Off-Peak,All Days,,329,,,Non-AC,99402,TV2
TH_Up_99006,CR_Train,Trans-Harbour Line,Up,Panvel,THANE,05:21,06:13,52,False,Slow,Off-Peak,All Days,,321,,,Non-AC,99006,TPL6
TH_Up_99404,CR_Train,Trans-Harbour Line,Up,Vashi,THANE,05:49,06:18,29,False,Slow,Off-Peak,All Days,,349,,,Non-AC,99404,TV4
TH_Up_99406,CR_Train,Trans-Harbour Line,Up,Vashi,THANE,06:02,06:31,29,False,Slow,Off-Peak,All Days,,362,,,Non-AC,99406,TV6
TH_Up_99008,CR_Train,Trans-Harbour Line,Up,Panvel,THANE,05:44,06:38,54,False,Slow,Off-Peak,NOT_SUN,,344,,,Non-AC,99008,TPL8
TH_Up_99202,CR_Train,Trans-Harbour Line,Up,Nerul,THANE,06:20,06:50,30,False,Slow,Off-Peak,All Days,,380,,,Non-AC,99202,TNU2
TH_Up_99408,CR_Train,Trans-Harbour Line,Up,Vashi,THANE,06:30,06:59,29,False,Slow,Off-Peak,All Days,,390,,,Non-AC,99408,TV8
TH_Up_99010,CR_Train,Trans-Harbour Line,Up,Panvel,THANE,06:13,07:05,52,False,Slow,Off-Peak,All Days,,373,,,Non-AC,99010,TPL10
TH_Up_99410,CR_Train,Trans-Harbour Line,Up,Vashi,THANE,06:48,07:17,29,False,Slow,Off-Peak,All Days,,408,,,Non-AC,99410,TV10
TH_Up_99012,CR_Train,Trans-Harbour Line,Up,Panvel,THANE,06:37,07:29,52,False,Slow,Off-Peak,All Days,,397,,,Non-AC,99012,TPL12
TH_Up_99204,CR_Train,Trans-Harbour Line,Up,Nerul,THANE,07:08,07:38,30,False,Slow,Peak,All Days,,428,,,Non-AC,99204,TNU4
TH_Up_99412,CR_Train,Trans-Harbour Line,Up,Vashi,THANE,07:16,07:45,29,False,Slow,Peak,All Days,,436,,,Non-AC,99412,TV12
TH_Up_99014,CR_Train,Trans-Harbour Line,Up,Panvel,THANE,07:01,07:53,52,False,Slow,Peak,All Days,,421,,,Non-AC,99014,TPL14
TH_Up_99206,CR_Train,Trans-Harbour Line,Up,Nerul,THANE,07:28,08:00,32,False,Slow,Peak,NOT_SUN,,448,,,Non-AC,99206,TNU6
TH_Up_99414,CR_Train,Trans-Harbour Line,Up,Vashi,THANE,07:36,08:06,30,False,Slow,Peak,All Days,,456,,,Non-AC,99414,TV14
TH_Up_99016,CR_Train,Trans-Harbour Line,Up,Panvel,THANE,07:18,08:12,54,False,Slow,Peak,All Days,,438,,,Non-AC,99016,TPL16
TH_Up_99416,CR_Train,Trans-Harbour Line,Up,Vashi,THANE,07:54,08:23,29,False,Slow,Peak,All Days,,474,,,Non-AC,99416,TV16
TH_Up_99208,CR_Train,Trans-Harbour Line,Up,Nerul,THANE,08:01,08:31,30,False,Slow,Peak,All Days,,481,,,Non-AC,99208,TNU8
TH_Up_99018,CR_Train,Trans-Harbour Line,Up,Panvel,THANE,07:43,08:36,53,False,Slow,Peak,All Days,,463,,,Non-AC,99018,TPL18
TH_Up_99418,CR_Train,Trans-Harbour Line,Up,Vashi,THANE,08:12,08:41,29,False,Slow,Peak,All Days,,492,,,Non-AC,99418,TV18
TH_Up_99210,CR_Train,Trans-Harbour Line,Up,Nerul,THANE,08:21,08:51,30,False,Slow,Peak,All Days,,501,,,Non-AC,99210,TNU10
TH_Up_99020,CR_Train,Trans-Harbour Line,Up,Panvel,THANE,08:04,08:56,52,False,Slow,Peak,All Days,,484,,,Non-AC,99020,TPL20
TH_Up_99420,CR_Train,Trans-Harbour Line,Up,Vashi,THANE,08:32,09:01,29,False,Slow,Peak,All Days,,512,,,Non-AC,99420,TV20
TH_Up_99022,CR_Train,Trans-Harbour Line,Up,Panvel,THANE,08:15,09:08,53,False,Slow,Peak,All Days,,495,,,Non-AC,99022,TPL22
TH_Up_99422,CR_Train,Trans-Harbour Line,Up,Vashi,THANE,08:45,09:15,30,False,Slow,Peak,NOT_SUN,,525,,,Non-AC,99422,TV22
TH_Up_99212,CR_Train,Trans-Harbour Line,Up,Nerul,THANE,08:52,09:22,30,False,Slow,Peak,All Days,,532,,,Non-AC,99212,TNU12
TH_Up_99424,CR_Train,Trans-Harbour Line,Up,Vashi,THANE,09:00,09:29,29,False,Slow,Peak,All Days,,540,,,Non-AC,99424,TV24
TH_Up_99214,CR_Train,Trans-Harbour Line,Up,Nerul,THANE,09:09,09:39,30,False,Slow,Peak,All Days,,549,,,Non-AC,99214,TNU14
TH_Up_99426,CR_Train,Trans-Harbour Line,Up,Vashi,THANE,09:18,09:47,29,False,Slow,Peak,All Days,,558,,,Non-AC,99426,TV26
TH_Up_99024,CR_Train,Trans-Harbour Line,Up,Panvel,THANE,09:01,09:53,52,False,Slow,Peak,All Days,,541,,,Non-AC,99024,TPL24
TH_Up_99216,CR_Train,Trans-Harbour Line,Up,Nerul,THANE,09:29,09:59,30,False,Slow,Peak,All Days,,569,,,Non-AC,99216,TNU16
TH_Up_99428,CR_Train,Trans-Harbour Line,Up,Vashi,THANE,09:34,10:04,30,False,Slow,Peak,All Days,,574,,,Non-AC,99428,TV28
TH_Up_99218,CR_Train,Trans-Harbour Line,Up,Nerul,THANE,09:42,10:12,30,False,Slow,Peak,All Days,,582,,,Non-AC,99218,TNU18
TH_Up_99430,CR_Train,Trans-Harbour Line,Up,Vashi,THANE,09:50,10:19,29,False,Slow,Peak,All Days,,590,,,Non-AC,99430,TV30
TH_Up_99220,CR_Train,Trans-Harbour Line,Up,Nerul,THANE,09:59,10:31,32,False,Slow,Peak,NOT_SUN,,599,,,Non-AC,99220,TNU20
TH_Up_99026,CR_Train,Trans-Harbour Line,Up,Panvel,THANE,09:48,10:40,52,False,Slow,Peak,All Days,,588,,,Non-AC,99026,TPL26
TH_Up_99432,CR_Train,Trans-Harbour Line,Up,Vashi,THANE,10:15,10:45,30,False,Slow,Peak,All Days,,615,,,Non-AC,99432,TV32
TH_Up_99222,CR_Train,Trans-Harbour Line,Up,Nerul,THANE,10:25,10:55,30,False,Slow,Peak,All Days,,625,,,Non-AC,99222,TNU22
TH_Up_99434,CR_Train,Trans-Harbour Line,Up,Vashi,THANE,10:31,11:00,29,False,Slow,Peak,All Days,,631,,,Non-AC,99434,TV34
TH_Up_99028,CR_Train,Trans-Harbour Line,Up,Panvel,THANE,10:12,11:05,53,False,Slow,Peak,All Days,,612,,,Non-AC,99028,TPL28
TH_Up_99436,CR_Train,Trans-Harbour Line,Up,Vashi,THANE,10:45,11:14,29,False,Slow,Peak,All Days,,645,,,Non-AC,99436,TV36
TH_Up_99224,CR_Train,Trans-Harbour Line,Up,Nerul,THANE,10:50,11:20,30,False,Slow,Peak,All Days,,650,,,Non-AC,99224,TNU24
TH_Up_99438,CR_Train,Trans-Harbour Line,Up,Vashi,THANE,10:58,11:27,29,False,Slow,Peak,All Days,,658,,,Non-AC,99438,TV38
TH_Up_99030,CR_Train,Trans-Harbour Line,Up,Panvel,THANE,10:41,11:33,52,False,Slow,Peak,All Days,,641,,,Non-AC,99030,TPL30
TH_Up_99440,CR_Train,Trans-Harbour Line,Up,Vashi,THANE,11:13,11:42,29,False,Slow,Off-Peak,All Days,,673,,,Non-AC,99440,TV40
TH_Up_99032,CR_Train,Trans-Harbour Line,Up,Panvel,THANE,11:02,11:55,53,False,Slow,Off-Peak,All Days,,662,,,Non-AC,99032,TPL32
TH_Up_99442,CR_Train,Trans-Harbour Line,Up,Vashi,THANE,11:31,12:00,29,False,Slow,Off-Peak,All Days,,691,,,Non-AC,99442,TV42
TH_Up_99226,CR_Train,Trans-Harbour Line,Up,Nerul,THANE,11:36,12:06,30,False,Slow,Off-Peak,All Days,,696,,,Non-AC,99226,TNU26
TH_Up_99444,CR_Train,Trans-Harbour Line,Up,Vashi,THANE,11:43,12:12,29,False,Slow,Off-Peak,All Days,,703,,,Non-AC,99444,TV44
TH_Up_99446,CR_Train,Trans-Harbour Line,Up,Vashi,THANE,11:57,12:26,29,False,Slow,Off-Peak,All Days,,717,,,Non-AC,99446,TV46
TH_Up_99228,CR_Train,Trans-Harbour Line,Up,Nerul,THANE,12:05,12:35,30,False,Slow,Off-Peak,All Days,,725,,,Non-AC,99228,TNU28
TH_Up_99448,CR_Train,Trans-Harbour Line,Up,Vashi,THANE,12:12,12:41,29,False,Slow,Off-Peak,All Days,,732,,,Non-AC,99448,TV48
TH_Up_99230,CR_Train,Trans-Harbour Line,Up,Nerul,THANE,12:23,12:53,30,False,Slow,Off-Peak,All Days,,743,,,Non-AC,99230,TNU30
TH_Up_99450,CR_Train,Trans-Harbour Line,Up,Vashi,THANE,12:30,13:00,30,False,Slow,Off-Peak,All Days,,750,,,Non-AC,99450,TV50
TH_Up_99034,CR_Train,Trans-Harbour Line,Up,Panvel,THANE,12:19,13:12,53,False,Slow,Off-Peak,All Days,,739,,,Non-AC,99034,TPL34
TH_Up_99452,CR_Train,Trans-Harbour Line,Up,Vashi,THANE,12:55,13:24,29,False,Slow,Off-Peak,All Days,,775,,,Non-AC,99452,TV52
TH_Up_99232,CR_Train,Trans-Harbour Line,Up,Nerul,THANE,12:59,13:29,30,False,Slow,Off-Peak,All Days,,779,,,Non-AC,99232,TNU32
TH_Up_99234,CR_Train,Trans-Harbour Line,Up,Nerul,THANE,13:14,13:44,30,False,Slow,Off-Peak,All Days,,794,,,Non-AC,99234,TNU34
TH_Up_99454,CR_Train,Trans-Harbour Line,Up,Vashi,THANE,13:21,13:50,29,False,Slow,Off-Peak,All Days,,801,,,Non-AC,99454,TV54
TH_Up_99036,CR_Train,Trans-Harbour Line,Up,Panvel,THANE,13:04,13:56,52,False,Slow,Off-Peak,All Days,,784,,,Non-AC,99036,TPL36
TH_Up_99456,CR_Train,Trans-Harbour Line,Up,Vashi,THANE,13:40,14:09,29,False,Slow,Off-Peak,All Days,,820,,,Non-AC,99456,TV56
TH_Up_99236,CR_Train,Trans-Harbour Line,Up,Nerul,THANE,13:48,14:18,30,False,Slow,Off-Peak,All Days,,828,,,Non-AC,99236,TNU36
TH_Up_99458,CR_Train,Trans-Harbour Line,Up,Vashi,THANE,14:07,14:36,29,False,Slow,Off-Peak,All Days,,847,,,Non-AC,99458,TV58
TH_Up_99238,CR_Train,Trans-Harbour Line,Up,Nerul,THANE,14:15,14:45,30,False,Slow,Off-Peak,All Days,,855,,,Non-AC,99238,TNU38
TH_Up_99038,CR_Train,Trans-Harbour Line,Up,Panvel,THANE,14:01,14:54,53,False,Slow,Off-Peak,All Days,,841,,,Non-AC,99038,TPL38
TH_Up_99460,CR_Train,Trans-Harbour Line,Up,Vashi,THANE,14:35,15:04,29,False,Slow,Off-Peak,All Days,,875,,,Non-AC,99460,TV60
TH_Up_99040,CR_Train,Trans-Harbour Line,Up,Panvel,THANE,14:24,15:16,52,False,Slow,Off-Peak,All Days,,864,,,Non-AC,99040,TPL40
TH_Up_99462,CR_Train,Trans-Harbour Line,Up,Vashi,THANE,14:56,15:25,29,False,Slow,Off-Peak,All Days,,896,,,Non-AC,99462,TV62
TH_Up_99240,CR_Train,Trans-Harbour Line,Up,Nerul,THANE,15:00,15:30,30,False,Slow,Off-Peak,All Days,,900,,,Non-AC,99240,TNU40
TH_Up_99464,CR_Train,Trans-Harbour Line,Up,Vashi,THANE,15:11,15:40,29,False,Slow,Off-Peak,All Days,,911,,,Non-AC,99464,TV64
TH_Up_99466,CR_Train,Trans-Harbour Line,Up,Vashi,THANE,15:23,15:52,29,False,Slow,Off-Peak,All Days,,923,,,Non-AC,99466,TV66
TH_Up_99042,CR_Train,Trans-Harbour Line,Up,Panvel,THANE,15:04,15:56,52,False,Slow,Off-Peak,All Days,,904,,,Non-AC,99042,TPL42
TH_Up_99468,CR_Train,Trans-Harbour Line,Up,Vashi,THANE,15:38,16:07,29,False,Slow,Off-Peak,All Days,,938,,,Non-AC,99468,TV68
TH_Up_99242,CR_Train,Trans-Harbour Line,Up,Nerul,THANE,15:45,16:15,30,False,Slow,Off-Peak,All Days,,945,,,Non-AC,99242,TNU42
TH_Up_99044,CR_Train,Trans-Harbour Line,Up,Panvel,THANE,15:36,16:28,52,False,Slow,Off-Peak,All Days,,936,,,Non-AC,99044,TPL44
TH_Up_99470,CR_Train,Trans-Harbour Line,Up,Vashi,THANE,16:04,16:33,29,False,Slow,Off-Peak,All Days,,964,,,Non-AC,99470,TV70
TH_Up_99244,CR_Train,Trans-Harbour Line,Up,Nerul,THANE,16:09,16:39,30,False,Slow,Off-Peak,All Days,,969,,,Non-AC,99244,TNU44
TH_Up_99046,CR_Train,Trans-Harbour Line,Up,Panvel,THANE,15:53,16:45,52,False,Slow,Off-Peak,All Days,,953,,,Non-AC,99046,TPL46
TH_Up_99472,CR_Train,Trans-Harbour Line,Up,Vashi,THANE,16:19,16:49,30,False,Slow,Off-Peak,All Days,,979,,,Non-AC,99472,TV72
TH_Up_99474,CR_Train,Trans-Harbour Line,Up,Vashi,THANE,16:31,17:00,29,False,Slow,Off-Peak,All Days,,991,,,Non-AC,99474,TV74
TH_Up_99048,CR_Train,Trans-Harbour Line,Up,Panvel,THANE,16:14,17:09,55,False,Slow,Off-Peak,NOT_SUN,,974,,,Non-AC,99048,TPL48
TH_Up_99476,CR_Train,Trans-Harbour Line,Up,Vashi,THANE,16:44,17:14,30,False,Slow,Off-Peak,All Days,,1004,,,Non-AC,99476,TV76
TH_Up_99050,CR_Train,Trans-Harbour Line,Up,Panvel,THANE,16:26,17:20,54,False,Slow,Off-Peak,All Days,,986,,,Non-AC,99050,TPL50
TH_Up_99478,CR_Train,Trans-Harbour Line,Up,Vashi,THANE,16:57,17:28,31,False,Slow,Off-Peak,All Days,,1017,,,Non-AC,99478,TV78
TH_Up_99246,CR_Train,Trans-Harbour Line,Up,Nerul,THANE,17:11,17:41,30,False,Slow,Peak,All Days,,1031,,,Non-AC,99246,TNU46
TH_Up_99480,CR_Train,Trans-Harbour Line,Up,Vashi,THANE,17:19,17:48,29,False,Slow,Peak,All Days,,1039,,,Non-AC,99480,TV80
TH_Up_99482,CR_Train,Trans-Harbour Line,Up,Vashi,THANE,17:32,18:01,29,False,Slow,Peak,All Days,,1052,,,Non-AC,99482,TV82
TH_Up_99052,CR_Train,Trans-Harbour Line,Up,Panvel,THANE,17:12,18:06,54,False,Slow,Peak,All Days,,1032,,,Non-AC,99052,TPL52
TH_Up_99248,CR_Train,Trans-Harbour Line,Up,Nerul,THANE,17:41,18:11,30,False,Slow,Peak,All Days,,1061,,,Non-AC,99248,TNU48
TH_Up_99484,CR_Train,Trans-Harbour Line,Up,Vashi,THANE,17:48,18:17,29,False,Slow,Peak,All Days,,1068,,,Non-AC,99484,TV84
TH_Up_99250,CR_Train,Trans-Harbour Line,Up,Nerul,THANE,17:54,18:25,31,False,Slow,Peak,NOT_SUN,,1074,,,Non-AC,99250,TNU50
TH_Up_99054,CR_Train,Trans-Harbour Line,Up,Panvel,THANE,17:37,18:29,52,False,Slow,Peak,All Days,,1057,,,Non-AC,99054,TPL54
TH_Up_99486,CR_Train,Trans-Harbour Line,Up,Vashi,THANE,18:05,18:34,29,False,Slow,Peak,All Days,,1085,,,Non-AC,99486,TV86
TH_Up_99252,CR_Train,Trans-Harbour Line,Up,Nerul,THANE,18:12,18:42,30,False,Slow,Peak,All Days,,1092,,,Non-AC,99252,TNU52
TH_Up_99056,CR_Train,Trans-Harbour Line,Up,Panvel,THANE,17:57,18:49,52,False,Slow,Peak,All Days,,1077,,,Non-AC,99056,TPL56
TH_Up_99488,CR_Train,Trans-Harbour Line,Up,Vashi,THANE,18:25,18:54,29,False,Slow,Peak,All Days,,1105,,,Non-AC,99488,TV88
TH_Up_99058,CR_Train,Trans-Harbour Line,Up,Panvel,THANE,18:22,19:14,52,False,Slow,Peak,All Days,,1102,,,Non-AC,99058,TPL58
TH_Up_99490,CR_Train,Trans-Harbour Line,Up,Vashi,THANE,18:49,19:18,29,False,Slow,Peak,All Days,,1129,,,Non-AC,99490,TV90
TH_Up_99254,CR_Train,Trans-Harbour Line,Up,Nerul,THANE,18:54,19:24,30,False,Slow,Peak,All Days,,1134,,,Non-AC,99254,TNU54
TH_Up_99492,CR_Train,Trans-Harbour Line,Up,Vashi,THANE,19:01,19:30,29,False,Slow,Peak,All Days,,1141,,,Non-AC,99492,TV92
TH_Up_99256,CR_Train,Trans-Harbour Line,Up,Nerul,THANE,19:08,19:40,32,False,Slow,Peak,NOT_SUN,,1148,,,Non-AC,99256,TNU56
TH_Up_99494,CR_Train,Trans-Harbour Line,Up,Vashi,THANE,19:19,19:48,29,False,Slow,Peak,All Days,,1159,,,Non-AC,99494,TV94
TH_Up_99060,CR_Train,Trans-Harbour Line,Up,Panvel,THANE,19:01,19:53,52,False,Slow,Peak,All Days,,1141,,,Non-AC,99060,TPL60
TH_Up_99258,CR_Train,Trans-Harbour Line,Up,Nerul,THANE,19:29,19:59,30,False,Slow,Peak,All Days,,1169,,,Non-AC,99258,TNU58
TH_Up_99062,CR_Train,Trans-Harbour Line,Up,Panvel,THANE,19:13,20:05,52,False,Slow,Peak,All Days,,1153,,,Non-AC,99062,TPL62
TH_Up_99496,CR_Train,Trans-Harbour Line,Up,Vashi,THANE,19:41,20:10,29,False,Slow,Peak,All Days,,1181,,,Non-AC,99496,TV96
TH_Up_99064,CR_Train,Trans-Harbour Line,Up,Panvel,THANE,19:31,20:23,52,False,Slow,Peak,All Days,,1171,,,Non-AC,99064,TPL64
TH_Up_99498,CR_Train,Trans-Harbour Line,Up,Vashi,THANE,19:57,20:28,31,False,Slow,Peak,All Days,,1197,,,Non-AC,99498,TV98
TH_Up_99260,CR_Train,Trans-Harbour Line,Up,Nerul,THANE,20:03,20:33,30,False,Slow,Peak,All Days,,1203,,,Non-AC,99260,TNU60
TH_Up_99500,CR_Train,Trans-Harbour Line,Up,Vashi,THANE,20:12,20:41,29,False,Slow,Peak,All Days,,1212,,,Non-AC,99500,TV100
TH_Up_99262,CR_Train,Trans-Harbour Line,Up,Nerul,THANE,20:20,20:50,30,False,Slow,Peak,All Days,,1220,,,Non-AC,99262,TNU62
TH_Up_99502,CR_Train,Trans-Harbour Line,Up,Vashi,THANE,20:31,21:00,29,False,Slow,Peak,All Days,,1231,,,Non-AC,99502,TV102
TH_Up_99066,CR_Train,Trans-Harbour Line,Up,Panvel,THANE,20:19,21:11,52,False,Slow,Peak,All Days,,1219,,,Non-AC,99066,TPL66
TH_Up_99504,CR_Train,Trans-Harbour Line,Up,Vashi,THANE,20:50,21:19,29,False,Slow,Peak,All Days,,1250,,,Non-AC,99504,TV104
TH_Up_99264,CR_Train,Trans-Harbour Line,Up,Nerul,THANE,20:58,21:28,30,False,Slow,Peak,All Days,,1258,,,Non-AC,99264,TNU64
TH_Up_99506,CR_Train,Trans-Harbour Line,Up,Vashi,THANE,21:05,21:34,29,False,Slow,Off-Peak,All Days,,1265,,,Non-AC,99506,TV106
TH_Up_99266,CR_Train,Trans-Harbour Line,Up,Nerul,THANE,21:11,21:41,30,False,Slow,Off-Peak,All Days,,1271,,,Non-AC,99266,TNU66
TH_Up_99068,CR_Train,Trans-Harbour Line,Up,Panvel,THANE,20:51,21:46,55,False,Slow,Peak,NOT_SUN,,1251,,,Non-AC,99068,TPL68
TH_Up_99508,CR_Train,Trans-Harbour Line,Up,Vashi,THANE,21:24,21:53,29,False,Slow,Off-Peak,All Days,,1284,,,Non-AC,99508,TV108
TH_Up_99510,CR_Train,Trans-Harbour Line,Up,Vashi,THANE,21:37,22:06,29,False,Slow,Off-Peak,All Days,,1297,,,Non-AC,99510,TV110
TH_Up_99070,CR_Train,Trans-Harbour Line,Up,Panvel,THANE,21:20,22:12,52,False,Slow,Off-Peak,All Days,,1280,,,Non-AC,99070,TPL70
TH_Up_99512,CR_Train,Trans-Harbour Line,Up,Vashi,THANE,22:00,22:29,29,False,Slow,Off-Peak,All Days,,1320,,,Non-AC,99512,TV112
TH_Up_99268,CR_Train,Trans-Harbour Line,Up,Nerul,THANE,22:14,22:44,30,False,Slow,Off-Peak,All Days,,1334,,,Non-AC,99268,TNU68
TH_Up_99514,CR_Train,Trans-Harbour Line,Up,Vashi,THANE,22:23,22:52,29,False,Slow,Off-Peak,All Days,,1343,,,Non-AC,99514,TV114
TH_Up_99072,CR_Train,Trans-Harbour Line,Up,Panvel,THANE,22:15,23:07,52,False,Slow,Off-Peak,All Days,,1335,,,Non-AC,99072,TPL72
TH_Up_99516,CR_Train,Trans-Harbour Line,Up,Vashi,THANE,22:45,23:14,29,False,Slow,Off-Peak,All Days,,1365,,,Non-AC,99516,TV116
TH_Up_99518,CR_Train,Trans-Harbour Line,Up,Vashi,THANE,23:09,23:38,29,False,Slow,Off-Peak,All Days,,1389,,,Non-AC,99518,TV118
TH_Up_99520,CR_Train,Trans-Harbour Line,Up,Vashi,THANE,23:25,23:54,29,False,Slow,Off-Peak,All Days,,1405,,,Non-AC,99520,TV120
CR_Down_97651,CR_Train,Central Railway Main,Down,CSMT,Kurla,00:16,00:27,11,False,Slow,Off-Peak,All Days,,16,,,Non-AC,97651,C51
CR_Down_97017,CR_Train,Central Railway Main,Down,Parel,Kalyan,06:28,07:39,71,False,Slow,Off-Peak,All Days,,388,,,Non-AC,97017,PK1
CR_Down_97019,CR_Train,Central Railway Main,Down,Parel,Kalyan,06:44,07:55,71,False,Slow,Off-Peak,NOT_SUN,,404,,,Non-AC,97019,PK3
CR_Down_97031,CR_Train,Central Railway Main,Down,Parel,Kalyan,08:08,09:17,69,False,Slow,Peak,NOT_SUN,,488,,,Non-AC,97031,PK5
CR_Down_97035,CR_Train,Central Railway Main,Down,Parel,Kalyan,08:22,09:34,72,False,Slow,Peak,All Days,,502,,,Non-AC,97035,PK7
CR_Down_97321,CR_Train,Central Railway Main,Down,Parel,Thane,08:41,09:19,38,False,Slow,Peak,NOT_SUN,,521,,,Non-AC,97321,PT1
CR_Down_95301,CR_Train,Central Railway Main,Down,Dadar,Ambernath,08:42,09:42,60,False,Fast,Peak,All Days,,522,,,Non-AC,95301,DA1
CR_Down_97327,CR_Train,Central Railway Main,Down,Parel,Thane,09:15,09:53,38,False,Slow,Peak,All Days,,555,,,Non-AC,97327,PT3
CR_Down_97215,CR_Train,Central Railway Main,Down,Parel,Dombivli,09:51,10:51,60,False,Slow,Peak,All Days,,591,,,Non-AC,97215,PDL1
CR_Down_97057,CR_Train,Central Railway Main,Down,Parel,Kalyan,10:44,11:56,72,False,Slow,Peak,All Days,,644,,,Non-AC,97057,PK9
CR_Down_95715,CR_Train,Central Railway Main,Down,Dadar,Kalyan,10:45,11:36,51,False,Fast,Peak,NOT_SUN,,645,,,Non-AC,95715,DK1
CR_Down_95221,CR_Train,Central Railway Main,Down,Dadar,Badlapur,11:08,12:21,73,True,AC Fast,Off-Peak,NOT_SUN,,668,,,AC,95221,DBL1
CR_Down_97061,CR_Train,Central Railway Main,Down,Parel,Kalyan,11:12,12:28,76,False,Slow,Off-Peak,All Days,,672,,,Non-AC,97061,PK11
CR_Down_97065,CR_Train,Central Railway Main,Down,Parel,Kalyan,11:45,12:56,71,False,Slow,Off-Peak,All Days,,705,,,Non-AC,97065,PK13
CR_Down_97223,CR_Train,Central Railway Main,Down,Parel,Dombivli,12:20,13:22,62,False,Slow,Off-Peak,All Days,,740,,,Non-AC,97223,PDL3
CR_Down_95225,CR_Train,Central Railway Main,Down,Dadar,Badlapur,12:30,13:39,69,True,AC Fast,Off-Peak,All Days,,750,,,AC,95225,DBL3
CR_Down_97225,CR_Train,Central Railway Main,Down,Parel,Dombivli,12:37,13:39,62,False,Slow,Off-Peak,All Days,,757,,,Non-AC,97225,PDL5
CR_Down_95317,CR_Train,Central Railway Main,Down,Dadar,Ambernath,13:10,14:14,64,False,Fast,Off-Peak,All Days,,790,,,Non-AC,95317,DA3
CR_Down_97081,CR_Train,Central Railway Main,Down,Parel,Kalyan,13:13,14:23,70,False,Slow,Off-Peak,All Days,,793,,,Non-AC,97081,PK15
CR_Down_97229,CR_Train,Central Railway Main,Down,Parel,Dombivli,13:38,14:40,62,False,Slow,Off-Peak,All Days,,818,,,Non-AC,97229,PDL7
CR_Down_95909,CR_Train,Central Railway Main,Down,Dadar,Thane,14:21,14:47,26,True,AC Fast,Off-Peak,NOT_SUN,,861,,,AC,95909,DT1
CR_Down_97101,CR_Train,Central Railway Main,Down,Parel,Kalyan,15:00,16:10,70,False,Slow,Off-Peak,All Days,,900,,,Non-AC,97101,PK17
CR_Down_97105,CR_Train,Central Railway Main,Down,Parel,Kalyan,15:24,16:34,70,False,Slow,Off-Peak,All Days,,924,,,Non-AC,97105,PK19
CR_Down_95611,CR_Train,Central Railway Main,Down,Dadar,Titwala,15:33,16:39,66,True,AC Fast,Off-Peak,All Days,,933,,,AC,95611,DTL1
CR_Down_97109,CR_Train,Central Railway Main,Down,Parel,Kalyan,15:53,17:05,72,False,Slow,Off-Peak,All Days,,953,,,Non-AC,97109,PK21
CR_Down_97375,CR_Train,Central Railway Main,Down,Parel,Thane,16:12,16:50,38,False,Slow,Off-Peak,NOT_SUN,,972,,,Non-AC,97375,PT5
CR_Down_97243,CR_Train,Central Railway Main,Down,Parel,Dombivli,17:13,18:16,63,False,Slow,Peak,All Days,,1033,,,Non-AC,97243,PDL9
CR_Down_95725,CR_Train,Central Railway Main,Down,Dadar,Kalyan,17:30,18:18,48,False,Fast,Peak,NOT_SUN,,1050,,,Non-AC,95725,DK3
CR_Down_97131,CR_Train,Central Railway Main,Down,Parel,Kalyan,17:38,18:49,71,False,Slow,Peak,All Days,,1058,,,Non-AC,97131,PK23
CR_Down_97247,CR_Train,Central Railway Main,Down,Parel,Dombivli,17:58,18:58,60,False,Slow,Peak,NOT_SUN,,1078,,,Non-AC,97247,PDL11
CR_Down_95729,CR_Train,Central Railway Main,Down,Dadar,Kalyan,18:01,19:01,60,False,Medium,Peak,All Days,,1081,,,Non-AC,95729,DK5
CR_Down_97141,CR_Train,Central Railway Main,Down,Parel,Kalyan,18:19,19:32,73,False,Slow,Peak,All Days,,1099,,,Non-AC,97141,PK25
CR_Down_97149,CR_Train,Central Railway Main,Down,Parel,Kalyan,18:48,19:58,70,True,AC Slow,Peak,NOT_SUN,,1128,,,AC,97149,PK27
CR_Down_95737,CR_Train,Central Railway Main,Down,Dadar,Kalyan,19:13,20:16,63,False,Medium,Peak,All Days,,1153,,,Non-AC,95737,DK7
CR_Down_97151,CR_Train,Central Railway Main,Down,Parel,Kalyan,19:14,20:26,72,False,Slow,Peak,NOT_SUN,,1154,,,Non-AC,97151,PK29
CR_Down_97407,CR_Train,Central Railway Main,Down,Parel,Thane,19:28,20:06,38,False,Slow,Peak,All Days,,1168,,,Non-AC,97407,PT7
CR_Down_95329,CR_Train,Central Railway Main,Down,Dadar,Ambernath,19:39,20:44,65,True,AC Fast,Peak,NOT_SUN,,1179,,,AC,95329,DA5
CR_Down_97257,CR_Train,Central Railway Main,Down,Parel,Dombivli,19:49,20:49,60,False,Slow,Peak,All Days,,1189,,,Non-AC,97257,PDL13
CR_Down_97411,CR_Train,Central Railway Main,Down,Parel,Thane,19:59,20:37,38,False,Slow,Peak,NOT_SUN,,1199,,,Non-AC,97411,PT9
CR_Down_97165,CR_Train,Central Railway Main,Down,Parel,Kalyan,20:34,21:45,71,False,Slow,Peak,All Days,,1234,,,Non-AC,97165,PK31
CR_Down_95915,CR_Train,Central Railway Main,Down,Dadar,Thane,20:45,21:16,31,False,Fast,Peak,All Days,,1245,,,Non-AC,95915,DT3
CR_Down_97169,CR_Train,Central Railway Main,Down,Parel,Kalyan,21:02,22:14,72,False,Slow,Off-Peak,All Days,,1262,,,Non-AC,97169,PK33
CR_Down_97175,CR_Train,Central Railway Main,Down,Parel,Kalyan,21:42,22:53,71,True,AC Slow,Off-Peak,NOT_SUN,,1302,,,AC,97175,PK35
CR_Down_97177,CR_Train,Central Railway Main,Down,Parel,Kalyan,22:06,23:17,71,False,Slow,Off-Peak,All Days,,1326,,,Non-AC,97177,PK37
CR_Down_95743,CR_Train,Central Railway Main,Down,Dadar,Kalyan,22:18,23:10,52,False,Fast,Off-Peak,NOT_SUN,,1338,,,Non-AC,95743,DK9
CR_Down_96337,CR_Train,Central Railway Main,Down,Parel,Ambernath,00:02,00:16,14,False,Slow,Off-Peak,All Days,,2,,,Non-AC,96337,PA1
CR_Down_96339,CR_Train,Central Railway Main,Down,Parel,Ambernath,00:08,00:41,33,False,Slow,Off-Peak,All Days,,8,,,Non-AC,96339,PA3
CR_Up_97016,CR_Train,Central Railway Main,Up,Kalyan,Parel,06:47,07:58,71,False,Slow,Off-Peak,NOT_SUN,,407,,,Non-AC,97016,PK2
CR_Up_97018,CR_Train,Central Railway Main,Up,Kalyan,Parel,06:54,08:07,73,False,Slow,Off-Peak,All Days,,414,,,Non-AC,97018,PK4
CR_Up_97020,CR_Train,Central Railway Main,Up,Kalyan,Parel,07:09,08:19,70,False,Slow,Peak,NOT_SUN,,429,,,Non-AC,97020,PK6
CR_Up_95706,CR_Train,Central Railway Main,Up,Kalyan,Dadar,07:26,08:30,64,False,Medium,Peak,All Days,,446,,,Non-AC,95706,DK2
CR_Up_97028,CR_Train,Central Railway Main,Up,Kalyan,Parel,07:50,09:00,70,False,Slow,Peak,All Days,,470,,,Non-AC,97028,PK8
CR_Up_96616,CR_Train,Central Railway Main,Up,Titwala,Parel,08:09,09:37,88,False,Slow,Peak,All Days,,489,,,Non-AC,96616,PTL2
CR_Up_97038,CR_Train,Central Railway Main,Up,Kalyan,Parel,09:07,10:17,70,False,Slow,Peak,All Days,,547,,,Non-AC,97038,PK10
CR_Up_95720,CR_Train,Central Railway Main,Up,Kalyan,Dadar,09:47,10:40,53,False,Fast,Peak,NOT_SUN,,587,,,Non-AC,95720,DK4
CR_Up_97212,CR_Train,Central Railway Main,Up,Dombivli,Parel,09:47,10:49,62,False,Slow,Peak,All Days,,587,,,Non-AC,97212,PDL2
CR_Up_95724,CR_Train,Central Railway Main,Up,Kalyan,Dadar,10:02,10:52,50,True,AC Fast,Peak,NOT_SUN,,602,,,AC,95724,DK6
CR_Up_96620,CR_Train,Central Railway Main,Up,Titwala,Parel,09:53,11:19,86,False,Slow,Peak,All Days,,593,,,Non-AC,96620,PTL4
CR_Up_97052,CR_Train,Central Railway Main,Up,Kalyan,Parel,10:50,12:00,70,False,Slow,Peak,All Days,,650,,,Non-AC,97052,PK12
CR_Up_95726,CR_Train,Central Railway Main,Up,Kalyan,Dadar,11:22,12:15,53,True,AC Medium,Off-Peak,All Days,,682,,,AC,95726,DK8
CR_Up_97056,CR_Train,Central Railway Main,Up,Kalyan,Parel,11:10,12:20,70,False,Slow,Off-Peak,All Days,,670,,,Non-AC,97056,PK14
CR_Up_95318,CR_Train,Central Railway Main,Up,Ambernath,Dadar,11:38,12:36,58,False,Fast,Off-Peak,All Days,,698,,,Non-AC,95318,DA2
CR_Up_97060,CR_Train,Central Railway Main,Up,Kalyan,Parel,11:42,12:55,73,False,Slow,Off-Peak,All Days,,702,,,Non-AC,97060,PK16
CR_Up_97064,CR_Train,Central Railway Main,Up,Kalyan,Parel,12:05,13:19,74,False,Slow,Off-Peak,All Days,,725,,,Non-AC,97064,PK18
CR_Up_95214,CR_Train,Central Railway Main,Up,Badlapur,Dadar,12:27,13:38,71,True,AC Fast,Off-Peak,NOT_SUN,,747,,,AC,95214,DBL2
CR_Up_97226,CR_Train,Central Railway Main,Up,Dombivli,Parel,13:48,14:50,62,False,Slow,Off-Peak,All Days,,828,,,Non-AC,97226,PDL4
CR_Up_95218,CR_Train,Central Railway Main,Up,Badlapur,Dadar,13:48,14:59,71,True,AC Fast,Off-Peak,All Days,,828,,,AC,95218,DBL4
CR_Up_97082,CR_Train,Central Railway Main,Up,Kalyan,Parel,14:04,15:14,70,False,Slow,Off-Peak,All Days,,844,,,Non-AC,97082,PK20
CR_Up_97372,CR_Train,Central Railway Main,Up,Thane,Parel,14:52,15:31,39,False,Slow,Off-Peak,All Days,,892,,,Non-AC,97372,PT2
CR_Up_97376,CR_Train,Central Railway Main,Up,Thane,Parel,15:23,16:01,38,False,Slow,Off-Peak,NOT_SUN,,923,,,Non-AC,97376,PT4
CR_Up_97100,CR_Train,Central Railway Main,Up,Kalyan,Parel,15:47,16:57,70,False,Slow,Off-Peak,All Days,,947,,,Non-AC,97100,PK22
CR_Up_95734,CR_Train,Central Railway Main,Up,Kalyan,Dadar,16:28,17:20,52,False,Fast,Off-Peak,NOT_SUN,,988,,,Non-AC,95734,DK10
CR_Up_97108,CR_Train,Central Railway Main,Up,Kalyan,Parel,16:17,17:26,69,False,Slow,Off-Peak,All Days,,977,,,Non-AC,97108,PK24
CR_Up_95328,CR_Train,Central Railway Main,Up,Ambernath,Dadar,16:45,17:45,60,False,Fast,Off-Peak,All Days,,1005,,,Non-AC,95328,DA4
CR_Up_97392,CR_Train,Central Railway Main,Up,Thane,Parel,17:10,17:47,37,False,Slow,Peak,NOT_SUN,,1030,,,Non-AC,97392,PT6
CR_Up_97114,CR_Train,Central Railway Main,Up,Kalyan,Parel,16:57,18:06,69,False,Slow,Off-Peak,All Days,,1017,,,Non-AC,97114,PK26
CR_Up_97240,CR_Train,Central Railway Main,Up,Dombivli,Parel,17:32,18:35,63,True,AC Slow,Peak,NOT_SUN,,1052,,,AC,97240,PDL6
CR_Up_97410,CR_Train,Central Railway Main,Up,Thane,Parel,18:24,19:03,39,False,Slow,Peak,NOT_SUN,,1104,,,Non-AC,97410,PT8
CR_Up_95334,CR_Train,Central Railway Main,Up,Ambernath,Dadar,18:03,19:08,65,False,Fast,Peak,All Days,,1083,,,Non-AC,95334,DA6
CR_Up_97412,CR_Train,Central Railway Main,Up,Thane,Parel,18:36,19:15,39,False,Slow,Peak,All Days,,1116,,,Non-AC,97412,PT10
CR_Up_95336,CR_Train,Central Railway Main,Up,Ambernath,Dadar,18:30,19:32,62,True,AC Fast,Peak,NOT_SUN,,1110,,,AC,95336,DA8
CR_Up_97246,CR_Train,Central Railway Main,Up,Dombivli,Parel,18:37,19:39,62,False,Slow,Peak,All Days,,1117,,,Non-AC,97246,PDL8
CR_Up_97418,CR_Train,Central Railway Main,Up,Thane,Parel,19:10,19:49,39,False,Slow,Peak,NOT_SUN,,1150,,,Non-AC,97418,PT12
CR_Up_95338,CR_Train,Central Railway Main,Up,Ambernath,Dadar,19:12,20:16,64,False,Medium,Peak,All Days,,1152,,,Non-AC,95338,DA10
CR_Up_97140,CR_Train,Central Railway Main,Up,Kalyan,Parel,19:08,20:20,72,False,Slow,Peak,All Days,,1148,,,Non-AC,97140,PK28
CR_Up_97146,CR_Train,Central Railway Main,Up,Kalyan,Parel,19:38,20:47,69,False,Slow,Peak,All Days,,1178,,,Non-AC,97146,PK30
CR_Up_97154,CR_Train,Central Railway Main,Up,Kalyan,Parel,20:10,21:22,72,True,AC Slow,Peak,NOT_SUN,,1210,,,AC,97154,PK32
CR_Up_95746,CR_Train,Central Railway Main,Up,Kalyan,Dadar,20:41,21:30,49,False,Fast,Peak,NOT_SUN,,1241,,,Non-AC,95746,DK12
CR_Up_97160,CR_Train,Central Railway Main,Up,Kalyan,Parel,20:43,21:52,69,False,Slow,Peak,All Days,,1243,,,Non-AC,97160,PK34
CR_Up_97432,CR_Train,Central Railway Main,Up,Thane,Parel,21:39,22:18,39,False,Slow,Off-Peak,NOT_SUN,,1299,,,Non-AC,97432,PT14
CR_Up_97166,CR_Train,Central Railway Main,Up,Kalyan,Parel,21:19,22:29,70,False,Slow,Off-Peak,All Days,,1279,,,Non-AC,97166,PK36
CR_Up_97434,CR_Train,Central Railway Main,Up,Thane,Parel,22:15,22:54,39,False,Slow,Off-Peak,All Days,,1335,,,Non-AC,97434,PT16
CR_Up_96332,CR_Train,Central Railway Main,Up,Ambernath,CSMT,22:15,23:42,87,False,Slow,Off-Peak,All Days,,1335,,,Non-AC,96332,A66
CR_Up_97264,CR_Train,Central Railway Main,Up,Dombivli,Parel,22:48,23:49,61,False,Slow,Off-Peak,All Days,,1368,,,Non-AC,97264,PDL10
CR_Down_97303,CR_Train,Central Railway Main,Down,Kurla,Thane,04:58,05:25,27,False,Slow,Off-Peak,All Days,,298,,,Non-AC,97303,CT1
CR_Down_97067,CR_Train,Central Railway Main,Down,Kurla,Kalyan,12:01,13:04,63,False,Slow,Off-Peak,All Days,,721,,,Non-AC,97067,CK15
CR_Down_97091,CR_Train,Central Railway Main,Down,Kurla,Kalyan,14:29,15:29,60,False,Slow,Off-Peak,All Days,,869,,,Non-AC,97091,CK17
CR_Down_97117,CR_Train,Central Railway Main,Down,Kurla,Kalyan,16:54,17:55,61,False,Slow,Off-Peak,All Days,,1014,,,Non-AC,97117,CK19
CR_Down_97159,CR_Train,Central Railway Main,Down,Kurla,Kalyan,19:54,20:55,61,False,Slow,Peak,All Days,,1194,,,Non-AC,97159,CK29
CR_Down_97181,CR_Train,Central Railway Main,Down,Kurla,Kalyan,22:23,23:26,63,False,Slow,Off-Peak,All Days,,1343,,,Non-AC,97181,CK31
CR_Up_97436,CR_Train,Central Railway Main,Up,Thane,Kurla,00:00,00:06,6,False,Slow,Off-Peak,All Days,,0,,,Non-AC,97436,CT2
CR_Up_97050,CR_Train,Central Railway Main,Up,Kalyan,Kurla,10:43,11:41,58,False,Slow,Peak,All Days,,643,,,Non-AC,97050,CK2
CR_Up_97074,CR_Train,Central Railway Main,Up,Kalyan,Kurla,13:19,14:17,58,False,Slow,Off-Peak,All Days,,799,,,Non-AC,97074,CK4
CR_Up_97132,CR_Train,Central Railway Main,Up,Kalyan,Kurla,18:48,19:46,58,False,Slow,Peak,All Days,,1128,,,Non-AC,97132,CK6
CR_Up_97164,CR_Train,Central Railway Main,Up,Kalyan,Kurla,21:04,22:03,59,False,Slow,Off-Peak,All Days,,1264,,,Non-AC,97164,CK8
CR_Up_97176,CR_Train,Central Railway Main,Up,Kalyan,Kurla,22:56,23:55,59,True,AC Slow,Off-Peak,NOT_SUN,,1376,,,AC,97176,CK10
CR_Up_96226,CR_Train,Central Railway Main,Up,Badlapur,Parel,22:40,23:59,79,False,Slow,Off-Peak,All Days,,1360,,,Non-AC,96226,PBL2
CR_Down_96601,CR_Train,Central Railway Main,Down,Vidyavihar,Titwala,04:48,05:57,69,False,Slow,Off-Peak,All Days,,288,,,Non-AC,96601,CTL1
CR_Down_96201,CR_Train,Central Railway Main,Down,Vidyavihar,Badlapur,05:29,06:43,74,False,Slow,Off-Peak,All Days,,329,,,Non-AC,96201,CBL1
CR_Down_97005,CR_Train,Central Railway Main,Down,Vidyavihar,Kalyan,05:37,06:31,54,False,Slow,Off-Peak,NOT_SUN,,337,,,Non-AC,97005,CK1
CR_Down_97009,CR_Train,Central Railway Main,Down,Vidyavihar,Kalyan,06:08,07:04,56,True,AC Slow,Off-Peak,NOT_SUN,,368,,,AC,97009,CK3
CR_Down_97011,CR_Train,Central Railway Main,Down,Vidyavihar,Kalyan,06:18,07:14,56,False,Slow,Off-Peak,NOT_SUN,,378,,,Non-AC,97011,CK5
CR_Down_97013,CR_Train,Central Railway Main,Down,Vidyavihar,Kalyan,06:29,07:25,56,True,AC Slow,Off-Peak,NOT_SUN,,389,,,AC,97013,CK7
CR_Down_97015,CR_Train,Central Railway Main,Down,Vidyavihar,Kalyan,06:40,07:35,55,False,Slow,Off-Peak,All Days,,400,,,Non-AC,97015,CK9
CR_Down_96307,CR_Train,Central Railway Main,Down,Vidyavihar,Ambernath,06:52,08:00,68,False,Slow,Off-Peak,All Days,,412,,,Non-AC,96307,CA1
CR_Down_97205,CR_Train,Central Railway Main,Down,Vidyavihar,Dombivli,07:07,07:52,45,False,Slow,Peak,All Days,,427,,,Non-AC,97205,CDL1
CR_Down_97023,CR_Train,Central Railway Main,Down,Vidyavihar,Kalyan,07:26,08:20,54,False,Slow,Peak,All Days,,446,,,Non-AC,97023,CK11
CR_Down_97039,CR_Train,Central Railway Main,Down,Vidyavihar,Kalyan,09:04,10:00,56,False,Slow,Peak,NOT_SUN,,544,,,Non-AC,97039,CK13
CR_Down_97121,CR_Train,Central Railway Main,Down,Vidyavihar,Kalyan,17:18,18:14,56,False,Slow,Peak,All Days,,1038,,,Non-AC,97121,CK21
CR_Down_97125,CR_Train,Central Railway Main,Down,Vidyavihar,Kalyan,17:33,18:29,56,False,Slow,Peak,All Days,,1053,,,Non-AC,97125,CK23
CR_Down_97133,CR_Train,Central Railway Main,Down,Vidyavihar,Kalyan,18:02,18:57,55,False,Slow,Peak,All Days,,1082,,,Non-AC,97133,CK25
CR_Down_97137,CR_Train,Central Railway Main,Down,Vidyavihar,Kalyan,18:18,19:13,55,False,Slow,Peak,NOT_SUN,,1098,,,Non-AC,97137,CK27
CR_Down_96103,CR_Train,Central Railway Main,Down,Thane,Karjat,05:00,06:25,85,False,Medium,Off-Peak,All Days,,300,,,Non-AC,96103,TS1
CR_Down_97001,CR_Train,Central Railway Main,Down,Thane,Kalyan,05:04,05:36,32,False,Medium,Off-Peak,All Days,,304,,,Non-AC,97001,TK1
CR_Down_97201,CR_Train,Central Railway Main,Down,Thane,Dombivli,05:20,05:43,23,False,Medium,Off-Peak,All Days,,320,,,Non-AC,97201,TDL1
CR_Down_96105,CR_Train,Central Railway Main,Down,Thane,Karjat,05:27,06:52,85,False,Medium,Off-Peak,All Days,,327,,,Non-AC,96105,TS3
CR_Down_96603,CR_Train,Central Railway Main,Down,Thane,Titwala,05:35,06:23,48,False,Medium,Off-Peak,All Days,,335,,,Non-AC,96603,TTL1
CR_Down_96503,CR_Train,Central Railway Main,Down,Thane,Asangaon,05:46,06:58,72,False,Medium,Off-Peak,All Days,,346,,,Non-AC,96503,TAN1
CR_Down_97007,CR_Train,Central Railway Main,Down,Thane,Kalyan,06:15,06:47,32,False,Medium,Off-Peak,All Days,,375,,,Non-AC,97007,TK3
CR_Down_96615,CR_Train,Central Railway Main,Down,Thane,Titwala,08:56,09:45,49,False,Medium,Peak,All Days,,536,,,Non-AC,96615,TTL3
CR_Down_96617,CR_Train,Central Railway Main,Down,Thane,Titwala,09:18,10:07,49,False,Medium,Peak,All Days,,558,,,Non-AC,96617,TTL5
CR_Down_97045,CR_Train,Central Railway Main,Down,Thane,Kalyan,10:06,10:40,34,False,Medium,Peak,All Days,,606,,,Non-AC,97045,TK5
CR_Down_96513,CR_Train,Central Railway Main,Down,Thane,Asangaon,11:49,13:03,74,False,Medium,Off-Peak,All Days,,709,,,Non-AC,96513,TAN3
CR_Down_96109,CR_Train,Central Railway Main,Down,Thane,Karjat,12:05,13:31,86,False,Medium,Off-Peak,All Days,,725,,,Non-AC,96109,TS5
CR_Down_96203,CR_Train,Central Railway Main,Down,Thane,Badlapur,13:06,13:59,53,False,Medium,Off-Peak,All Days,,786,,,Non-AC,96203,TBL1
CR_Down_96629,CR_Train,Central Railway Main,Down,Thane,Titwala,14:05,14:59,54,False,Medium,Off-Peak,All Days,,845,,,Non-AC,96629,TTL7
CR_Down_97087,CR_Train,Central Railway Main,Down,Thane,Kalyan,14:33,15:06,33,False,Medium,Off-Peak,All Days,,873,,,Non-AC,97087,TK7
CR_Down_96209,CR_Train,Central Railway Main,Down,Thane,Badlapur,15:58,16:52,54,False,Medium,Off-Peak,All Days,,958,,,Non-AC,96209,TBL3
CR_Down_96323,CR_Train,Central Railway Main,Down,Thane,Ambernath,16:50,17:37,47,False,Medium,Off-Peak,All Days,,1010,,,Non-AC,96323,TA1
CR_Down_97119,CR_Train,Central Railway Main,Down,Thane,Kalyan,17:25,17:58,33,False,Medium,Peak,All Days,,1045,,,Non-AC,97119,TK9
CR_Down_96111,CR_Train,Central Railway Main,Down,Thane,Karjat,17:48,19:14,86,False,Medium,Peak,All Days,,1068,,,Non-AC,96111,TS7
CR_Down_96211,CR_Train,Central Railway Main,Down,Thane,Badlapur,18:50,19:47,57,False,Medium,Peak,All Days,,1130,,,Non-AC,96211,TBL5
CR_Down_97147,CR_Train,Central Railway Main,Down,Thane,Kalyan,19:20,19:53,33,False,Medium,Peak,All Days,,1160,,,Non-AC,97147,TK11
CR_Down_96213,CR_Train,Central Railway Main,Down,Thane,Badlapur,19:45,20:41,56,False,Medium,Peak,All Days,,1185,,,Non-AC,96213,TBL7
CR_Down_96113,CR_Train,Central Railway Main,Down,Thane,Karjat,20:05,21:32,87,False,Medium,Peak,All Days,,1205,,,Non-AC,96113,TS9
CR_Down_96329,CR_Train,Central Railway Main,Down,Thane,Ambernath,20:28,21:16,48,False,Medium,Peak,All Days,,1228,,,Non-AC,96329,TA3
CR_Down_96219,CR_Train,Central Railway Main,Down,Thane,Badlapur,21:32,22:26,54,False,Medium,Off-Peak,All Days,,1292,,,Non-AC,96219,TBL9
CR_Up_96522,CR_Train,Central Railway Main,Up,Asangaon,Thane,23:08,00:16,68,False,Medium,Off-Peak,All Days,,1388,,,Non-AC,96522,TAN6
CR_Up_97182,CR_Train,Central Railway Main,Up,Kalyan,Thane,23:47,00:20,33,False,Medium,Off-Peak,All Days,,1427,,,Non-AC,97182,TK32
CR_Up_96208,CR_Train,Central Railway Main,Up,Badlapur,Thane,07:56,08:49,53,False,Medium,Peak,All Days,,476,,,Non-AC,96208,TBL2
CR_Up_97036,CR_Train,Central Railway Main,Up,Kalyan,Thane,08:36,09:08,32,False,Medium,Peak,All Days,,516,,,Non-AC,97036,TK2
CR_Up_96506,CR_Train,Central Railway Main,Up,Asangaon,Thane,08:47,09:57,70,False,Medium,Peak,All Days,,527,,,Non-AC,96506,TAN2
CR_Up_97054,CR_Train,Central Railway Main,Up,Kalyan,Thane,11:02,11:34,32,False,Medium,Off-Peak,All Days,,662,,,Non-AC,97054,TK4
CR_Up_97058,CR_Train,Central Railway Main,Up,Kalyan,Thane,11:22,11:55,33,False,Medium,Off-Peak,All Days,,682,,,Non-AC,97058,TK6
CR_Up_97066,CR_Train,Central Railway Main,Up,Kalyan,Thane,12:24,12:57,33,False,Medium,Off-Peak,All Days,,744,,,Non-AC,97066,TK8
CR_Up_97072,CR_Train,Central Railway Main,Up,Kalyan,Thane,13:09,13:40,31,False,Medium,Off-Peak,All Days,,789,,,Non-AC,97072,TK10
CR_Up_96514,CR_Train,Central Railway Main,Up,Asangaon,Thane,13:16,14:24,68,False,Medium,Off-Peak,All Days,,796,,,Non-AC,96514,TAN4
CR_Up_96108,CR_Train,Central Railway Main,Up,Karjat,Thane,13:27,14:53,86,False,Medium,Off-Peak,All Days,,807,,,Non-AC,96108,TS2
CR_Up_97094,CR_Train,Central Railway Main,Up,Kalyan,Thane,15:14,15:46,32,False,Medium,Off-Peak,All Days,,914,,,Non-AC,97094,TK12
CR_Up_97102,CR_Train,Central Railway Main,Up,Kalyan,Thane,15:58,16:30,32,False,Medium,Off-Peak,All Days,,958,,,Non-AC,97102,TK14
CR_Up_97112,CR_Train,Central Railway Main,Up,Kalyan,Thane,16:38,17:11,33,False,Medium,Off-Peak,All Days,,998,,,Non-AC,97112,TK16
CR_Up_97124,CR_Train,Central Railway Main,Up,Kalyan,Thane,18:08,18:39,31,False,Medium,Peak,All Days,,1088,,,Non-AC,97124,TK18
CR_Up_97130,CR_Train,Central Railway Main,Up,Kalyan,Thane,18:40,19:12,32,False,Medium,Peak,All Days,,1120,,,Non-AC,97130,TK20
CR_Up_97136,CR_Train,Central Railway Main,Up,Kalyan,Thane,18:58,19:30,32,False,Medium,Peak,All Days,,1138,,,Non-AC,97136,TK22
CR_Up_96646,CR_Train,Central Railway Main,Up,Titwala,Thane,19:01,19:49,48,False,Medium,Peak,All Days,,1141,,,Non-AC,96646,TTL2
CR_Up_97150,CR_Train,Central Railway Main,Up,Kalyan,Thane,19:48,20:21,33,False,Medium,Peak,All Days,,1188,,,Non-AC,97150,TK24
CR_Up_97162,CR_Train,Central Railway Main,Up,Kalyan,Thane,20:50,21:24,34,False,Medium,Peak,All Days,,1250,,,Non-AC,97162,TK26
CR_Up_96660,CR_Train,Central Railway Main,Up,Titwala,Thane,22:25,23:16,51,False,Medium,Off-Peak,All Days,,1345,,,Non-AC,96660,TTL4
CR_Up_97178,CR_Train,Central Railway Main,Up,Kalyan,Thane,23:04,23:35,31,True,AC Medium,Off-Peak,NOT_SUN,,1384,,,AC,97178,TK28
CR_Up_97180,CR_Train,Central Railway Main,Up,Kalyan,Thane,23:19,23:50,31,True,AC Medium,Off-Peak,NOT_SUN,,1399,,,AC,97180,TK30
CR_Up_96228,CR_Train,Central Railway Main,Up,Badlapur,Thane,23:04,23:59,55,True,AC Medium,Off-Peak,All Days,,1384,,,AC,96228,TBL4
CR_Up_96662,CR_Train,Central Railway Main,Up,Titwala,Thane,23:14,23:47,33,False,Medium,Off-Peak,All Days,,1394,,,Non-AC,96662,TTL6
CR_Down_96501,CR_Train,Central Railway Main,Down,Kalyan,Asangaon,05:28,06:03,35,False,Fast,Off-Peak,All Days,,328,,,Non-AC,96501,KAN1
CR_Down_96509,CR_Train,Central Railway Main,Down,Kalyan,Asangaon,08:04,08:39,35,False,Fast,Peak,All Days,,484,,,Non-AC,96509,KAN3
CR_Down_96001,CR_Train,Central Railway Main,Down,Karjat,Khopoli,05:43,06:08,25,False,Fast,Off-Peak,All Days,,343,,,Non-AC,96001,SKP1
CR_Down_96003,CR_Train,Central Railway Main,Down,Karjat,Khopoli,08:00,08:25,25,False,Fast,Peak,All Days,,480,,,Non-AC,96003,SKP3
CR_Down_96005,CR_Train,Central Railway Main,Down,Karjat,Khopoli,10:40,11:05,25,False,Fast,Peak,All Days,,640,,,Non-AC,96005,SKP5
CR_Down_96007,CR_Train,Central Railway Main,Down,Karjat,Khopoli,12:00,12:25,25,False,Fast,Off-Peak,All Days,,720,,,Non-AC,96007,SKP7
CR_Down_96009,CR_Train,Central Railway Main,Down,Karjat,Khopoli,13:15,13:40,25,False,Fast,Off-Peak,All Days,,795,,,Non-AC,96009,SKP9
CR_Down_96011,CR_Train,Central Railway Main,Down,Karjat,Khopoli,15:39,16:04,25,False,Fast,Off-Peak,All Days,,939,,,Non-AC,96011,SKP11
CR_Down_96013,CR_Train,Central Railway Main,Down,Karjat,Khopoli,20:36,21:01,25,False,Fast,Peak,All Days,,1236,,,Non-AC,96013,SKP13
CR_Down_96015,CR_Train,Central Railway Main,Down,Karjat,Khopoli,21:42,22:07,25,False,Fast,Off-Peak,All Days,,1302,,,Non-AC,96015,SKP15
CR_Up_96002,CR_Train,Central Railway Main,Up,Khopoli,Karjat,00:30,00:55,25,False,Fast,Off-Peak,All Days,,30,,,Non-AC,96002,SKP2
CR_Up_96004,CR_Train,Central Railway Main,Up,Khopoli,Karjat,05:10,05:35,25,False,Fast,Off-Peak,All Days,,310,,,Non-AC,96004,SKP4
CR_Up_96006,CR_Train,Central Railway Main,Up,Khopoli,Karjat,07:20,07:45,25,False,Fast,Peak,All Days,,440,,,Non-AC,96006,SKP6
CR_Up_96008,CR_Train,Central Railway Main,Up,Khopoli,Karjat,10:00,10:25,25,False,Fast,Peak,All Days,,600,,,Non-AC,96008,SKP8
CR_Up_96010,CR_Train,Central Railway Main,Up,Khopoli,Karjat,11:20,11:45,25,False,Fast,Off-Peak,All Days,,680,,,Non-AC,96010,SKP10
CR_Up_96012,CR_Train,Central Railway Main,Up,Khopoli,Karjat,12:40,13:05,25,False,Fast,Off-Peak,All Days,,760,,,Non-AC,96012,SKP12
CR_Up_96014,CR_Train,Central Railway Main,Up,Khopoli,Karjat,14:55,15:20,25,False,Fast,Off-Peak,All Days,,895,,,Non-AC,96014,SKP14
CR_Up_96016,CR_Train,Central Railway Main,Up,Khopoli,Karjat,20:03,20:28,25,False,Fast,Peak,All Days,,1203,,,Non-AC,96016,SKP16
CR_Up_96018,CR_Train,Central Railway Main,Up,Khopoli,Karjat,21:09,21:34,25,False,Fast,Off-Peak,All Days,,1269,,,Non-AC,96018,SKP18
CR_Up_96022,CR_Train,Central Railway Main,Up,Khopoli,Karjat,23:20,23:45,25,False,Fast,Off-Peak,All Days,,1400,,,Non-AC,96022,SKP20
WR_Down_91033,WR_Train,Western Railway,Down,CHURCHGATE,VIRAR,00:19,01:40,81,False,Slow,Off-Peak,All Days,,19,,,Non-AC,91033,VR
WR_Down_92009,WR_Train,Western Railway,Down,DADAR,VIRAR,05:15,06:20,65,False,Slow,Off-Peak,All Days,,315,,,Non-AC,92009,VR
WR_Down_90037,WR_Train,Western Railway,Down,Mahalakshmi,BORIVALI,05:26,06:11,45,False,Slow,Off-Peak,All Days,,326,,,Non-AC,90037,BVI
WR_Down_94003,WR_Train,Western Railway,Down,Mahalakshmi,BORIVALI,05:45,06:30,45,True,AC Slow,Off-Peak,All Days,,345,,,AC,94003,BVI
WR_Down_90057,WR_Train,Western Railway,Down,Mahalakshmi,BORIVALI,05:53,06:36,43,False,Slow,Off-Peak,All Days,,353,,,Non-AC,90057,BVI
WR_Down_90069,WR_Train,Western Railway,Down,Mahalakshmi,BORIVALI,06:11,06:55,44,False,Slow,Off-Peak,All Days,,371,,,Non-AC,90069,BVI
WR_Down_90085,WR_Train,Western Railway,Down,Mahalakshmi,Goregaon,06:28,07:01,33,False,Slow,Off-Peak,All Days,,388,,,Non-AC,90085,GMN
WR_Down_94107,WR_Train,Western Railway,Down,Mahalakshmi,BORIVALI,06:47,07:34,47,True,AC Slow,Off-Peak,All Days,,407,,,AC,94107,BVI
WR_Down_94011,WR_Train,Western Railway,Down,Mahalakshmi,VIRAR,07:05,08:23,78,True,AC Slow,Peak,SAT_SUN,,425,,,AC,94011,VR
WR_Down_90145,WR_Train,Western Railway,Down,Mahalakshmi,BORIVALI,07:46,08:33,47,False,Slow,Peak,NOT_SUN,,466,,,Non-AC,90145,BVI
WR_Down_92049,WR_Train,Western Railway,Down,DADAR,VIRAR,08:30,09:36,66,False,Slow,Peak,All Days,,510,,,Non-AC,92049,VR
WR_Down_92069,WR_Train,Western Railway,Down,DADAR,VIRAR,09:55,11:05,70,False,Slow,Peak,NOT_SUN,,595,,,Non-AC,92069,VR
WR_Down_92073,WR_Train,Western Railway,Down,DADAR,VIRAR,10:13,11:21,68,False,Slow,Peak,All Days,,613,,,Non-AC,92073,VR
WR_Down_92083,WR_Train,Western Railway,Down,DADAR,VIRAR,10:55,11:57,62,False,Slow,Peak,All Days,,655,,,Non-AC,92083,VR
WR_Down_90469,WR_Train,Western Railway,Down,DADAR,VIRAR,13:12,14:24,72,False,Slow,Off-Peak,All Days,,792,,,Non-AC,90469,VR
WR_Down_92109,WR_Train,Western Railway,Down,DADAR,VIRAR,13:23,14:32,69,False,Slow,Off-Peak,All Days,,803,,,Non-AC,92109,VR
WR_Down_92111,WR_Train,Western Railway,Down,DADAR,VIRAR,13:40,14:37,57,False,Slow,Off-Peak,All Days,,820,,,Non-AC,92111,VR
WR_Down_90503,WR_Train,Western Railway,Down,DADAR,VIRAR,14:00,15:07,67,False,Slow,Off-Peak,All Days,,840,,,Non-AC,90503,VR
WR_Down_92119,WR_Train,Western Railway,Down,DADAR,VIRAR,14:17,15:21,64,False,Slow,Off-Peak,All Days,,857,,,Non-AC,92119,VR
WR_Down_92125,WR_Train,Western Railway,Down,DADAR,VIRAR,14:50,15:47,57,False,Slow,Off-Peak,All Days,,890,,,Non-AC,92125,VR
WR_Down_92129,WR_Train,Western Railway,Down,DADAR,VIRAR,15:25,16:37,72,False,Slow,Off-Peak,NOT_SUN,,925,,,Non-AC,92129,VR
WR_Down_92135,WR_Train,Western Railway,Down,DADAR,VIRAR,15:45,16:55,70,False,Slow,Off-Peak,All Days,,945,,,Non-AC,92135,VR
WR_Down_90619,WR_Train,Western Railway,Down,Lower Parel,VIRAR,16:20,17:39,79,False,Slow,Off-Peak,All Days,,980,,,Non-AC,90619,VR
WR_Down_94129,WR_Train,Western Railway,Down,Mahalakshmi,BORIVALI,16:38,17:23,45,True,AC Slow,Off-Peak,All Days,,998,,,AC,94129,BVI
WR_Down_92147,WR_Train,Western Railway,Down,DADAR,VIRAR,16:48,17:44,56,False,Slow,Off-Peak,All Days,,1008,,,Non-AC,92147,VR
WR_Down_90667,WR_Train,Western Railway,Down,DADAR,VIRAR,17:18,18:14,56,False,Slow,Peak,All Days,,1038,,,Non-AC,90667,VR
WR_Down_92153,WR_Train,Western Railway,Down,DADAR,VIRAR,17:27,18:34,67,False,Slow,Peak,All Days,,1047,,,Non-AC,92153,VR
WR_Down_90689,WR_Train,Western Railway,Down,Mahalakshmi,BORIVALI,17:45,18:28,43,False,Slow,Peak,All Days,,1065,,,Non-AC,90689,BVI
WR_Down_93035,WR_Train,Western Railway,Down,DADAR,VIRAR,18:00,19:07,67,False,Slow,Peak,All Days,,1080,,,Non-AC,93035,DRD
WR_Down_90727,WR_Train,Western Railway,Down,Mumbai Central,BORIVALI,18:21,19:06,45,False,Slow,Peak,All Days,,1101,,,Non-AC,90727,BVI
WR_Down_92223,WR_Train,Western Railway,Down,DADAR,BORIVALI,18:35,19:06,31,False,Slow,Peak,All Days,,1115,,,Non-AC,92223,BVI
WR_Down_92179,WR_Train,Western Railway,Down,DADAR,VIRAR,19:23,20:34,71,False,Slow,Peak,NOT_SUN,,1163,,,Non-AC,92179,VR
WR_Down_94085,WR_Train,Western Railway,Down,DADAR,Bhayandar,19:38,20:27,49,True,AC Slow,Peak,All Days,,1178,,,AC,94085,BYR
WR_Down_90853,WR_Train,Western Railway,Down,DADAR,BORIVALI,20:23,20:56,33,False,Slow,Peak,All Days,,1223,,,Non-AC,90853,BVI
WR_Down_90879,WR_Train,Western Railway,Down,DADAR,VIRAR,20:47,21:54,67,False,Slow,Peak,All Days,,1247,,,Non-AC,90879,VR
WR_Down_90905,WR_Train,Western Railway,Down,DADAR,BORIVALI,21:08,21:49,41,False,Slow,Off-Peak,All Days,,1268,,,Non-AC,90905,BVI
WR_Down_94095,WR_Train,Western Railway,Down,DADAR,VIRAR,21:19,22:32,73,True,AC Slow,Off-Peak,All Days,,1279,,,AC,94095,VR
WR_Up_92002,WR_Train,Western Railway,Up,VIRAR,DADAR,04:00,05:02,62,False,Slow,Off-Peak,All Days,,240,,,Non-AC,92002,VR
WR_Up_92030,WR_Train,Western Railway,Up,VIRAR,DADAR,07:18,08:16,58,False,Slow,Peak,All Days,,438,,,Non-AC,92030,VR
WR_Up_92046,WR_Train,Western Railway,Up,VIRAR,DADAR,08:23,09:29,66,False,Slow,Peak,NOT_SUN,,503,,,Non-AC,92046,VR
WR_Up_92056,WR_Train,Western Railway,Up,VIRAR,DADAR,09:00,10:10,70,False,Slow,Peak,All Days,,540,,,Non-AC,92056,VR
WR_Up_92060,WR_Train,Western Railway,Up,Bhayandar,DADAR,09:35,10:24,49,False,Slow,Peak,All Days,,575,,,Non-AC,92060,BYR
WR_Up_90448,WR_Train,Western Railway,Up,Bhayandar,DADAR,12:20,13:06,46,False,Slow,Off-Peak,All Days,,740,,,Non-AC,90448,BYR
WR_Up_92100,WR_Train,Western Railway,Up,VIRAR,DADAR,12:10,13:16,66,False,Slow,Off-Peak,All Days,,730,,,Non-AC,92100,VR
WR_Up_92102,WR_Train,Western Railway,Up,VIRAR,DADAR,12:30,13:36,66,False,Slow,Off-Peak,All Days,,750,,,Non-AC,92102,VR
WR_Up_90486,WR_Train,Western Railway,Up,Bhayandar,DADAR,13:09,13:55,46,False,Slow,Off-Peak,All Days,,789,,,Non-AC,90486,BYR
WR_Up_92106,WR_Train,Western Railway,Up,VIRAR,DADAR,13:06,14:11,65,False,Slow,Off-Peak,All Days,,786,,,Non-AC,92106,VR
WR_Up_92108,WR_Train,Western Railway,Up,VIRAR,DADAR,13:11,14:22,71,False,Slow,Off-Peak,All Days,,791,,,Non-AC,92108,VR
WR_Up_92120,WR_Train,Western Railway,Up,VIRAR,DADAR,14:09,15:14,65,False,Slow,Off-Peak,NOT_SUN,,849,,,Non-AC,92120,VR
WR_Up_92122,WR_Train,Western Railway,Up,VIRAR,DADAR,14:27,15:38,71,False,Slow,Off-Peak,All Days,,867,,,Non-AC,92122,VR
WR_Up_92136,WR_Train,Western Railway,Up,VIRAR,DADAR,15:36,16:41,65,False,Slow,Off-Peak,All Days,,936,,,Non-AC,92136,VR
WR_Up_90624,WR_Train,Western Railway,Up,VIRAR,DADAR,15:40,16:45,65,False,Slow,Off-Peak,All Days,,940,,,Non-AC,90624,VR
WR_Up_92142,WR_Train,Western Railway,Up,VIRAR,DADAR,16:03,17:08,65,False,Slow,Off-Peak,All Days,,963,,,Non-AC,92142,VR
WR_Up_93028,WR_Train,Western Railway,Up,VIRAR,DADAR,16:40,17:46,66,False,Slow,Off-Peak,All Days,,1000,,,Non-AC,93028,DRD
WR_Up_90730,WR_Train,Western Railway,Up,VIRAR,DADAR,17:20,18:28,68,False,Slow,Peak,All Days,,1040,,,Non-AC,90730,VR
WR_Up_92164,WR_Train,Western Railway,Up,VIRAR,DADAR,18:00,19:11,71,False,Slow,Peak,NOT_SUN,,1080,,,Non-AC,92164,VR
WR_Up_94084,WR_Train,Western Railway,Up,VIRAR,DADAR,18:20,19:31,71,True,AC Slow,Peak,All Days,,1100,,,AC,94084,VR
WR_Up_90812,WR_Train,Western Railway,Up,VIRAR,DADAR,18:45,19:54,69,False,Slow,Peak,All Days,,1125,,,Non-AC,90812,VR
WR_Up_90852,WR_Train,Western Railway,Up,VIRAR,DADAR,19:26,20:35,69,False,Slow,Peak,All Days,,1166,,,Non-AC,90852,VR
WR_Up_90872,WR_Train,Western Railway,Up,VIRAR,DADAR,19:55,21:02,67,False,Slow,Peak,All Days,,1195,,,Non-AC,90872,VR
WR_Up_94094,WR_Train,Western Railway,Up,VIRAR,DADAR,20:07,21:14,67,True,AC Slow,Peak,All Days,,1207,,,AC,94094,VR
WR_Down_92095,WR_Train,Western Railway,Down,DADAR,VIRAR,12:00,12:59,59,False,Slow,Off-Peak,All Days,,720,,,Non-AC,92095,VR
WR_Up_92080,WR_Train,Western Railway,Up,VIRAR,DADAR,10:44,11:41,57,False,Slow,Peak,All Days,,644,,,Non-AC,92080,VR
WR_Down_90001,WR_Train,Western Railway,Down,BANDRA,BORIVALI,04:05,04:42,37,False,Slow,Off-Peak,All Days,,245,,,Non-AC,90001,BVI
WR_Down_90007A,WR_Train,Western Railway,Down,BANDRA,Bhayandar,04:30,05:21,51,False,Slow,Off-Peak,All Days,,270,,,Non-AC,90007A,BYR
WR_Down_90017,WR_Train,Western Railway,Down,BANDRA,BORIVALI,04:55,05:30,35,False,Slow,Off-Peak,NOT_SUN,,295,,,Non-AC,90017,BVI
WR_Down_90027,WR_Train,Western Railway,Down,BANDRA,BORIVALI,05:20,05:55,35,False,Slow,Off-Peak,All Days,,320,,,Non-AC,90027,BVI
WR_Down_90039,WR_Train,Western Railway,Down,BANDRA,BORIVALI,05:40,06:17,37,False,Slow,Off-Peak,All Days,,340,,,Non-AC,90039,BVI
WR_Down_90061,WR_Train,Western Railway,Down,BANDRA,BORIVALI,06:15,06:49,34,False,Slow,Off-Peak,All Days,,375,,,Non-AC,90061,BVI
WR_Down_90141,WR_Train,Western Railway,Down,BANDRA,BORIVALI,07:54,08:30,36,False,Slow,Peak,All Days,,474,,,Non-AC,90141,BVI
WR_Down_90195,WR_Train,Western Railway,Down,BANDRA,Bhayandar,08:41,09:31,50,False,Slow,Peak,All Days,,521,,,Non-AC,90195,BYR
WR_Down_90221,WR_Train,Western Railway,Down,BANDRA,BORIVALI,09:12,09:49,37,False,Slow,Peak,All Days,,552,,,Non-AC,90221,BVI
WR_Down_90399,WR_Train,Western Railway,Down,BANDRA,Bhayandar,11:57,12:50,53,False,Slow,Off-Peak,All Days,,717,,,Non-AC,90399,BYR
WR_Down_90465A,WR_Train,Western Railway,Down,BANDRA,Bhayandar,13:05,13:55,50,False,Slow,Off-Peak,All Days,,785,,,Non-AC,90465A,BYR
WR_Down_90573,WR_Train,Western Railway,Down,BANDRA,VIRAR,15:35,16:48,73,False,Slow,Off-Peak,All Days,,935,,,Non-AC,90573,VR
WR_Down_90659,WR_Train,Western Railway,Down,BANDRA,VIRAR,17:18,18:37,79,False,Slow,Peak,All Days,,1038,,,Non-AC,90659,VR
WR_Down_90699,WR_Train,Western Railway,Down,BANDRA,BORIVALI,18:06,18:41,35,False,Slow,Peak,All Days,,1086,,,Non-AC,90699,BVI
WR_Down_90773,WR_Train,Western Railway,Down,BANDRA,BORIVALI,19:15,19:54,39,False,Slow,Peak,All Days,,1155,,,Non-AC,90773,BVI
WR_Down_94087,WR_Train,Western Railway,Down,BANDRA,Bhayandar,19:52,20:43,51,True,AC Slow,Peak,All Days,,1192,,,AC,94087,BYR
WR_Down_90831,WR_Train,Western Railway,Down,BANDRA,VIRAR,20:09,21:24,75,False,Slow,Peak,All Days,,1209,,,Non-AC,90831,VR
WR_Down_90867,WR_Train,Western Railway,Down,BANDRA,Bhayandar,20:46,21:36,50,False,Slow,Peak,All Days,,1246,,,Non-AC,90867,BYR
WR_Down_90961,WR_Train,Western Railway,Down,BANDRA,VIRAR,22:31,23:47,76,False,Slow,Off-Peak,All Days,,1351,,,Non-AC,90961,VR
WR_Up_90190,WR_Train,Western Railway,Up,VIRAR,BANDRA,07:25,08:34,69,False,Slow,Peak,All Days,,445,,,Non-AC,90190,VR
WR_Up_90216,WR_Train,Western Railway,Up,VIRAR,BANDRA,07:45,08:59,74,False,Slow,Peak,All Days,,465,,,Non-AC,90216,VR
WR_Up_90382,WR_Train,Western Railway,Up,VIRAR,BANDRA,10:29,11:45,76,False,Slow,Peak,All Days,,629,,,Non-AC,90382,VR
WR_Up_90420A,WR_Train,Western Railway,Up,VIRAR,BANDRA,11:19,12:33,74,False,Slow,Off-Peak,All Days,,679,,,Non-AC,90420A,VR
WR_Up_90560,WR_Train,Western Railway,Up,VIRAR,BANDRA,14:14,15:31,77,False,Slow,Off-Peak,All Days,,854,,,Non-AC,90560,VR
WR_Up_90648,WR_Train,Western Railway,Up,Nalla Sopara,BANDRA,16:08,17:13,65,False,Slow,Off-Peak,All Days,,968,,,Non-AC,90648,NSP
WR_Up_94088,WR_Train,Western Railway,Up,VIRAR,BANDRA,18:30,19:44,74,True,AC Slow,Peak,All Days,,1110,,,AC,94088,VR
WR_Down_91035,WR_Train,Western Railway,Down,ANDHERI,Bhayandar,00:46,01:23,37,False,Slow,Off-Peak,All Days,,46,,,Non-AC,91035,BYR
WR_Down_92003,WR_Train,Western Railway,Down,ANDHERI,VIRAR,04:25,05:23,58,False,Slow,Off-Peak,All Days,,265,,,Non-AC,92003,VR
WR_Down_92005,WR_Train,Western Railway,Down,ANDHERI,VIRAR,04:40,05:38,58,False,Slow,Off-Peak,All Days,,280,,,Non-AC,92005,VR
WR_Down_92013,WR_Train,Western Railway,Down,ANDHERI,VIRAR,06:05,07:05,60,False,Slow,Off-Peak,All Days,,365,,,Non-AC,92013,VR
WR_Down_92019,WR_Train,Western Railway,Down,ANDHERI,Bhayandar,06:49,07:24,35,False,Slow,Off-Peak,All Days,,409,,,Non-AC,92019,BYR
WR_Down_92023,WR_Train,Western Railway,Down,ANDHERI,VIRAR,07:00,07:44,44,False,Slow,Peak,NOT_SUN,,420,,,Non-AC,92023,VR
WR_Down_92025,WR_Train,Western Railway,Down,ANDHERI,VIRAR,07:03,08:07,64,False,Slow,Peak,All Days,,423,,,Non-AC,92025,VR
WR_Down_92033,WR_Train,Western Railway,Down,ANDHERI,VIRAR,07:41,08:39,58,False,Slow,Peak,NOT_SUN,,461,,,Non-AC,92033,VR
WR_Down_92037,WR_Train,Western Railway,Down,ANDHERI,VIRAR,08:16,09:13,57,False,Slow,Peak,All Days,,496,,,Non-AC,92037,VR
WR_Down_92043,WR_Train,Western Railway,Down,ANDHERI,VIRAR,08:27,09:19,52,False,Slow,Peak,All Days,,507,,,Non-AC,92043,VR
WR_Down_92051,WR_Train,Western Railway,Down,ANDHERI,VIRAR,08:52,09:44,52,False,Slow,Peak,NOT_SUN,,532,,,Non-AC,92051,VR
WR_Down_92053,WR_Train,Western Railway,Down,ANDHERI,VIRAR,09:17,10:13,56,False,Slow,Peak,All Days,,557,,,Non-AC,92053,VR
WR_Down_92057,WR_Train,Western Railway,Down,ANDHERI,VIRAR,09:29,10:29,60,False,Slow,Peak,All Days,,569,,,Non-AC,92057,VR
WR_Down_92067,WR_Train,Western Railway,Down,ANDHERI,VIRAR,09:59,11:01,62,False,Slow,Peak,All Days,,599,,,Non-AC,92067,VR
WR_Down_92071,WR_Train,Western Railway,Down,ANDHERI,Nalla Sopara,10:13,11:00,47,False,Slow,Peak,All Days,,613,,,Non-AC,92071,NSP
WR_Down_92075,WR_Train,Western Railway,Down,ANDHERI,VIRAR,10:37,11:28,51,False,Slow,Peak,All Days,,637,,,Non-AC,92075,VR
WR_Down_92079,WR_Train,Western Railway,Down,ANDHERI,VIRAR,10:48,11:37,49,False,Slow,Peak,NOT_SUN,,648,,,Non-AC,92079,VR
WR_Down_92081,WR_Train,Western Railway,Down,ANDHERI,VIRAR,11:05,12:02,57,False,Slow,Off-Peak,NOT_SUN,,665,,,Non-AC,92081,VR
WR_Down_92089,WR_Train,Western Railway,Down,ANDHERI,VIRAR,12:01,13:03,62,False,Slow,Off-Peak,All Days,,721,,,Non-AC,92089,VR
WR_Down_92093,WR_Train,Western Railway,Down,ANDHERI,VIRAR,12:18,13:15,57,False,Slow,Off-Peak,NOT_SUN,,738,,,Non-AC,92093,VR
WR_Down_92097,WR_Train,Western Railway,Down,ANDHERI,VIRAR,12:35,13:35,60,False,Slow,Off-Peak,All Days,,755,,,Non-AC,92097,VR
WR_Down_92103,WR_Train,Western Railway,Down,ANDHERI,VIRAR,12:51,13:51,60,False,Slow,Off-Peak,NOT_SUN,,771,,,Non-AC,92103,VR
WR_Down_92237,WR_Train,Western Railway,Down,ANDHERI,Bhayandar,13:35,14:11,36,False,Slow,Off-Peak,All Days,,815,,,Non-AC,92237,BYR
WR_Down_92115,WR_Train,Western Railway,Down,ANDHERI,VIRAR,14:13,15:12,59,False,Slow,Off-Peak,All Days,,853,,,Non-AC,92115,VR
WR_Down_92117,WR_Train,Western Railway,Down,ANDHERI,Vasai Road,14:24,15:06,42,False,Slow,Off-Peak,NOT_SUN,,864,,,Non-AC,92117,BSR
WR_Down_92123,WR_Train,Western Railway,Down,ANDHERI,VIRAR,14:50,15:41,51,False,Slow,Off-Peak,NOT_SUN,,890,,,Non-AC,92123,VR
WR_Down_92121,WR_Train,Western Railway,Down,ANDHERI,Vasai Road,14:54,15:45,51,False,Slow,Off-Peak,All Days,,894,,,Non-AC,92121,BSR
WR_Down_90553,WR_Train,Western Railway,Down,ANDHERI,Bhayandar,15:27,16:04,37,False,Slow,Off-Peak,All Days,,927,,,Non-AC,90553,BYR
WR_Down_92133,WR_Train,Western Railway,Down,ANDHERI,VIRAR,16:10,17:10,60,False,Slow,Off-Peak,NOT_SUN,,970,,,Non-AC,92133,VR
WR_Down_92137,WR_Train,Western Railway,Down,ANDHERI,VIRAR,16:21,17:20,59,False,Slow,Off-Peak,All Days,,981,,,Non-AC,92137,VR
WR_Down_92145,WR_Train,Western Railway,Down,ANDHERI,VIRAR,16:56,17:52,56,False,Slow,Off-Peak,NOT_SUN,,1016,,,Non-AC,92145,VR
WR_Down_92141,WR_Train,Western Railway,Down,ANDHERI,VIRAR,16:58,17:57,59,False,Slow,Off-Peak,All Days,,1018,,,Non-AC,92141,VR
WR_Down_90645,WR_Train,Western Railway,Down,ANDHERI,VIRAR,17:13,18:15,62,False,Slow,Peak,All Days,,1033,,,Non-AC,90645,VR
WR_Down_94069,WR_Train,Western Railway,Down,ANDHERI,VIRAR,17:25,18:20,55,True,AC Slow,Peak,All Days,,1045,,,AC,94069,VR
WR_Down_92155,WR_Train,Western Railway,Down,ANDHERI,VIRAR,17:47,18:48,61,False,Slow,Peak,NOT_SUN,,1067,,,Non-AC,92155,VR
WR_Down_92161,WR_Train,Western Railway,Down,ANDHERI,VIRAR,18:10,18:59,49,False,Slow,Peak,All Days,,1090,,,Non-AC,92161,VR
WR_Down_92159,WR_Train,Western Railway,Down,ANDHERI,VIRAR,18:20,19:20,60,False,Slow,Peak,NOT_SUN,,1100,,,Non-AC,92159,VR
WR_Down_92165,WR_Train,Western Railway,Down,ANDHERI,VIRAR,18:27,19:20,53,False,Slow,Peak,All Days,,1107,,,Non-AC,92165,VR
WR_Down_92167,WR_Train,Western Railway,Down,ANDHERI,VIRAR,18:50,19:49,59,False,Slow,Peak,All Days,,1130,,,Non-AC,92167,VR
WR_Down_92169,WR_Train,Western Railway,Down,ANDHERI,VIRAR,18:52,19:49,57,False,Slow,Peak,All Days,,1132,,,Non-AC,92169,VR
WR_Down_92171,WR_Train,Western Railway,Down,ANDHERI,VIRAR,19:10,20:11,61,False,Slow,Peak,All Days,,1150,,,Non-AC,92171,VR
WR_Down_92177,WR_Train,Western Railway,Down,ANDHERI,VIRAR,19:20,20:15,55,False,Slow,Peak,All Days,,1160,,,Non-AC,92177,VR
WR_Down_92175,WR_Train,Western Railway,Down,ANDHERI,VIRAR,19:28,20:33,65,False,Slow,Peak,All Days,,1168,,,Non-AC,92175,VR
WR_Down_92185,WR_Train,Western Railway,Down,ANDHERI,VIRAR,20:13,21:13,60,False,Slow,Peak,All Days,,1213,,,Non-AC,92185,VR
WR_Down_92189,WR_Train,Western Railway,Down,ANDHERI,Vasai Road,20:23,21:03,40,False,Slow,Peak,All Days,,1223,,,Non-AC,92189,BSR
WR_Down_92187,WR_Train,Western Railway,Down,ANDHERI,VIRAR,20:32,21:32,60,False,Slow,Peak,All Days,,1232,,,Non-AC,92187,VR
WR_Down_90865,WR_Train,Western Railway,Down,ANDHERI,VIRAR,20:48,21:41,53,False,Slow,Peak,All Days,,1248,,,Non-AC,90865,VR
WR_Down_94133,WR_Train,Western Railway,Down,ANDHERI,Bhayandar,21:08,21:45,37,True,AC Slow,Off-Peak,All Days,,1268,,,AC,94133,BSR
WR_Down_92197,WR_Train,Western Railway,Down,ANDHERI,VIRAR,21:25,22:23,58,False,Slow,Off-Peak,All Days,,1285,,,Non-AC,92197,VR
WR_Down_92201,WR_Train,Western Railway,Down,ANDHERI,Nalla Sopara,22:01,22:55,54,False,Slow,Off-Peak,All Days,,1321,,,Non-AC,92201,NSP
WR_Down_92203,WR_Train,Western Railway,Down,ANDHERI,VIRAR,22:10,23:05,55,False,Slow,Off-Peak,NOT_SUN,,1330,,,Non-AC,92203,VR
WR_Down_92205,WR_Train,Western Railway,Down,ANDHERI,Bhayandar,22:16,22:52,36,False,Slow,Off-Peak,All Days,,1336,,,Non-AC,92205,BYR
WR_Down_92207,WR_Train,Western Railway,Down,ANDHERI,Bhayandar,22:39,23:18,39,False,Slow,Off-Peak,All Days,,1359,,,Non-AC,92207,BYR
WR_Down_90985,WR_Train,Western Railway,Down,ANDHERI,Nalla Sopara,23:12,23:59,47,False,Slow,Off-Peak,All Days,,1392,,,Non-AC,90985,NSP
WR_Down_92209,WR_Train,Western Railway,Down,ANDHERI,VIRAR,23:37,00:35,58,False,Slow,Off-Peak,All Days,,1417,,,Non-AC,92209,VR
WR_Up_91016,WR_Train,Western Railway,Up,VIRAR,ANDHERI,23:40,00:37,57,False,Slow,Off-Peak,All Days,,1420,,,Non-AC,91016,VR
WR_Up_92006,WR_Train,Western Railway,Up,Nalla Sopara,ANDHERI,05:05,05:58,53,False,Slow,Off-Peak,All Days,,305,,,Non-AC,92006,NSP
WR_Up_92010,WR_Train,Western Railway,Up,Nalla Sopara,ANDHERI,05:24,06:23,59,False,Slow,Off-Peak,All Days,,324,,,Non-AC,92010,NSP
WR_Up_90084,WR_Train,Western Railway,Up,VIRAR,ANDHERI,05:30,06:31,61,False,Slow,Off-Peak,NOT_SUN,,330,,,Non-AC,90084,VR
WR_Up_92018,WR_Train,Western Railway,Up,VIRAR,ANDHERI,06:05,06:52,47,False,Slow,Off-Peak,NOT_SUN,,365,,,Non-AC,92018,VR
WR_Up_92022,WR_Train,Western Railway,Up,Nalla Sopara,ANDHERI,06:33,07:26,53,False,Slow,Off-Peak,NOT_SUN,,393,,,Non-AC,92022,NSP
WR_Up_92028,WR_Train,Western Railway,Up,VIRAR,ANDHERI,07:11,08:12,61,False,Slow,Peak,All Days,,431,,,Non-AC,92028,VR
WR_Up_92034,WR_Train,Western Railway,Up,Vasai Road,ANDHERI,07:40,08:23,43,False,Slow,Peak,All Days,,460,,,Non-AC,92034,BSR
WR_Up_92038,WR_Train,Western Railway,Up,VIRAR,ANDHERI,07:48,08:38,50,False,Slow,Peak,NOT_SUN,,468,,,Non-AC,92038,VR
WR_Up_92044,WR_Train,Western Railway,Up,VIRAR,ANDHERI,08:14,09:13,59,False,Slow,Peak,All Days,,494,,,Non-AC,92044,VR
WR_Up_92050,WR_Train,Western Railway,Up,Bhayandar,ANDHERI,08:51,09:25,34,False,Slow,Peak,All Days,,531,,,Non-AC,92050,BYR
WR_Up_92054,WR_Train,Western Railway,Up,Vasai Road,ANDHERI,09:08,09:56,48,False,Slow,Peak,All Days,,548,,,Non-AC,92054,BSR
WR_Up_92058,WR_Train,Western Railway,Up,VIRAR,ANDHERI,09:05,09:56,51,False,Slow,Peak,All Days,,545,,,Non-AC,92058,VR
WR_Up_92066,WR_Train,Western Railway,Up,VIRAR,ANDHERI,09:37,10:29,52,False,Slow,Peak,All Days,,577,,,Non-AC,92066,VR
WR_Up_92070,WR_Train,Western Railway,Up,VIRAR,ANDHERI,09:52,10:44,52,False,Slow,Peak,NOT_SUN,,592,,,Non-AC,92070,VR
WR_Up_92074,WR_Train,Western Railway,Up,VIRAR,ANDHERI,10:04,11:00,56,False,Slow,Peak,NOT_SUN,,604,,,Non-AC,92074,VR
WR_Up_92082,WR_Train,Western Railway,Up,Vasai Road,ANDHERI,10:58,11:49,51,False,Slow,Peak,All Days,,658,,,Non-AC,92082,BSR
WR_Up_92088,WR_Train,Western Railway,Up,VIRAR,ANDHERI,11:15,12:12,57,False,Slow,Off-Peak,NOT_SUN,,675,,,Non-AC,92088,VR
WR_Up_92090,WR_Train,Western Railway,Up,VIRAR,ANDHERI,11:29,12:26,57,False,Slow,Off-Peak,All Days,,689,,,Non-AC,92090,VR
WR_Up_92096,WR_Train,Western Railway,Up,VIRAR,ANDHERI,11:46,12:46,60,False,Slow,Off-Peak,NOT_SUN,,706,,,Non-AC,92096,VR
WR_Up_92234,WR_Train,Western Railway,Up,VIRAR,ANDHERI,12:05,13:03,58,False,Slow,Off-Peak,All Days,,725,,,Non-AC,92234,VR
WR_Up_92104,WR_Train,Western Railway,Up,VIRAR,ANDHERI,13:02,14:00,58,False,Slow,Off-Peak,All Days,,782,,,Non-AC,92104,VR
WR_Up_92112,WR_Train,Western Railway,Up,VIRAR,ANDHERI,13:29,14:21,52,False,Slow,Off-Peak,NOT_SUN,,809,,,Non-AC,92112,VR
WR_Up_92116,WR_Train,Western Railway,Up,VIRAR,ANDHERI,13:46,14:46,60,False,Slow,Off-Peak,All Days,,826,,,Non-AC,92116,VR
WR_Up_92118,WR_Train,Western Railway,Up,VIRAR,ANDHERI,13:52,14:45,53,False,Slow,Off-Peak,NOT_SUN,,832,,,Non-AC,92118,VR
WR_Up_90568,WR_Train,Western Railway,Up,Vasai Road,ANDHERI,14:36,15:22,46,False,Slow,Off-Peak,All Days,,876,,,Non-AC,90568,BSR
WR_Up_92130,WR_Train,Western Railway,Up,VIRAR,ANDHERI,14:51,15:50,59,False,Slow,Off-Peak,All Days,,891,,,Non-AC,92130,VR
WR_Up_92132,WR_Train,Western Railway,Up,Vasai Road,ANDHERI,15:16,16:05,49,False,Slow,Off-Peak,NOT_SUN,,916,,,Non-AC,92132,BSR
WR_Up_92134,WR_Train,Western Railway,Up,VIRAR,ANDHERI,15:16,16:14,58,False,Slow,Off-Peak,All Days,,916,,,Non-AC,92134,VR
WR_Up_92138,WR_Train,Western Railway,Up,Vasai Road,ANDHERI,16:00,16:48,48,False,Slow,Off-Peak,All Days,,960,,,Non-AC,92138,BSR
WR_Up_92140,WR_Train,Western Railway,Up,VIRAR,ANDHERI,15:52,16:44,52,False,Slow,Off-Peak,NOT_SUN,,952,,,Non-AC,92140,VR
WR_Up_90658,WR_Train,Western Railway,Up,VIRAR,ANDHERI,16:12,17:08,56,False,Slow,Off-Peak,All Days,,972,,,Non-AC,90658,VR
WR_Up_94070,WR_Train,Western Railway,Up,Bhayandar,ANDHERI,16:45,17:15,30,True,AC Slow,Off-Peak,All Days,,1005,,,AC,94070,BYR
WR_Up_92146,WR_Train,Western Railway,Up,VIRAR,ANDHERI,16:44,17:42,58,False,Slow,Off-Peak,NOT_SUN,,1004,,,Non-AC,92146,VR
WR_Up_92150,WR_Train,Western Railway,Up,VIRAR,ANDHERI,17:06,18:02,56,False,Slow,Peak,All Days,,1026,,,Non-AC,92150,VR
WR_Up_92152,WR_Train,Western Railway,Up,VIRAR,ANDHERI,17:15,18:15,60,False,Slow,Peak,NOT_SUN,,1035,,,Non-AC,92152,VR
WR_Up_92154,WR_Train,Western Railway,Up,VIRAR,ANDHERI,17:28,18:19,51,False,Slow,Peak,All Days,,1048,,,Non-AC,92154,VR
WR_Up_92160,WR_Train,Western Railway,Up,Nalla Sopara,ANDHERI,17:53,18:45,52,False,Slow,Peak,All Days,,1073,,,Non-AC,92160,NSP
WR_Up_92162,WR_Train,Western Railway,Up,VIRAR,ANDHERI,17:56,18:45,49,False,Slow,Peak,All Days,,1076,,,Non-AC,92162,VR
WR_Up_92166,WR_Train,Western Railway,Up,VIRAR,ANDHERI,18:04,19:04,60,False,Slow,Peak,All Days,,1084,,,Non-AC,92166,VR
WR_Up_92170,WR_Train,Western Railway,Up,Vasai Road,ANDHERI,18:26,19:09,43,False,Slow,Peak,All Days,,1106,,,Non-AC,92170,BSR
WR_Up_92176,WR_Train,Western Railway,Up,VIRAR,ANDHERI,19:07,20:09,62,False,Slow,Peak,All Days,,1147,,,Non-AC,92176,VR
WR_Up_92178,WR_Train,Western Railway,Up,Vasai Road,ANDHERI,19:30,20:22,52,False,Slow,Peak,All Days,,1170,,,Non-AC,92178,BSR
WR_Up_92180,WR_Train,Western Railway,Up,VIRAR,ANDHERI,19:28,20:11,43,False,Slow,Peak,All Days,,1168,,,Non-AC,92180,VR
WR_Up_90868,WR_Train,Western Railway,Up,VIRAR,ANDHERI,19:49,20:40,51,False,Slow,Peak,All Days,,1189,,,Non-AC,90868,VR
WR_Up_94130,WR_Train,Western Railway,Up,Bhayandar,ANDHERI,20:20,20:59,39,True,AC Slow,Peak,All Days,,1220,,,AC,94130,BYR
WR_Up_92186,WR_Train,Western Railway,Up,VIRAR,ANDHERI,20:17,21:18,61,False,Slow,Peak,All Days,,1217,,,Non-AC,92186,VR
WR_Up_92190,WR_Train,Western Railway,Up,VIRAR,ANDHERI,20:43,21:41,58,False,Slow,Peak,All Days,,1243,,,Non-AC,92190,VR
WR_Up_92192,WR_Train,Western Railway,Up,VIRAR,ANDHERI,21:03,21:56,53,False,Slow,Off-Peak,NOT_SUN,,1263,,,Non-AC,92192,VR
WR_Up_92194,WR_Train,Western Railway,Up,Vasai Road,ANDHERI,21:19,22:08,49,False,Slow,Off-Peak,All Days,,1279,,,Non-AC,92194,BSR
WR_Up_92198,WR_Train,Western Railway,Up,VIRAR,ANDHERI,21:36,22:33,57,False,Slow,Off-Peak,All Days,,1296,,,Non-AC,92198,VR
WR_Up_90960,WR_Train,Western Railway,Up,VIRAR,ANDHERI,21:48,22:46,58,False,Slow,Off-Peak,All Days,,1308,,,Non-AC,90960,VR
WR_Up_92202,WR_Train,Western Railway,Up,VIRAR,ANDHERI,22:18,23:17,59,False,Slow,Off-Peak,All Days,,1338,,,Non-AC,92202,VR
WR_Up_92204,WR_Train,Western Railway,Up,VIRAR,ANDHERI,22:33,23:29,56,False,Slow,Off-Peak,All Days,,1353,,,Non-AC,92204,VR
WR_Up_94106,WR_Train,Western Railway,Up,VIRAR,ANDHERI,22:44,23:37,53,True,AC Slow,Off-Peak,All Days,,1364,,,AC,94106,VR
WR_Up_92206,WR_Train,Western Railway,Up,VIRAR,ANDHERI,22:50,23:46,56,False,Slow,Off-Peak,All Days,,1370,,,Non-AC,92206,VR
WR_Down_92113,WR_Train,Western Railway,Down,ANDHERI,VIRAR,14:00,14:42,42,False,Slow,Off-Peak,All Days,,840,,,Non-AC,92113,VR
WR_Up_92110,WR_Train,Western Railway,Up,VIRAR,ANDHERI,13:14,13:53,39,False,Slow,Off-Peak,All Days,,794,,,Non-AC,92110,VR
WR_Down_92001,WR_Train,Western Railway,Down,BORIVALI,VIRAR,04:40,05:15,35,False,Slow,Off-Peak,NOT_SUN,,280,,,Non-AC,92001,VR
WR_Down_90007,WR_Train,Western Railway,Down,BORIVALI,VIRAR,04:56,05:39,43,False,Slow,Off-Peak,All Days,,296,,,Non-AC,90007,VR
WR_Down_94001,WR_Train,Western Railway,Down,BORIVALI,VIRAR,05:07,05:45,38,True,AC Slow,Off-Peak,All Days,,307,,,AC,94001,VR
WR_Down_92011,WR_Train,Western Railway,Down,BORIVALI,VIRAR,06:16,06:56,40,False,Slow,Off-Peak,All Days,,376,,,Non-AC,92011,VR
WR_Down_92015,WR_Train,Western Railway,Down,BORIVALI,VIRAR,06:36,07:13,37,False,Slow,Off-Peak,All Days,,396,,,Non-AC,92015,VR
WR_Down_90067,WR_Train,Western Railway,Down,BORIVALI,VIRAR,06:51,07:27,36,False,Slow,Off-Peak,All Days,,411,,,Non-AC,90067,VR
WR_Down_92031,WR_Train,Western Railway,Down,BORIVALI,VIRAR,07:42,08:19,37,False,Slow,Peak,All Days,,462,,,Non-AC,92031,VR
WR_Down_92035,WR_Train,Western Railway,Down,BORIVALI,VIRAR,08:10,08:50,40,False,Slow,Peak,All Days,,490,,,Non-AC,92035,VR
WR_Down_90185,WR_Train,Western Railway,Down,BORIVALI,VIRAR,09:06,09:41,35,False,Slow,Peak,All Days,,546,,,Non-AC,90185,VR
WR_Down_92055,WR_Train,Western Railway,Down,BORIVALI,VIRAR,09:27,10:01,34,False,Slow,Peak,NOT_SUN,,567,,,Non-AC,92055,VR
WR_Down_92061,WR_Train,Western Railway,Down,BORIVALI,VIRAR,10:08,10:47,39,False,Slow,Peak,All Days,,608,,,Non-AC,92061,VR
WR_Down_93017,WR_Train,Western Railway,Down,BORIVALI,VIRAR,10:26,11:05,39,False,Slow,Peak,All Days,,626,,,Non-AC,93017,DRD
WR_Down_92077,WR_Train,Western Railway,Down,BORIVALI,VIRAR,11:00,11:37,37,False,Slow,Peak,All Days,,660,,,Non-AC,92077,VR
WR_Down_92235,WR_Train,Western Railway,Down,BORIVALI,VIRAR,11:17,11:56,39,False,Slow,Off-Peak,All Days,,677,,,Non-AC,92235,VR
WR_Down_92085,WR_Train,Western Railway,Down,BORIVALI,VIRAR,11:37,12:16,39,False,Slow,Off-Peak,All Days,,697,,,Non-AC,92085,VR
WR_Down_90369,WR_Train,Western Railway,Down,BORIVALI,VIRAR,12:08,12:45,37,False,Slow,Off-Peak,All Days,,728,,,Non-AC,90369,VR
WR_Down_92087,WR_Train,Western Railway,Down,BORIVALI,VIRAR,12:21,12:59,38,False,Slow,Off-Peak,All Days,,741,,,Non-AC,92087,VR
WR_Down_92101,WR_Train,Western Railway,Down,BORIVALI,VIRAR,13:01,13:40,39,False,Slow,Off-Peak,NOT_SUN,,781,,,Non-AC,92101,VR
WR_Down_92127,WR_Train,Western Railway,Down,BORIVALI,VIRAR,15:23,16:00,37,False,Slow,Off-Peak,All Days,,923,,,Non-AC,92127,VR
WR_Down_94057,WR_Train,Western Railway,Down,BORIVALI,VIRAR,15:44,16:25,41,True,AC Slow,Off-Peak,All Days,,944,,,AC,94057,VR
WR_Down_92149,WR_Train,Western Railway,Down,BORIVALI,VIRAR,17:21,18:01,40,False,Slow,Peak,All Days,,1041,,,Non-AC,92149,VR
WR_Down_92157,WR_Train,Western Railway,Down,BORIVALI,VIRAR,18:15,18:53,38,False,Slow,Peak,All Days,,1095,,,Non-AC,92157,VR
WR_Down_90701,WR_Train,Western Railway,Down,BORIVALI,VIRAR,18:40,19:17,37,False,Slow,Peak,All Days,,1120,,,Non-AC,90701,VR
WR_Down_92183,WR_Train,Western Railway,Down,BORIVALI,VIRAR,20:16,20:55,39,False,Slow,Peak,NOT_SUN,,1216,,,Non-AC,92183,VR
WR_Down_90807,WR_Train,Western Railway,Down,BORIVALI,VIRAR,20:21,20:59,38,False,Slow,Peak,All Days,,1221,,,Non-AC,90807,VR
WR_Down_92191,WR_Train,Western Railway,Down,BORIVALI,VIRAR,20:40,21:18,38,False,Slow,Peak,All Days,,1240,,,Non-AC,92191,VR
WR_Down_92195,WR_Train,Western Railway,Down,BORIVALI,VIRAR,21:14,21:51,37,False,Slow,Off-Peak,All Days,,1274,,,Non-AC,92195,VR
WR_Down_90873,WR_Train,Western Railway,Down,BORIVALI,VIRAR,21:17,21:56,39,False,Slow,Off-Peak,All Days,,1277,,,Non-AC,90873,VR
WR_Down_92199,WR_Train,Western Railway,Down,BORIVALI,VIRAR,22:00,22:39,39,False,Slow,Off-Peak,All Days,,1320,,,Non-AC,92199,VR
WR_Down_90937,WR_Train,Western Railway,Down,BORIVALI,VIRAR,22:40,23:20,40,False,Slow,Off-Peak,All Days,,1360,,,Non-AC,90937,VR
WR_Down_94103,WR_Train,Western Railway,Down,BORIVALI,VIRAR,23:19,23:56,37,True,AC Slow,Off-Peak,All Days,,1399,,,AC,94103,VR
WR_Up_90028,WR_Train,Western Railway,Up,VIRAR,BORIVALI,04:00,04:35,35,False,Slow,Off-Peak,All Days,,240,,,Non-AC,90028,VR
WR_Up_92014,WR_Train,Western Railway,Up,VIRAR,BORIVALI,05:34,06:11,37,False,Slow,Off-Peak,All Days,,334,,,Non-AC,92014,VR
WR_Up_92016,WR_Train,Western Railway,Up,VIRAR,BORIVALI,05:53,06:31,38,False,Slow,Off-Peak,All Days,,353,,,Non-AC,92016,VR
WR_Up_92020,WR_Train,Western Railway,Up,VIRAR,BORIVALI,06:21,06:57,36,False,Slow,Off-Peak,All Days,,381,,,Non-AC,92020,VR
WR_Up_92026,WR_Train,Western Railway,Up,VIRAR,BORIVALI,07:01,07:37,36,False,Slow,Peak,All Days,,421,,,Non-AC,92026,VR
WR_Up_92032,WR_Train,Western Railway,Up,VIRAR,BORIVALI,07:21,07:59,38,False,Slow,Peak,All Days,,441,,,Non-AC,92032,VR
WR_Up_92036,WR_Train,Western Railway,Up,VIRAR,BORIVALI,07:40,08:20,40,False,Slow,Peak,All Days,,460,,,Non-AC,92036,VR
WR_Up_92040,WR_Train,Western Railway,Up,VIRAR,BORIVALI,07:50,08:26,36,False,Slow,Peak,All Days,,470,,,Non-AC,92040,VR
WR_Up_92048,WR_Train,Western Railway,Up,VIRAR,BORIVALI,08:24,08:59,35,False,Slow,Peak,All Days,,504,,,Non-AC,92048,VR
WR_Up_92052,WR_Train,Western Railway,Up,VIRAR,BORIVALI,08:44,09:24,40,False,Slow,Peak,NOT_SUN,,524,,,Non-AC,92052,VR
WR_Up_90294,WR_Train,Western Railway,Up,VIRAR,BORIVALI,09:04,09:41,37,False,Slow,Peak,All Days,,544,,,Non-AC,90294,VR
WR_Up_92062,WR_Train,Western Railway,Up,VIRAR,BORIVALI,09:19,09:55,36,False,Slow,Peak,All Days,,559,,,Non-AC,92062,VR
WR_Up_92064,WR_Train,Western Railway,Up,VIRAR,BORIVALI,09:24,10:04,40,False,Slow,Peak,All Days,,564,,,Non-AC,92064,VR
WR_Up_92068,WR_Train,Western Railway,Up,VIRAR,BORIVALI,09:41,10:16,35,False,Slow,Peak,All Days,,581,,,Non-AC,92068,VR
WR_Up_93010,WR_Train,Western Railway,Up,VIRAR,BORIVALI,09:49,10:21,32,False,Slow,Peak,All Days,,589,,,Non-AC,93010,DRD
WR_Up_92076,WR_Train,Western Railway,Up,VIRAR,BORIVALI,10:16,10:53,37,False,Slow,Peak,All Days,,616,,,Non-AC,92076,VR
WR_Up_92084,WR_Train,Western Railway,Up,VIRAR,BORIVALI,10:56,11:33,37,False,Slow,Peak,All Days,,656,,,Non-AC,92084,VR
WR_Up_92094,WR_Train,Western Railway,Up,VIRAR,BORIVALI,11:42,12:18,36,False,Slow,Off-Peak,All Days,,702,,,Non-AC,92094,VR
WR_Up_92098,WR_Train,Western Railway,Up,VIRAR,BORIVALI,12:09,12:45,36,False,Slow,Off-Peak,NOT_SUN,,729,,,Non-AC,92098,VR
WR_Up_92128,WR_Train,Western Railway,Up,VIRAR,BORIVALI,14:48,15:18,30,False,Slow,Off-Peak,All Days,,888,,,Non-AC,92128,VR
WR_Up_94060,WR_Train,Western Railway,Up,VIRAR,BORIVALI,15:00,15:36,36,True,AC Slow,Off-Peak,All Days,,900,,,AC,94060,VR
WR_Up_90608,WR_Train,Western Railway,Up,VIRAR,BORIVALI,15:20,15:57,37,False,Slow,Off-Peak,All Days,,920,,,Non-AC,90608,VR
WR_Up_94074,WR_Train,Western Railway,Up,VIRAR,BORIVALI,16:48,17:26,38,True,AC Slow,Off-Peak,All Days,,1008,,,AC,94074,VR
WR_Up_92148,WR_Train,Western Railway,Up,VIRAR,BORIVALI,16:51,17:31,40,False,Slow,Off-Peak,All Days,,1011,,,Non-AC,92148,VR
WR_Up_92156,WR_Train,Western Railway,Up,VIRAR,BORIVALI,17:32,18:10,38,False,Slow,Peak,All Days,,1052,,,Non-AC,92156,VR
WR_Up_90766,WR_Train,Western Railway,Up,VIRAR,BORIVALI,17:52,18:29,37,False,Slow,Peak,All Days,,1072,,,Non-AC,90766,VR
WR_Up_92168,WR_Train,Western Railway,Up,VIRAR,BORIVALI,18:09,18:46,37,False,Slow,Peak,All Days,,1089,,,Non-AC,92168,VR
WR_Up_92172,WR_Train,Western Railway,Up,VIRAR,BORIVALI,18:39,19:17,38,False,Slow,Peak,All Days,,1119,,,Non-AC,92172,VR
WR_Up_92182,WR_Train,Western Railway,Up,VIRAR,BORIVALI,19:30,20:10,40,False,Slow,Peak,NOT_SUN,,1170,,,Non-AC,92182,VR
WR_Up_90858,WR_Train,Western Railway,Up,VIRAR,BORIVALI,19:37,20:16,39,False,Slow,Peak,All Days,,1177,,,Non-AC,90858,VR
WR_Up_92184,WR_Train,Western Railway,Up,VIRAR,BORIVALI,19:55,20:31,36,False,Slow,Peak,All Days,,1195,,,Non-AC,92184,VR
WR_Up_92188,WR_Train,Western Railway,Up,VIRAR,BORIVALI,20:24,21:05,41,False,Slow,Peak,All Days,,1224,,,Non-AC,92188,VR
WR_Up_92196,WR_Train,Western Railway,Up,VIRAR,BORIVALI,21:20,21:55,35,False,Slow,Off-Peak,All Days,,1280,,,Non-AC,92196,VR
WR_Up_92200,WR_Train,Western Railway,Up,VIRAR,BORIVALI,21:44,22:21,37,False,Slow,Off-Peak,NOT_SUN,,1304,,,Non-AC,92200,VR
WR_Up_90966,WR_Train,Western Railway,Up,VIRAR,BORIVALI,21:58,22:32,34,False,Slow,Off-Peak,All Days,,1318,,,Non-AC,90966,VR
WR_Up_91002,WR_Train,Western Railway,Up,VIRAR,BORIVALI,23:00,23:37,37,False,Slow,Off-Peak,All Days,,1380,,,Non-AC,91002,VR
WR_Up_91010,WR_Train,Western Railway,Up,VIRAR,BORIVALI,23:20,23:55,35,False,Slow,Off-Peak,All Days,,1400,,,Non-AC,91010,VR
WR_Up_92208,WR_Train,Western Railway,Up,Bhayandar,ANDHERI,23:25,23:52,27,False,Slow,Off-Peak,All Days,,1405,,,Non-AC,92208,BYR
WR_Down_94105,WR_Train,Western Railway,Down,ANDHERI,Bhayandar,00:10,00:25,15,True,AC Slow,Off-Peak,All Days,,10,,,AC,94105,BYR
WR_Down_90013,WR_Train,Western Railway,Down,BORIVALI,Vasai Road,05:21,05:48,27,False,Slow,Off-Peak,All Days,,321,,,Non-AC,90013,BSR
WR_Down_90043,WR_Train,Western Railway,Down,BORIVALI,Vasai Road,06:03,06:31,28,False,Slow,Off-Peak,All Days,,363,,,Non-AC,90043,BSR
WR_Down_92041,WR_Train,Western Railway,Down,BORIVALI,Vasai Road,08:30,08:57,27,False,Slow,Peak,All Days,,510,,,Non-AC,92041,BSR
WR_Down_92045,WR_Train,Western Railway,Down,BORIVALI,Bhayandar,09:10,09:24,14,False,Slow,Peak,All Days,,550,,,Non-AC,92045,BYR
WR_Down_90237,WR_Train,Western Railway,Down,BORIVALI,Bhayandar,09:46,10:03,17,False,Slow,Peak,All Days,,586,,,Non-AC,90237,BYR
WR_Down_92063,WR_Train,Western Railway,Down,BORIVALI,Vasai Road,10:19,10:44,25,False,Slow,Peak,All Days,,619,,,Non-AC,92063,BSR
WR_Down_90569,WR_Train,Western Railway,Down,BORIVALI,Vasai Road,16:00,16:26,26,False,Slow,Off-Peak,All Days,,960,,,Non-AC,90569,BSR
WR_Down_92151,WR_Train,Western Railway,Down,BORIVALI,Vasai Road,17:43,18:10,27,False,Slow,Peak,All Days,,1063,,,Non-AC,92151,BSR
WR_Down_92163,WR_Train,Western Railway,Down,BORIVALI,Vasai Road,18:50,19:18,28,False,Slow,Peak,All Days,,1130,,,Non-AC,92163,BSR
WR_Down_92173,WR_Train,Western Railway,Down,BORIVALI,Nalla Sopara,19:22,19:54,32,False,Slow,Peak,All Days,,1162,,,Non-AC,92173,NSP
WR_Down_90957,WR_Train,Western Railway,Down,BORIVALI,Bhayandar,22:55,23:10,15,False,Slow,Off-Peak,All Days,,1375,,,Non-AC,90957,BYR
WR_Up_91022,WR_Train,Western Railway,Up,VIRAR,BORIVALI,00:03,00:32,29,False,Slow,Off-Peak,All Days,,3,,,Non-AC,91022,VR
WR_Up_90012,WR_Train,Western Railway,Up,Nalla Sopara,BORIVALI,03:40,04:11,31,False,Slow,Off-Peak,All Days,,220,,,Non-AC,90012,NSP
WR_Up_94002,WR_Train,Western Railway,Up,Nalla Sopara,BORIVALI,04:00,04:29,29,True,AC Slow,Off-Peak,SAT_SUN,,240,,,AC,94002,NSP
WR_Up_92144,WR_Train,Western Railway,Up,Nalla Sopara,BORIVALI,16:44,17:13,29,False,Slow,Off-Peak,All Days,,1004,,,Non-AC,92144,NSP
WR_Up_90732,WR_Train,Western Railway,Up,Nalla Sopara,BORIVALI,17:29,18:00,31,False,Slow,Peak,All Days,,1049,,,Non-AC,90732,NSP
WR_Up_94132,WR_Train,Western Railway,Up,Vasai Road,BORIVALI,22:20,22:46,26,True,AC Slow,Off-Peak,All Days,,1340,,,AC,94132,BSR
WR_Up_94104,WR_Train,Western Railway,Up,Bhayandar,BORIVALI,22:56,23:11,15,True,AC Slow,Off-Peak,All Days,,1376,,,AC,94104,BYR
WR_Down_94109,WR_Train,Western Railway,Down,BORIVALI,Bhayandar,07:37,07:52,15,True,AC Slow,Peak,All Days,,457,,,AC,94109,BYR
WR_Down_92039,WR_Train,Western Railway,Down,BORIVALI,Bhayandar,08:25,08:39,14,False,Slow,Peak,All Days,,505,,,Non-AC,92039,BYR
WR_Down_92059,WR_Train,Western Railway,Down,BORIVALI,Bhayandar,10:00,10:14,14,False,Slow,Peak,All Days,,600,,,Non-AC,92059,BYR
WR_Down_92017,WR_Train,Western Railway,Down,BORIVALI,Vasai Road,07:04,07:25,21,False,Slow,Peak,All Days,,424,,,Non-AC,92017,BSR
WR_Down_93001,WR_Train,Western Railway,Down,VIRAR,VIRAR,04:50,04:50,0,False,Slow,Off-Peak,All Days,,290,,,Non-AC,93001,DRD
WR_Down_93201,WR_Train,Western Railway,Down,VIRAR,VIRAR,05:35,05:35,0,False,Slow,Off-Peak,All Days,,335,,,Non-AC,93201,DRD
WR_Down_93013,WR_Train,Western Railway,Down,VIRAR,VIRAR,09:30,09:30,0,False,Slow,Peak,All Days,,570,,,Non-AC,93013,DRD
WR_Down_93021,WR_Train,Western Railway,Down,VIRAR,VIRAR,12:00,12:00,0,False,Slow,Off-Peak,All Days,,720,,,Non-AC,93021,DRD
WR_Down_93023,WR_Train,Western Railway,Down,VIRAR,VIRAR,12:20,12:20,0,False,Slow,Off-Peak,All Days,,740,,,Non-AC,93023,DRD
WR_Down_93025,WR_Train,Western Railway,Down,VIRAR,VIRAR,13:20,13:20,0,False,Slow,Off-Peak,All Days,,800,,,Non-AC,93025,DRD
WR_Down_93205,WR_Train,Western Railway,Down,VIRAR,VIRAR,15:00,15:00,0,False,Slow,Off-Peak,All Days,,900,,,Non-AC,93205,DRD
WR_Down_93029,WR_Train,Western Railway,Down,VIRAR,VIRAR,15:45,15:45,0,False,Slow,Off-Peak,All Days,,945,,,Non-AC,93029,DRD
WR_Down_93033,WR_Train,Western Railway,Down,VIRAR,VIRAR,18:18,18:18,0,False,Slow,Peak,All Days,,1098,,,Non-AC,93033,DRD
WR_Down_93207,WR_Train,Western Railway,Down,VIRAR,VIRAR,20:30,20:30,0,False,Slow,Peak,All Days,,1230,,,Non-AC,93207,DRD
WR_Down_93039,WR_Train,Western Railway,Down,VIRAR,VIRAR,21:05,21:05,0,False,Slow,Off-Peak,All Days,,1265,,,Non-AC,93039,DRD
WR_Up_93006,WR_Train,Western Railway,Up,VIRAR,VIRAR,08:10,08:10,0,False,Slow,Peak,All Days,,490,,,Non-AC,93006,DRD
WR_Up_93012,WR_Train,Western Railway,Up,VIRAR,VIRAR,10:55,10:55,0,False,Slow,Peak,All Days,,655,,,Non-AC,93012,DRD
WR_Up_93014,WR_Train,Western Railway,Up,VIRAR,VIRAR,11:30,11:30,0,False,Slow,Off-Peak,All Days,,690,,,Non-AC,93014,DRD
WR_Up_93016,WR_Train,Western Railway,Up,VIRAR,VIRAR,11:45,11:45,0,False,Slow,Off-Peak,All Days,,705,,,Non-AC,93016,DRD
WR_Up_93018,WR_Train,Western Railway,Up,VIRAR,VIRAR,12:53,12:53,0,False,Slow,Off-Peak,All Days,,773,,,Non-AC,93018,DRD
WR_Up_93020,WR_Train,Western Railway,Up,VIRAR,VIRAR,13:42,13:42,0,False,Slow,Off-Peak,All Days,,822,,,Non-AC,93020,DRD
WR_Up_93204,WR_Train,Western Railway,Up,VIRAR,VIRAR,14:35,14:35,0,False,Slow,Off-Peak,All Days,,875,,,Non-AC,93204,DRD
WR_Up_93030,WR_Train,Western Railway,Up,VIRAR,VIRAR,17:15,17:15,0,False,Slow,Peak,All Days,,1035,,,Non-AC,93030,DRD
WR_Up_93206,WR_Train,Western Railway,Up,VIRAR,VIRAR,18:28,18:28,0,False,Slow,Peak,All Days,,1108,,,Non-AC,93206,DRD
WR_Up_93040,WR_Train,Western Railway,Up,VIRAR,VIRAR,22:05,22:05,0,False,Slow,Off-Peak,All Days,,1325,,,Non-AC,93040,DRD
WR_Up_93208,WR_Train,Western Railway,Up,VIRAR,VIRAR,23:50,23:50,0,False,Slow,Off-Peak,All Days,,1430,,,Non-AC,93208,DRD
WR_Down_90003,WR_Train,Western Railway,Down,Bhayandar,VIRAR,05:08,05:31,23,False,Slow,Off-Peak,All Days,,308,,,Non-AC,90003,VR
WR_Down_90009,WR_Train,Western Railway,Down,Bhayandar,VIRAR,05:25,05:48,23,False,Slow,Off-Peak,All Days,,325,,,Non-AC,90009,VR
WR_Down_92007,WR_Train,Western Railway,Down,Bhayandar,VIRAR,05:45,06:11,26,False,Slow,Off-Peak,All Days,,345,,,Non-AC,92007,VR
WR_Down_90035,WR_Train,Western Railway,Down,Bhayandar,VIRAR,06:08,06:34,26,False,Slow,Off-Peak,All Days,,368,,,Non-AC,90035,VR
WR_Down_94007,WR_Train,Western Railway,Down,Bhayandar,VIRAR,07:27,07:52,25,True,AC Slow,Peak,All Days,,447,,,AC,94007,VR
WR_Down_90275A,WR_Train,Western Railway,Down,Bhayandar,VIRAR,10:41,11:10,29,False,Slow,Peak,All Days,,641,,,Non-AC,90275A,VR
HR_Down_98575,CR_Train,Harbour Line CSMT,Down,Mumbai CSMT,Vashi,00:15,00:46,31,False,Slow,Off-Peak,All Days,,15,,,Non-AC,98575,V71
HR_Down_98303,CR_Train,Harbour Line CSMT,Down,Vadala Road,Belapur CBD,00:50,01:38,48,False,Slow,Off-Peak,All Days,,50,,,Non-AC,98303,BRVD1
HR_Down_98009,CR_Train,Harbour Line CSMT,Down,Vadala Road,Panvel,05:06,06:08,62,True,AC Slow,Off-Peak,NOT_SUN,,306,,,AC,98009,PLVD1
HR_Down_98021,CR_Train,Harbour Line CSMT,Down,Vadala Road,Panvel,05:52,06:54,62,False,Slow,Off-Peak,NOT_SUN,,352,,,Non-AC,98021,PLVD3
HR_Down_98035,CR_Train,Harbour Line CSMT,Down,Vadala Road,Panvel,06:46,07:48,62,False,Slow,Off-Peak,NOT_SUN,,406,,,Non-AC,98035,PLVD5
HR_Down_98047,CR_Train,Harbour Line CSMT,Down,Vadala Road,Panvel,07:39,08:41,62,False,Slow,Peak,NOT_SUN,,459,,,Non-AC,98047,PLVD7
HR_Down_98503,CR_Train,Harbour Line CSMT,Down,Vadala Road,Vashi,07:54,08:25,31,False,Slow,Peak,All Days,,474,,,Non-AC,98503,VVD1
HR_Down_98902,CR_Train,Harbour Line CSMT,Down,Goregaon,Panvel,07:30,09:12,102,False,Slow,Peak,All Days,,450,,,Non-AC,98902,GNPL2
HR_Down_98313,CR_Train,Harbour Line CSMT,Down,Vadala Road,Belapur CBD,08:22,09:11,49,False,Slow,Peak,NOT_SUN,,502,,,Non-AC,98313,BRVD3
HR_Down_98059,CR_Train,Harbour Line CSMT,Down,Vadala Road,Panvel,08:34,09:37,63,False,Slow,Peak,NOT_SUN,,514,,,Non-AC,98059,PLVD9
HR_Down_98065,CR_Train,Harbour Line CSMT,Down,Vadala Road,Panvel,09:08,10:10,62,False,Slow,Peak,All Days,,548,,,Non-AC,98065,PLVD11
HR_Down_98904,CR_Train,Harbour Line CSMT,Down,Goregaon,Panvel,08:39,10:22,103,False,Slow,Peak,All Days,,519,,,Non-AC,98904,GNPL4
HR_Down_98319,CR_Train,Harbour Line CSMT,Down,Vadala Road,Belapur CBD,09:45,10:31,46,False,Slow,Peak,All Days,,585,,,Non-AC,98319,BRVD5
HR_Down_98075,CR_Train,Harbour Line CSMT,Down,Vadala Road,Panvel,09:59,11:02,63,False,Slow,Peak,NOT_SUN,,599,,,Non-AC,98075,PLVD13
HR_Down_98906,CR_Train,Harbour Line CSMT,Down,Goregaon,Panvel,09:30,11:16,106,False,Slow,Peak,All Days,,570,,,Non-AC,98906,GNPL6
HR_Down_98087,CR_Train,Harbour Line CSMT,Down,Vadala Road,Panvel,10:40,11:42,62,False,Slow,Peak,NOT_SUN,,640,,,Non-AC,98087,PLVD15
HR_Down_98327,CR_Train,Harbour Line CSMT,Down,Vadala Road,Belapur CBD,10:56,11:43,47,False,Slow,Peak,NOT_SUN,,656,,,Non-AC,98327,BRVD7
HR_Down_98331,CR_Train,Harbour Line CSMT,Down,Vadala Road,Belapur CBD,11:30,12:17,47,False,Slow,Off-Peak,All Days,,690,,,Non-AC,98331,BRVD9
HR_Down_98107,CR_Train,Harbour Line CSMT,Down,Vadala Road,Panvel,12:18,13:20,62,False,Slow,Off-Peak,NOT_SUN,,738,,,Non-AC,98107,PLVD17
HR_Down_98115,CR_Train,Harbour Line CSMT,Down,Vadala Road,Panvel,12:51,13:54,63,False,Slow,Off-Peak,All Days,,771,,,Non-AC,98115,PLVD19
HR_Down_98908,CR_Train,Harbour Line CSMT,Down,Goregaon,Panvel,12:14,14:04,110,False,Slow,Off-Peak,All Days,,734,,,Non-AC,98908,GNPL8
HR_Down_98119,CR_Train,Harbour Line CSMT,Down,Vadala Road,Panvel,13:17,14:20,63,True,AC Slow,Off-Peak,All Days,,797,,,AC,98119,PLVD21
HR_Down_98129,CR_Train,Harbour Line CSMT,Down,Vadala Road,Panvel,13:58,15:01,63,False,Slow,Off-Peak,All Days,,838,,,Non-AC,98129,PLVD23
HR_Down_98341,CR_Train,Harbour Line CSMT,Down,Vadala Road,Belapur CBD,14:47,15:35,48,False,Slow,Off-Peak,All Days,,887,,,Non-AC,98341,BRVD11
HR_Down_98147,CR_Train,Harbour Line CSMT,Down,Vadala Road,Panvel,15:22,16:24,62,False,Slow,Off-Peak,All Days,,922,,,Non-AC,98147,PLVD25
HR_Down_98531,CR_Train,Harbour Line CSMT,Down,Vadala Road,Vashi,15:50,16:21,31,False,Slow,Off-Peak,All Days,,950,,,Non-AC,98531,VVD3
HR_Down_98161,CR_Train,Harbour Line CSMT,Down,Vadala Road,Panvel,16:08,17:10,62,False,Slow,Off-Peak,All Days,,968,,,Non-AC,98161,PLVD27
HR_Down_98167,CR_Train,Harbour Line CSMT,Down,Vadala Road,Panvel,16:34,17:36,62,False,Slow,Off-Peak,NOT_SUN,,994,,,Non-AC,98167,PLVD29
HR_Down_98173,CR_Train,Harbour Line CSMT,Down,Vadala Road,Panvel,17:01,18:03,62,False,Slow,Peak,NOT_SUN,,1021,,,Non-AC,98173,PLVD31
HR_Down_98177,CR_Train,Harbour Line CSMT,Down,Vadala Road,Panvel,17:14,18:19,65,False,Slow,Peak,All Days,,1034,,,Non-AC,98177,PLVD33
HR_Down_98181,CR_Train,Harbour Line CSMT,Down,Vadala Road,Panvel,17:30,18:32,62,True,AC Slow,Peak,All Days,,1050,,,AC,98181,PLVD35
HR_Down_98187,CR_Train,Harbour Line CSMT,Down,Vadala Road,Panvel,17:55,18:57,62,False,Slow,Peak,All Days,,1075,,,Non-AC,98187,PLVD37
HR_Down_98197,CR_Train,Harbour Line CSMT,Down,Vadala Road,Panvel,18:41,19:43,62,False,Slow,Peak,All Days,,1121,,,Non-AC,98197,PLVD39
HR_Down_98357,CR_Train,Harbour Line CSMT,Down,Vadala Road,Belapur CBD,18:55,19:43,48,False,Slow,Peak,NOT_SUN,,1135,,,Non-AC,98357,BRVD13
HR_Down_98910,CR_Train,Harbour Line CSMT,Down,Goregaon,Panvel,18:27,20:13,106,False,Slow,Peak,All Days,,1107,,,Non-AC,98910,GNPL10
HR_Down_98209,CR_Train,Harbour Line CSMT,Down,Vadala Road,Panvel,19:27,20:29,62,False,Slow,Peak,All Days,,1167,,,Non-AC,98209,PLVD41
HR_Down_98912,CR_Train,Harbour Line CSMT,Down,Goregaon,Panvel,18:55,20:46,111,False,Slow,Peak,All Days,,1135,,,Non-AC,98912,GNPL12
HR_Down_98215,CR_Train,Harbour Line CSMT,Down,Vadala Road,Panvel,19:58,21:01,63,False,Slow,Peak,All Days,,1198,,,Non-AC,98215,PLVD43
HR_Down_98219,CR_Train,Harbour Line CSMT,Down,Vadala Road,Panvel,20:14,21:17,63,False,Slow,Peak,NOT_SUN,,1214,,,Non-AC,98219,PLVD45
HR_Down_98914,CR_Train,Harbour Line CSMT,Down,Goregaon,Panvel,19:40,21:29,109,False,Slow,Peak,All Days,,1180,,,Non-AC,98914,GNPL14
HR_Down_98227,CR_Train,Harbour Line CSMT,Down,Vadala Road,Panvel,20:54,21:57,63,False,Slow,Peak,NOT_SUN,,1254,,,Non-AC,98227,PLVD47
HR_Down_98916,CR_Train,Harbour Line CSMT,Down,Goregaon,Panvel,20:12,22:05,113,False,Slow,Peak,All Days,,1212,,,Non-AC,98916,GNPL16
HR_Down_98231,CR_Train,Harbour Line CSMT,Down,Vadala Road,Panvel,21:11,22:13,62,False,Slow,Off-Peak,All Days,,1271,,,Non-AC,98231,PLVD49
HR_Down_98237,CR_Train,Harbour Line CSMT,Down,Vadala Road,Panvel,21:40,22:42,62,False,Slow,Off-Peak,NOT_SUN,,1300,,,Non-AC,98237,PLVD51
HR_Down_98918,CR_Train,Harbour Line CSMT,Down,Goregaon,Panvel,21:28,23:22,114,False,Slow,Off-Peak,All Days,,1288,,,Non-AC,98918,GNPL18
HR_Up_98250,CR_Train,Harbour Line CSMT,Up,Panvel,Vadala Road,23:36,00:38,62,False,Slow,Off-Peak,All Days,,1416,,,Non-AC,98250,PLVD46
HR_Up_98506,CR_Train,Harbour Line CSMT,Up,Vashi,Vadala Road,04:15,04:46,31,True,AC Slow,Off-Peak,NOT_SUN,,255,,,AC,98506,VVD2
HR_Up_98512,CR_Train,Harbour Line CSMT,Up,Vashi,Vadala Road,05:04,05:35,31,False,Slow,Off-Peak,NOT_SUN,,304,,,Non-AC,98512,VVD4
HR_Up_98312,CR_Train,Harbour Line CSMT,Up,Belapur CBD,Vadala Road,05:50,06:36,46,False,Slow,Off-Peak,NOT_SUN,,350,,,Non-AC,98312,BRVD2
HR_Up_98901,CR_Train,Harbour Line CSMT,Up,Panvel,Goregaon,05:57,07:39,102,False,Slow,Off-Peak,All Days,,357,,,Non-AC,98901,PLGN1
HR_Up_98522,CR_Train,Harbour Line CSMT,Up,Vashi,Vadala Road,06:55,07:26,31,False,Slow,Off-Peak,NOT_SUN,,415,,,Non-AC,98522,VVD6
HR_Up_98024,CR_Train,Harbour Line CSMT,Up,Panvel,Vadala Road,06:41,07:42,61,False,Slow,Off-Peak,All Days,,401,,,Non-AC,98024,PLVD2
HR_Up_98903,CR_Train,Harbour Line CSMT,Up,Panvel,Goregaon,06:53,08:43,110,False,Slow,Off-Peak,All Days,,413,,,Non-AC,98903,PLGN3
HR_Up_98030,CR_Train,Harbour Line CSMT,Up,Panvel,Vadala Road,07:09,08:10,61,False,Slow,Peak,NOT_SUN,,429,,,Non-AC,98030,PLVD4
HR_Up_98034,CR_Train,Harbour Line CSMT,Up,Panvel,Vadala Road,07:22,08:24,62,False,Slow,Peak,NOT_SUN,,442,,,Non-AC,98034,PLVD6
HR_Up_98905,CR_Train,Harbour Line CSMT,Up,Panvel,Goregaon,07:39,09:22,103,False,Slow,Peak,All Days,,459,,,Non-AC,98905,PLGN5
HR_Up_98040,CR_Train,Harbour Line CSMT,Up,Panvel,Vadala Road,07:55,08:56,61,False,Slow,Peak,All Days,,475,,,Non-AC,98040,PLVD8
HR_Up_98050,CR_Train,Harbour Line CSMT,Up,Panvel,Vadala Road,08:38,09:41,63,False,Slow,Peak,All Days,,518,,,Non-AC,98050,PLVD10
HR_Up_98054,CR_Train,Harbour Line CSMT,Up,Panvel,Vadala Road,08:49,09:52,63,False,Slow,Peak,NOT_SUN,,529,,,Non-AC,98054,PLVD12
HR_Up_98064,CR_Train,Harbour Line CSMT,Up,Panvel,Vadala Road,09:32,10:34,62,False,Slow,Peak,NOT_SUN,,572,,,Non-AC,98064,PLVD14
HR_Up_98068,CR_Train,Harbour Line CSMT,Up,Panvel,Vadala Road,09:44,10:47,63,False,Slow,Peak,NOT_SUN,,584,,,Non-AC,98068,PLVD16
HR_Up_98076,CR_Train,Harbour Line CSMT,Up,Panvel,Vadala Road,10:21,11:23,62,False,Slow,Peak,All Days,,621,,,Non-AC,98076,PLVD18
HR_Up_98907,CR_Train,Harbour Line CSMT,Up,Panvel,Goregaon,10:37,12:19,102,False,Slow,Peak,All Days,,637,,,Non-AC,98907,PLGN7
HR_Up_98084,CR_Train,Harbour Line CSMT,Up,Panvel,Vadala Road,11:10,12:11,61,False,Slow,Off-Peak,NOT_SUN,,670,,,Non-AC,98084,PLVD20
HR_Up_98088,CR_Train,Harbour Line CSMT,Up,Panvel,Vadala Road,11:28,12:29,61,False,Slow,Off-Peak,All Days,,688,,,Non-AC,98088,PLVD22
HR_Up_98096,CR_Train,Harbour Line CSMT,Up,Panvel,Vadala Road,12:03,13:04,61,True,AC Slow,Off-Peak,All Days,,723,,,AC,98096,PLVD24
HR_Up_98104,CR_Train,Harbour Line CSMT,Up,Panvel,Vadala Road,12:49,13:50,61,False,Slow,Off-Peak,All Days,,769,,,Non-AC,98104,PLVD26
HR_Up_98352,CR_Train,Harbour Line CSMT,Up,Belapur CBD,Vadala Road,13:41,14:29,48,False,Slow,Off-Peak,All Days,,821,,,Non-AC,98352,BRVD4
HR_Up_98124,CR_Train,Harbour Line CSMT,Up,Panvel,Vadala Road,14:09,15:10,61,False,Slow,Off-Peak,All Days,,849,,,Non-AC,98124,PLVD28
HR_Up_98130,CR_Train,Harbour Line CSMT,Up,Panvel,Vadala Road,14:35,15:36,61,False,Slow,Off-Peak,All Days,,875,,,Non-AC,98130,PLVD30
HR_Up_98138,CR_Train,Harbour Line CSMT,Up,Panvel,Vadala Road,15:00,16:01,61,False,Slow,Off-Peak,All Days,,900,,,Non-AC,98138,PLVD32
HR_Up_98548,CR_Train,Harbour Line CSMT,Up,Vashi,Vadala Road,15:54,16:26,32,False,Slow,Off-Peak,NOT_SUN,,954,,,Non-AC,98548,VVD8
HR_Up_98552,CR_Train,Harbour Line CSMT,Up,Vashi,Vadala Road,16:23,16:54,31,False,Slow,Off-Peak,NOT_SUN,,983,,,Non-AC,98552,VVD10
HR_Up_98554,CR_Train,Harbour Line CSMT,Up,Vashi,Vadala Road,16:35,17:06,31,False,Slow,Off-Peak,All Days,,995,,,Non-AC,98554,VVD12
HR_Up_98558,CR_Train,Harbour Line CSMT,Up,Vashi,Vadala Road,16:55,17:26,31,True,AC Slow,Off-Peak,All Days,,1015,,,AC,98558,VVD14
HR_Up_98909,CR_Train,Harbour Line CSMT,Up,Panvel,Goregaon,16:34,18:18,104,False,Slow,Off-Peak,All Days,,994,,,Non-AC,98909,PLGN9
HR_Up_98162,CR_Train,Harbour Line CSMT,Up,Panvel,Vadala Road,16:45,17:46,61,False,Slow,Off-Peak,All Days,,1005,,,Non-AC,98162,PLVD34
HR_Up_98911,CR_Train,Harbour Line CSMT,Up,Panvel,Goregaon,17:01,18:45,104,False,Slow,Peak,All Days,,1021,,,Non-AC,98911,PLGN11
HR_Up_98168,CR_Train,Harbour Line CSMT,Up,Panvel,Vadala Road,17:17,18:20,63,False,Slow,Peak,All Days,,1037,,,Non-AC,98168,PLVD36
HR_Up_98913,CR_Train,Harbour Line CSMT,Up,Panvel,Goregaon,17:29,19:14,105,False,Slow,Peak,All Days,,1049,,,Non-AC,98913,PLGN13
HR_Up_98174,CR_Train,Harbour Line CSMT,Up,Panvel,Vadala Road,17:46,18:47,61,False,Slow,Peak,NOT_SUN,,1066,,,Non-AC,98174,PLVD38
HR_Up_98182,CR_Train,Harbour Line CSMT,Up,Panvel,Vadala Road,18:18,19:21,63,False,Slow,Peak,All Days,,1098,,,Non-AC,98182,PLVD40
HR_Up_98915,CR_Train,Harbour Line CSMT,Up,Panvel,Goregaon,18:33,20:16,103,False,Slow,Peak,All Days,,1113,,,Non-AC,98915,PLGN15
HR_Up_98188,CR_Train,Harbour Line CSMT,Up,Panvel,Vadala Road,18:49,19:51,62,False,Slow,Peak,All Days,,1129,,,Non-AC,98188,PLVD42
HR_Up_98374,CR_Train,Harbour Line CSMT,Up,Belapur CBD,Vadala Road,19:20,20:06,46,False,Slow,Peak,NOT_SUN,,1160,,,Non-AC,98374,BRVD6
HR_Up_98917,CR_Train,Harbour Line CSMT,Up,Panvel,Goregaon,19:35,21:20,105,False,Slow,Peak,All Days,,1175,,,Non-AC,98917,PLGN17
HR_Up_98376,CR_Train,Harbour Line CSMT,Up,Belapur CBD,Vadala Road,20:02,20:49,47,False,Slow,Peak,NOT_SUN,,1202,,,Non-AC,98376,BRVD8
HR_Up_98378,CR_Train,Harbour Line CSMT,Up,Belapur CBD,Vadala Road,20:18,21:05,47,False,Slow,Peak,All Days,,1218,,,Non-AC,98378,BRVD10
HR_Up_98208,CR_Train,Harbour Line CSMT,Up,Panvel,Vadala Road,20:27,21:28,61,False,Slow,Peak,NOT_SUN,,1227,,,Non-AC,98208,PLVD44
HR_Up_98240,CR_Train,Harbour Line CSMT,Up,Panvel,Vashi,22:50,23:20,30,False,Slow,Off-Peak,NOT_SUN,,1370,,,Non-AC,98240,VPL2
HR_Up_98252,CR_Train,Harbour Line CSMT,Up,Panvel,Belapur CBD,00:03,00:18,15,False,Slow,Off-Peak,All Days,,3,,,Non-AC,98252,BRPL4
HR_Up_98246,CR_Train,Harbour Line CSMT,Up,Panvel,Belapur CBD,23:22,23:37,15,False,Slow,Off-Peak,All Days,,1402,,,Non-AC,98246,BRPL2
HR_Up_98248,CR_Train,Harbour Line CSMT,Up,Panvel,Vashi,23:32,23:54,22,False,Slow,Off-Peak,All Days,,1412,,,Non-AC,98248,VPL4
HR_Up_98786,CR_Train,Harbour Line CSMT,Up,Goregaon,Mumbai CSMT,23:06,23:43,37,False,Slow,Off-Peak,All Days,,1386,,,Non-AC,98786,GN86
MetMetr_0001,Metro,Metro Line 1 (Blue),Down,Versova,Ghatkopar,05:30,05:52,22.0,True,Metro AC,Off-Peak,All Days,10,330,Late Night (00-06),6,AC,,
MetMetr_0002,Metro,Metro Line 1 (Blue),Down,Versova,Ghatkopar,05:40,06:02,22.0,True,Metro AC,Off-Peak,All Days,10,340,Late Night (00-06),6,AC,,
MetMetr_0003,Metro,Metro Line 1 (Blue),Down,Versova,Ghatkopar,05:50,06:12,22.0,True,Metro AC,Off-Peak,All Days,10,350,Late Night (00-06),6,AC,,
MetMetr_0004,Metro,Metro Line 1 (Blue),Down,Versova,Ghatkopar,06:00,06:22,22.0,True,Metro AC,Off-Peak,All Days,10,360,Early Morning (06-08),42,AC,,
MetMetr_0005,Metro,Metro Line 1 (Blue),Down,Versova,Ghatkopar,06:10,06:32,22.0,True,Metro AC,Off-Peak,All Days,10,370,Early Morning (06-08),42,AC,,
MetMetr_0006,Metro,Metro Line 1 (Blue),Down,Versova,Ghatkopar,06:20,06:42,22.0,True,Metro AC,Off-Peak,All Days,10,380,Early Morning (06-08),42,AC,,
MetMetr_0007,Metro,Metro Line 1 (Blue),Down,Versova,Ghatkopar,06:30,06:52,22.0,True,Metro AC,Off-Peak,All Days,10,390,Early Morning (06-08),42,AC,,
MetMetr_0008,Metro,Metro Line 1 (Blue),Down,Versova,Ghatkopar,06:40,07:02,22.0,True,Metro AC,Off-Peak,All Days,10,400,Early Morning (06-08),42,AC,,
MetMetr_0009,Metro,Metro Line 1 (Blue),Down,Versova,Ghatkopar,06:50,07:12,22.0,True,Metro AC,Off-Peak,All Days,10,410,Early Morning (06-08),42,AC,,
MetMetr_0010,Metro,Metro Line 1 (Blue),Down,Versova,Ghatkopar,07:00,07:22,22.0,True,Metro AC,Peak,All Days,4,420,Early Morning (06-08),42,AC,,
MetMetr_0011,Metro,Metro Line 1 (Blue),Down,Versova,Ghatkopar,07:04,07:26,22.0,True,Metro AC,Peak,All Days,4,424,Early Morning (06-08),42,AC,,
MetMetr_0012,Metro,Metro Line 1 (Blue),Down,Versova,Ghatkopar,07:08,07:30,22.0,True,Metro AC,Peak,All Days,4,428,Early Morning (06-08),42,AC,,
MetMetr_0013,Metro,Metro Line 1 (Blue),Down,Versova,Ghatkopar,07:12,07:34,22.0,True,Metro AC,Peak,All Days,4,432,Early Morning (06-08),42,AC,,
MetMetr_0014,Metro,Metro Line 1 (Blue),Down,Versova,Ghatkopar,07:16,07:38,22.0,True,Metro AC,Peak,All Days,4,436,Early Morning (06-08),42,AC,,
MetMetr_0015,Metro,Metro Line 1 (Blue),Down,Versova,Ghatkopar,07:20,07:42,22.0,True,Metro AC,Peak,All Days,4,440,Early Morning (06-08),42,AC,,
MetMetr_0016,Metro,Metro Line 1 (Blue),Down,Versova,Ghatkopar,07:24,07:46,22.0,True,Metro AC,Peak,All Days,4,444,Early Morning (06-08),42,AC,,
MetMetr_0017,Metro,Metro Line 1 (Blue),Down,Versova,Ghatkopar,07:28,07:50,22.0,True,Metro AC,Peak,All Days,4,448,Early Morning (06-08),42,AC,,
MetMetr_0018,Metro,Metro Line 1 (Blue),Down,Versova,Ghatkopar,07:32,07:54,22.0,True,Metro AC,Peak,All Days,4,452,Early Morning (06-08),42,AC,,
MetMetr_0019,Metro,Metro Line 1 (Blue),Down,Versova,Ghatkopar,07:36,07:58,22.0,True,Metro AC,Peak,All Days,4,456,Early Morning (06-08),42,AC,,
MetMetr_0020,Metro,Metro Line 1 (Blue),Down,Versova,Ghatkopar,07:40,08:02,22.0,True,Metro AC,Peak,All Days,4,460,Early Morning (06-08),42,AC,,
MetMetr_0021,Metro,Metro Line 1 (Blue),Down,Versova,Ghatkopar,07:44,08:06,22.0,True,Metro AC,Peak,All Days,4,464,Early Morning (06-08),42,AC,,
MetMetr_0022,Metro,Metro Line 1 (Blue),Down,Versova,Ghatkopar,07:48,08:10,22.0,True,Metro AC,Peak,All Days,4,468,Early Morning (06-08),42,AC,,
MetMetr_0023,Metro,Metro Line 1 (Blue),Down,Versova,Ghatkopar,07:52,08:14,22.0,True,Metro AC,Peak,All Days,4,472,Early Morning (06-08),42,AC,,
MetMetr_0024,Metro,Metro Line 1 (Blue),Down,Versova,Ghatkopar,07:56,08:18,22.0,True,Metro AC,Peak,All Days,4,476,Early Morning (06-08),42,AC,,
MetMetr_0025,Metro,Metro Line 1 (Blue),Down,Versova,Ghatkopar,08:00,08:22,22.0,True,Metro AC,Peak,All Days,4,480,Morning Peak (08-10),60,AC,,
MetMetr_0026,Metro,Metro Line 1 (Blue),Down,Versova,Ghatkopar,08:04,08:26,22.0,True,Metro AC,Peak,All Days,4,484,Morning Peak (08-10),60,AC,,
MetMetr_0027,Metro,Metro Line 1 (Blue),Down,Versova,Ghatkopar,08:08,08:30,22.0,True,Metro AC,Peak,All Days,4,488,Morning Peak (08-10),60,AC,,
MetMetr_0028,Metro,Metro Line 1 (Blue),Down,Versova,Ghatkopar,08:12,08:34,22.0,True,Metro AC,Peak,All Days,4,492,Morning Peak (08-10),60,AC,,
MetMetr_0029,Metro,Metro Line 1 (Blue),Down,Versova,Ghatkopar,08:16,08:38,22.0,True,Metro AC,Peak,All Days,4,496,Morning Peak (08-10),60,AC,,
MetMetr_0030,Metro,Metro Line 1 (Blue),Down,Versova,Ghatkopar,08:20,08:42,22.0,True,Metro AC,Peak,All Days,4,500,Morning Peak (08-10),60,AC,,
MetMetr_0031,Metro,Metro Line 1 (Blue),Down,Versova,Ghatkopar,08:24,08:46,22.0,True,Metro AC,Peak,All Days,4,504,Morning Peak (08-10),60,AC,,
MetMetr_0032,Metro,Metro Line 1 (Blue),Down,Versova,Ghatkopar,08:28,08:50,22.0,True,Metro AC,Peak,All Days,4,508,Morning Peak (08-10),60,AC,,
MetMetr_0033,Metro,Metro Line 1 (Blue),Down,Versova,Ghatkopar,08:32,08:54,22.0,True,Metro AC,Peak,All Days,4,512,Morning Peak (08-10),60,AC,,
MetMetr_0034,Metro,Metro Line 1 (Blue),Down,Versova,Ghatkopar,08:36,08:58,22.0,True,Metro AC,Peak,All Days,4,516,Morning Peak (08-10),60,AC,,
MetMetr_0035,Metro,Metro Line 1 (Blue),Down,Versova,Ghatkopar,08:40,09:02,22.0,True,Metro AC,Peak,All Days,4,520,Morning Peak (08-10),60,AC,,
MetMetr_0036,Metro,Metro Line 1 (Blue),Down,Versova,Ghatkopar,08:44,09:06,22.0,True,Metro AC,Peak,All Days,4,524,Morning Peak (08-10),60,AC,,
MetMetr_0037,Metro,Metro Line 1 (Blue),Down,Versova,Ghatkopar,08:48,09:10,22.0,True,Metro AC,Peak,All Days,4,528,Morning Peak (08-10),60,AC,,
MetMetr_0038,Metro,Metro Line 1 (Blue),Down,Versova,Ghatkopar,08:52,09:14,22.0,True,Metro AC,Peak,All Days,4,532,Morning Peak (08-10),60,AC,,
MetMetr_0039,Metro,Metro Line 1 (Blue),Down,Versova,Ghatkopar,08:56,09:18,22.0,True,Metro AC,Peak,All Days,4,536,Morning Peak (08-10),60,AC,,
MetMetr_0040,Metro,Metro Line 1 (Blue),Down,Versova,Ghatkopar,09:00,09:22,22.0,True,Metro AC,Peak,All Days,4,540,Morning Peak (08-10),60,AC,,
MetMetr_0041,Metro,Metro Line 1 (Blue),Down,Versova,Ghatkopar,09:04,09:26,22.0,True,Metro AC,Peak,All Days,4,544,Morning Peak (08-10),60,AC,,
MetMetr_0042,Metro,Metro Line 1 (Blue),Down,Versova,Ghatkopar,09:08,09:30,22.0,True,Metro AC,Peak,All Days,4,548,Morning Peak (08-10),60,AC,,
MetMetr_0043,Metro,Metro Line 1 (Blue),Down,Versova,Ghatkopar,09:12,09:34,22.0,True,Metro AC,Peak,All Days,4,552,Morning Peak (08-10),60,AC,,
MetMetr_0044,Metro,Metro Line 1 (Blue),Down,Versova,Ghatkopar,09:16,09:38,22.0,True,Metro AC,Peak,All Days,4,556,Morning Peak (08-10),60,AC,,
MetMetr_0045,Metro,Metro Line 1 (Blue),Down,Versova,Ghatkopar,09:20,09:42,22.0,True,Metro AC,Peak,All Days,4,560,Morning Peak (08-10),60,AC,,
MetMetr_0046,Metro,Metro Line 1 (Blue),Down,Versova,Ghatkopar,09:24,09:46,22.0,True,Metro AC,Peak,All Days,4,564,Morning Peak (08-10),60,AC,,
MetMetr_0047,Metro,Metro Line 1 (Blue),Down,Versova,Ghatkopar,09:28,09:50,22.0,True,Metro AC,Peak,All Days,4,568,Morning Peak (08-10),60,AC,,
MetMetr_0048,Metro,Metro Line 1 (Blue),Down,Versova,Ghatkopar,09:32,09:54,22.0,True,Metro AC,Peak,All Days,4,572,Morning Peak (08-10),60,AC,,
MetMetr_0049,Metro,Metro Line 1 (Blue),Down,Versova,Ghatkopar,09:36,09:58,22.0,True,Metro AC,Peak,All Days,4,576,Morning Peak (08-10),60,AC,,
MetMetr_0050,Metro,Metro Line 1 (Blue),Down,Versova,Ghatkopar,09:40,10:02,22.0,True,Metro AC,Peak,All Days,4,580,Morning Peak (08-10),60,AC,,
MetMetr_0051,Metro,Metro Line 1 (Blue),Down,Versova,Ghatkopar,09:44,10:06,22.0,True,Metro AC,Peak,All Days,4,584,Morning Peak (08-10),60,AC,,
MetMetr_0052,Metro,Metro Line 1 (Blue),Down,Versova,Ghatkopar,09:48,10:10,22.0,True,Metro AC,Peak,All Days,4,588,Morning Peak (08-10),60,AC,,
MetMetr_0053,Metro,Metro Line 1 (Blue),Down,Versova,Ghatkopar,09:52,10:14,22.0,True,Metro AC,Peak,All Days,4,592,Morning Peak (08-10),60,AC,,
MetMetr_0054,Metro,Metro Line 1 (Blue),Down,Versova,Ghatkopar,09:56,10:18,22.0,True,Metro AC,Peak,All Days,4,596,Morning Peak (08-10),60,AC,,
MetMetr_0055,Metro,Metro Line 1 (Blue),Down,Versova,Ghatkopar,10:00,10:22,22.0,True,Metro AC,Peak,All Days,4,600,Mid-Morning (10-12),48,AC,,
MetMetr_0056,Metro,Metro Line 1 (Blue),Down,Versova,Ghatkopar,10:04,10:26,22.0,True,Metro AC,Peak,All Days,4,604,Mid-Morning (10-12),48,AC,,
MetMetr_0057,Metro,Metro Line 1 (Blue),Down,Versova,Ghatkopar,10:08,10:30,22.0,True,Metro AC,Peak,All Days,4,608,Mid-Morning (10-12),48,AC,,
MetMetr_0058,Metro,Metro Line 1 (Blue),Down,Versova,Ghatkopar,10:12,10:34,22.0,True,Metro AC,Peak,All Days,4,612,Mid-Morning (10-12),48,AC,,
MetMetr_0059,Metro,Metro Line 1 (Blue),Down,Versova,Ghatkopar,10:16,10:38,22.0,True,Metro AC,Peak,All Days,4,616,Mid-Morning (10-12),48,AC,,
MetMetr_0060,Metro,Metro Line 1 (Blue),Down,Versova,Ghatkopar,10:20,10:42,22.0,True,Metro AC,Peak,All Days,4,620,Mid-Morning (10-12),48,AC,,
MetMetr_0061,Metro,Metro Line 1 (Blue),Down,Versova,Ghatkopar,10:24,10:46,22.0,True,Metro AC,Peak,All Days,4,624,Mid-Morning (10-12),48,AC,,
MetMetr_0062,Metro,Metro Line 1 (Blue),Down,Versova,Ghatkopar,10:28,10:50,22.0,True,Metro AC,Peak,All Days,4,628,Mid-Morning (10-12),48,AC,,
MetMetr_0063,Metro,Metro Line 1 (Blue),Down,Versova,Ghatkopar,10:32,10:54,22.0,True,Metro AC,Peak,All Days,4,632,Mid-Morning (10-12),48,AC,,
MetMetr_0064,Metro,Metro Line 1 (Blue),Down,Versova,Ghatkopar,10:36,10:58,22.0,True,Metro AC,Peak,All Days,4,636,Mid-Morning (10-12),48,AC,,
MetMetr_0065,Metro,Metro Line 1 (Blue),Down,Versova,Ghatkopar,10:40,11:02,22.0,True,Metro AC,Peak,All Days,4,640,Mid-Morning (10-12),48,AC,,
MetMetr_0066,Metro,Metro Line 1 (Blue),Down,Versova,Ghatkopar,10:44,11:06,22.0,True,Metro AC,Peak,All Days,4,644,Mid-Morning (10-12),48,AC,,
MetMetr_0067,Metro,Metro Line 1 (Blue),Down,Versova,Ghatkopar,10:48,11:10,22.0,True,Metro AC,Peak,All Days,4,648,Mid-Morning (10-12),48,AC,,
MetMetr_0068,Metro,Metro Line 1 (Blue),Down,Versova,Ghatkopar,10:52,11:14,22.0,True,Metro AC,Peak,All Days,4,652,Mid-Morning (10-12),48,AC,,
MetMetr_0069,Metro,Metro Line 1 (Blue),Down,Versova,Ghatkopar,10:56,11:18,22.0,True,Metro AC,Peak,All Days,4,656,Mid-Morning (10-12),48,AC,,
MetMetr_0070,Metro,Metro Line 1 (Blue),Down,Versova,Ghatkopar,11:00,11:22,22.0,True,Metro AC,Off-Peak,All Days,7,660,Mid-Morning (10-12),48,AC,,
MetMetr_0071,Metro,Metro Line 1 (Blue),Down,Versova,Ghatkopar,11:07,11:29,22.0,True,Metro AC,Off-Peak,All Days,7,667,Mid-Morning (10-12),48,AC,,
MetMetr_0072,Metro,Metro Line 1 (Blue),Down,Versova,Ghatkopar,11:14,11:36,22.0,True,Metro AC,Off-Peak,All Days,7,674,Mid-Morning (10-12),48,AC,,
MetMetr_0073,Metro,Metro Line 1 (Blue),Down,Versova,Ghatkopar,11:21,11:43,22.0,True,Metro AC,Off-Peak,All Days,7,681,Mid-Morning (10-12),48,AC,,
MetMetr_0074,Metro,Metro Line 1 (Blue),Down,Versova,Ghatkopar,11:28,11:50,22.0,True,Metro AC,Off-Peak,All Days,7,688,Mid-Morning (10-12),48,AC,,
MetMetr_0075,Metro,Metro Line 1 (Blue),Down,Versova,Ghatkopar,11:35,11:57,22.0,True,Metro AC,Off-Peak,All Days,7,695,Mid-Morning (10-12),48,AC,,
MetMetr_0076,Metro,Metro Line 1 (Blue),Down,Versova,Ghatkopar,11:42,12:04,22.0,True,Metro AC,Off-Peak,All Days,7,702,Mid-Morning (10-12),48,AC,,
MetMetr_0077,Metro,Metro Line 1 (Blue),Down,Versova,Ghatkopar,11:49,12:11,22.0,True,Metro AC,Off-Peak,All Days,7,709,Mid-Morning (10-12),48,AC,,
MetMetr_0078,Metro,Metro Line 1 (Blue),Down,Versova,Ghatkopar,11:56,12:18,22.0,True,Metro AC,Off-Peak,All Days,7,716,Mid-Morning (10-12),48,AC,,
MetMetr_0079,Metro,Metro Line 1 (Blue),Down,Versova,Ghatkopar,12:03,12:25,22.0,True,Metro AC,Off-Peak,All Days,7,723,Afternoon (12-14),34,AC,,
MetMetr_0080,Metro,Metro Line 1 (Blue),Down,Versova,Ghatkopar,12:10,12:32,22.0,True,Metro AC,Off-Peak,All Days,7,730,Afternoon (12-14),34,AC,,
MetMetr_0081,Metro,Metro Line 1 (Blue),Down,Versova,Ghatkopar,12:17,12:39,22.0,True,Metro AC,Off-Peak,All Days,7,737,Afternoon (12-14),34,AC,,
MetMetr_0082,Metro,Metro Line 1 (Blue),Down,Versova,Ghatkopar,12:24,12:46,22.0,True,Metro AC,Off-Peak,All Days,7,744,Afternoon (12-14),34,AC,,
MetMetr_0083,Metro,Metro Line 1 (Blue),Down,Versova,Ghatkopar,12:31,12:53,22.0,True,Metro AC,Off-Peak,All Days,7,751,Afternoon (12-14),34,AC,,
MetMetr_0084,Metro,Metro Line 1 (Blue),Down,Versova,Ghatkopar,12:38,13:00,22.0,True,Metro AC,Off-Peak,All Days,7,758,Afternoon (12-14),34,AC,,
MetMetr_0085,Metro,Metro Line 1 (Blue),Down,Versova,Ghatkopar,12:45,13:07,22.0,True,Metro AC,Off-Peak,All Days,7,765,Afternoon (12-14),34,AC,,
MetMetr_0086,Metro,Metro Line 1 (Blue),Down,Versova,Ghatkopar,12:52,13:14,22.0,True,Metro AC,Off-Peak,All Days,7,772,Afternoon (12-14),34,AC,,
MetMetr_0087,Metro,Metro Line 1 (Blue),Down,Versova,Ghatkopar,12:59,13:21,22.0,True,Metro AC,Off-Peak,All Days,7,779,Afternoon (12-14),34,AC,,
MetMetr_0088,Metro,Metro Line 1 (Blue),Down,Versova,Ghatkopar,13:06,13:28,22.0,True,Metro AC,Off-Peak,All Days,7,786,Afternoon (12-14),34,AC,,
MetMetr_0089,Metro,Metro Line 1 (Blue),Down,Versova,Ghatkopar,13:13,13:35,22.0,True,Metro AC,Off-Peak,All Days,7,793,Afternoon (12-14),34,AC,,
MetMetr_0090,Metro,Metro Line 1 (Blue),Down,Versova,Ghatkopar,13:20,13:42,22.0,True,Metro AC,Off-Peak,All Days,7,800,Afternoon (12-14),34,AC,,
MetMetr_0091,Metro,Metro Line 1 (Blue),Down,Versova,Ghatkopar,13:27,13:49,22.0,True,Metro AC,Off-Peak,All Days,7,807,Afternoon (12-14),34,AC,,
MetMetr_0092,Metro,Metro Line 1 (Blue),Down,Versova,Ghatkopar,13:34,13:56,22.0,True,Metro AC,Off-Peak,All Days,7,814,Afternoon (12-14),34,AC,,
MetMetr_0093,Metro,Metro Line 1 (Blue),Down,Versova,Ghatkopar,13:41,14:03,22.0,True,Metro AC,Off-Peak,All Days,7,821,Afternoon (12-14),34,AC,,
MetMetr_0094,Metro,Metro Line 1 (Blue),Down,Versova,Ghatkopar,13:48,14:10,22.0,True,Metro AC,Off-Peak,All Days,7,828,Afternoon (12-14),34,AC,,
MetMetr_0095,Metro,Metro Line 1 (Blue),Down,Versova,Ghatkopar,13:55,14:17,22.0,True,Metro AC,Off-Peak,All Days,7,835,Afternoon (12-14),34,AC,,
MetMetr_0096,Metro,Metro Line 1 (Blue),Down,Versova,Ghatkopar,14:02,14:24,22.0,True,Metro AC,Off-Peak,All Days,7,842,Evening Peak (16-18),34,AC,,
MetMetr_0097,Metro,Metro Line 1 (Blue),Down,Versova,Ghatkopar,14:09,14:31,22.0,True,Metro AC,Off-Peak,All Days,7,849,Evening Peak (16-18),34,AC,,
MetMetr_0098,Metro,Metro Line 1 (Blue),Down,Versova,Ghatkopar,14:16,14:38,22.0,True,Metro AC,Off-Peak,All Days,7,856,Evening Peak (16-18),34,AC,,
MetMetr_0099,Metro,Metro Line 1 (Blue),Down,Versova,Ghatkopar,14:23,14:45,22.0,True,Metro AC,Off-Peak,All Days,7,863,Evening Peak (16-18),34,AC,,
MetMetr_0100,Metro,Metro Line 1 (Blue),Down,Versova,Ghatkopar,14:30,14:52,22.0,True,Metro AC,Off-Peak,All Days,7,870,Evening Peak (16-18),34,AC,,
MetMetr_0101,Metro,Metro Line 1 (Blue),Down,Versova,Ghatkopar,14:37,14:59,22.0,True,Metro AC,Off-Peak,All Days,7,877,Evening Peak (16-18),34,AC,,
MetMetr_0102,Metro,Metro Line 1 (Blue),Down,Versova,Ghatkopar,14:44,15:06,22.0,True,Metro AC,Off-Peak,All Days,7,884,Evening Peak (16-18),34,AC,,
MetMetr_0103,Metro,Metro Line 1 (Blue),Down,Versova,Ghatkopar,14:51,15:13,22.0,True,Metro AC,Off-Peak,All Days,7,891,Evening Peak (16-18),34,AC,,
MetMetr_0104,Metro,Metro Line 1 (Blue),Down,Versova,Ghatkopar,14:58,15:20,22.0,True,Metro AC,Off-Peak,All Days,7,898,Evening Peak (16-18),34,AC,,
MetMetr_0105,Metro,Metro Line 1 (Blue),Down,Versova,Ghatkopar,15:05,15:27,22.0,True,Metro AC,Off-Peak,All Days,7,905,Evening Peak (16-18),34,AC,,
MetMetr_0106,Metro,Metro Line 1 (Blue),Down,Versova,Ghatkopar,15:12,15:34,22.0,True,Metro AC,Off-Peak,All Days,7,912,Evening Peak (16-18),34,AC,,
MetMetr_0107,Metro,Metro Line 1 (Blue),Down,Versova,Ghatkopar,15:19,15:41,22.0,True,Metro AC,Off-Peak,All Days,7,919,Evening Peak (16-18),34,AC,,
MetMetr_0108,Metro,Metro Line 1 (Blue),Down,Versova,Ghatkopar,15:26,15:48,22.0,True,Metro AC,Off-Peak,All Days,7,926,Evening Peak (16-18),34,AC,,
MetMetr_0109,Metro,Metro Line 1 (Blue),Down,Versova,Ghatkopar,15:33,15:55,22.0,True,Metro AC,Off-Peak,All Days,7,933,Evening Peak (16-18),34,AC,,
MetMetr_0110,Metro,Metro Line 1 (Blue),Down,Versova,Ghatkopar,15:40,16:02,22.0,True,Metro AC,Off-Peak,All Days,7,940,Evening Peak (16-18),34,AC,,
MetMetr_0111,Metro,Metro Line 1 (Blue),Down,Versova,Ghatkopar,15:47,16:09,22.0,True,Metro AC,Off-Peak,All Days,7,947,Evening Peak (16-18),34,AC,,
MetMetr_0112,Metro,Metro Line 1 (Blue),Down,Versova,Ghatkopar,15:54,16:16,22.0,True,Metro AC,Off-Peak,All Days,7,954,Evening Peak (16-18),34,AC,,
MetMetr_0113,Metro,Metro Line 1 (Blue),Down,Versova,Ghatkopar,16:01,16:23,22.0,True,Metro AC,Off-Peak,All Days,7,961,Evening (18-21),46,AC,,
MetMetr_0114,Metro,Metro Line 1 (Blue),Down,Versova,Ghatkopar,16:08,16:30,22.0,True,Metro AC,Off-Peak,All Days,7,968,Evening (18-21),46,AC,,
MetMetr_0115,Metro,Metro Line 1 (Blue),Down,Versova,Ghatkopar,16:15,16:37,22.0,True,Metro AC,Off-Peak,All Days,7,975,Evening (18-21),46,AC,,
MetMetr_0116,Metro,Metro Line 1 (Blue),Down,Versova,Ghatkopar,16:22,16:44,22.0,True,Metro AC,Off-Peak,All Days,7,982,Evening (18-21),46,AC,,
MetMetr_0117,Metro,Metro Line 1 (Blue),Down,Versova,Ghatkopar,16:29,16:51,22.0,True,Metro AC,Off-Peak,All Days,7,989,Evening (18-21),46,AC,,
MetMetr_0118,Metro,Metro Line 1 (Blue),Down,Versova,Ghatkopar,16:36,16:58,22.0,True,Metro AC,Off-Peak,All Days,7,996,Evening (18-21),46,AC,,
MetMetr_0119,Metro,Metro Line 1 (Blue),Down,Versova,Ghatkopar,16:43,17:05,22.0,True,Metro AC,Off-Peak,All Days,7,1003,Evening (18-21),46,AC,,
MetMetr_0120,Metro,Metro Line 1 (Blue),Down,Versova,Ghatkopar,16:50,17:12,22.0,True,Metro AC,Off-Peak,All Days,7,1010,Evening (18-21),46,AC,,
MetMetr_0121,Metro,Metro Line 1 (Blue),Down,Versova,Ghatkopar,16:57,17:19,22.0,True,Metro AC,Off-Peak,All Days,7,1017,Evening (18-21),46,AC,,
MetMetr_0122,Metro,Metro Line 1 (Blue),Down,Versova,Ghatkopar,17:04,17:26,22.0,True,Metro AC,Peak,All Days,4,1024,Evening (18-21),46,AC,,
MetMetr_0123,Metro,Metro Line 1 (Blue),Down,Versova,Ghatkopar,17:08,17:30,22.0,True,Metro AC,Peak,All Days,4,1028,Evening (18-21),46,AC,,
MetMetr_0124,Metro,Metro Line 1 (Blue),Down,Versova,Ghatkopar,17:12,17:34,22.0,True,Metro AC,Peak,All Days,4,1032,Evening (18-21),46,AC,,
MetMetr_0125,Metro,Metro Line 1 (Blue),Down,Versova,Ghatkopar,17:16,17:38,22.0,True,Metro AC,Peak,All Days,4,1036,Evening (18-21),46,AC,,
MetMetr_0126,Metro,Metro Line 1 (Blue),Down,Versova,Ghatkopar,17:20,17:42,22.0,True,Metro AC,Peak,All Days,4,1040,Evening (18-21),46,AC,,
MetMetr_0127,Metro,Metro Line 1 (Blue),Down,Versova,Ghatkopar,17:24,17:46,22.0,True,Metro AC,Peak,All Days,4,1044,Evening (18-21),46,AC,,
MetMetr_0128,Metro,Metro Line 1 (Blue),Down,Versova,Ghatkopar,17:28,17:50,22.0,True,Metro AC,Peak,All Days,4,1048,Evening (18-21),46,AC,,
MetMetr_0129,Metro,Metro Line 1 (Blue),Down,Versova,Ghatkopar,17:32,17:54,22.0,True,Metro AC,Peak,All Days,4,1052,Evening (18-21),46,AC,,
MetMetr_0130,Metro,Metro Line 1 (Blue),Down,Versova,Ghatkopar,17:36,17:58,22.0,True,Metro AC,Peak,All Days,4,1056,Evening (18-21),46,AC,,
MetMetr_0131,Metro,Metro Line 1 (Blue),Down,Versova,Ghatkopar,17:40,18:02,22.0,True,Metro AC,Peak,All Days,4,1060,Evening (18-21),46,AC,,
MetMetr_0132,Metro,Metro Line 1 (Blue),Down,Versova,Ghatkopar,17:44,18:06,22.0,True,Metro AC,Peak,All Days,4,1064,Evening (18-21),46,AC,,
MetMetr_0133,Metro,Metro Line 1 (Blue),Down,Versova,Ghatkopar,17:48,18:10,22.0,True,Metro AC,Peak,All Days,4,1068,Evening (18-21),46,AC,,
MetMetr_0134,Metro,Metro Line 1 (Blue),Down,Versova,Ghatkopar,17:52,18:14,22.0,True,Metro AC,Peak,All Days,4,1072,Evening (18-21),46,AC,,
MetMetr_0135,Metro,Metro Line 1 (Blue),Down,Versova,Ghatkopar,17:56,18:18,22.0,True,Metro AC,Peak,All Days,4,1076,Evening (18-21),46,AC,,
MetMetr_0136,Metro,Metro Line 1 (Blue),Down,Versova,Ghatkopar,18:00,18:22,22.0,True,Metro AC,Peak,All Days,4,1080,Night (21-24),131,AC,,
MetMetr_0137,Metro,Metro Line 1 (Blue),Down,Versova,Ghatkopar,18:04,18:26,22.0,True,Metro AC,Peak,All Days,4,1084,Night (21-24),131,AC,,
MetMetr_0138,Metro,Metro Line 1 (Blue),Down,Versova,Ghatkopar,18:08,18:30,22.0,True,Metro AC,Peak,All Days,4,1088,Night (21-24),131,AC,,
MetMetr_0139,Metro,Metro Line 1 (Blue),Down,Versova,Ghatkopar,18:12,18:34,22.0,True,Metro AC,Peak,All Days,4,1092,Night (21-24),131,AC,,
MetMetr_0140,Metro,Metro Line 1 (Blue),Down,Versova,Ghatkopar,18:16,18:38,22.0,True,Metro AC,Peak,All Days,4,1096,Night (21-24),131,AC,,
MetMetr_0141,Metro,Metro Line 1 (Blue),Down,Versova,Ghatkopar,18:20,18:42,22.0,True,Metro AC,Peak,All Days,4,1100,Night (21-24),131,AC,,
MetMetr_0142,Metro,Metro Line 1 (Blue),Down,Versova,Ghatkopar,18:24,18:46,22.0,True,Metro AC,Peak,All Days,4,1104,Night (21-24),131,AC,,
MetMetr_0143,Metro,Metro Line 1 (Blue),Down,Versova,Ghatkopar,18:28,18:50,22.0,True,Metro AC,Peak,All Days,4,1108,Night (21-24),131,AC,,
MetMetr_0144,Metro,Metro Line 1 (Blue),Down,Versova,Ghatkopar,18:32,18:54,22.0,True,Metro AC,Peak,All Days,4,1112,Night (21-24),131,AC,,
MetMetr_0145,Metro,Metro Line 1 (Blue),Down,Versova,Ghatkopar,18:36,18:58,22.0,True,Metro AC,Peak,All Days,4,1116,Night (21-24),131,AC,,
MetMetr_0146,Metro,Metro Line 1 (Blue),Down,Versova,Ghatkopar,18:40,19:02,22.0,True,Metro AC,Peak,All Days,4,1120,Night (21-24),131,AC,,
MetMetr_0147,Metro,Metro Line 1 (Blue),Down,Versova,Ghatkopar,18:44,19:06,22.0,True,Metro AC,Peak,All Days,4,1124,Night (21-24),131,AC,,
MetMetr_0148,Metro,Metro Line 1 (Blue),Down,Versova,Ghatkopar,18:48,19:10,22.0,True,Metro AC,Peak,All Days,4,1128,Night (21-24),131,AC,,
MetMetr_0149,Metro,Metro Line 1 (Blue),Down,Versova,Ghatkopar,18:52,19:14,22.0,True,Metro AC,Peak,All Days,4,1132,Night (21-24),131,AC,,
MetMetr_0150,Metro,Metro Line 1 (Blue),Down,Versova,Ghatkopar,18:56,19:18,22.0,True,Metro AC,Peak,All Days,4,1136,Night (21-24),131,AC,,
MetMetr_0151,Metro,Metro Line 1 (Blue),Down,Versova,Ghatkopar,19:00,19:22,22.0,True,Metro AC,Peak,All Days,4,1140,Night (21-24),131,AC,,
MetMetr_0152,Metro,Metro Line 1 (Blue),Down,Versova,Ghatkopar,19:04,19:26,22.0,True,Metro AC,Peak,All Days,4,1144,Night (21-24),131,AC,,
MetMetr_0153,Metro,Metro Line 1 (Blue),Down,Versova,Ghatkopar,19:08,19:30,22.0,True,Metro AC,Peak,All Days,4,1148,Night (21-24),131,AC,,
MetMetr_0154,Metro,Metro Line 1 (Blue),Down,Versova,Ghatkopar,19:12,19:34,22.0,True,Metro AC,Peak,All Days,4,1152,Night (21-24),131,AC,,
MetMetr_0155,Metro,Metro Line 1 (Blue),Down,Versova,Ghatkopar,19:16,19:38,22.0,True,Metro AC,Peak,All Days,4,1156,Night (21-24),131,AC,,
MetMetr_0156,Metro,Metro Line 1 (Blue),Down,Versova,Ghatkopar,19:20,19:42,22.0,True,Metro AC,Peak,All Days,4,1160,Night (21-24),131,AC,,
MetMetr_0157,Metro,Metro Line 1 (Blue),Down,Versova,Ghatkopar,19:24,19:46,22.0,True,Metro AC,Peak,All Days,4,1164,Night (21-24),131,AC,,
MetMetr_0158,Metro,Metro Line 1 (Blue),Down,Versova,Ghatkopar,19:28,19:50,22.0,True,Metro AC,Peak,All Days,4,1168,Night (21-24),131,AC,,
MetMetr_0159,Metro,Metro Line 1 (Blue),Down,Versova,Ghatkopar,19:32,19:54,22.0,True,Metro AC,Peak,All Days,4,1172,Night (21-24),131,AC,,
MetMetr_0160,Metro,Metro Line 1 (Blue),Down,Versova,Ghatkopar,19:36,19:58,22.0,True,Metro AC,Peak,All Days,4,1176,Night (21-24),131,AC,,
MetMetr_0161,Metro,Metro Line 1 (Blue),Down,Versova,Ghatkopar,19:40,20:02,22.0,True,Metro AC,Peak,All Days,4,1180,Night (21-24),131,AC,,
MetMetr_0162,Metro,Metro Line 1 (Blue),Down,Versova,Ghatkopar,19:44,20:06,22.0,True,Metro AC,Peak,All Days,4,1184,Night (21-24),131,AC,,
MetMetr_0163,Metro,Metro Line 1 (Blue),Down,Versova,Ghatkopar,19:48,20:10,22.0,True,Metro AC,Peak,All Days,4,1188,Night (21-24),131,AC,,
MetMetr_0164,Metro,Metro Line 1 (Blue),Down,Versova,Ghatkopar,19:52,20:14,22.0,True,Metro AC,Peak,All Days,4,1192,Night (21-24),131,AC,,
MetMetr_0165,Metro,Metro Line 1 (Blue),Down,Versova,Ghatkopar,19:56,20:18,22.0,True,Metro AC,Peak,All Days,4,1196,Night (21-24),131,AC,,
MetMetr_0166,Metro,Metro Line 1 (Blue),Down,Versova,Ghatkopar,20:00,20:22,22.0,True,Metro AC,Peak,All Days,4,1200,Night (21-24),131,AC,,
MetMetr_0167,Metro,Metro Line 1 (Blue),Down,Versova,Ghatkopar,20:04,20:26,22.0,True,Metro AC,Peak,All Days,4,1204,Night (21-24),131,AC,,
MetMetr_0168,Metro,Metro Line 1 (Blue),Down,Versova,Ghatkopar,20:08,20:30,22.0,True,Metro AC,Peak,All Days,4,1208,Night (21-24),131,AC,,
MetMetr_0169,Metro,Metro Line 1 (Blue),Down,Versova,Ghatkopar,20:12,20:34,22.0,True,Metro AC,Peak,All Days,4,1212,Night (21-24),131,AC,,
MetMetr_0170,Metro,Metro Line 1 (Blue),Down,Versova,Ghatkopar,20:16,20:38,22.0,True,Metro AC,Peak,All Days,4,1216,Night (21-24),131,AC,,
MetMetr_0171,Metro,Metro Line 1 (Blue),Down,Versova,Ghatkopar,20:20,20:42,22.0,True,Metro AC,Peak,All Days,4,1220,Night (21-24),131,AC,,
MetMetr_0172,Metro,Metro Line 1 (Blue),Down,Versova,Ghatkopar,20:24,20:46,22.0,True,Metro AC,Peak,All Days,4,1224,Night (21-24),131,AC,,
MetMetr_0173,Metro,Metro Line 1 (Blue),Down,Versova,Ghatkopar,20:28,20:50,22.0,True,Metro AC,Peak,All Days,4,1228,Night (21-24),131,AC,,
MetMetr_0174,Metro,Metro Line 1 (Blue),Down,Versova,Ghatkopar,20:32,20:54,22.0,True,Metro AC,Peak,All Days,4,1232,Night (21-24),131,AC,,
MetMetr_0175,Metro,Metro Line 1 (Blue),Down,Versova,Ghatkopar,20:36,20:58,22.0,True,Metro AC,Peak,All Days,4,1236,Night (21-24),131,AC,,
MetMetr_0176,Metro,Metro Line 1 (Blue),Down,Versova,Ghatkopar,20:40,21:02,22.0,True,Metro AC,Peak,All Days,4,1240,Night (21-24),131,AC,,
MetMetr_0177,Metro,Metro Line 1 (Blue),Down,Versova,Ghatkopar,20:44,21:06,22.0,True,Metro AC,Peak,All Days,4,1244,Night (21-24),131,AC,,
MetMetr_0178,Metro,Metro Line 1 (Blue),Down,Versova,Ghatkopar,20:48,21:10,22.0,True,Metro AC,Peak,All Days,4,1248,Night (21-24),131,AC,,
MetMetr_0179,Metro,Metro Line 1 (Blue),Down,Versova,Ghatkopar,20:52,21:14,22.0,True,Metro AC,Peak,All Days,4,1252,Night (21-24),131,AC,,
MetMetr_0180,Metro,Metro Line 1 (Blue),Down,Versova,Ghatkopar,20:56,21:18,22.0,True,Metro AC,Peak,All Days,4,1256,Night (21-24),131,AC,,
MetMetr_0181,Metro,Metro Line 1 (Blue),Down,Versova,Ghatkopar,21:00,21:22,22.0,True,Metro AC,Off-Peak,All Days,8,1260,Night (21-24),131,AC,,
MetMetr_0182,Metro,Metro Line 1 (Blue),Down,Versova,Ghatkopar,21:08,21:30,22.0,True,Metro AC,Off-Peak,All Days,8,1268,Night (21-24),131,AC,,
MetMetr_0183,Metro,Metro Line 1 (Blue),Down,Versova,Ghatkopar,21:16,21:38,22.0,True,Metro AC,Off-Peak,All Days,8,1276,Night (21-24),131,AC,,
MetMetr_0184,Metro,Metro Line 1 (Blue),Down,Versova,Ghatkopar,21:24,21:46,22.0,True,Metro AC,Off-Peak,All Days,8,1284,Night (21-24),131,AC,,
MetMetr_0185,Metro,Metro Line 1 (Blue),Down,Versova,Ghatkopar,21:32,21:54,22.0,True,Metro AC,Off-Peak,All Days,8,1292,Night (21-24),131,AC,,
MetMetr_0186,Metro,Metro Line 1 (Blue),Down,Versova,Ghatkopar,21:40,22:02,22.0,True,Metro AC,Off-Peak,All Days,8,1300,Night (21-24),131,AC,,
MetMetr_0187,Metro,Metro Line 1 (Blue),Down,Versova,Ghatkopar,21:48,22:10,22.0,True,Metro AC,Off-Peak,All Days,8,1308,Night (21-24),131,AC,,
MetMetr_0188,Metro,Metro Line 1 (Blue),Down,Versova,Ghatkopar,21:56,22:18,22.0,True,Metro AC,Off-Peak,All Days,8,1316,Night (21-24),131,AC,,
MetMetr_0189,Metro,Metro Line 1 (Blue),Down,Versova,Ghatkopar,22:04,22:26,22.0,True,Metro AC,Off-Peak,All Days,8,1324,Night (21-24),131,AC,,
MetMetr_0190,Metro,Metro Line 1 (Blue),Down,Versova,Ghatkopar,22:12,22:34,22.0,True,Metro AC,Off-Peak,All Days,8,1332,Night (21-24),131,AC,,
MetMetr_0191,Metro,Metro Line 1 (Blue),Down,Versova,Ghatkopar,22:20,22:42,22.0,True,Metro AC,Off-Peak,All Days,8,1340,Night (21-24),131,AC,,
MetMetr_0192,Metro,Metro Line 1 (Blue),Down,Versova,Ghatkopar,22:28,22:50,22.0,True,Metro AC,Off-Peak,All Days,8,1348,Night (21-24),131,AC,,
MetMetr_0193,Metro,Metro Line 1 (Blue),Down,Versova,Ghatkopar,22:36,22:58,22.0,True,Metro AC,Off-Peak,All Days,8,1356,Night (21-24),131,AC,,
MetMetr_0194,Metro,Metro Line 1 (Blue),Down,Versova,Ghatkopar,22:44,23:06,22.0,True,Metro AC,Off-Peak,All Days,8,1364,Night (21-24),131,AC,,
MetMetr_0195,Metro,Metro Line 1 (Blue),Down,Versova,Ghatkopar,22:52,23:14,22.0,True,Metro AC,Off-Peak,All Days,8,1372,Night (21-24),131,AC,,
MetMetr_0196,Metro,Metro Line 1 (Blue),Down,Versova,Ghatkopar,23:00,23:22,22.0,True,Metro AC,Off-Peak,All Days,8,1380,Night (21-24),131,AC,,
MetMetr_0197,Metro,Metro Line 1 (Blue),Down,Versova,Ghatkopar,23:08,23:30,22.0,True,Metro AC,Off-Peak,All Days,8,1388,Night (21-24),131,AC,,
MetMetr_0198,Metro,Metro Line 1 (Blue),Down,Versova,Ghatkopar,23:16,23:38,22.0,True,Metro AC,Off-Peak,All Days,8,1396,Night (21-24),131,AC,,
MetMetr_0199,Metro,Metro Line 1 (Blue),Down,Versova,Ghatkopar,23:24,23:46,22.0,True,Metro AC,Off-Peak,All Days,8,1404,Night (21-24),131,AC,,
MetMetr_0001,Metro,Metro Line 1 (Blue),Up,Ghatkopar,Versova,05:30,05:52,22.0,True,Metro AC,Off-Peak,All Days,10,330,Late Night (00-06),6,AC,,
MetMetr_0002,Metro,Metro Line 1 (Blue),Up,Ghatkopar,Versova,05:40,06:02,22.0,True,Metro AC,Off-Peak,All Days,10,340,Late Night (00-06),6,AC,,
MetMetr_0003,Metro,Metro Line 1 (Blue),Up,Ghatkopar,Versova,05:50,06:12,22.0,True,Metro AC,Off-Peak,All Days,10,350,Late Night (00-06),6,AC,,
MetMetr_0004,Metro,Metro Line 1 (Blue),Up,Ghatkopar,Versova,06:00,06:22,22.0,True,Metro AC,Off-Peak,All Days,10,360,Early Morning (06-08),42,AC,,
MetMetr_0005,Metro,Metro Line 1 (Blue),Up,Ghatkopar,Versova,06:10,06:32,22.0,True,Metro AC,Off-Peak,All Days,10,370,Early Morning (06-08),42,AC,,
MetMetr_0006,Metro,Metro Line 1 (Blue),Up,Ghatkopar,Versova,06:20,06:42,22.0,True,Metro AC,Off-Peak,All Days,10,380,Early Morning (06-08),42,AC,,
MetMetr_0007,Metro,Metro Line 1 (Blue),Up,Ghatkopar,Versova,06:30,06:52,22.0,True,Metro AC,Off-Peak,All Days,10,390,Early Morning (06-08),42,AC,,
MetMetr_0008,Metro,Metro Line 1 (Blue),Up,Ghatkopar,Versova,06:40,07:02,22.0,True,Metro AC,Off-Peak,All Days,10,400,Early Morning (06-08),42,AC,,
MetMetr_0009,Metro,Metro Line 1 (Blue),Up,Ghatkopar,Versova,06:50,07:12,22.0,True,Metro AC,Off-Peak,All Days,10,410,Early Morning (06-08),42,AC,,
MetMetr_0010,Metro,Metro Line 1 (Blue),Up,Ghatkopar,Versova,07:00,07:22,22.0,True,Metro AC,Peak,All Days,4,420,Early Morning (06-08),42,AC,,
MetMetr_0011,Metro,Metro Line 1 (Blue),Up,Ghatkopar,Versova,07:04,07:26,22.0,True,Metro AC,Peak,All Days,4,424,Early Morning (06-08),42,AC,,
MetMetr_0012,Metro,Metro Line 1 (Blue),Up,Ghatkopar,Versova,07:08,07:30,22.0,True,Metro AC,Peak,All Days,4,428,Early Morning (06-08),42,AC,,
MetMetr_0013,Metro,Metro Line 1 (Blue),Up,Ghatkopar,Versova,07:12,07:34,22.0,True,Metro AC,Peak,All Days,4,432,Early Morning (06-08),42,AC,,
MetMetr_0014,Metro,Metro Line 1 (Blue),Up,Ghatkopar,Versova,07:16,07:38,22.0,True,Metro AC,Peak,All Days,4,436,Early Morning (06-08),42,AC,,
MetMetr_0015,Metro,Metro Line 1 (Blue),Up,Ghatkopar,Versova,07:20,07:42,22.0,True,Metro AC,Peak,All Days,4,440,Early Morning (06-08),42,AC,,
MetMetr_0016,Metro,Metro Line 1 (Blue),Up,Ghatkopar,Versova,07:24,07:46,22.0,True,Metro AC,Peak,All Days,4,444,Early Morning (06-08),42,AC,,
MetMetr_0017,Metro,Metro Line 1 (Blue),Up,Ghatkopar,Versova,07:28,07:50,22.0,True,Metro AC,Peak,All Days,4,448,Early Morning (06-08),42,AC,,
MetMetr_0018,Metro,Metro Line 1 (Blue),Up,Ghatkopar,Versova,07:32,07:54,22.0,True,Metro AC,Peak,All Days,4,452,Early Morning (06-08),42,AC,,
MetMetr_0019,Metro,Metro Line 1 (Blue),Up,Ghatkopar,Versova,07:36,07:58,22.0,True,Metro AC,Peak,All Days,4,456,Early Morning (06-08),42,AC,,
MetMetr_0020,Metro,Metro Line 1 (Blue),Up,Ghatkopar,Versova,07:40,08:02,22.0,True,Metro AC,Peak,All Days,4,460,Early Morning (06-08),42,AC,,
MetMetr_0021,Metro,Metro Line 1 (Blue),Up,Ghatkopar,Versova,07:44,08:06,22.0,True,Metro AC,Peak,All Days,4,464,Early Morning (06-08),42,AC,,
MetMetr_0022,Metro,Metro Line 1 (Blue),Up,Ghatkopar,Versova,07:48,08:10,22.0,True,Metro AC,Peak,All Days,4,468,Early Morning (06-08),42,AC,,
MetMetr_0023,Metro,Metro Line 1 (Blue),Up,Ghatkopar,Versova,07:52,08:14,22.0,True,Metro AC,Peak,All Days,4,472,Early Morning (06-08),42,AC,,
MetMetr_0024,Metro,Metro Line 1 (Blue),Up,Ghatkopar,Versova,07:56,08:18,22.0,True,Metro AC,Peak,All Days,4,476,Early Morning (06-08),42,AC,,
MetMetr_0025,Metro,Metro Line 1 (Blue),Up,Ghatkopar,Versova,08:00,08:22,22.0,True,Metro AC,Peak,All Days,4,480,Morning Peak (08-10),60,AC,,
MetMetr_0026,Metro,Metro Line 1 (Blue),Up,Ghatkopar,Versova,08:04,08:26,22.0,True,Metro AC,Peak,All Days,4,484,Morning Peak (08-10),60,AC,,
MetMetr_0027,Metro,Metro Line 1 (Blue),Up,Ghatkopar,Versova,08:08,08:30,22.0,True,Metro AC,Peak,All Days,4,488,Morning Peak (08-10),60,AC,,
MetMetr_0028,Metro,Metro Line 1 (Blue),Up,Ghatkopar,Versova,08:12,08:34,22.0,True,Metro AC,Peak,All Days,4,492,Morning Peak (08-10),60,AC,,
MetMetr_0029,Metro,Metro Line 1 (Blue),Up,Ghatkopar,Versova,08:16,08:38,22.0,True,Metro AC,Peak,All Days,4,496,Morning Peak (08-10),60,AC,,
MetMetr_0030,Metro,Metro Line 1 (Blue),Up,Ghatkopar,Versova,08:20,08:42,22.0,True,Metro AC,Peak,All Days,4,500,Morning Peak (08-10),60,AC,,
MetMetr_0031,Metro,Metro Line 1 (Blue),Up,Ghatkopar,Versova,08:24,08:46,22.0,True,Metro AC,Peak,All Days,4,504,Morning Peak (08-10),60,AC,,
MetMetr_0032,Metro,Metro Line 1 (Blue),Up,Ghatkopar,Versova,08:28,08:50,22.0,True,Metro AC,Peak,All Days,4,508,Morning Peak (08-10),60,AC,,
MetMetr_0033,Metro,Metro Line 1 (Blue),Up,Ghatkopar,Versova,08:32,08:54,22.0,True,Metro AC,Peak,All Days,4,512,Morning Peak (08-10),60,AC,,
MetMetr_0034,Metro,Metro Line 1 (Blue),Up,Ghatkopar,Versova,08:36,08:58,22.0,True,Metro AC,Peak,All Days,4,516,Morning Peak (08-10),60,AC,,
MetMetr_0035,Metro,Metro Line 1 (Blue),Up,Ghatkopar,Versova,08:40,09:02,22.0,True,Metro AC,Peak,All Days,4,520,Morning Peak (08-10),60,AC,,
MetMetr_0036,Metro,Metro Line 1 (Blue),Up,Ghatkopar,Versova,08:44,09:06,22.0,True,Metro AC,Peak,All Days,4,524,Morning Peak (08-10),60,AC,,
MetMetr_0037,Metro,Metro Line 1 (Blue),Up,Ghatkopar,Versova,08:48,09:10,22.0,True,Metro AC,Peak,All Days,4,528,Morning Peak (08-10),60,AC,,
MetMetr_0038,Metro,Metro Line 1 (Blue),Up,Ghatkopar,Versova,08:52,09:14,22.0,True,Metro AC,Peak,All Days,4,532,Morning Peak (08-10),60,AC,,
MetMetr_0039,Metro,Metro Line 1 (Blue),Up,Ghatkopar,Versova,08:56,09:18,22.0,True,Metro AC,Peak,All Days,4,536,Morning Peak (08-10),60,AC,,
MetMetr_0040,Metro,Metro Line 1 (Blue),Up,Ghatkopar,Versova,09:00,09:22,22.0,True,Metro AC,Peak,All Days,4,540,Morning Peak (08-10),60,AC,,
MetMetr_0041,Metro,Metro Line 1 (Blue),Up,Ghatkopar,Versova,09:04,09:26,22.0,True,Metro AC,Peak,All Days,4,544,Morning Peak (08-10),60,AC,,
MetMetr_0042,Metro,Metro Line 1 (Blue),Up,Ghatkopar,Versova,09:08,09:30,22.0,True,Metro AC,Peak,All Days,4,548,Morning Peak (08-10),60,AC,,
MetMetr_0043,Metro,Metro Line 1 (Blue),Up,Ghatkopar,Versova,09:12,09:34,22.0,True,Metro AC,Peak,All Days,4,552,Morning Peak (08-10),60,AC,,
MetMetr_0044,Metro,Metro Line 1 (Blue),Up,Ghatkopar,Versova,09:16,09:38,22.0,True,Metro AC,Peak,All Days,4,556,Morning Peak (08-10),60,AC,,
MetMetr_0045,Metro,Metro Line 1 (Blue),Up,Ghatkopar,Versova,09:20,09:42,22.0,True,Metro AC,Peak,All Days,4,560,Morning Peak (08-10),60,AC,,
MetMetr_0046,Metro,Metro Line 1 (Blue),Up,Ghatkopar,Versova,09:24,09:46,22.0,True,Metro AC,Peak,All Days,4,564,Morning Peak (08-10),60,AC,,
MetMetr_0047,Metro,Metro Line 1 (Blue),Up,Ghatkopar,Versova,09:28,09:50,22.0,True,Metro AC,Peak,All Days,4,568,Morning Peak (08-10),60,AC,,
MetMetr_0048,Metro,Metro Line 1 (Blue),Up,Ghatkopar,Versova,09:32,09:54,22.0,True,Metro AC,Peak,All Days,4,572,Morning Peak (08-10),60,AC,,
MetMetr_0049,Metro,Metro Line 1 (Blue),Up,Ghatkopar,Versova,09:36,09:58,22.0,True,Metro AC,Peak,All Days,4,576,Morning Peak (08-10),60,AC,,
MetMetr_0050,Metro,Metro Line 1 (Blue),Up,Ghatkopar,Versova,09:40,10:02,22.0,True,Metro AC,Peak,All Days,4,580,Morning Peak (08-10),60,AC,,
MetMetr_0051,Metro,Metro Line 1 (Blue),Up,Ghatkopar,Versova,09:44,10:06,22.0,True,Metro AC,Peak,All Days,4,584,Morning Peak (08-10),60,AC,,
MetMetr_0052,Metro,Metro Line 1 (Blue),Up,Ghatkopar,Versova,09:48,10:10,22.0,True,Metro AC,Peak,All Days,4,588,Morning Peak (08-10),60,AC,,
MetMetr_0053,Metro,Metro Line 1 (Blue),Up,Ghatkopar,Versova,09:52,10:14,22.0,True,Metro AC,Peak,All Days,4,592,Morning Peak (08-10),60,AC,,
MetMetr_0054,Metro,Metro Line 1 (Blue),Up,Ghatkopar,Versova,09:56,10:18,22.0,True,Metro AC,Peak,All Days,4,596,Morning Peak (08-10),60,AC,,
MetMetr_0055,Metro,Metro Line 1 (Blue),Up,Ghatkopar,Versova,10:00,10:22,22.0,True,Metro AC,Peak,All Days,4,600,Mid-Morning (10-12),48,AC,,
MetMetr_0056,Metro,Metro Line 1 (Blue),Up,Ghatkopar,Versova,10:04,10:26,22.0,True,Metro AC,Peak,All Days,4,604,Mid-Morning (10-12),48,AC,,
MetMetr_0057,Metro,Metro Line 1 (Blue),Up,Ghatkopar,Versova,10:08,10:30,22.0,True,Metro AC,Peak,All Days,4,608,Mid-Morning (10-12),48,AC,,
MetMetr_0058,Metro,Metro Line 1 (Blue),Up,Ghatkopar,Versova,10:12,10:34,22.0,True,Metro AC,Peak,All Days,4,612,Mid-Morning (10-12),48,AC,,
MetMetr_0059,Metro,Metro Line 1 (Blue),Up,Ghatkopar,Versova,10:16,10:38,22.0,True,Metro AC,Peak,All Days,4,616,Mid-Morning (10-12),48,AC,,
MetMetr_0060,Metro,Metro Line 1 (Blue),Up,Ghatkopar,Versova,10:20,10:42,22.0,True,Metro AC,Peak,All Days,4,620,Mid-Morning (10-12),48,AC,,
MetMetr_0061,Metro,Metro Line 1 (Blue),Up,Ghatkopar,Versova,10:24,10:46,22.0,True,Metro AC,Peak,All Days,4,624,Mid-Morning (10-12),48,AC,,
MetMetr_0062,Metro,Metro Line 1 (Blue),Up,Ghatkopar,Versova,10:28,10:50,22.0,True,Metro AC,Peak,All Days,4,628,Mid-Morning (10-12),48,AC,,
MetMetr_0063,Metro,Metro Line 1 (Blue),Up,Ghatkopar,Versova,10:32,10:54,22.0,True,Metro AC,Peak,All Days,4,632,Mid-Morning (10-12),48,AC,,
MetMetr_0064,Metro,Metro Line 1 (Blue),Up,Ghatkopar,Versova,10:36,10:58,22.0,True,Metro AC,Peak,All Days,4,636,Mid-Morning (10-12),48,AC,,
MetMetr_0065,Metro,Metro Line 1 (Blue),Up,Ghatkopar,Versova,10:40,11:02,22.0,True,Metro AC,Peak,All Days,4,640,Mid-Morning (10-12),48,AC,,
MetMetr_0066,Metro,Metro Line 1 (Blue),Up,Ghatkopar,Versova,10:44,11:06,22.0,True,Metro AC,Peak,All Days,4,644,Mid-Morning (10-12),48,AC,,
MetMetr_0067,Metro,Metro Line 1 (Blue),Up,Ghatkopar,Versova,10:48,11:10,22.0,True,Metro AC,Peak,All Days,4,648,Mid-Morning (10-12),48,AC,,
MetMetr_0068,Metro,Metro Line 1 (Blue),Up,Ghatkopar,Versova,10:52,11:14,22.0,True,Metro AC,Peak,All Days,4,652,Mid-Morning (10-12),48,AC,,
MetMetr_0069,Metro,Metro Line 1 (Blue),Up,Ghatkopar,Versova,10:56,11:18,22.0,True,Metro AC,Peak,All Days,4,656,Mid-Morning (10-12),48,AC,,
MetMetr_0070,Metro,Metro Line 1 (Blue),Up,Ghatkopar,Versova,11:00,11:22,22.0,True,Metro AC,Off-Peak,All Days,7,660,Mid-Morning (10-12),48,AC,,
MetMetr_0071,Metro,Metro Line 1 (Blue),Up,Ghatkopar,Versova,11:07,11:29,22.0,True,Metro AC,Off-Peak,All Days,7,667,Mid-Morning (10-12),48,AC,,
MetMetr_0072,Metro,Metro Line 1 (Blue),Up,Ghatkopar,Versova,11:14,11:36,22.0,True,Metro AC,Off-Peak,All Days,7,674,Mid-Morning (10-12),48,AC,,
MetMetr_0073,Metro,Metro Line 1 (Blue),Up,Ghatkopar,Versova,11:21,11:43,22.0,True,Metro AC,Off-Peak,All Days,7,681,Mid-Morning (10-12),48,AC,,
MetMetr_0074,Metro,Metro Line 1 (Blue),Up,Ghatkopar,Versova,11:28,11:50,22.0,True,Metro AC,Off-Peak,All Days,7,688,Mid-Morning (10-12),48,AC,,
MetMetr_0075,Metro,Metro Line 1 (Blue),Up,Ghatkopar,Versova,11:35,11:57,22.0,True,Metro AC,Off-Peak,All Days,7,695,Mid-Morning (10-12),48,AC,,
MetMetr_0076,Metro,Metro Line 1 (Blue),Up,Ghatkopar,Versova,11:42,12:04,22.0,True,Metro AC,Off-Peak,All Days,7,702,Mid-Morning (10-12),48,AC,,
MetMetr_0077,Metro,Metro Line 1 (Blue),Up,Ghatkopar,Versova,11:49,12:11,22.0,True,Metro AC,Off-Peak,All Days,7,709,Mid-Morning (10-12),48,AC,,
MetMetr_0078,Metro,Metro Line 1 (Blue),Up,Ghatkopar,Versova,11:56,12:18,22.0,True,Metro AC,Off-Peak,All Days,7,716,Mid-Morning (10-12),48,AC,,
MetMetr_0079,Metro,Metro Line 1 (Blue),Up,Ghatkopar,Versova,12:03,12:25,22.0,True,Metro AC,Off-Peak,All Days,7,723,Afternoon (12-14),34,AC,,
MetMetr_0080,Metro,Metro Line 1 (Blue),Up,Ghatkopar,Versova,12:10,12:32,22.0,True,Metro AC,Off-Peak,All Days,7,730,Afternoon (12-14),34,AC,,
MetMetr_0081,Metro,Metro Line 1 (Blue),Up,Ghatkopar,Versova,12:17,12:39,22.0,True,Metro AC,Off-Peak,All Days,7,737,Afternoon (12-14),34,AC,,
MetMetr_0082,Metro,Metro Line 1 (Blue),Up,Ghatkopar,Versova,12:24,12:46,22.0,True,Metro AC,Off-Peak,All Days,7,744,Afternoon (12-14),34,AC,,
MetMetr_0083,Metro,Metro Line 1 (Blue),Up,Ghatkopar,Versova,12:31,12:53,22.0,True,Metro AC,Off-Peak,All Days,7,751,Afternoon (12-14),34,AC,,
MetMetr_0084,Metro,Metro Line 1 (Blue),Up,Ghatkopar,Versova,12:38,13:00,22.0,True,Metro AC,Off-Peak,All Days,7,758,Afternoon (12-14),34,AC,,
MetMetr_0085,Metro,Metro Line 1 (Blue),Up,Ghatkopar,Versova,12:45,13:07,22.0,True,Metro AC,Off-Peak,All Days,7,765,Afternoon (12-14),34,AC,,
MetMetr_0086,Metro,Metro Line 1 (Blue),Up,Ghatkopar,Versova,12:52,13:14,22.0,True,Metro AC,Off-Peak,All Days,7,772,Afternoon (12-14),34,AC,,
MetMetr_0087,Metro,Metro Line 1 (Blue),Up,Ghatkopar,Versova,12:59,13:21,22.0,True,Metro AC,Off-Peak,All Days,7,779,Afternoon (12-14),34,AC,,
MetMetr_0088,Metro,Metro Line 1 (Blue),Up,Ghatkopar,Versova,13:06,13:28,22.0,True,Metro AC,Off-Peak,All Days,7,786,Afternoon (12-14),34,AC,,
MetMetr_0089,Metro,Metro Line 1 (Blue),Up,Ghatkopar,Versova,13:13,13:35,22.0,True,Metro AC,Off-Peak,All Days,7,793,Afternoon (12-14),34,AC,,
MetMetr_0090,Metro,Metro Line 1 (Blue),Up,Ghatkopar,Versova,13:20,13:42,22.0,True,Metro AC,Off-Peak,All Days,7,800,Afternoon (12-14),34,AC,,
MetMetr_0091,Metro,Metro Line 1 (Blue),Up,Ghatkopar,Versova,13:27,13:49,22.0,True,Metro AC,Off-Peak,All Days,7,807,Afternoon (12-14),34,AC,,
MetMetr_0092,Metro,Metro Line 1 (Blue),Up,Ghatkopar,Versova,13:34,13:56,22.0,True,Metro AC,Off-Peak,All Days,7,814,Afternoon (12-14),34,AC,,
MetMetr_0093,Metro,Metro Line 1 (Blue),Up,Ghatkopar,Versova,13:41,14:03,22.0,True,Metro AC,Off-Peak,All Days,7,821,Afternoon (12-14),34,AC,,
MetMetr_0094,Metro,Metro Line 1 (Blue),Up,Ghatkopar,Versova,13:48,14:10,22.0,True,Metro AC,Off-Peak,All Days,7,828,Afternoon (12-14),34,AC,,
MetMetr_0095,Metro,Metro Line 1 (Blue),Up,Ghatkopar,Versova,13:55,14:17,22.0,True,Metro AC,Off-Peak,All Days,7,835,Afternoon (12-14),34,AC,,
MetMetr_0096,Metro,Metro Line 1 (Blue),Up,Ghatkopar,Versova,14:02,14:24,22.0,True,Metro AC,Off-Peak,All Days,7,842,Evening Peak (16-18),34,AC,,
MetMetr_0097,Metro,Metro Line 1 (Blue),Up,Ghatkopar,Versova,14:09,14:31,22.0,True,Metro AC,Off-Peak,All Days,7,849,Evening Peak (16-18),34,AC,,
MetMetr_0098,Metro,Metro Line 1 (Blue),Up,Ghatkopar,Versova,14:16,14:38,22.0,True,Metro AC,Off-Peak,All Days,7,856,Evening Peak (16-18),34,AC,,
MetMetr_0099,Metro,Metro Line 1 (Blue),Up,Ghatkopar,Versova,14:23,14:45,22.0,True,Metro AC,Off-Peak,All Days,7,863,Evening Peak (16-18),34,AC,,
MetMetr_0100,Metro,Metro Line 1 (Blue),Up,Ghatkopar,Versova,14:30,14:52,22.0,True,Metro AC,Off-Peak,All Days,7,870,Evening Peak (16-18),34,AC,,
MetMetr_0101,Metro,Metro Line 1 (Blue),Up,Ghatkopar,Versova,14:37,14:59,22.0,True,Metro AC,Off-Peak,All Days,7,877,Evening Peak (16-18),34,AC,,
MetMetr_0102,Metro,Metro Line 1 (Blue),Up,Ghatkopar,Versova,14:44,15:06,22.0,True,Metro AC,Off-Peak,All Days,7,884,Evening Peak (16-18),34,AC,,
MetMetr_0103,Metro,Metro Line 1 (Blue),Up,Ghatkopar,Versova,14:51,15:13,22.0,True,Metro AC,Off-Peak,All Days,7,891,Evening Peak (16-18),34,AC,,
MetMetr_0104,Metro,Metro Line 1 (Blue),Up,Ghatkopar,Versova,14:58,15:20,22.0,True,Metro AC,Off-Peak,All Days,7,898,Evening Peak (16-18),34,AC,,
MetMetr_0105,Metro,Metro Line 1 (Blue),Up,Ghatkopar,Versova,15:05,15:27,22.0,True,Metro AC,Off-Peak,All Days,7,905,Evening Peak (16-18),34,AC,,
MetMetr_0106,Metro,Metro Line 1 (Blue),Up,Ghatkopar,Versova,15:12,15:34,22.0,True,Metro AC,Off-Peak,All Days,7,912,Evening Peak (16-18),34,AC,,
MetMetr_0107,Metro,Metro Line 1 (Blue),Up,Ghatkopar,Versova,15:19,15:41,22.0,True,Metro AC,Off-Peak,All Days,7,919,Evening Peak (16-18),34,AC,,
MetMetr_0108,Metro,Metro Line 1 (Blue),Up,Ghatkopar,Versova,15:26,15:48,22.0,True,Metro AC,Off-Peak,All Days,7,926,Evening Peak (16-18),34,AC,,
MetMetr_0109,Metro,Metro Line 1 (Blue),Up,Ghatkopar,Versova,15:33,15:55,22.0,True,Metro AC,Off-Peak,All Days,7,933,Evening Peak (16-18),34,AC,,
MetMetr_0110,Metro,Metro Line 1 (Blue),Up,Ghatkopar,Versova,15:40,16:02,22.0,True,Metro AC,Off-Peak,All Days,7,940,Evening Peak (16-18),34,AC,,
MetMetr_0111,Metro,Metro Line 1 (Blue),Up,Ghatkopar,Versova,15:47,16:09,22.0,True,Metro AC,Off-Peak,All Days,7,947,Evening Peak (16-18),34,AC,,
MetMetr_0112,Metro,Metro Line 1 (Blue),Up,Ghatkopar,Versova,15:54,16:16,22.0,True,Metro AC,Off-Peak,All Days,7,954,Evening Peak (16-18),34,AC,,
MetMetr_0113,Metro,Metro Line 1 (Blue),Up,Ghatkopar,Versova,16:01,16:23,22.0,True,Metro AC,Off-Peak,All Days,7,961,Evening (18-21),46,AC,,
MetMetr_0114,Metro,Metro Line 1 (Blue),Up,Ghatkopar,Versova,16:08,16:30,22.0,True,Metro AC,Off-Peak,All Days,7,968,Evening (18-21),46,AC,,
MetMetr_0115,Metro,Metro Line 1 (Blue),Up,Ghatkopar,Versova,16:15,16:37,22.0,True,Metro AC,Off-Peak,All Days,7,975,Evening (18-21),46,AC,,
MetMetr_0116,Metro,Metro Line 1 (Blue),Up,Ghatkopar,Versova,16:22,16:44,22.0,True,Metro AC,Off-Peak,All Days,7,982,Evening (18-21),46,AC,,
MetMetr_0117,Metro,Metro Line 1 (Blue),Up,Ghatkopar,Versova,16:29,16:51,22.0,True,Metro AC,Off-Peak,All Days,7,989,Evening (18-21),46,AC,,
MetMetr_0118,Metro,Metro Line 1 (Blue),Up,Ghatkopar,Versova,16:36,16:58,22.0,True,Metro AC,Off-Peak,All Days,7,996,Evening (18-21),46,AC,,
MetMetr_0119,Metro,Metro Line 1 (Blue),Up,Ghatkopar,Versova,16:43,17:05,22.0,True,Metro AC,Off-Peak,All Days,7,1003,Evening (18-21),46,AC,,
MetMetr_0120,Metro,Metro Line 1 (Blue),Up,Ghatkopar,Versova,16:50,17:12,22.0,True,Metro AC,Off-Peak,All Days,7,1010,Evening (18-21),46,AC,,
MetMetr_0121,Metro,Metro Line 1 (Blue),Up,Ghatkopar,Versova,16:57,17:19,22.0,True,Metro AC,Off-Peak,All Days,7,1017,Evening (18-21),46,AC,,
MetMetr_0122,Metro,Metro Line 1 (Blue),Up,Ghatkopar,Versova,17:04,17:26,22.0,True,Metro AC,Peak,All Days,4,1024,Evening (18-21),46,AC,,
MetMetr_0123,Metro,Metro Line 1 (Blue),Up,Ghatkopar,Versova,17:08,17:30,22.0,True,Metro AC,Peak,All Days,4,1028,Evening (18-21),46,AC,,
MetMetr_0124,Metro,Metro Line 1 (Blue),Up,Ghatkopar,Versova,17:12,17:34,22.0,True,Metro AC,Peak,All Days,4,1032,Evening (18-21),46,AC,,
MetMetr_0125,Metro,Metro Line 1 (Blue),Up,Ghatkopar,Versova,17:16,17:38,22.0,True,Metro AC,Peak,All Days,4,1036,Evening (18-21),46,AC,,
MetMetr_0126,Metro,Metro Line 1 (Blue),Up,Ghatkopar,Versova,17:20,17:42,22.0,True,Metro AC,Peak,All Days,4,1040,Evening (18-21),46,AC,,
MetMetr_0127,Metro,Metro Line 1 (Blue),Up,Ghatkopar,Versova,17:24,17:46,22.0,True,Metro AC,Peak,All Days,4,1044,Evening (18-21),46,AC,,
MetMetr_0128,Metro,Metro Line 1 (Blue),Up,Ghatkopar,Versova,17:28,17:50,22.0,True,Metro AC,Peak,All Days,4,1048,Evening (18-21),46,AC,,
MetMetr_0129,Metro,Metro Line 1 (Blue),Up,Ghatkopar,Versova,17:32,17:54,22.0,True,Metro AC,Peak,All Days,4,1052,Evening (18-21),46,AC,,
MetMetr_0130,Metro,Metro Line 1 (Blue),Up,Ghatkopar,Versova,17:36,17:58,22.0,True,Metro AC,Peak,All Days,4,1056,Evening (18-21),46,AC,,
MetMetr_0131,Metro,Metro Line 1 (Blue),Up,Ghatkopar,Versova,17:40,18:02,22.0,True,Metro AC,Peak,All Days,4,1060,Evening (18-21),46,AC,,
MetMetr_0132,Metro,Metro Line 1 (Blue),Up,Ghatkopar,Versova,17:44,18:06,22.0,True,Metro AC,Peak,All Days,4,1064,Evening (18-21),46,AC,,
MetMetr_0133,Metro,Metro Line 1 (Blue),Up,Ghatkopar,Versova,17:48,18:10,22.0,True,Metro AC,Peak,All Days,4,1068,Evening (18-21),46,AC,,
MetMetr_0134,Metro,Metro Line 1 (Blue),Up,Ghatkopar,Versova,17:52,18:14,22.0,True,Metro AC,Peak,All Days,4,1072,Evening (18-21),46,AC,,
MetMetr_0135,Metro,Metro Line 1 (Blue),Up,Ghatkopar,Versova,17:56,18:18,22.0,True,Metro AC,Peak,All Days,4,1076,Evening (18-21),46,AC,,
MetMetr_0136,Metro,Metro Line 1 (Blue),Up,Ghatkopar,Versova,18:00,18:22,22.0,True,Metro AC,Peak,All Days,4,1080,Night (21-24),131,AC,,
MetMetr_0137,Metro,Metro Line 1 (Blue),Up,Ghatkopar,Versova,18:04,18:26,22.0,True,Metro AC,Peak,All Days,4,1084,Night (21-24),131,AC,,
MetMetr_0138,Metro,Metro Line 1 (Blue),Up,Ghatkopar,Versova,18:08,18:30,22.0,True,Metro AC,Peak,All Days,4,1088,Night (21-24),131,AC,,
MetMetr_0139,Metro,Metro Line 1 (Blue),Up,Ghatkopar,Versova,18:12,18:34,22.0,True,Metro AC,Peak,All Days,4,1092,Night (21-24),131,AC,,
MetMetr_0140,Metro,Metro Line 1 (Blue),Up,Ghatkopar,Versova,18:16,18:38,22.0,True,Metro AC,Peak,All Days,4,1096,Night (21-24),131,AC,,
MetMetr_0141,Metro,Metro Line 1 (Blue),Up,Ghatkopar,Versova,18:20,18:42,22.0,True,Metro AC,Peak,All Days,4,1100,Night (21-24),131,AC,,
MetMetr_0142,Metro,Metro Line 1 (Blue),Up,Ghatkopar,Versova,18:24,18:46,22.0,True,Metro AC,Peak,All Days,4,1104,Night (21-24),131,AC,,
MetMetr_0143,Metro,Metro Line 1 (Blue),Up,Ghatkopar,Versova,18:28,18:50,22.0,True,Metro AC,Peak,All Days,4,1108,Night (21-24),131,AC,,
MetMetr_0144,Metro,Metro Line 1 (Blue),Up,Ghatkopar,Versova,18:32,18:54,22.0,True,Metro AC,Peak,All Days,4,1112,Night (21-24),131,AC,,
MetMetr_0145,Metro,Metro Line 1 (Blue),Up,Ghatkopar,Versova,18:36,18:58,22.0,True,Metro AC,Peak,All Days,4,1116,Night (21-24),131,AC,,
MetMetr_0146,Metro,Metro Line 1 (Blue),Up,Ghatkopar,Versova,18:40,19:02,22.0,True,Metro AC,Peak,All Days,4,1120,Night (21-24),131,AC,,
MetMetr_0147,Metro,Metro Line 1 (Blue),Up,Ghatkopar,Versova,18:44,19:06,22.0,True,Metro AC,Peak,All Days,4,1124,Night (21-24),131,AC,,
MetMetr_0148,Metro,Metro Line 1 (Blue),Up,Ghatkopar,Versova,18:48,19:10,22.0,True,Metro AC,Peak,All Days,4,1128,Night (21-24),131,AC,,
MetMetr_0149,Metro,Metro Line 1 (Blue),Up,Ghatkopar,Versova,18:52,19:14,22.0,True,Metro AC,Peak,All Days,4,1132,Night (21-24),131,AC,,
MetMetr_0150,Metro,Metro Line 1 (Blue),Up,Ghatkopar,Versova,18:56,19:18,22.0,True,Metro AC,Peak,All Days,4,1136,Night (21-24),131,AC,,
MetMetr_0151,Metro,Metro Line 1 (Blue),Up,Ghatkopar,Versova,19:00,19:22,22.0,True,Metro AC,Peak,All Days,4,1140,Night (21-24),131,AC,,
MetMetr_0152,Metro,Metro Line 1 (Blue),Up,Ghatkopar,Versova,19:04,19:26,22.0,True,Metro AC,Peak,All Days,4,1144,Night (21-24),131,AC,,
MetMetr_0153,Metro,Metro Line 1 (Blue),Up,Ghatkopar,Versova,19:08,19:30,22.0,True,Metro AC,Peak,All Days,4,1148,Night (21-24),131,AC,,
MetMetr_0154,Metro,Metro Line 1 (Blue),Up,Ghatkopar,Versova,19:12,19:34,22.0,True,Metro AC,Peak,All Days,4,1152,Night (21-24),131,AC,,
MetMetr_0155,Metro,Metro Line 1 (Blue),Up,Ghatkopar,Versova,19:16,19:38,22.0,True,Metro AC,Peak,All Days,4,1156,Night (21-24),131,AC,,
MetMetr_0156,Metro,Metro Line 1 (Blue),Up,Ghatkopar,Versova,19:20,19:42,22.0,True,Metro AC,Peak,All Days,4,1160,Night (21-24),131,AC,,
MetMetr_0157,Metro,Metro Line 1 (Blue),Up,Ghatkopar,Versova,19:24,19:46,22.0,True,Metro AC,Peak,All Days,4,1164,Night (21-24),131,AC,,
MetMetr_0158,Metro,Metro Line 1 (Blue),Up,Ghatkopar,Versova,19:28,19:50,22.0,True,Metro AC,Peak,All Days,4,1168,Night (21-24),131,AC,,
MetMetr_0159,Metro,Metro Line 1 (Blue),Up,Ghatkopar,Versova,19:32,19:54,22.0,True,Metro AC,Peak,All Days,4,1172,Night (21-24),131,AC,,
MetMetr_0160,Metro,Metro Line 1 (Blue),Up,Ghatkopar,Versova,19:36,19:58,22.0,True,Metro AC,Peak,All Days,4,1176,Night (21-24),131,AC,,
MetMetr_0161,Metro,Metro Line 1 (Blue),Up,Ghatkopar,Versova,19:40,20:02,22.0,True,Metro AC,Peak,All Days,4,1180,Night (21-24),131,AC,,
MetMetr_0162,Metro,Metro Line 1 (Blue),Up,Ghatkopar,Versova,19:44,20:06,22.0,True,Metro AC,Peak,All Days,4,1184,Night (21-24),131,AC,,
MetMetr_0163,Metro,Metro Line 1 (Blue),Up,Ghatkopar,Versova,19:48,20:10,22.0,True,Metro AC,Peak,All Days,4,1188,Night (21-24),131,AC,,
MetMetr_0164,Metro,Metro Line 1 (Blue),Up,Ghatkopar,Versova,19:52,20:14,22.0,True,Metro AC,Peak,All Days,4,1192,Night (21-24),131,AC,,
MetMetr_0165,Metro,Metro Line 1 (Blue),Up,Ghatkopar,Versova,19:56,20:18,22.0,True,Metro AC,Peak,All Days,4,1196,Night (21-24),131,AC,,
MetMetr_0166,Metro,Metro Line 1 (Blue),Up,Ghatkopar,Versova,20:00,20:22,22.0,True,Metro AC,Peak,All Days,4,1200,Night (21-24),131,AC,,
MetMetr_0167,Metro,Metro Line 1 (Blue),Up,Ghatkopar,Versova,20:04,20:26,22.0,True,Metro AC,Peak,All Days,4,1204,Night (21-24),131,AC,,
MetMetr_0168,Metro,Metro Line 1 (Blue),Up,Ghatkopar,Versova,20:08,20:30,22.0,True,Metro AC,Peak,All Days,4,1208,Night (21-24),131,AC,,
MetMetr_0169,Metro,Metro Line 1 (Blue),Up,Ghatkopar,Versova,20:12,20:34,22.0,True,Metro AC,Peak,All Days,4,1212,Night (21-24),131,AC,,
MetMetr_0170,Metro,Metro Line 1 (Blue),Up,Ghatkopar,Versova,20:16,20:38,22.0,True,Metro AC,Peak,All Days,4,1216,Night (21-24),131,AC,,
MetMetr_0171,Metro,Metro Line 1 (Blue),Up,Ghatkopar,Versova,20:20,20:42,22.0,True,Metro AC,Peak,All Days,4,1220,Night (21-24),131,AC,,
MetMetr_0172,Metro,Metro Line 1 (Blue),Up,Ghatkopar,Versova,20:24,20:46,22.0,True,Metro AC,Peak,All Days,4,1224,Night (21-24),131,AC,,
MetMetr_0173,Metro,Metro Line 1 (Blue),Up,Ghatkopar,Versova,20:28,20:50,22.0,True,Metro AC,Peak,All Days,4,1228,Night (21-24),131,AC,,
MetMetr_0174,Metro,Metro Line 1 (Blue),Up,Ghatkopar,Versova,20:32,20:54,22.0,True,Metro AC,Peak,All Days,4,1232,Night (21-24),131,AC,,
MetMetr_0175,Metro,Metro Line 1 (Blue),Up,Ghatkopar,Versova,20:36,20:58,22.0,True,Metro AC,Peak,All Days,4,1236,Night (21-24),131,AC,,
MetMetr_0176,Metro,Metro Line 1 (Blue),Up,Ghatkopar,Versova,20:40,21:02,22.0,True,Metro AC,Peak,All Days,4,1240,Night (21-24),131,AC,,
MetMetr_0177,Metro,Metro Line 1 (Blue),Up,Ghatkopar,Versova,20:44,21:06,22.0,True,Metro AC,Peak,All Days,4,1244,Night (21-24),131,AC,,
MetMetr_0178,Metro,Metro Line 1 (Blue),Up,Ghatkopar,Versova,20:48,21:10,22.0,True,Metro AC,Peak,All Days,4,1248,Night (21-24),131,AC,,
MetMetr_0179,Metro,Metro Line 1 (Blue),Up,Ghatkopar,Versova,20:52,21:14,22.0,True,Metro AC,Peak,All Days,4,1252,Night (21-24),131,AC,,
MetMetr_0180,Metro,Metro Line 1 (Blue),Up,Ghatkopar,Versova,20:56,21:18,22.0,True,Metro AC,Peak,All Days,4,1256,Night (21-24),131,AC,,
MetMetr_0181,Metro,Metro Line 1 (Blue),Up,Ghatkopar,Versova,21:00,21:22,22.0,True,Metro AC,Off-Peak,All Days,8,1260,Night (21-24),131,AC,,
MetMetr_0182,Metro,Metro Line 1 (Blue),Up,Ghatkopar,Versova,21:08,21:30,22.0,True,Metro AC,Off-Peak,All Days,8,1268,Night (21-24),131,AC,,
MetMetr_0183,Metro,Metro Line 1 (Blue),Up,Ghatkopar,Versova,21:16,21:38,22.0,True,Metro AC,Off-Peak,All Days,8,1276,Night (21-24),131,AC,,
MetMetr_0184,Metro,Metro Line 1 (Blue),Up,Ghatkopar,Versova,21:24,21:46,22.0,True,Metro AC,Off-Peak,All Days,8,1284,Night (21-24),131,AC,,
MetMetr_0185,Metro,Metro Line 1 (Blue),Up,Ghatkopar,Versova,21:32,21:54,22.0,True,Metro AC,Off-Peak,All Days,8,1292,Night (21-24),131,AC,,
MetMetr_0186,Metro,Metro Line 1 (Blue),Up,Ghatkopar,Versova,21:40,22:02,22.0,True,Metro AC,Off-Peak,All Days,8,1300,Night (21-24),131,AC,,
MetMetr_0187,Metro,Metro Line 1 (Blue),Up,Ghatkopar,Versova,21:48,22:10,22.0,True,Metro AC,Off-Peak,All Days,8,1308,Night (21-24),131,AC,,
MetMetr_0188,Metro,Metro Line 1 (Blue),Up,Ghatkopar,Versova,21:56,22:18,22.0,True,Metro AC,Off-Peak,All Days,8,1316,Night (21-24),131,AC,,
MetMetr_0189,Metro,Metro Line 1 (Blue),Up,Ghatkopar,Versova,22:04,22:26,22.0,True,Metro AC,Off-Peak,All Days,8,1324,Night (21-24),131,AC,,
MetMetr_0190,Metro,Metro Line 1 (Blue),Up,Ghatkopar,Versova,22:12,22:34,22.0,True,Metro AC,Off-Peak,All Days,8,1332,Night (21-24),131,AC,,
MetMetr_0191,Metro,Metro Line 1 (Blue),Up,Ghatkopar,Versova,22:20,22:42,22.0,True,Metro AC,Off-Peak,All Days,8,1340,Night (21-24),131,AC,,
MetMetr_0192,Metro,Metro Line 1 (Blue),Up,Ghatkopar,Versova,22:28,22:50,22.0,True,Metro AC,Off-Peak,All Days,8,1348,Night (21-24),131,AC,,
MetMetr_0193,Metro,Metro Line 1 (Blue),Up,Ghatkopar,Versova,22:36,22:58,22.0,True,Metro AC,Off-Peak,All Days,8,1356,Night (21-24),131,AC,,
MetMetr_0194,Metro,Metro Line 1 (Blue),Up,Ghatkopar,Versova,22:44,23:06,22.0,True,Metro AC,Off-Peak,All Days,8,1364,Night (21-24),131,AC,,
MetMetr_0195,Metro,Metro Line 1 (Blue),Up,Ghatkopar,Versova,22:52,23:14,22.0,True,Metro AC,Off-Peak,All Days,8,1372,Night (21-24),131,AC,,
MetMetr_0196,Metro,Metro Line 1 (Blue),Up,Ghatkopar,Versova,23:00,23:22,22.0,True,Metro AC,Off-Peak,All Days,8,1380,Night (21-24),131,AC,,
MetMetr_0197,Metro,Metro Line 1 (Blue),Up,Ghatkopar,Versova,23:08,23:30,22.0,True,Metro AC,Off-Peak,All Days,8,1388,Night (21-24),131,AC,,
MetMetr_0198,Metro,Metro Line 1 (Blue),Up,Ghatkopar,Versova,23:16,23:38,22.0,True,Metro AC,Off-Peak,All Days,8,1396,Night (21-24),131,AC,,
MetMetr_0199,Metro,Metro Line 1 (Blue),Up,Ghatkopar,Versova,23:24,23:46,22.0,True,Metro AC,Off-Peak,All Days,8,1404,Night (21-24),131,AC,,
MetMetr_0200,Metro,Metro Line 1 (Blue),Up,Ghatkopar,Versova,23:32,23:54,22.0,True,Metro AC,Off-Peak,All Days,8,1412,Night (21-24),131,AC,,
MetMetr_0201,Metro,Metro Line 1 (Blue),Up,Ghatkopar,Versova,23:40,00:02,22.0,True,Metro AC,Off-Peak,All Days,8,1420,Night (21-24),131,AC,,
MetMetr_0202,Metro,Metro Line 1 (Blue),Up,Ghatkopar,Versova,23:48,00:10,22.0,True,Metro AC,Off-Peak,All Days,8,1428,Night (21-24),131,AC,,
MetMetr_0001,Metro,Metro Line 2A (Yellow),Down,Dahisar East,D.N. Nagar,06:00,06:32,32.0,True,Metro AC,Off-Peak,All Days,8,360,Early Morning (06-08),30,AC,,
MetMetr_0002,Metro,Metro Line 2A (Yellow),Down,Dahisar East,D.N. Nagar,06:08,06:40,32.0,True,Metro AC,Off-Peak,All Days,8,368,Early Morning (06-08),30,AC,,
MetMetr_0003,Metro,Metro Line 2A (Yellow),Down,Dahisar East,D.N. Nagar,06:16,06:48,32.0,True,Metro AC,Off-Peak,All Days,8,376,Early Morning (06-08),30,AC,,
MetMetr_0004,Metro,Metro Line 2A (Yellow),Down,Dahisar East,D.N. Nagar,06:24,06:56,32.0,True,Metro AC,Off-Peak,All Days,8,384,Early Morning (06-08),30,AC,,
MetMetr_0005,Metro,Metro Line 2A (Yellow),Down,Dahisar East,D.N. Nagar,06:32,07:04,32.0,True,Metro AC,Off-Peak,All Days,8,392,Early Morning (06-08),30,AC,,
MetMetr_0006,Metro,Metro Line 2A (Yellow),Down,Dahisar East,D.N. Nagar,06:40,07:12,32.0,True,Metro AC,Off-Peak,All Days,8,400,Early Morning (06-08),30,AC,,
MetMetr_0007,Metro,Metro Line 2A (Yellow),Down,Dahisar East,D.N. Nagar,06:48,07:20,32.0,True,Metro AC,Off-Peak,All Days,8,408,Early Morning (06-08),30,AC,,
MetMetr_0008,Metro,Metro Line 2A (Yellow),Down,Dahisar East,D.N. Nagar,06:56,07:28,32.0,True,Metro AC,Off-Peak,All Days,8,416,Early Morning (06-08),30,AC,,
MetMetr_0009,Metro,Metro Line 2A (Yellow),Down,Dahisar East,D.N. Nagar,07:04,07:36,32.0,True,Metro AC,Off-Peak,All Days,8,424,Early Morning (06-08),30,AC,,
MetMetr_0010,Metro,Metro Line 2A (Yellow),Down,Dahisar East,D.N. Nagar,07:12,07:44,32.0,True,Metro AC,Off-Peak,All Days,8,432,Early Morning (06-08),30,AC,,
MetMetr_0011,Metro,Metro Line 2A (Yellow),Down,Dahisar East,D.N. Nagar,07:20,07:52,32.0,True,Metro AC,Off-Peak,All Days,8,440,Early Morning (06-08),30,AC,,
MetMetr_0012,Metro,Metro Line 2A (Yellow),Down,Dahisar East,D.N. Nagar,07:28,08:00,32.0,True,Metro AC,Off-Peak,All Days,8,448,Early Morning (06-08),30,AC,,
MetMetr_0013,Metro,Metro Line 2A (Yellow),Down,Dahisar East,D.N. Nagar,07:36,08:08,32.0,True,Metro AC,Off-Peak,All Days,8,456,Early Morning (06-08),30,AC,,
MetMetr_0014,Metro,Metro Line 2A (Yellow),Down,Dahisar East,D.N. Nagar,07:44,08:16,32.0,True,Metro AC,Off-Peak,All Days,8,464,Early Morning (06-08),30,AC,,
MetMetr_0015,Metro,Metro Line 2A (Yellow),Down,Dahisar East,D.N. Nagar,07:52,08:24,32.0,True,Metro AC,Off-Peak,All Days,8,472,Early Morning (06-08),30,AC,,
MetMetr_0016,Metro,Metro Line 2A (Yellow),Down,Dahisar East,D.N. Nagar,08:00,08:32,32.0,True,Metro AC,Peak,All Days,6,480,Morning Peak (08-10),40,AC,,
MetMetr_0017,Metro,Metro Line 2A (Yellow),Down,Dahisar East,D.N. Nagar,08:06,08:38,32.0,True,Metro AC,Peak,All Days,6,486,Morning Peak (08-10),40,AC,,
MetMetr_0018,Metro,Metro Line 2A (Yellow),Down,Dahisar East,D.N. Nagar,08:12,08:44,32.0,True,Metro AC,Peak,All Days,6,492,Morning Peak (08-10),40,AC,,
MetMetr_0019,Metro,Metro Line 2A (Yellow),Down,Dahisar East,D.N. Nagar,08:18,08:50,32.0,True,Metro AC,Peak,All Days,6,498,Morning Peak (08-10),40,AC,,
MetMetr_0020,Metro,Metro Line 2A (Yellow),Down,Dahisar East,D.N. Nagar,08:24,08:56,32.0,True,Metro AC,Peak,All Days,6,504,Morning Peak (08-10),40,AC,,
MetMetr_0021,Metro,Metro Line 2A (Yellow),Down,Dahisar East,D.N. Nagar,08:30,09:02,32.0,True,Metro AC,Peak,All Days,6,510,Morning Peak (08-10),40,AC,,
MetMetr_0022,Metro,Metro Line 2A (Yellow),Down,Dahisar East,D.N. Nagar,08:36,09:08,32.0,True,Metro AC,Peak,All Days,6,516,Morning Peak (08-10),40,AC,,
MetMetr_0023,Metro,Metro Line 2A (Yellow),Down,Dahisar East,D.N. Nagar,08:42,09:14,32.0,True,Metro AC,Peak,All Days,6,522,Morning Peak (08-10),40,AC,,
MetMetr_0024,Metro,Metro Line 2A (Yellow),Down,Dahisar East,D.N. Nagar,08:48,09:20,32.0,True,Metro AC,Peak,All Days,6,528,Morning Peak (08-10),40,AC,,
MetMetr_0025,Metro,Metro Line 2A (Yellow),Down,Dahisar East,D.N. Nagar,08:54,09:26,32.0,True,Metro AC,Peak,All Days,6,534,Morning Peak (08-10),40,AC,,
MetMetr_0026,Metro,Metro Line 2A (Yellow),Down,Dahisar East,D.N. Nagar,09:00,09:32,32.0,True,Metro AC,Peak,All Days,6,540,Morning Peak (08-10),40,AC,,
MetMetr_0027,Metro,Metro Line 2A (Yellow),Down,Dahisar East,D.N. Nagar,09:06,09:38,32.0,True,Metro AC,Peak,All Days,6,546,Morning Peak (08-10),40,AC,,
MetMetr_0028,Metro,Metro Line 2A (Yellow),Down,Dahisar East,D.N. Nagar,09:12,09:44,32.0,True,Metro AC,Peak,All Days,6,552,Morning Peak (08-10),40,AC,,
MetMetr_0029,Metro,Metro Line 2A (Yellow),Down,Dahisar East,D.N. Nagar,09:18,09:50,32.0,True,Metro AC,Peak,All Days,6,558,Morning Peak (08-10),40,AC,,
MetMetr_0030,Metro,Metro Line 2A (Yellow),Down,Dahisar East,D.N. Nagar,09:24,09:56,32.0,True,Metro AC,Peak,All Days,6,564,Morning Peak (08-10),40,AC,,
MetMetr_0031,Metro,Metro Line 2A (Yellow),Down,Dahisar East,D.N. Nagar,09:30,10:02,32.0,True,Metro AC,Peak,All Days,6,570,Morning Peak (08-10),40,AC,,
MetMetr_0032,Metro,Metro Line 2A (Yellow),Down,Dahisar East,D.N. Nagar,09:36,10:08,32.0,True,Metro AC,Peak,All Days,6,576,Morning Peak (08-10),40,AC,,
MetMetr_0033,Metro,Metro Line 2A (Yellow),Down,Dahisar East,D.N. Nagar,09:42,10:14,32.0,True,Metro AC,Peak,All Days,6,582,Morning Peak (08-10),40,AC,,
MetMetr_0034,Metro,Metro Line 2A (Yellow),Down,Dahisar East,D.N. Nagar,09:48,10:20,32.0,True,Metro AC,Peak,All Days,6,588,Morning Peak (08-10),40,AC,,
MetMetr_0035,Metro,Metro Line 2A (Yellow),Down,Dahisar East,D.N. Nagar,09:54,10:26,32.0,True,Metro AC,Peak,All Days,6,594,Morning Peak (08-10),40,AC,,
MetMetr_0036,Metro,Metro Line 2A (Yellow),Down,Dahisar East,D.N. Nagar,10:00,10:32,32.0,True,Metro AC,Peak,All Days,6,600,Mid-Morning (10-12),36,AC,,
MetMetr_0037,Metro,Metro Line 2A (Yellow),Down,Dahisar East,D.N. Nagar,10:06,10:38,32.0,True,Metro AC,Peak,All Days,6,606,Mid-Morning (10-12),36,AC,,
MetMetr_0038,Metro,Metro Line 2A (Yellow),Down,Dahisar East,D.N. Nagar,10:12,10:44,32.0,True,Metro AC,Peak,All Days,6,612,Mid-Morning (10-12),36,AC,,
MetMetr_0039,Metro,Metro Line 2A (Yellow),Down,Dahisar East,D.N. Nagar,10:18,10:50,32.0,True,Metro AC,Peak,All Days,6,618,Mid-Morning (10-12),36,AC,,
MetMetr_0040,Metro,Metro Line 2A (Yellow),Down,Dahisar East,D.N. Nagar,10:24,10:56,32.0,True,Metro AC,Peak,All Days,6,624,Mid-Morning (10-12),36,AC,,
MetMetr_0041,Metro,Metro Line 2A (Yellow),Down,Dahisar East,D.N. Nagar,10:30,11:02,32.0,True,Metro AC,Peak,All Days,6,630,Mid-Morning (10-12),36,AC,,
MetMetr_0042,Metro,Metro Line 2A (Yellow),Down,Dahisar East,D.N. Nagar,10:36,11:08,32.0,True,Metro AC,Peak,All Days,6,636,Mid-Morning (10-12),36,AC,,
MetMetr_0043,Metro,Metro Line 2A (Yellow),Down,Dahisar East,D.N. Nagar,10:42,11:14,32.0,True,Metro AC,Peak,All Days,6,642,Mid-Morning (10-12),36,AC,,
MetMetr_0044,Metro,Metro Line 2A (Yellow),Down,Dahisar East,D.N. Nagar,10:48,11:20,32.0,True,Metro AC,Peak,All Days,6,648,Mid-Morning (10-12),36,AC,,
MetMetr_0045,Metro,Metro Line 2A (Yellow),Down,Dahisar East,D.N. Nagar,10:54,11:26,32.0,True,Metro AC,Peak,All Days,6,654,Mid-Morning (10-12),36,AC,,
MetMetr_0046,Metro,Metro Line 2A (Yellow),Down,Dahisar East,D.N. Nagar,11:00,11:32,32.0,True,Metro AC,Off-Peak,All Days,8,660,Mid-Morning (10-12),36,AC,,
MetMetr_0047,Metro,Metro Line 2A (Yellow),Down,Dahisar East,D.N. Nagar,11:08,11:40,32.0,True,Metro AC,Off-Peak,All Days,8,668,Mid-Morning (10-12),36,AC,,
MetMetr_0048,Metro,Metro Line 2A (Yellow),Down,Dahisar East,D.N. Nagar,11:16,11:48,32.0,True,Metro AC,Off-Peak,All Days,8,676,Mid-Morning (10-12),36,AC,,
MetMetr_0049,Metro,Metro Line 2A (Yellow),Down,Dahisar East,D.N. Nagar,11:24,11:56,32.0,True,Metro AC,Off-Peak,All Days,8,684,Mid-Morning (10-12),36,AC,,
MetMetr_0050,Metro,Metro Line 2A (Yellow),Down,Dahisar East,D.N. Nagar,11:32,12:04,32.0,True,Metro AC,Off-Peak,All Days,8,692,Mid-Morning (10-12),36,AC,,
MetMetr_0051,Metro,Metro Line 2A (Yellow),Down,Dahisar East,D.N. Nagar,11:40,12:12,32.0,True,Metro AC,Off-Peak,All Days,8,700,Mid-Morning (10-12),36,AC,,
MetMetr_0052,Metro,Metro Line 2A (Yellow),Down,Dahisar East,D.N. Nagar,11:48,12:20,32.0,True,Metro AC,Off-Peak,All Days,8,708,Mid-Morning (10-12),36,AC,,
MetMetr_0053,Metro,Metro Line 2A (Yellow),Down,Dahisar East,D.N. Nagar,11:56,12:28,32.0,True,Metro AC,Off-Peak,All Days,8,716,Mid-Morning (10-12),36,AC,,
MetMetr_0054,Metro,Metro Line 2A (Yellow),Down,Dahisar East,D.N. Nagar,12:04,12:36,32.0,True,Metro AC,Off-Peak,All Days,8,724,Afternoon (12-14),30,AC,,
MetMetr_0055,Metro,Metro Line 2A (Yellow),Down,Dahisar East,D.N. Nagar,12:12,12:44,32.0,True,Metro AC,Off-Peak,All Days,8,732,Afternoon (12-14),30,AC,,
MetMetr_0056,Metro,Metro Line 2A (Yellow),Down,Dahisar East,D.N. Nagar,12:20,12:52,32.0,True,Metro AC,Off-Peak,All Days,8,740,Afternoon (12-14),30,AC,,
MetMetr_0057,Metro,Metro Line 2A (Yellow),Down,Dahisar East,D.N. Nagar,12:28,13:00,32.0,True,Metro AC,Off-Peak,All Days,8,748,Afternoon (12-14),30,AC,,
MetMetr_0058,Metro,Metro Line 2A (Yellow),Down,Dahisar East,D.N. Nagar,12:36,13:08,32.0,True,Metro AC,Off-Peak,All Days,8,756,Afternoon (12-14),30,AC,,
MetMetr_0059,Metro,Metro Line 2A (Yellow),Down,Dahisar East,D.N. Nagar,12:44,13:16,32.0,True,Metro AC,Off-Peak,All Days,8,764,Afternoon (12-14),30,AC,,
MetMetr_0060,Metro,Metro Line 2A (Yellow),Down,Dahisar East,D.N. Nagar,12:52,13:24,32.0,True,Metro AC,Off-Peak,All Days,8,772,Afternoon (12-14),30,AC,,
MetMetr_0061,Metro,Metro Line 2A (Yellow),Down,Dahisar East,D.N. Nagar,13:00,13:32,32.0,True,Metro AC,Off-Peak,All Days,8,780,Afternoon (12-14),30,AC,,
MetMetr_0062,Metro,Metro Line 2A (Yellow),Down,Dahisar East,D.N. Nagar,13:08,13:40,32.0,True,Metro AC,Off-Peak,All Days,8,788,Afternoon (12-14),30,AC,,
MetMetr_0063,Metro,Metro Line 2A (Yellow),Down,Dahisar East,D.N. Nagar,13:16,13:48,32.0,True,Metro AC,Off-Peak,All Days,8,796,Afternoon (12-14),30,AC,,
MetMetr_0064,Metro,Metro Line 2A (Yellow),Down,Dahisar East,D.N. Nagar,13:24,13:56,32.0,True,Metro AC,Off-Peak,All Days,8,804,Afternoon (12-14),30,AC,,
MetMetr_0065,Metro,Metro Line 2A (Yellow),Down,Dahisar East,D.N. Nagar,13:32,14:04,32.0,True,Metro AC,Off-Peak,All Days,8,812,Afternoon (12-14),30,AC,,
MetMetr_0066,Metro,Metro Line 2A (Yellow),Down,Dahisar East,D.N. Nagar,13:40,14:12,32.0,True,Metro AC,Off-Peak,All Days,8,820,Afternoon (12-14),30,AC,,
MetMetr_0067,Metro,Metro Line 2A (Yellow),Down,Dahisar East,D.N. Nagar,13:48,14:20,32.0,True,Metro AC,Off-Peak,All Days,8,828,Afternoon (12-14),30,AC,,
MetMetr_0068,Metro,Metro Line 2A (Yellow),Down,Dahisar East,D.N. Nagar,13:56,14:28,32.0,True,Metro AC,Off-Peak,All Days,8,836,Afternoon (12-14),30,AC,,
MetMetr_0069,Metro,Metro Line 2A (Yellow),Down,Dahisar East,D.N. Nagar,14:04,14:36,32.0,True,Metro AC,Off-Peak,All Days,8,844,Evening Peak (16-18),30,AC,,
MetMetr_0070,Metro,Metro Line 2A (Yellow),Down,Dahisar East,D.N. Nagar,14:12,14:44,32.0,True,Metro AC,Off-Peak,All Days,8,852,Evening Peak (16-18),30,AC,,
MetMetr_0071,Metro,Metro Line 2A (Yellow),Down,Dahisar East,D.N. Nagar,14:20,14:52,32.0,True,Metro AC,Off-Peak,All Days,8,860,Evening Peak (16-18),30,AC,,
MetMetr_0072,Metro,Metro Line 2A (Yellow),Down,Dahisar East,D.N. Nagar,14:28,15:00,32.0,True,Metro AC,Off-Peak,All Days,8,868,Evening Peak (16-18),30,AC,,
MetMetr_0073,Metro,Metro Line 2A (Yellow),Down,Dahisar East,D.N. Nagar,14:36,15:08,32.0,True,Metro AC,Off-Peak,All Days,8,876,Evening Peak (16-18),30,AC,,
MetMetr_0074,Metro,Metro Line 2A (Yellow),Down,Dahisar East,D.N. Nagar,14:44,15:16,32.0,True,Metro AC,Off-Peak,All Days,8,884,Evening Peak (16-18),30,AC,,
MetMetr_0075,Metro,Metro Line 2A (Yellow),Down,Dahisar East,D.N. Nagar,14:52,15:24,32.0,True,Metro AC,Off-Peak,All Days,8,892,Evening Peak (16-18),30,AC,,
MetMetr_0076,Metro,Metro Line 2A (Yellow),Down,Dahisar East,D.N. Nagar,15:00,15:32,32.0,True,Metro AC,Off-Peak,All Days,8,900,Evening Peak (16-18),30,AC,,
MetMetr_0077,Metro,Metro Line 2A (Yellow),Down,Dahisar East,D.N. Nagar,15:08,15:40,32.0,True,Metro AC,Off-Peak,All Days,8,908,Evening Peak (16-18),30,AC,,
MetMetr_0078,Metro,Metro Line 2A (Yellow),Down,Dahisar East,D.N. Nagar,15:16,15:48,32.0,True,Metro AC,Off-Peak,All Days,8,916,Evening Peak (16-18),30,AC,,
MetMetr_0079,Metro,Metro Line 2A (Yellow),Down,Dahisar East,D.N. Nagar,15:24,15:56,32.0,True,Metro AC,Off-Peak,All Days,8,924,Evening Peak (16-18),30,AC,,
MetMetr_0080,Metro,Metro Line 2A (Yellow),Down,Dahisar East,D.N. Nagar,15:32,16:04,32.0,True,Metro AC,Off-Peak,All Days,8,932,Evening Peak (16-18),30,AC,,
MetMetr_0081,Metro,Metro Line 2A (Yellow),Down,Dahisar East,D.N. Nagar,15:40,16:12,32.0,True,Metro AC,Off-Peak,All Days,8,940,Evening Peak (16-18),30,AC,,
MetMetr_0082,Metro,Metro Line 2A (Yellow),Down,Dahisar East,D.N. Nagar,15:48,16:20,32.0,True,Metro AC,Off-Peak,All Days,8,948,Evening Peak (16-18),30,AC,,
MetMetr_0083,Metro,Metro Line 2A (Yellow),Down,Dahisar East,D.N. Nagar,15:56,16:28,32.0,True,Metro AC,Off-Peak,All Days,8,956,Evening Peak (16-18),30,AC,,
MetMetr_0084,Metro,Metro Line 2A (Yellow),Down,Dahisar East,D.N. Nagar,16:04,16:36,32.0,True,Metro AC,Off-Peak,All Days,8,964,Evening (18-21),34,AC,,
MetMetr_0085,Metro,Metro Line 2A (Yellow),Down,Dahisar East,D.N. Nagar,16:12,16:44,32.0,True,Metro AC,Off-Peak,All Days,8,972,Evening (18-21),34,AC,,
MetMetr_0086,Metro,Metro Line 2A (Yellow),Down,Dahisar East,D.N. Nagar,16:20,16:52,32.0,True,Metro AC,Off-Peak,All Days,8,980,Evening (18-21),34,AC,,
MetMetr_0087,Metro,Metro Line 2A (Yellow),Down,Dahisar East,D.N. Nagar,16:28,17:00,32.0,True,Metro AC,Off-Peak,All Days,8,988,Evening (18-21),34,AC,,
MetMetr_0088,Metro,Metro Line 2A (Yellow),Down,Dahisar East,D.N. Nagar,16:36,17:08,32.0,True,Metro AC,Off-Peak,All Days,8,996,Evening (18-21),34,AC,,
MetMetr_0089,Metro,Metro Line 2A (Yellow),Down,Dahisar East,D.N. Nagar,16:44,17:16,32.0,True,Metro AC,Off-Peak,All Days,8,1004,Evening (18-21),34,AC,,
MetMetr_0090,Metro,Metro Line 2A (Yellow),Down,Dahisar East,D.N. Nagar,16:52,17:24,32.0,True,Metro AC,Off-Peak,All Days,8,1012,Evening (18-21),34,AC,,
MetMetr_0091,Metro,Metro Line 2A (Yellow),Down,Dahisar East,D.N. Nagar,17:00,17:32,32.0,True,Metro AC,Peak,All Days,6,1020,Evening (18-21),34,AC,,
MetMetr_0092,Metro,Metro Line 2A (Yellow),Down,Dahisar East,D.N. Nagar,17:06,17:38,32.0,True,Metro AC,Peak,All Days,6,1026,Evening (18-21),34,AC,,
MetMetr_0093,Metro,Metro Line 2A (Yellow),Down,Dahisar East,D.N. Nagar,17:12,17:44,32.0,True,Metro AC,Peak,All Days,6,1032,Evening (18-21),34,AC,,
MetMetr_0094,Metro,Metro Line 2A (Yellow),Down,Dahisar East,D.N. Nagar,17:18,17:50,32.0,True,Metro AC,Peak,All Days,6,1038,Evening (18-21),34,AC,,
MetMetr_0095,Metro,Metro Line 2A (Yellow),Down,Dahisar East,D.N. Nagar,17:24,17:56,32.0,True,Metro AC,Peak,All Days,6,1044,Evening (18-21),34,AC,,
MetMetr_0096,Metro,Metro Line 2A (Yellow),Down,Dahisar East,D.N. Nagar,17:30,18:02,32.0,True,Metro AC,Peak,All Days,6,1050,Evening (18-21),34,AC,,
MetMetr_0097,Metro,Metro Line 2A (Yellow),Down,Dahisar East,D.N. Nagar,17:36,18:08,32.0,True,Metro AC,Peak,All Days,6,1056,Evening (18-21),34,AC,,
MetMetr_0098,Metro,Metro Line 2A (Yellow),Down,Dahisar East,D.N. Nagar,17:42,18:14,32.0,True,Metro AC,Peak,All Days,6,1062,Evening (18-21),34,AC,,
MetMetr_0099,Metro,Metro Line 2A (Yellow),Down,Dahisar East,D.N. Nagar,17:48,18:20,32.0,True,Metro AC,Peak,All Days,6,1068,Evening (18-21),34,AC,,
MetMetr_0100,Metro,Metro Line 2A (Yellow),Down,Dahisar East,D.N. Nagar,17:54,18:26,32.0,True,Metro AC,Peak,All Days,6,1074,Evening (18-21),34,AC,,
MetMetr_0101,Metro,Metro Line 2A (Yellow),Down,Dahisar East,D.N. Nagar,18:00,18:32,32.0,True,Metro AC,Peak,All Days,6,1080,Night (21-24),68,AC,,
MetMetr_0102,Metro,Metro Line 2A (Yellow),Down,Dahisar East,D.N. Nagar,18:06,18:38,32.0,True,Metro AC,Peak,All Days,6,1086,Night (21-24),68,AC,,
MetMetr_0103,Metro,Metro Line 2A (Yellow),Down,Dahisar East,D.N. Nagar,18:12,18:44,32.0,True,Metro AC,Peak,All Days,6,1092,Night (21-24),68,AC,,
MetMetr_0104,Metro,Metro Line 2A (Yellow),Down,Dahisar East,D.N. Nagar,18:18,18:50,32.0,True,Metro AC,Peak,All Days,6,1098,Night (21-24),68,AC,,
MetMetr_0105,Metro,Metro Line 2A (Yellow),Down,Dahisar East,D.N. Nagar,18:24,18:56,32.0,True,Metro AC,Peak,All Days,6,1104,Night (21-24),68,AC,,
MetMetr_0106,Metro,Metro Line 2A (Yellow),Down,Dahisar East,D.N. Nagar,18:30,19:02,32.0,True,Metro AC,Peak,All Days,6,1110,Night (21-24),68,AC,,
MetMetr_0107,Metro,Metro Line 2A (Yellow),Down,Dahisar East,D.N. Nagar,18:36,19:08,32.0,True,Metro AC,Peak,All Days,6,1116,Night (21-24),68,AC,,
MetMetr_0108,Metro,Metro Line 2A (Yellow),Down,Dahisar East,D.N. Nagar,18:42,19:14,32.0,True,Metro AC,Peak,All Days,6,1122,Night (21-24),68,AC,,
MetMetr_0109,Metro,Metro Line 2A (Yellow),Down,Dahisar East,D.N. Nagar,18:48,19:20,32.0,True,Metro AC,Peak,All Days,6,1128,Night (21-24),68,AC,,
MetMetr_0110,Metro,Metro Line 2A (Yellow),Down,Dahisar East,D.N. Nagar,18:54,19:26,32.0,True,Metro AC,Peak,All Days,6,1134,Night (21-24),68,AC,,
MetMetr_0111,Metro,Metro Line 2A (Yellow),Down,Dahisar East,D.N. Nagar,19:00,19:32,32.0,True,Metro AC,Peak,All Days,6,1140,Night (21-24),68,AC,,
MetMetr_0112,Metro,Metro Line 2A (Yellow),Down,Dahisar East,D.N. Nagar,19:06,19:38,32.0,True,Metro AC,Peak,All Days,6,1146,Night (21-24),68,AC,,
MetMetr_0113,Metro,Metro Line 2A (Yellow),Down,Dahisar East,D.N. Nagar,19:12,19:44,32.0,True,Metro AC,Peak,All Days,6,1152,Night (21-24),68,AC,,
MetMetr_0114,Metro,Metro Line 2A (Yellow),Down,Dahisar East,D.N. Nagar,19:18,19:50,32.0,True,Metro AC,Peak,All Days,6,1158,Night (21-24),68,AC,,
MetMetr_0115,Metro,Metro Line 2A (Yellow),Down,Dahisar East,D.N. Nagar,19:24,19:56,32.0,True,Metro AC,Peak,All Days,6,1164,Night (21-24),68,AC,,
MetMetr_0116,Metro,Metro Line 2A (Yellow),Down,Dahisar East,D.N. Nagar,19:30,20:02,32.0,True,Metro AC,Peak,All Days,6,1170,Night (21-24),68,AC,,
MetMetr_0117,Metro,Metro Line 2A (Yellow),Down,Dahisar East,D.N. Nagar,19:36,20:08,32.0,True,Metro AC,Peak,All Days,6,1176,Night (21-24),68,AC,,
MetMetr_0118,Metro,Metro Line 2A (Yellow),Down,Dahisar East,D.N. Nagar,19:42,20:14,32.0,True,Metro AC,Peak,All Days,6,1182,Night (21-24),68,AC,,
MetMetr_0119,Metro,Metro Line 2A (Yellow),Down,Dahisar East,D.N. Nagar,19:48,20:20,32.0,True,Metro AC,Peak,All Days,6,1188,Night (21-24),68,AC,,
MetMetr_0120,Metro,Metro Line 2A (Yellow),Down,Dahisar East,D.N. Nagar,19:54,20:26,32.0,True,Metro AC,Peak,All Days,6,1194,Night (21-24),68,AC,,
MetMetr_0121,Metro,Metro Line 2A (Yellow),Down,Dahisar East,D.N. Nagar,20:00,20:32,32.0,True,Metro AC,Peak,All Days,6,1200,Night (21-24),68,AC,,
MetMetr_0122,Metro,Metro Line 2A (Yellow),Down,Dahisar East,D.N. Nagar,20:06,20:38,32.0,True,Metro AC,Peak,All Days,6,1206,Night (21-24),68,AC,,
MetMetr_0123,Metro,Metro Line 2A (Yellow),Down,Dahisar East,D.N. Nagar,20:12,20:44,32.0,True,Metro AC,Peak,All Days,6,1212,Night (21-24),68,AC,,
MetMetr_0124,Metro,Metro Line 2A (Yellow),Down,Dahisar East,D.N. Nagar,20:18,20:50,32.0,True,Metro AC,Peak,All Days,6,1218,Night (21-24),68,AC,,
MetMetr_0125,Metro,Metro Line 2A (Yellow),Down,Dahisar East,D.N. Nagar,20:24,20:56,32.0,True,Metro AC,Peak,All Days,6,1224,Night (21-24),68,AC,,
MetMetr_0126,Metro,Metro Line 2A (Yellow),Down,Dahisar East,D.N. Nagar,20:30,21:02,32.0,True,Metro AC,Peak,All Days,6,1230,Night (21-24),68,AC,,
MetMetr_0127,Metro,Metro Line 2A (Yellow),Down,Dahisar East,D.N. Nagar,20:36,21:08,32.0,True,Metro AC,Peak,All Days,6,1236,Night (21-24),68,AC,,
MetMetr_0128,Metro,Metro Line 2A (Yellow),Down,Dahisar East,D.N. Nagar,20:42,21:14,32.0,True,Metro AC,Peak,All Days,6,1242,Night (21-24),68,AC,,
MetMetr_0129,Metro,Metro Line 2A (Yellow),Down,Dahisar East,D.N. Nagar,20:48,21:20,32.0,True,Metro AC,Peak,All Days,6,1248,Night (21-24),68,AC,,
MetMetr_0130,Metro,Metro Line 2A (Yellow),Down,Dahisar East,D.N. Nagar,20:54,21:26,32.0,True,Metro AC,Peak,All Days,6,1254,Night (21-24),68,AC,,
MetMetr_0131,Metro,Metro Line 2A (Yellow),Down,Dahisar East,D.N. Nagar,21:00,21:32,32.0,True,Metro AC,Off-Peak,All Days,10,1260,Night (21-24),68,AC,,
MetMetr_0132,Metro,Metro Line 2A (Yellow),Down,Dahisar East,D.N. Nagar,21:10,21:42,32.0,True,Metro AC,Off-Peak,All Days,10,1270,Night (21-24),68,AC,,
MetMetr_0133,Metro,Metro Line 2A (Yellow),Down,Dahisar East,D.N. Nagar,21:20,21:52,32.0,True,Metro AC,Off-Peak,All Days,10,1280,Night (21-24),68,AC,,
MetMetr_0134,Metro,Metro Line 2A (Yellow),Down,Dahisar East,D.N. Nagar,21:30,22:02,32.0,True,Metro AC,Off-Peak,All Days,10,1290,Night (21-24),68,AC,,
MetMetr_0001,Metro,Metro Line 2A (Yellow),Up,D.N. Nagar,Dahisar East,06:00,06:32,32.0,True,Metro AC,Off-Peak,All Days,8,360,Early Morning (06-08),30,AC,,
MetMetr_0002,Metro,Metro Line 2A (Yellow),Up,D.N. Nagar,Dahisar East,06:08,06:40,32.0,True,Metro AC,Off-Peak,All Days,8,368,Early Morning (06-08),30,AC,,
MetMetr_0003,Metro,Metro Line 2A (Yellow),Up,D.N. Nagar,Dahisar East,06:16,06:48,32.0,True,Metro AC,Off-Peak,All Days,8,376,Early Morning (06-08),30,AC,,
MetMetr_0004,Metro,Metro Line 2A (Yellow),Up,D.N. Nagar,Dahisar East,06:24,06:56,32.0,True,Metro AC,Off-Peak,All Days,8,384,Early Morning (06-08),30,AC,,
MetMetr_0005,Metro,Metro Line 2A (Yellow),Up,D.N. Nagar,Dahisar East,06:32,07:04,32.0,True,Metro AC,Off-Peak,All Days,8,392,Early Morning (06-08),30,AC,,
MetMetr_0006,Metro,Metro Line 2A (Yellow),Up,D.N. Nagar,Dahisar East,06:40,07:12,32.0,True,Metro AC,Off-Peak,All Days,8,400,Early Morning (06-08),30,AC,,
MetMetr_0007,Metro,Metro Line 2A (Yellow),Up,D.N. Nagar,Dahisar East,06:48,07:20,32.0,True,Metro AC,Off-Peak,All Days,8,408,Early Morning (06-08),30,AC,,
MetMetr_0008,Metro,Metro Line 2A (Yellow),Up,D.N. Nagar,Dahisar East,06:56,07:28,32.0,True,Metro AC,Off-Peak,All Days,8,416,Early Morning (06-08),30,AC,,
MetMetr_0009,Metro,Metro Line 2A (Yellow),Up,D.N. Nagar,Dahisar East,07:04,07:36,32.0,True,Metro AC,Off-Peak,All Days,8,424,Early Morning (06-08),30,AC,,
MetMetr_0010,Metro,Metro Line 2A (Yellow),Up,D.N. Nagar,Dahisar East,07:12,07:44,32.0,True,Metro AC,Off-Peak,All Days,8,432,Early Morning (06-08),30,AC,,
MetMetr_0011,Metro,Metro Line 2A (Yellow),Up,D.N. Nagar,Dahisar East,07:20,07:52,32.0,True,Metro AC,Off-Peak,All Days,8,440,Early Morning (06-08),30,AC,,
MetMetr_0012,Metro,Metro Line 2A (Yellow),Up,D.N. Nagar,Dahisar East,07:28,08:00,32.0,True,Metro AC,Off-Peak,All Days,8,448,Early Morning (06-08),30,AC,,
MetMetr_0013,Metro,Metro Line 2A (Yellow),Up,D.N. Nagar,Dahisar East,07:36,08:08,32.0,True,Metro AC,Off-Peak,All Days,8,456,Early Morning (06-08),30,AC,,
MetMetr_0014,Metro,Metro Line 2A (Yellow),Up,D.N. Nagar,Dahisar East,07:44,08:16,32.0,True,Metro AC,Off-Peak,All Days,8,464,Early Morning (06-08),30,AC,,
MetMetr_0015,Metro,Metro Line 2A (Yellow),Up,D.N. Nagar,Dahisar East,07:52,08:24,32.0,True,Metro AC,Off-Peak,All Days,8,472,Early Morning (06-08),30,AC,,
MetMetr_0016,Metro,Metro Line 2A (Yellow),Up,D.N. Nagar,Dahisar East,08:00,08:32,32.0,True,Metro AC,Peak,All Days,6,480,Morning Peak (08-10),40,AC,,
MetMetr_0017,Metro,Metro Line 2A (Yellow),Up,D.N. Nagar,Dahisar East,08:06,08:38,32.0,True,Metro AC,Peak,All Days,6,486,Morning Peak (08-10),40,AC,,
MetMetr_0018,Metro,Metro Line 2A (Yellow),Up,D.N. Nagar,Dahisar East,08:12,08:44,32.0,True,Metro AC,Peak,All Days,6,492,Morning Peak (08-10),40,AC,,
MetMetr_0019,Metro,Metro Line 2A (Yellow),Up,D.N. Nagar,Dahisar East,08:18,08:50,32.0,True,Metro AC,Peak,All Days,6,498,Morning Peak (08-10),40,AC,,
MetMetr_0020,Metro,Metro Line 2A (Yellow),Up,D.N. Nagar,Dahisar East,08:24,08:56,32.0,True,Metro AC,Peak,All Days,6,504,Morning Peak (08-10),40,AC,,
MetMetr_0021,Metro,Metro Line 2A (Yellow),Up,D.N. Nagar,Dahisar East,08:30,09:02,32.0,True,Metro AC,Peak,All Days,6,510,Morning Peak (08-10),40,AC,,
MetMetr_0022,Metro,Metro Line 2A (Yellow),Up,D.N. Nagar,Dahisar East,08:36,09:08,32.0,True,Metro AC,Peak,All Days,6,516,Morning Peak (08-10),40,AC,,
MetMetr_0023,Metro,Metro Line 2A (Yellow),Up,D.N. Nagar,Dahisar East,08:42,09:14,32.0,True,Metro AC,Peak,All Days,6,522,Morning Peak (08-10),40,AC,,
MetMetr_0024,Metro,Metro Line 2A (Yellow),Up,D.N. Nagar,Dahisar East,08:48,09:20,32.0,True,Metro AC,Peak,All Days,6,528,Morning Peak (08-10),40,AC,,
MetMetr_0025,Metro,Metro Line 2A (Yellow),Up,D.N. Nagar,Dahisar East,08:54,09:26,32.0,True,Metro AC,Peak,All Days,6,534,Morning Peak (08-10),40,AC,,
MetMetr_0026,Metro,Metro Line 2A (Yellow),Up,D.N. Nagar,Dahisar East,09:00,09:32,32.0,True,Metro AC,Peak,All Days,6,540,Morning Peak (08-10),40,AC,,
MetMetr_0027,Metro,Metro Line 2A (Yellow),Up,D.N. Nagar,Dahisar East,09:06,09:38,32.0,True,Metro AC,Peak,All Days,6,546,Morning Peak (08-10),40,AC,,
MetMetr_0028,Metro,Metro Line 2A (Yellow),Up,D.N. Nagar,Dahisar East,09:12,09:44,32.0,True,Metro AC,Peak,All Days,6,552,Morning Peak (08-10),40,AC,,
MetMetr_0029,Metro,Metro Line 2A (Yellow),Up,D.N. Nagar,Dahisar East,09:18,09:50,32.0,True,Metro AC,Peak,All Days,6,558,Morning Peak (08-10),40,AC,,
MetMetr_0030,Metro,Metro Line 2A (Yellow),Up,D.N. Nagar,Dahisar East,09:24,09:56,32.0,True,Metro AC,Peak,All Days,6,564,Morning Peak (08-10),40,AC,,
MetMetr_0031,Metro,Metro Line 2A (Yellow),Up,D.N. Nagar,Dahisar East,09:30,10:02,32.0,True,Metro AC,Peak,All Days,6,570,Morning Peak (08-10),40,AC,,
MetMetr_0032,Metro,Metro Line 2A (Yellow),Up,D.N. Nagar,Dahisar East,09:36,10:08,32.0,True,Metro AC,Peak,All Days,6,576,Morning Peak (08-10),40,AC,,
MetMetr_0033,Metro,Metro Line 2A (Yellow),Up,D.N. Nagar,Dahisar East,09:42,10:14,32.0,True,Metro AC,Peak,All Days,6,582,Morning Peak (08-10),40,AC,,
MetMetr_0034,Metro,Metro Line 2A (Yellow),Up,D.N. Nagar,Dahisar East,09:48,10:20,32.0,True,Metro AC,Peak,All Days,6,588,Morning Peak (08-10),40,AC,,
MetMetr_0035,Metro,Metro Line 2A (Yellow),Up,D.N. Nagar,Dahisar East,09:54,10:26,32.0,True,Metro AC,Peak,All Days,6,594,Morning Peak (08-10),40,AC,,
MetMetr_0036,Metro,Metro Line 2A (Yellow),Up,D.N. Nagar,Dahisar East,10:00,10:32,32.0,True,Metro AC,Peak,All Days,6,600,Mid-Morning (10-12),36,AC,,
MetMetr_0037,Metro,Metro Line 2A (Yellow),Up,D.N. Nagar,Dahisar East,10:06,10:38,32.0,True,Metro AC,Peak,All Days,6,606,Mid-Morning (10-12),36,AC,,
MetMetr_0038,Metro,Metro Line 2A (Yellow),Up,D.N. Nagar,Dahisar East,10:12,10:44,32.0,True,Metro AC,Peak,All Days,6,612,Mid-Morning (10-12),36,AC,,
MetMetr_0039,Metro,Metro Line 2A (Yellow),Up,D.N. Nagar,Dahisar East,10:18,10:50,32.0,True,Metro AC,Peak,All Days,6,618,Mid-Morning (10-12),36,AC,,
MetMetr_0040,Metro,Metro Line 2A (Yellow),Up,D.N. Nagar,Dahisar East,10:24,10:56,32.0,True,Metro AC,Peak,All Days,6,624,Mid-Morning (10-12),36,AC,,
MetMetr_0041,Metro,Metro Line 2A (Yellow),Up,D.N. Nagar,Dahisar East,10:30,11:02,32.0,True,Metro AC,Peak,All Days,6,630,Mid-Morning (10-12),36,AC,,
MetMetr_0042,Metro,Metro Line 2A (Yellow),Up,D.N. Nagar,Dahisar East,10:36,11:08,32.0,True,Metro AC,Peak,All Days,6,636,Mid-Morning (10-12),36,AC,,
MetMetr_0043,Metro,Metro Line 2A (Yellow),Up,D.N. Nagar,Dahisar East,10:42,11:14,32.0,True,Metro AC,Peak,All Days,6,642,Mid-Morning (10-12),36,AC,,
MetMetr_0044,Metro,Metro Line 2A (Yellow),Up,D.N. Nagar,Dahisar East,10:48,11:20,32.0,True,Metro AC,Peak,All Days,6,648,Mid-Morning (10-12),36,AC,,
MetMetr_0045,Metro,Metro Line 2A (Yellow),Up,D.N. Nagar,Dahisar East,10:54,11:26,32.0,True,Metro AC,Peak,All Days,6,654,Mid-Morning (10-12),36,AC,,
MetMetr_0046,Metro,Metro Line 2A (Yellow),Up,D.N. Nagar,Dahisar East,11:00,11:32,32.0,True,Metro AC,Off-Peak,All Days,8,660,Mid-Morning (10-12),36,AC,,
MetMetr_0047,Metro,Metro Line 2A (Yellow),Up,D.N. Nagar,Dahisar East,11:08,11:40,32.0,True,Metro AC,Off-Peak,All Days,8,668,Mid-Morning (10-12),36,AC,,
MetMetr_0048,Metro,Metro Line 2A (Yellow),Up,D.N. Nagar,Dahisar East,11:16,11:48,32.0,True,Metro AC,Off-Peak,All Days,8,676,Mid-Morning (10-12),36,AC,,
MetMetr_0049,Metro,Metro Line 2A (Yellow),Up,D.N. Nagar,Dahisar East,11:24,11:56,32.0,True,Metro AC,Off-Peak,All Days,8,684,Mid-Morning (10-12),36,AC,,
MetMetr_0050,Metro,Metro Line 2A (Yellow),Up,D.N. Nagar,Dahisar East,11:32,12:04,32.0,True,Metro AC,Off-Peak,All Days,8,692,Mid-Morning (10-12),36,AC,,
MetMetr_0051,Metro,Metro Line 2A (Yellow),Up,D.N. Nagar,Dahisar East,11:40,12:12,32.0,True,Metro AC,Off-Peak,All Days,8,700,Mid-Morning (10-12),36,AC,,
MetMetr_0052,Metro,Metro Line 2A (Yellow),Up,D.N. Nagar,Dahisar East,11:48,12:20,32.0,True,Metro AC,Off-Peak,All Days,8,708,Mid-Morning (10-12),36,AC,,
MetMetr_0053,Metro,Metro Line 2A (Yellow),Up,D.N. Nagar,Dahisar East,11:56,12:28,32.0,True,Metro AC,Off-Peak,All Days,8,716,Mid-Morning (10-12),36,AC,,
MetMetr_0054,Metro,Metro Line 2A (Yellow),Up,D.N. Nagar,Dahisar East,12:04,12:36,32.0,True,Metro AC,Off-Peak,All Days,8,724,Afternoon (12-14),30,AC,,
MetMetr_0055,Metro,Metro Line 2A (Yellow),Up,D.N. Nagar,Dahisar East,12:12,12:44,32.0,True,Metro AC,Off-Peak,All Days,8,732,Afternoon (12-14),30,AC,,
MetMetr_0056,Metro,Metro Line 2A (Yellow),Up,D.N. Nagar,Dahisar East,12:20,12:52,32.0,True,Metro AC,Off-Peak,All Days,8,740,Afternoon (12-14),30,AC,,
MetMetr_0057,Metro,Metro Line 2A (Yellow),Up,D.N. Nagar,Dahisar East,12:28,13:00,32.0,True,Metro AC,Off-Peak,All Days,8,748,Afternoon (12-14),30,AC,,
MetMetr_0058,Metro,Metro Line 2A (Yellow),Up,D.N. Nagar,Dahisar East,12:36,13:08,32.0,True,Metro AC,Off-Peak,All Days,8,756,Afternoon (12-14),30,AC,,
MetMetr_0059,Metro,Metro Line 2A (Yellow),Up,D.N. Nagar,Dahisar East,12:44,13:16,32.0,True,Metro AC,Off-Peak,All Days,8,764,Afternoon (12-14),30,AC,,
MetMetr_0060,Metro,Metro Line 2A (Yellow),Up,D.N. Nagar,Dahisar East,12:52,13:24,32.0,True,Metro AC,Off-Peak,All Days,8,772,Afternoon (12-14),30,AC,,
MetMetr_0061,Metro,Metro Line 2A (Yellow),Up,D.N. Nagar,Dahisar East,13:00,13:32,32.0,True,Metro AC,Off-Peak,All Days,8,780,Afternoon (12-14),30,AC,,
MetMetr_0062,Metro,Metro Line 2A (Yellow),Up,D.N. Nagar,Dahisar East,13:08,13:40,32.0,True,Metro AC,Off-Peak,All Days,8,788,Afternoon (12-14),30,AC,,
MetMetr_0063,Metro,Metro Line 2A (Yellow),Up,D.N. Nagar,Dahisar East,13:16,13:48,32.0,True,Metro AC,Off-Peak,All Days,8,796,Afternoon (12-14),30,AC,,
MetMetr_0064,Metro,Metro Line 2A (Yellow),Up,D.N. Nagar,Dahisar East,13:24,13:56,32.0,True,Metro AC,Off-Peak,All Days,8,804,Afternoon (12-14),30,AC,,
MetMetr_0065,Metro,Metro Line 2A (Yellow),Up,D.N. Nagar,Dahisar East,13:32,14:04,32.0,True,Metro AC,Off-Peak,All Days,8,812,Afternoon (12-14),30,AC,,
MetMetr_0066,Metro,Metro Line 2A (Yellow),Up,D.N. Nagar,Dahisar East,13:40,14:12,32.0,True,Metro AC,Off-Peak,All Days,8,820,Afternoon (12-14),30,AC,,
MetMetr_0067,Metro,Metro Line 2A (Yellow),Up,D.N. Nagar,Dahisar East,13:48,14:20,32.0,True,Metro AC,Off-Peak,All Days,8,828,Afternoon (12-14),30,AC,,
MetMetr_0068,Metro,Metro Line 2A (Yellow),Up,D.N. Nagar,Dahisar East,13:56,14:28,32.0,True,Metro AC,Off-Peak,All Days,8,836,Afternoon (12-14),30,AC,,
MetMetr_0069,Metro,Metro Line 2A (Yellow),Up,D.N. Nagar,Dahisar East,14:04,14:36,32.0,True,Metro AC,Off-Peak,All Days,8,844,Evening Peak (16-18),30,AC,,
MetMetr_0070,Metro,Metro Line 2A (Yellow),Up,D.N. Nagar,Dahisar East,14:12,14:44,32.0,True,Metro AC,Off-Peak,All Days,8,852,Evening Peak (16-18),30,AC,,
MetMetr_0071,Metro,Metro Line 2A (Yellow),Up,D.N. Nagar,Dahisar East,14:20,14:52,32.0,True,Metro AC,Off-Peak,All Days,8,860,Evening Peak (16-18),30,AC,,
MetMetr_0072,Metro,Metro Line 2A (Yellow),Up,D.N. Nagar,Dahisar East,14:28,15:00,32.0,True,Metro AC,Off-Peak,All Days,8,868,Evening Peak (16-18),30,AC,,
MetMetr_0073,Metro,Metro Line 2A (Yellow),Up,D.N. Nagar,Dahisar East,14:36,15:08,32.0,True,Metro AC,Off-Peak,All Days,8,876,Evening Peak (16-18),30,AC,,
MetMetr_0074,Metro,Metro Line 2A (Yellow),Up,D.N. Nagar,Dahisar East,14:44,15:16,32.0,True,Metro AC,Off-Peak,All Days,8,884,Evening Peak (16-18),30,AC,,
MetMetr_0075,Metro,Metro Line 2A (Yellow),Up,D.N. Nagar,Dahisar East,14:52,15:24,32.0,True,Metro AC,Off-Peak,All Days,8,892,Evening Peak (16-18),30,AC,,
MetMetr_0076,Metro,Metro Line 2A (Yellow),Up,D.N. Nagar,Dahisar East,15:00,15:32,32.0,True,Metro AC,Off-Peak,All Days,8,900,Evening Peak (16-18),30,AC,,
MetMetr_0077,Metro,Metro Line 2A (Yellow),Up,D.N. Nagar,Dahisar East,15:08,15:40,32.0,True,Metro AC,Off-Peak,All Days,8,908,Evening Peak (16-18),30,AC,,
MetMetr_0078,Metro,Metro Line 2A (Yellow),Up,D.N. Nagar,Dahisar East,15:16,15:48,32.0,True,Metro AC,Off-Peak,All Days,8,916,Evening Peak (16-18),30,AC,,
MetMetr_0079,Metro,Metro Line 2A (Yellow),Up,D.N. Nagar,Dahisar East,15:24,15:56,32.0,True,Metro AC,Off-Peak,All Days,8,924,Evening Peak (16-18),30,AC,,
MetMetr_0080,Metro,Metro Line 2A (Yellow),Up,D.N. Nagar,Dahisar East,15:32,16:04,32.0,True,Metro AC,Off-Peak,All Days,8,932,Evening Peak (16-18),30,AC,,
MetMetr_0081,Metro,Metro Line 2A (Yellow),Up,D.N. Nagar,Dahisar East,15:40,16:12,32.0,True,Metro AC,Off-Peak,All Days,8,940,Evening Peak (16-18),30,AC,,
MetMetr_0082,Metro,Metro Line 2A (Yellow),Up,D.N. Nagar,Dahisar East,15:48,16:20,32.0,True,Metro AC,Off-Peak,All Days,8,948,Evening Peak (16-18),30,AC,,
MetMetr_0083,Metro,Metro Line 2A (Yellow),Up,D.N. Nagar,Dahisar East,15:56,16:28,32.0,True,Metro AC,Off-Peak,All Days,8,956,Evening Peak (16-18),30,AC,,
MetMetr_0084,Metro,Metro Line 2A (Yellow),Up,D.N. Nagar,Dahisar East,16:04,16:36,32.0,True,Metro AC,Off-Peak,All Days,8,964,Evening (18-21),34,AC,,
MetMetr_0085,Metro,Metro Line 2A (Yellow),Up,D.N. Nagar,Dahisar East,16:12,16:44,32.0,True,Metro AC,Off-Peak,All Days,8,972,Evening (18-21),34,AC,,
MetMetr_0086,Metro,Metro Line 2A (Yellow),Up,D.N. Nagar,Dahisar East,16:20,16:52,32.0,True,Metro AC,Off-Peak,All Days,8,980,Evening (18-21),34,AC,,
MetMetr_0087,Metro,Metro Line 2A (Yellow),Up,D.N. Nagar,Dahisar East,16:28,17:00,32.0,True,Metro AC,Off-Peak,All Days,8,988,Evening (18-21),34,AC,,
MetMetr_0088,Metro,Metro Line 2A (Yellow),Up,D.N. Nagar,Dahisar East,16:36,17:08,32.0,True,Metro AC,Off-Peak,All Days,8,996,Evening (18-21),34,AC,,
MetMetr_0089,Metro,Metro Line 2A (Yellow),Up,D.N. Nagar,Dahisar East,16:44,17:16,32.0,True,Metro AC,Off-Peak,All Days,8,1004,Evening (18-21),34,AC,,
MetMetr_0090,Metro,Metro Line 2A (Yellow),Up,D.N. Nagar,Dahisar East,16:52,17:24,32.0,True,Metro AC,Off-Peak,All Days,8,1012,Evening (18-21),34,AC,,
MetMetr_0091,Metro,Metro Line 2A (Yellow),Up,D.N. Nagar,Dahisar East,17:00,17:32,32.0,True,Metro AC,Peak,All Days,6,1020,Evening (18-21),34,AC,,
MetMetr_0092,Metro,Metro Line 2A (Yellow),Up,D.N. Nagar,Dahisar East,17:06,17:38,32.0,True,Metro AC,Peak,All Days,6,1026,Evening (18-21),34,AC,,
MetMetr_0093,Metro,Metro Line 2A (Yellow),Up,D.N. Nagar,Dahisar East,17:12,17:44,32.0,True,Metro AC,Peak,All Days,6,1032,Evening (18-21),34,AC,,
MetMetr_0094,Metro,Metro Line 2A (Yellow),Up,D.N. Nagar,Dahisar East,17:18,17:50,32.0,True,Metro AC,Peak,All Days,6,1038,Evening (18-21),34,AC,,
MetMetr_0095,Metro,Metro Line 2A (Yellow),Up,D.N. Nagar,Dahisar East,17:24,17:56,32.0,True,Metro AC,Peak,All Days,6,1044,Evening (18-21),34,AC,,
MetMetr_0096,Metro,Metro Line 2A (Yellow),Up,D.N. Nagar,Dahisar East,17:30,18:02,32.0,True,Metro AC,Peak,All Days,6,1050,Evening (18-21),34,AC,,
MetMetr_0097,Metro,Metro Line 2A (Yellow),Up,D.N. Nagar,Dahisar East,17:36,18:08,32.0,True,Metro AC,Peak,All Days,6,1056,Evening (18-21),34,AC,,
MetMetr_0098,Metro,Metro Line 2A (Yellow),Up,D.N. Nagar,Dahisar East,17:42,18:14,32.0,True,Metro AC,Peak,All Days,6,1062,Evening (18-21),34,AC,,
MetMetr_0099,Metro,Metro Line 2A (Yellow),Up,D.N. Nagar,Dahisar East,17:48,18:20,32.0,True,Metro AC,Peak,All Days,6,1068,Evening (18-21),34,AC,,
MetMetr_0100,Metro,Metro Line 2A (Yellow),Up,D.N. Nagar,Dahisar East,17:54,18:26,32.0,True,Metro AC,Peak,All Days,6,1074,Evening (18-21),34,AC,,
MetMetr_0101,Metro,Metro Line 2A (Yellow),Up,D.N. Nagar,Dahisar East,18:00,18:32,32.0,True,Metro AC,Peak,All Days,6,1080,Night (21-24),68,AC,,
MetMetr_0102,Metro,Metro Line 2A (Yellow),Up,D.N. Nagar,Dahisar East,18:06,18:38,32.0,True,Metro AC,Peak,All Days,6,1086,Night (21-24),68,AC,,
MetMetr_0103,Metro,Metro Line 2A (Yellow),Up,D.N. Nagar,Dahisar East,18:12,18:44,32.0,True,Metro AC,Peak,All Days,6,1092,Night (21-24),68,AC,,
MetMetr_0104,Metro,Metro Line 2A (Yellow),Up,D.N. Nagar,Dahisar East,18:18,18:50,32.0,True,Metro AC,Peak,All Days,6,1098,Night (21-24),68,AC,,
MetMetr_0105,Metro,Metro Line 2A (Yellow),Up,D.N. Nagar,Dahisar East,18:24,18:56,32.0,True,Metro AC,Peak,All Days,6,1104,Night (21-24),68,AC,,
MetMetr_0106,Metro,Metro Line 2A (Yellow),Up,D.N. Nagar,Dahisar East,18:30,19:02,32.0,True,Metro AC,Peak,All Days,6,1110,Night (21-24),68,AC,,
MetMetr_0107,Metro,Metro Line 2A (Yellow),Up,D.N. Nagar,Dahisar East,18:36,19:08,32.0,True,Metro AC,Peak,All Days,6,1116,Night (21-24),68,AC,,
MetMetr_0108,Metro,Metro Line 2A (Yellow),Up,D.N. Nagar,Dahisar East,18:42,19:14,32.0,True,Metro AC,Peak,All Days,6,1122,Night (21-24),68,AC,,
MetMetr_0109,Metro,Metro Line 2A (Yellow),Up,D.N. Nagar,Dahisar East,18:48,19:20,32.0,True,Metro AC,Peak,All Days,6,1128,Night (21-24),68,AC,,
MetMetr_0110,Metro,Metro Line 2A (Yellow),Up,D.N. Nagar,Dahisar East,18:54,19:26,32.0,True,Metro AC,Peak,All Days,6,1134,Night (21-24),68,AC,,
MetMetr_0111,Metro,Metro Line 2A (Yellow),Up,D.N. Nagar,Dahisar East,19:00,19:32,32.0,True,Metro AC,Peak,All Days,6,1140,Night (21-24),68,AC,,
MetMetr_0112,Metro,Metro Line 2A (Yellow),Up,D.N. Nagar,Dahisar East,19:06,19:38,32.0,True,Metro AC,Peak,All Days,6,1146,Night (21-24),68,AC,,
MetMetr_0113,Metro,Metro Line 2A (Yellow),Up,D.N. Nagar,Dahisar East,19:12,19:44,32.0,True,Metro AC,Peak,All Days,6,1152,Night (21-24),68,AC,,
MetMetr_0114,Metro,Metro Line 2A (Yellow),Up,D.N. Nagar,Dahisar East,19:18,19:50,32.0,True,Metro AC,Peak,All Days,6,1158,Night (21-24),68,AC,,
MetMetr_0115,Metro,Metro Line 2A (Yellow),Up,D.N. Nagar,Dahisar East,19:24,19:56,32.0,True,Metro AC,Peak,All Days,6,1164,Night (21-24),68,AC,,
MetMetr_0116,Metro,Metro Line 2A (Yellow),Up,D.N. Nagar,Dahisar East,19:30,20:02,32.0,True,Metro AC,Peak,All Days,6,1170,Night (21-24),68,AC,,
MetMetr_0117,Metro,Metro Line 2A (Yellow),Up,D.N. Nagar,Dahisar East,19:36,20:08,32.0,True,Metro AC,Peak,All Days,6,1176,Night (21-24),68,AC,,
MetMetr_0118,Metro,Metro Line 2A (Yellow),Up,D.N. Nagar,Dahisar East,19:42,20:14,32.0,True,Metro AC,Peak,All Days,6,1182,Night (21-24),68,AC,,
MetMetr_0119,Metro,Metro Line 2A (Yellow),Up,D.N. Nagar,Dahisar East,19:48,20:20,32.0,True,Metro AC,Peak,All Days,6,1188,Night (21-24),68,AC,,
MetMetr_0120,Metro,Metro Line 2A (Yellow),Up,D.N. Nagar,Dahisar East,19:54,20:26,32.0,True,Metro AC,Peak,All Days,6,1194,Night (21-24),68,AC,,
MetMetr_0121,Metro,Metro Line 2A (Yellow),Up,D.N. Nagar,Dahisar East,20:00,20:32,32.0,True,Metro AC,Peak,All Days,6,1200,Night (21-24),68,AC,,
MetMetr_0122,Metro,Metro Line 2A (Yellow),Up,D.N. Nagar,Dahisar East,20:06,20:38,32.0,True,Metro AC,Peak,All Days,6,1206,Night (21-24),68,AC,,
MetMetr_0123,Metro,Metro Line 2A (Yellow),Up,D.N. Nagar,Dahisar East,20:12,20:44,32.0,True,Metro AC,Peak,All Days,6,1212,Night (21-24),68,AC,,
MetMetr_0124,Metro,Metro Line 2A (Yellow),Up,D.N. Nagar,Dahisar East,20:18,20:50,32.0,True,Metro AC,Peak,All Days,6,1218,Night (21-24),68,AC,,
MetMetr_0125,Metro,Metro Line 2A (Yellow),Up,D.N. Nagar,Dahisar East,20:24,20:56,32.0,True,Metro AC,Peak,All Days,6,1224,Night (21-24),68,AC,,
MetMetr_0126,Metro,Metro Line 2A (Yellow),Up,D.N. Nagar,Dahisar East,20:30,21:02,32.0,True,Metro AC,Peak,All Days,6,1230,Night (21-24),68,AC,,
MetMetr_0127,Metro,Metro Line 2A (Yellow),Up,D.N. Nagar,Dahisar East,20:36,21:08,32.0,True,Metro AC,Peak,All Days,6,1236,Night (21-24),68,AC,,
MetMetr_0128,Metro,Metro Line 2A (Yellow),Up,D.N. Nagar,Dahisar East,20:42,21:14,32.0,True,Metro AC,Peak,All Days,6,1242,Night (21-24),68,AC,,
MetMetr_0129,Metro,Metro Line 2A (Yellow),Up,D.N. Nagar,Dahisar East,20:48,21:20,32.0,True,Metro AC,Peak,All Days,6,1248,Night (21-24),68,AC,,
MetMetr_0130,Metro,Metro Line 2A (Yellow),Up,D.N. Nagar,Dahisar East,20:54,21:26,32.0,True,Metro AC,Peak,All Days,6,1254,Night (21-24),68,AC,,
MetMetr_0131,Metro,Metro Line 2A (Yellow),Up,D.N. Nagar,Dahisar East,21:00,21:32,32.0,True,Metro AC,Off-Peak,All Days,10,1260,Night (21-24),68,AC,,
MetMetr_0132,Metro,Metro Line 2A (Yellow),Up,D.N. Nagar,Dahisar East,21:10,21:42,32.0,True,Metro AC,Off-Peak,All Days,10,1270,Night (21-24),68,AC,,
MetMetr_0133,Metro,Metro Line 2A (Yellow),Up,D.N. Nagar,Dahisar East,21:20,21:52,32.0,True,Metro AC,Off-Peak,All Days,10,1280,Night (21-24),68,AC,,
MetMetr_0134,Metro,Metro Line 2A (Yellow),Up,D.N. Nagar,Dahisar East,21:30,22:02,32.0,True,Metro AC,Off-Peak,All Days,10,1290,Night (21-24),68,AC,,
MetMetr_0001,Metro,Metro Line 3 (Aqua),Down,Aarey JVLR,Cuffe Parade,05:55,06:47,52.0,True,Metro AC,Off-Peak,All Days,10,355,Late Night (00-06),2,AC,,
MetMetr_0002,Metro,Metro Line 3 (Aqua),Down,Aarey JVLR,Cuffe Parade,06:05,06:57,52.0,True,Metro AC,Off-Peak,All Days,10,365,Early Morning (06-08),34,AC,,
MetMetr_0003,Metro,Metro Line 3 (Aqua),Down,Aarey JVLR,Cuffe Parade,06:15,07:07,52.0,True,Metro AC,Off-Peak,All Days,10,375,Early Morning (06-08),34,AC,,
MetMetr_0004,Metro,Metro Line 3 (Aqua),Down,Aarey JVLR,Cuffe Parade,06:25,07:17,52.0,True,Metro AC,Off-Peak,All Days,10,385,Early Morning (06-08),34,AC,,
MetMetr_0005,Metro,Metro Line 3 (Aqua),Down,Aarey JVLR,Cuffe Parade,06:35,07:27,52.0,True,Metro AC,Off-Peak,All Days,10,395,Early Morning (06-08),34,AC,,
MetMetr_0006,Metro,Metro Line 3 (Aqua),Down,Aarey JVLR,Cuffe Parade,06:45,07:37,52.0,True,Metro AC,Off-Peak,All Days,10,405,Early Morning (06-08),34,AC,,
MetMetr_0007,Metro,Metro Line 3 (Aqua),Down,Aarey JVLR,Cuffe Parade,06:55,07:47,52.0,True,Metro AC,Off-Peak,All Days,10,415,Early Morning (06-08),34,AC,,
MetMetr_0008,Metro,Metro Line 3 (Aqua),Down,Aarey JVLR,Cuffe Parade,07:05,07:57,52.0,True,Metro AC,Peak,All Days,5,425,Early Morning (06-08),34,AC,,
MetMetr_0009,Metro,Metro Line 3 (Aqua),Down,Aarey JVLR,Cuffe Parade,07:10,08:02,52.0,True,Metro AC,Peak,All Days,5,430,Early Morning (06-08),34,AC,,
MetMetr_0010,Metro,Metro Line 3 (Aqua),Down,Aarey JVLR,Cuffe Parade,07:15,08:07,52.0,True,Metro AC,Peak,All Days,5,435,Early Morning (06-08),34,AC,,
MetMetr_0011,Metro,Metro Line 3 (Aqua),Down,Aarey JVLR,Cuffe Parade,07:20,08:12,52.0,True,Metro AC,Peak,All Days,5,440,Early Morning (06-08),34,AC,,
MetMetr_0012,Metro,Metro Line 3 (Aqua),Down,Aarey JVLR,Cuffe Parade,07:25,08:17,52.0,True,Metro AC,Peak,All Days,5,445,Early Morning (06-08),34,AC,,
MetMetr_0013,Metro,Metro Line 3 (Aqua),Down,Aarey JVLR,Cuffe Parade,07:30,08:22,52.0,True,Metro AC,Peak,All Days,5,450,Early Morning (06-08),34,AC,,
MetMetr_0014,Metro,Metro Line 3 (Aqua),Down,Aarey JVLR,Cuffe Parade,07:35,08:27,52.0,True,Metro AC,Peak,All Days,5,455,Early Morning (06-08),34,AC,,
MetMetr_0015,Metro,Metro Line 3 (Aqua),Down,Aarey JVLR,Cuffe Parade,07:40,08:32,52.0,True,Metro AC,Peak,All Days,5,460,Early Morning (06-08),34,AC,,
MetMetr_0016,Metro,Metro Line 3 (Aqua),Down,Aarey JVLR,Cuffe Parade,07:45,08:37,52.0,True,Metro AC,Peak,All Days,5,465,Early Morning (06-08),34,AC,,
MetMetr_0017,Metro,Metro Line 3 (Aqua),Down,Aarey JVLR,Cuffe Parade,07:50,08:42,52.0,True,Metro AC,Peak,All Days,5,470,Early Morning (06-08),34,AC,,
MetMetr_0018,Metro,Metro Line 3 (Aqua),Down,Aarey JVLR,Cuffe Parade,07:55,08:47,52.0,True,Metro AC,Peak,All Days,5,475,Early Morning (06-08),34,AC,,
MetMetr_0019,Metro,Metro Line 3 (Aqua),Down,Aarey JVLR,Cuffe Parade,08:00,08:52,52.0,True,Metro AC,Peak,All Days,5,480,Morning Peak (08-10),48,AC,,
MetMetr_0020,Metro,Metro Line 3 (Aqua),Down,Aarey JVLR,Cuffe Parade,08:05,08:57,52.0,True,Metro AC,Peak,All Days,5,485,Morning Peak (08-10),48,AC,,
MetMetr_0021,Metro,Metro Line 3 (Aqua),Down,Aarey JVLR,Cuffe Parade,08:10,09:02,52.0,True,Metro AC,Peak,All Days,5,490,Morning Peak (08-10),48,AC,,
MetMetr_0022,Metro,Metro Line 3 (Aqua),Down,Aarey JVLR,Cuffe Parade,08:15,09:07,52.0,True,Metro AC,Peak,All Days,5,495,Morning Peak (08-10),48,AC,,
MetMetr_0023,Metro,Metro Line 3 (Aqua),Down,Aarey JVLR,Cuffe Parade,08:20,09:12,52.0,True,Metro AC,Peak,All Days,5,500,Morning Peak (08-10),48,AC,,
MetMetr_0024,Metro,Metro Line 3 (Aqua),Down,Aarey JVLR,Cuffe Parade,08:25,09:17,52.0,True,Metro AC,Peak,All Days,5,505,Morning Peak (08-10),48,AC,,
MetMetr_0025,Metro,Metro Line 3 (Aqua),Down,Aarey JVLR,Cuffe Parade,08:30,09:22,52.0,True,Metro AC,Peak,All Days,5,510,Morning Peak (08-10),48,AC,,
MetMetr_0026,Metro,Metro Line 3 (Aqua),Down,Aarey JVLR,Cuffe Parade,08:35,09:27,52.0,True,Metro AC,Peak,All Days,5,515,Morning Peak (08-10),48,AC,,
MetMetr_0027,Metro,Metro Line 3 (Aqua),Down,Aarey JVLR,Cuffe Parade,08:40,09:32,52.0,True,Metro AC,Peak,All Days,5,520,Morning Peak (08-10),48,AC,,
MetMetr_0028,Metro,Metro Line 3 (Aqua),Down,Aarey JVLR,Cuffe Parade,08:45,09:37,52.0,True,Metro AC,Peak,All Days,5,525,Morning Peak (08-10),48,AC,,
MetMetr_0029,Metro,Metro Line 3 (Aqua),Down,Aarey JVLR,Cuffe Parade,08:50,09:42,52.0,True,Metro AC,Peak,All Days,5,530,Morning Peak (08-10),48,AC,,
MetMetr_0030,Metro,Metro Line 3 (Aqua),Down,Aarey JVLR,Cuffe Parade,08:55,09:47,52.0,True,Metro AC,Peak,All Days,5,535,Morning Peak (08-10),48,AC,,
MetMetr_0031,Metro,Metro Line 3 (Aqua),Down,Aarey JVLR,Cuffe Parade,09:00,09:52,52.0,True,Metro AC,Peak,All Days,5,540,Morning Peak (08-10),48,AC,,
MetMetr_0032,Metro,Metro Line 3 (Aqua),Down,Aarey JVLR,Cuffe Parade,09:05,09:57,52.0,True,Metro AC,Peak,All Days,5,545,Morning Peak (08-10),48,AC,,
MetMetr_0033,Metro,Metro Line 3 (Aqua),Down,Aarey JVLR,Cuffe Parade,09:10,10:02,52.0,True,Metro AC,Peak,All Days,5,550,Morning Peak (08-10),48,AC,,
MetMetr_0034,Metro,Metro Line 3 (Aqua),Down,Aarey JVLR,Cuffe Parade,09:15,10:07,52.0,True,Metro AC,Peak,All Days,5,555,Morning Peak (08-10),48,AC,,
MetMetr_0035,Metro,Metro Line 3 (Aqua),Down,Aarey JVLR,Cuffe Parade,09:20,10:12,52.0,True,Metro AC,Peak,All Days,5,560,Morning Peak (08-10),48,AC,,
MetMetr_0036,Metro,Metro Line 3 (Aqua),Down,Aarey JVLR,Cuffe Parade,09:25,10:17,52.0,True,Metro AC,Peak,All Days,5,565,Morning Peak (08-10),48,AC,,
MetMetr_0037,Metro,Metro Line 3 (Aqua),Down,Aarey JVLR,Cuffe Parade,09:30,10:22,52.0,True,Metro AC,Peak,All Days,5,570,Morning Peak (08-10),48,AC,,
MetMetr_0038,Metro,Metro Line 3 (Aqua),Down,Aarey JVLR,Cuffe Parade,09:35,10:27,52.0,True,Metro AC,Peak,All Days,5,575,Morning Peak (08-10),48,AC,,
MetMetr_0039,Metro,Metro Line 3 (Aqua),Down,Aarey JVLR,Cuffe Parade,09:40,10:32,52.0,True,Metro AC,Peak,All Days,5,580,Morning Peak (08-10),48,AC,,
MetMetr_0040,Metro,Metro Line 3 (Aqua),Down,Aarey JVLR,Cuffe Parade,09:45,10:37,52.0,True,Metro AC,Peak,All Days,5,585,Morning Peak (08-10),48,AC,,
MetMetr_0041,Metro,Metro Line 3 (Aqua),Down,Aarey JVLR,Cuffe Parade,09:50,10:42,52.0,True,Metro AC,Peak,All Days,5,590,Morning Peak (08-10),48,AC,,
MetMetr_0042,Metro,Metro Line 3 (Aqua),Down,Aarey JVLR,Cuffe Parade,09:55,10:47,52.0,True,Metro AC,Peak,All Days,5,595,Morning Peak (08-10),48,AC,,
MetMetr_0043,Metro,Metro Line 3 (Aqua),Down,Aarey JVLR,Cuffe Parade,10:00,10:52,52.0,True,Metro AC,Peak,All Days,5,600,Mid-Morning (10-12),42,AC,,
MetMetr_0044,Metro,Metro Line 3 (Aqua),Down,Aarey JVLR,Cuffe Parade,10:05,10:57,52.0,True,Metro AC,Peak,All Days,5,605,Mid-Morning (10-12),42,AC,,
MetMetr_0045,Metro,Metro Line 3 (Aqua),Down,Aarey JVLR,Cuffe Parade,10:10,11:02,52.0,True,Metro AC,Peak,All Days,5,610,Mid-Morning (10-12),42,AC,,
MetMetr_0046,Metro,Metro Line 3 (Aqua),Down,Aarey JVLR,Cuffe Parade,10:15,11:07,52.0,True,Metro AC,Peak,All Days,5,615,Mid-Morning (10-12),42,AC,,
MetMetr_0047,Metro,Metro Line 3 (Aqua),Down,Aarey JVLR,Cuffe Parade,10:20,11:12,52.0,True,Metro AC,Peak,All Days,5,620,Mid-Morning (10-12),42,AC,,
MetMetr_0048,Metro,Metro Line 3 (Aqua),Down,Aarey JVLR,Cuffe Parade,10:25,11:17,52.0,True,Metro AC,Peak,All Days,5,625,Mid-Morning (10-12),42,AC,,
MetMetr_0049,Metro,Metro Line 3 (Aqua),Down,Aarey JVLR,Cuffe Parade,10:30,11:22,52.0,True,Metro AC,Peak,All Days,5,630,Mid-Morning (10-12),42,AC,,
MetMetr_0050,Metro,Metro Line 3 (Aqua),Down,Aarey JVLR,Cuffe Parade,10:35,11:27,52.0,True,Metro AC,Peak,All Days,5,635,Mid-Morning (10-12),42,AC,,
MetMetr_0051,Metro,Metro Line 3 (Aqua),Down,Aarey JVLR,Cuffe Parade,10:40,11:32,52.0,True,Metro AC,Peak,All Days,5,640,Mid-Morning (10-12),42,AC,,
MetMetr_0052,Metro,Metro Line 3 (Aqua),Down,Aarey JVLR,Cuffe Parade,10:45,11:37,52.0,True,Metro AC,Peak,All Days,5,645,Mid-Morning (10-12),42,AC,,
MetMetr_0053,Metro,Metro Line 3 (Aqua),Down,Aarey JVLR,Cuffe Parade,10:50,11:42,52.0,True,Metro AC,Peak,All Days,5,650,Mid-Morning (10-12),42,AC,,
MetMetr_0054,Metro,Metro Line 3 (Aqua),Down,Aarey JVLR,Cuffe Parade,10:55,11:47,52.0,True,Metro AC,Peak,All Days,5,655,Mid-Morning (10-12),42,AC,,
MetMetr_0055,Metro,Metro Line 3 (Aqua),Down,Aarey JVLR,Cuffe Parade,11:00,11:52,52.0,True,Metro AC,Off-Peak,All Days,7,660,Mid-Morning (10-12),42,AC,,
MetMetr_0056,Metro,Metro Line 3 (Aqua),Down,Aarey JVLR,Cuffe Parade,11:07,11:59,52.0,True,Metro AC,Off-Peak,All Days,7,667,Mid-Morning (10-12),42,AC,,
MetMetr_0057,Metro,Metro Line 3 (Aqua),Down,Aarey JVLR,Cuffe Parade,11:14,12:06,52.0,True,Metro AC,Off-Peak,All Days,7,674,Mid-Morning (10-12),42,AC,,
MetMetr_0058,Metro,Metro Line 3 (Aqua),Down,Aarey JVLR,Cuffe Parade,11:21,12:13,52.0,True,Metro AC,Off-Peak,All Days,7,681,Mid-Morning (10-12),42,AC,,
MetMetr_0059,Metro,Metro Line 3 (Aqua),Down,Aarey JVLR,Cuffe Parade,11:28,12:20,52.0,True,Metro AC,Off-Peak,All Days,7,688,Mid-Morning (10-12),42,AC,,
MetMetr_0060,Metro,Metro Line 3 (Aqua),Down,Aarey JVLR,Cuffe Parade,11:35,12:27,52.0,True,Metro AC,Off-Peak,All Days,7,695,Mid-Morning (10-12),42,AC,,
MetMetr_0061,Metro,Metro Line 3 (Aqua),Down,Aarey JVLR,Cuffe Parade,11:42,12:34,52.0,True,Metro AC,Off-Peak,All Days,7,702,Mid-Morning (10-12),42,AC,,
MetMetr_0062,Metro,Metro Line 3 (Aqua),Down,Aarey JVLR,Cuffe Parade,11:49,12:41,52.0,True,Metro AC,Off-Peak,All Days,7,709,Mid-Morning (10-12),42,AC,,
MetMetr_0063,Metro,Metro Line 3 (Aqua),Down,Aarey JVLR,Cuffe Parade,11:56,12:48,52.0,True,Metro AC,Off-Peak,All Days,7,716,Mid-Morning (10-12),42,AC,,
MetMetr_0064,Metro,Metro Line 3 (Aqua),Down,Aarey JVLR,Cuffe Parade,12:03,12:55,52.0,True,Metro AC,Off-Peak,All Days,7,723,Afternoon (12-14),34,AC,,
MetMetr_0065,Metro,Metro Line 3 (Aqua),Down,Aarey JVLR,Cuffe Parade,12:10,13:02,52.0,True,Metro AC,Off-Peak,All Days,7,730,Afternoon (12-14),34,AC,,
MetMetr_0066,Metro,Metro Line 3 (Aqua),Down,Aarey JVLR,Cuffe Parade,12:17,13:09,52.0,True,Metro AC,Off-Peak,All Days,7,737,Afternoon (12-14),34,AC,,
MetMetr_0067,Metro,Metro Line 3 (Aqua),Down,Aarey JVLR,Cuffe Parade,12:24,13:16,52.0,True,Metro AC,Off-Peak,All Days,7,744,Afternoon (12-14),34,AC,,
MetMetr_0068,Metro,Metro Line 3 (Aqua),Down,Aarey JVLR,Cuffe Parade,12:31,13:23,52.0,True,Metro AC,Off-Peak,All Days,7,751,Afternoon (12-14),34,AC,,
MetMetr_0069,Metro,Metro Line 3 (Aqua),Down,Aarey JVLR,Cuffe Parade,12:38,13:30,52.0,True,Metro AC,Off-Peak,All Days,7,758,Afternoon (12-14),34,AC,,
MetMetr_0070,Metro,Metro Line 3 (Aqua),Down,Aarey JVLR,Cuffe Parade,12:45,13:37,52.0,True,Metro AC,Off-Peak,All Days,7,765,Afternoon (12-14),34,AC,,
MetMetr_0071,Metro,Metro Line 3 (Aqua),Down,Aarey JVLR,Cuffe Parade,12:52,13:44,52.0,True,Metro AC,Off-Peak,All Days,7,772,Afternoon (12-14),34,AC,,
MetMetr_0072,Metro,Metro Line 3 (Aqua),Down,Aarey JVLR,Cuffe Parade,12:59,13:51,52.0,True,Metro AC,Off-Peak,All Days,7,779,Afternoon (12-14),34,AC,,
MetMetr_0073,Metro,Metro Line 3 (Aqua),Down,Aarey JVLR,Cuffe Parade,13:06,13:58,52.0,True,Metro AC,Off-Peak,All Days,7,786,Afternoon (12-14),34,AC,,
MetMetr_0074,Metro,Metro Line 3 (Aqua),Down,Aarey JVLR,Cuffe Parade,13:13,14:05,52.0,True,Metro AC,Off-Peak,All Days,7,793,Afternoon (12-14),34,AC,,
MetMetr_0075,Metro,Metro Line 3 (Aqua),Down,Aarey JVLR,Cuffe Parade,13:20,14:12,52.0,True,Metro AC,Off-Peak,All Days,7,800,Afternoon (12-14),34,AC,,
MetMetr_0076,Metro,Metro Line 3 (Aqua),Down,Aarey JVLR,Cuffe Parade,13:27,14:19,52.0,True,Metro AC,Off-Peak,All Days,7,807,Afternoon (12-14),34,AC,,
MetMetr_0077,Metro,Metro Line 3 (Aqua),Down,Aarey JVLR,Cuffe Parade,13:34,14:26,52.0,True,Metro AC,Off-Peak,All Days,7,814,Afternoon (12-14),34,AC,,
MetMetr_0078,Metro,Metro Line 3 (Aqua),Down,Aarey JVLR,Cuffe Parade,13:41,14:33,52.0,True,Metro AC,Off-Peak,All Days,7,821,Afternoon (12-14),34,AC,,
MetMetr_0079,Metro,Metro Line 3 (Aqua),Down,Aarey JVLR,Cuffe Parade,13:48,14:40,52.0,True,Metro AC,Off-Peak,All Days,7,828,Afternoon (12-14),34,AC,,
MetMetr_0080,Metro,Metro Line 3 (Aqua),Down,Aarey JVLR,Cuffe Parade,13:55,14:47,52.0,True,Metro AC,Off-Peak,All Days,7,835,Afternoon (12-14),34,AC,,
MetMetr_0081,Metro,Metro Line 3 (Aqua),Down,Aarey JVLR,Cuffe Parade,14:02,14:54,52.0,True,Metro AC,Off-Peak,All Days,7,842,Evening Peak (16-18),34,AC,,
MetMetr_0082,Metro,Metro Line 3 (Aqua),Down,Aarey JVLR,Cuffe Parade,14:09,15:01,52.0,True,Metro AC,Off-Peak,All Days,7,849,Evening Peak (16-18),34,AC,,
MetMetr_0083,Metro,Metro Line 3 (Aqua),Down,Aarey JVLR,Cuffe Parade,14:16,15:08,52.0,True,Metro AC,Off-Peak,All Days,7,856,Evening Peak (16-18),34,AC,,
MetMetr_0084,Metro,Metro Line 3 (Aqua),Down,Aarey JVLR,Cuffe Parade,14:23,15:15,52.0,True,Metro AC,Off-Peak,All Days,7,863,Evening Peak (16-18),34,AC,,
MetMetr_0085,Metro,Metro Line 3 (Aqua),Down,Aarey JVLR,Cuffe Parade,14:30,15:22,52.0,True,Metro AC,Off-Peak,All Days,7,870,Evening Peak (16-18),34,AC,,
MetMetr_0086,Metro,Metro Line 3 (Aqua),Down,Aarey JVLR,Cuffe Parade,14:37,15:29,52.0,True,Metro AC,Off-Peak,All Days,7,877,Evening Peak (16-18),34,AC,,
MetMetr_0087,Metro,Metro Line 3 (Aqua),Down,Aarey JVLR,Cuffe Parade,14:44,15:36,52.0,True,Metro AC,Off-Peak,All Days,7,884,Evening Peak (16-18),34,AC,,
MetMetr_0088,Metro,Metro Line 3 (Aqua),Down,Aarey JVLR,Cuffe Parade,14:51,15:43,52.0,True,Metro AC,Off-Peak,All Days,7,891,Evening Peak (16-18),34,AC,,
MetMetr_0089,Metro,Metro Line 3 (Aqua),Down,Aarey JVLR,Cuffe Parade,14:58,15:50,52.0,True,Metro AC,Off-Peak,All Days,7,898,Evening Peak (16-18),34,AC,,
MetMetr_0090,Metro,Metro Line 3 (Aqua),Down,Aarey JVLR,Cuffe Parade,15:05,15:57,52.0,True,Metro AC,Off-Peak,All Days,7,905,Evening Peak (16-18),34,AC,,
MetMetr_0091,Metro,Metro Line 3 (Aqua),Down,Aarey JVLR,Cuffe Parade,15:12,16:04,52.0,True,Metro AC,Off-Peak,All Days,7,912,Evening Peak (16-18),34,AC,,
MetMetr_0092,Metro,Metro Line 3 (Aqua),Down,Aarey JVLR,Cuffe Parade,15:19,16:11,52.0,True,Metro AC,Off-Peak,All Days,7,919,Evening Peak (16-18),34,AC,,
MetMetr_0093,Metro,Metro Line 3 (Aqua),Down,Aarey JVLR,Cuffe Parade,15:26,16:18,52.0,True,Metro AC,Off-Peak,All Days,7,926,Evening Peak (16-18),34,AC,,
MetMetr_0094,Metro,Metro Line 3 (Aqua),Down,Aarey JVLR,Cuffe Parade,15:33,16:25,52.0,True,Metro AC,Off-Peak,All Days,7,933,Evening Peak (16-18),34,AC,,
MetMetr_0095,Metro,Metro Line 3 (Aqua),Down,Aarey JVLR,Cuffe Parade,15:40,16:32,52.0,True,Metro AC,Off-Peak,All Days,7,940,Evening Peak (16-18),34,AC,,
MetMetr_0096,Metro,Metro Line 3 (Aqua),Down,Aarey JVLR,Cuffe Parade,15:47,16:39,52.0,True,Metro AC,Off-Peak,All Days,7,947,Evening Peak (16-18),34,AC,,
MetMetr_0097,Metro,Metro Line 3 (Aqua),Down,Aarey JVLR,Cuffe Parade,15:54,16:46,52.0,True,Metro AC,Off-Peak,All Days,7,954,Evening Peak (16-18),34,AC,,
MetMetr_0098,Metro,Metro Line 3 (Aqua),Down,Aarey JVLR,Cuffe Parade,16:01,16:53,52.0,True,Metro AC,Off-Peak,All Days,7,961,Evening (18-21),42,AC,,
MetMetr_0099,Metro,Metro Line 3 (Aqua),Down,Aarey JVLR,Cuffe Parade,16:08,17:00,52.0,True,Metro AC,Off-Peak,All Days,7,968,Evening (18-21),42,AC,,
MetMetr_0100,Metro,Metro Line 3 (Aqua),Down,Aarey JVLR,Cuffe Parade,16:15,17:07,52.0,True,Metro AC,Off-Peak,All Days,7,975,Evening (18-21),42,AC,,
MetMetr_0101,Metro,Metro Line 3 (Aqua),Down,Aarey JVLR,Cuffe Parade,16:22,17:14,52.0,True,Metro AC,Off-Peak,All Days,7,982,Evening (18-21),42,AC,,
MetMetr_0102,Metro,Metro Line 3 (Aqua),Down,Aarey JVLR,Cuffe Parade,16:29,17:21,52.0,True,Metro AC,Off-Peak,All Days,7,989,Evening (18-21),42,AC,,
MetMetr_0103,Metro,Metro Line 3 (Aqua),Down,Aarey JVLR,Cuffe Parade,16:36,17:28,52.0,True,Metro AC,Off-Peak,All Days,7,996,Evening (18-21),42,AC,,
MetMetr_0104,Metro,Metro Line 3 (Aqua),Down,Aarey JVLR,Cuffe Parade,16:43,17:35,52.0,True,Metro AC,Off-Peak,All Days,7,1003,Evening (18-21),42,AC,,
MetMetr_0105,Metro,Metro Line 3 (Aqua),Down,Aarey JVLR,Cuffe Parade,16:50,17:42,52.0,True,Metro AC,Off-Peak,All Days,7,1010,Evening (18-21),42,AC,,
MetMetr_0106,Metro,Metro Line 3 (Aqua),Down,Aarey JVLR,Cuffe Parade,16:57,17:49,52.0,True,Metro AC,Off-Peak,All Days,7,1017,Evening (18-21),42,AC,,
MetMetr_0107,Metro,Metro Line 3 (Aqua),Down,Aarey JVLR,Cuffe Parade,17:04,17:56,52.0,True,Metro AC,Peak,All Days,5,1024,Evening (18-21),42,AC,,
MetMetr_0108,Metro,Metro Line 3 (Aqua),Down,Aarey JVLR,Cuffe Parade,17:09,18:01,52.0,True,Metro AC,Peak,All Days,5,1029,Evening (18-21),42,AC,,
MetMetr_0109,Metro,Metro Line 3 (Aqua),Down,Aarey JVLR,Cuffe Parade,17:14,18:06,52.0,True,Metro AC,Peak,All Days,5,1034,Evening (18-21),42,AC,,
MetMetr_0110,Metro,Metro Line 3 (Aqua),Down,Aarey JVLR,Cuffe Parade,17:19,18:11,52.0,True,Metro AC,Peak,All Days,5,1039,Evening (18-21),42,AC,,
MetMetr_0111,Metro,Metro Line 3 (Aqua),Down,Aarey JVLR,Cuffe Parade,17:24,18:16,52.0,True,Metro AC,Peak,All Days,5,1044,Evening (18-21),42,AC,,
MetMetr_0112,Metro,Metro Line 3 (Aqua),Down,Aarey JVLR,Cuffe Parade,17:29,18:21,52.0,True,Metro AC,Peak,All Days,5,1049,Evening (18-21),42,AC,,
MetMetr_0113,Metro,Metro Line 3 (Aqua),Down,Aarey JVLR,Cuffe Parade,17:34,18:26,52.0,True,Metro AC,Peak,All Days,5,1054,Evening (18-21),42,AC,,
MetMetr_0114,Metro,Metro Line 3 (Aqua),Down,Aarey JVLR,Cuffe Parade,17:39,18:31,52.0,True,Metro AC,Peak,All Days,5,1059,Evening (18-21),42,AC,,
MetMetr_0115,Metro,Metro Line 3 (Aqua),Down,Aarey JVLR,Cuffe Parade,17:44,18:36,52.0,True,Metro AC,Peak,All Days,5,1064,Evening (18-21),42,AC,,
MetMetr_0116,Metro,Metro Line 3 (Aqua),Down,Aarey JVLR,Cuffe Parade,17:49,18:41,52.0,True,Metro AC,Peak,All Days,5,1069,Evening (18-21),42,AC,,
MetMetr_0117,Metro,Metro Line 3 (Aqua),Down,Aarey JVLR,Cuffe Parade,17:54,18:46,52.0,True,Metro AC,Peak,All Days,5,1074,Evening (18-21),42,AC,,
MetMetr_0118,Metro,Metro Line 3 (Aqua),Down,Aarey JVLR,Cuffe Parade,17:59,18:51,52.0,True,Metro AC,Peak,All Days,5,1079,Evening (18-21),42,AC,,
MetMetr_0119,Metro,Metro Line 3 (Aqua),Down,Aarey JVLR,Cuffe Parade,18:04,18:56,52.0,True,Metro AC,Peak,All Days,5,1084,Night (21-24),94,AC,,
MetMetr_0120,Metro,Metro Line 3 (Aqua),Down,Aarey JVLR,Cuffe Parade,18:09,19:01,52.0,True,Metro AC,Peak,All Days,5,1089,Night (21-24),94,AC,,
MetMetr_0121,Metro,Metro Line 3 (Aqua),Down,Aarey JVLR,Cuffe Parade,18:14,19:06,52.0,True,Metro AC,Peak,All Days,5,1094,Night (21-24),94,AC,,
MetMetr_0122,Metro,Metro Line 3 (Aqua),Down,Aarey JVLR,Cuffe Parade,18:19,19:11,52.0,True,Metro AC,Peak,All Days,5,1099,Night (21-24),94,AC,,
MetMetr_0123,Metro,Metro Line 3 (Aqua),Down,Aarey JVLR,Cuffe Parade,18:24,19:16,52.0,True,Metro AC,Peak,All Days,5,1104,Night (21-24),94,AC,,
MetMetr_0124,Metro,Metro Line 3 (Aqua),Down,Aarey JVLR,Cuffe Parade,18:29,19:21,52.0,True,Metro AC,Peak,All Days,5,1109,Night (21-24),94,AC,,
MetMetr_0125,Metro,Metro Line 3 (Aqua),Down,Aarey JVLR,Cuffe Parade,18:34,19:26,52.0,True,Metro AC,Peak,All Days,5,1114,Night (21-24),94,AC,,
MetMetr_0126,Metro,Metro Line 3 (Aqua),Down,Aarey JVLR,Cuffe Parade,18:39,19:31,52.0,True,Metro AC,Peak,All Days,5,1119,Night (21-24),94,AC,,
MetMetr_0127,Metro,Metro Line 3 (Aqua),Down,Aarey JVLR,Cuffe Parade,18:44,19:36,52.0,True,Metro AC,Peak,All Days,5,1124,Night (21-24),94,AC,,
MetMetr_0128,Metro,Metro Line 3 (Aqua),Down,Aarey JVLR,Cuffe Parade,18:49,19:41,52.0,True,Metro AC,Peak,All Days,5,1129,Night (21-24),94,AC,,
MetMetr_0129,Metro,Metro Line 3 (Aqua),Down,Aarey JVLR,Cuffe Parade,18:54,19:46,52.0,True,Metro AC,Peak,All Days,5,1134,Night (21-24),94,AC,,
MetMetr_0130,Metro,Metro Line 3 (Aqua),Down,Aarey JVLR,Cuffe Parade,18:59,19:51,52.0,True,Metro AC,Peak,All Days,5,1139,Night (21-24),94,AC,,
MetMetr_0131,Metro,Metro Line 3 (Aqua),Down,Aarey JVLR,Cuffe Parade,19:04,19:56,52.0,True,Metro AC,Peak,All Days,5,1144,Night (21-24),94,AC,,
MetMetr_0132,Metro,Metro Line 3 (Aqua),Down,Aarey JVLR,Cuffe Parade,19:09,20:01,52.0,True,Metro AC,Peak,All Days,5,1149,Night (21-24),94,AC,,
MetMetr_0133,Metro,Metro Line 3 (Aqua),Down,Aarey JVLR,Cuffe Parade,19:14,20:06,52.0,True,Metro AC,Peak,All Days,5,1154,Night (21-24),94,AC,,
MetMetr_0134,Metro,Metro Line 3 (Aqua),Down,Aarey JVLR,Cuffe Parade,19:19,20:11,52.0,True,Metro AC,Peak,All Days,5,1159,Night (21-24),94,AC,,
MetMetr_0135,Metro,Metro Line 3 (Aqua),Down,Aarey JVLR,Cuffe Parade,19:24,20:16,52.0,True,Metro AC,Peak,All Days,5,1164,Night (21-24),94,AC,,
MetMetr_0136,Metro,Metro Line 3 (Aqua),Down,Aarey JVLR,Cuffe Parade,19:29,20:21,52.0,True,Metro AC,Peak,All Days,5,1169,Night (21-24),94,AC,,
MetMetr_0137,Metro,Metro Line 3 (Aqua),Down,Aarey JVLR,Cuffe Parade,19:34,20:26,52.0,True,Metro AC,Peak,All Days,5,1174,Night (21-24),94,AC,,
MetMetr_0138,Metro,Metro Line 3 (Aqua),Down,Aarey JVLR,Cuffe Parade,19:39,20:31,52.0,True,Metro AC,Peak,All Days,5,1179,Night (21-24),94,AC,,
MetMetr_0139,Metro,Metro Line 3 (Aqua),Down,Aarey JVLR,Cuffe Parade,19:44,20:36,52.0,True,Metro AC,Peak,All Days,5,1184,Night (21-24),94,AC,,
MetMetr_0140,Metro,Metro Line 3 (Aqua),Down,Aarey JVLR,Cuffe Parade,19:49,20:41,52.0,True,Metro AC,Peak,All Days,5,1189,Night (21-24),94,AC,,
MetMetr_0141,Metro,Metro Line 3 (Aqua),Down,Aarey JVLR,Cuffe Parade,19:54,20:46,52.0,True,Metro AC,Peak,All Days,5,1194,Night (21-24),94,AC,,
MetMetr_0142,Metro,Metro Line 3 (Aqua),Down,Aarey JVLR,Cuffe Parade,19:59,20:51,52.0,True,Metro AC,Peak,All Days,5,1199,Night (21-24),94,AC,,
MetMetr_0143,Metro,Metro Line 3 (Aqua),Down,Aarey JVLR,Cuffe Parade,20:04,20:56,52.0,True,Metro AC,Peak,All Days,5,1204,Night (21-24),94,AC,,
MetMetr_0144,Metro,Metro Line 3 (Aqua),Down,Aarey JVLR,Cuffe Parade,20:09,21:01,52.0,True,Metro AC,Peak,All Days,5,1209,Night (21-24),94,AC,,
MetMetr_0145,Metro,Metro Line 3 (Aqua),Down,Aarey JVLR,Cuffe Parade,20:14,21:06,52.0,True,Metro AC,Peak,All Days,5,1214,Night (21-24),94,AC,,
MetMetr_0146,Metro,Metro Line 3 (Aqua),Down,Aarey JVLR,Cuffe Parade,20:19,21:11,52.0,True,Metro AC,Peak,All Days,5,1219,Night (21-24),94,AC,,
MetMetr_0147,Metro,Metro Line 3 (Aqua),Down,Aarey JVLR,Cuffe Parade,20:24,21:16,52.0,True,Metro AC,Peak,All Days,5,1224,Night (21-24),94,AC,,
MetMetr_0148,Metro,Metro Line 3 (Aqua),Down,Aarey JVLR,Cuffe Parade,20:29,21:21,52.0,True,Metro AC,Peak,All Days,5,1229,Night (21-24),94,AC,,
MetMetr_0149,Metro,Metro Line 3 (Aqua),Down,Aarey JVLR,Cuffe Parade,20:34,21:26,52.0,True,Metro AC,Peak,All Days,5,1234,Night (21-24),94,AC,,
MetMetr_0150,Metro,Metro Line 3 (Aqua),Down,Aarey JVLR,Cuffe Parade,20:39,21:31,52.0,True,Metro AC,Peak,All Days,5,1239,Night (21-24),94,AC,,
MetMetr_0151,Metro,Metro Line 3 (Aqua),Down,Aarey JVLR,Cuffe Parade,20:44,21:36,52.0,True,Metro AC,Peak,All Days,5,1244,Night (21-24),94,AC,,
MetMetr_0152,Metro,Metro Line 3 (Aqua),Down,Aarey JVLR,Cuffe Parade,20:49,21:41,52.0,True,Metro AC,Peak,All Days,5,1249,Night (21-24),94,AC,,
MetMetr_0153,Metro,Metro Line 3 (Aqua),Down,Aarey JVLR,Cuffe Parade,20:54,21:46,52.0,True,Metro AC,Peak,All Days,5,1254,Night (21-24),94,AC,,
MetMetr_0154,Metro,Metro Line 3 (Aqua),Down,Aarey JVLR,Cuffe Parade,20:59,21:51,52.0,True,Metro AC,Peak,All Days,5,1259,Night (21-24),94,AC,,
MetMetr_0155,Metro,Metro Line 3 (Aqua),Down,Aarey JVLR,Cuffe Parade,21:04,21:56,52.0,True,Metro AC,Off-Peak,All Days,8,1264,Night (21-24),94,AC,,
MetMetr_0156,Metro,Metro Line 3 (Aqua),Down,Aarey JVLR,Cuffe Parade,21:12,22:04,52.0,True,Metro AC,Off-Peak,All Days,8,1272,Night (21-24),94,AC,,
MetMetr_0157,Metro,Metro Line 3 (Aqua),Down,Aarey JVLR,Cuffe Parade,21:20,22:12,52.0,True,Metro AC,Off-Peak,All Days,8,1280,Night (21-24),94,AC,,
MetMetr_0158,Metro,Metro Line 3 (Aqua),Down,Aarey JVLR,Cuffe Parade,21:28,22:20,52.0,True,Metro AC,Off-Peak,All Days,8,1288,Night (21-24),94,AC,,
MetMetr_0159,Metro,Metro Line 3 (Aqua),Down,Aarey JVLR,Cuffe Parade,21:36,22:28,52.0,True,Metro AC,Off-Peak,All Days,8,1296,Night (21-24),94,AC,,
MetMetr_0160,Metro,Metro Line 3 (Aqua),Down,Aarey JVLR,Cuffe Parade,21:44,22:36,52.0,True,Metro AC,Off-Peak,All Days,8,1304,Night (21-24),94,AC,,
MetMetr_0161,Metro,Metro Line 3 (Aqua),Down,Aarey JVLR,Cuffe Parade,21:52,22:44,52.0,True,Metro AC,Off-Peak,All Days,8,1312,Night (21-24),94,AC,,
MetMetr_0162,Metro,Metro Line 3 (Aqua),Down,Aarey JVLR,Cuffe Parade,22:00,22:52,52.0,True,Metro AC,Off-Peak,All Days,8,1320,Night (21-24),94,AC,,
MetMetr_0163,Metro,Metro Line 3 (Aqua),Down,Aarey JVLR,Cuffe Parade,22:08,23:00,52.0,True,Metro AC,Off-Peak,All Days,8,1328,Night (21-24),94,AC,,
MetMetr_0164,Metro,Metro Line 3 (Aqua),Down,Aarey JVLR,Cuffe Parade,22:16,23:08,52.0,True,Metro AC,Off-Peak,All Days,8,1336,Night (21-24),94,AC,,
MetMetr_0165,Metro,Metro Line 3 (Aqua),Down,Aarey JVLR,Cuffe Parade,22:24,23:16,52.0,True,Metro AC,Off-Peak,All Days,8,1344,Night (21-24),94,AC,,
MetMetr_0001,Metro,Metro Line 3 (Aqua),Up,Cuffe Parade,Aarey JVLR,05:55,06:47,52.0,True,Metro AC,Off-Peak,All Days,10,355,Late Night (00-06),2,AC,,
MetMetr_0002,Metro,Metro Line 3 (Aqua),Up,Cuffe Parade,Aarey JVLR,06:05,06:57,52.0,True,Metro AC,Off-Peak,All Days,10,365,Early Morning (06-08),34,AC,,
MetMetr_0003,Metro,Metro Line 3 (Aqua),Up,Cuffe Parade,Aarey JVLR,06:15,07:07,52.0,True,Metro AC,Off-Peak,All Days,10,375,Early Morning (06-08),34,AC,,
MetMetr_0004,Metro,Metro Line 3 (Aqua),Up,Cuffe Parade,Aarey JVLR,06:25,07:17,52.0,True,Metro AC,Off-Peak,All Days,10,385,Early Morning (06-08),34,AC,,
MetMetr_0005,Metro,Metro Line 3 (Aqua),Up,Cuffe Parade,Aarey JVLR,06:35,07:27,52.0,True,Metro AC,Off-Peak,All Days,10,395,Early Morning (06-08),34,AC,,
MetMetr_0006,Metro,Metro Line 3 (Aqua),Up,Cuffe Parade,Aarey JVLR,06:45,07:37,52.0,True,Metro AC,Off-Peak,All Days,10,405,Early Morning (06-08),34,AC,,
MetMetr_0007,Metro,Metro Line 3 (Aqua),Up,Cuffe Parade,Aarey JVLR,06:55,07:47,52.0,True,Metro AC,Off-Peak,All Days,10,415,Early Morning (06-08),34,AC,,
MetMetr_0008,Metro,Metro Line 3 (Aqua),Up,Cuffe Parade,Aarey JVLR,07:05,07:57,52.0,True,Metro AC,Peak,All Days,5,425,Early Morning (06-08),34,AC,,
MetMetr_0009,Metro,Metro Line 3 (Aqua),Up,Cuffe Parade,Aarey JVLR,07:10,08:02,52.0,True,Metro AC,Peak,All Days,5,430,Early Morning (06-08),34,AC,,
MetMetr_0010,Metro,Metro Line 3 (Aqua),Up,Cuffe Parade,Aarey JVLR,07:15,08:07,52.0,True,Metro AC,Peak,All Days,5,435,Early Morning (06-08),34,AC,,
MetMetr_0011,Metro,Metro Line 3 (Aqua),Up,Cuffe Parade,Aarey JVLR,07:20,08:12,52.0,True,Metro AC,Peak,All Days,5,440,Early Morning (06-08),34,AC,,
MetMetr_0012,Metro,Metro Line 3 (Aqua),Up,Cuffe Parade,Aarey JVLR,07:25,08:17,52.0,True,Metro AC,Peak,All Days,5,445,Early Morning (06-08),34,AC,,
MetMetr_0013,Metro,Metro Line 3 (Aqua),Up,Cuffe Parade,Aarey JVLR,07:30,08:22,52.0,True,Metro AC,Peak,All Days,5,450,Early Morning (06-08),34,AC,,
MetMetr_0014,Metro,Metro Line 3 (Aqua),Up,Cuffe Parade,Aarey JVLR,07:35,08:27,52.0,True,Metro AC,Peak,All Days,5,455,Early Morning (06-08),34,AC,,
MetMetr_0015,Metro,Metro Line 3 (Aqua),Up,Cuffe Parade,Aarey JVLR,07:40,08:32,52.0,True,Metro AC,Peak,All Days,5,460,Early Morning (06-08),34,AC,,
MetMetr_0016,Metro,Metro Line 3 (Aqua),Up,Cuffe Parade,Aarey JVLR,07:45,08:37,52.0,True,Metro AC,Peak,All Days,5,465,Early Morning (06-08),34,AC,,
MetMetr_0017,Metro,Metro Line 3 (Aqua),Up,Cuffe Parade,Aarey JVLR,07:50,08:42,52.0,True,Metro AC,Peak,All Days,5,470,Early Morning (06-08),34,AC,,
MetMetr_0018,Metro,Metro Line 3 (Aqua),Up,Cuffe Parade,Aarey JVLR,07:55,08:47,52.0,True,Metro AC,Peak,All Days,5,475,Early Morning (06-08),34,AC,,
MetMetr_0019,Metro,Metro Line 3 (Aqua),Up,Cuffe Parade,Aarey JVLR,08:00,08:52,52.0,True,Metro AC,Peak,All Days,5,480,Morning Peak (08-10),48,AC,,
MetMetr_0020,Metro,Metro Line 3 (Aqua),Up,Cuffe Parade,Aarey JVLR,08:05,08:57,52.0,True,Metro AC,Peak,All Days,5,485,Morning Peak (08-10),48,AC,,
MetMetr_0021,Metro,Metro Line 3 (Aqua),Up,Cuffe Parade,Aarey JVLR,08:10,09:02,52.0,True,Metro AC,Peak,All Days,5,490,Morning Peak (08-10),48,AC,,
MetMetr_0022,Metro,Metro Line 3 (Aqua),Up,Cuffe Parade,Aarey JVLR,08:15,09:07,52.0,True,Metro AC,Peak,All Days,5,495,Morning Peak (08-10),48,AC,,
MetMetr_0023,Metro,Metro Line 3 (Aqua),Up,Cuffe Parade,Aarey JVLR,08:20,09:12,52.0,True,Metro AC,Peak,All Days,5,500,Morning Peak (08-10),48,AC,,
MetMetr_0024,Metro,Metro Line 3 (Aqua),Up,Cuffe Parade,Aarey JVLR,08:25,09:17,52.0,True,Metro AC,Peak,All Days,5,505,Morning Peak (08-10),48,AC,,
MetMetr_0025,Metro,Metro Line 3 (Aqua),Up,Cuffe Parade,Aarey JVLR,08:30,09:22,52.0,True,Metro AC,Peak,All Days,5,510,Morning Peak (08-10),48,AC,,
MetMetr_0026,Metro,Metro Line 3 (Aqua),Up,Cuffe Parade,Aarey JVLR,08:35,09:27,52.0,True,Metro AC,Peak,All Days,5,515,Morning Peak (08-10),48,AC,,
MetMetr_0027,Metro,Metro Line 3 (Aqua),Up,Cuffe Parade,Aarey JVLR,08:40,09:32,52.0,True,Metro AC,Peak,All Days,5,520,Morning Peak (08-10),48,AC,,
MetMetr_0028,Metro,Metro Line 3 (Aqua),Up,Cuffe Parade,Aarey JVLR,08:45,09:37,52.0,True,Metro AC,Peak,All Days,5,525,Morning Peak (08-10),48,AC,,
MetMetr_0029,Metro,Metro Line 3 (Aqua),Up,Cuffe Parade,Aarey JVLR,08:50,09:42,52.0,True,Metro AC,Peak,All Days,5,530,Morning Peak (08-10),48,AC,,
MetMetr_0030,Metro,Metro Line 3 (Aqua),Up,Cuffe Parade,Aarey JVLR,08:55,09:47,52.0,True,Metro AC,Peak,All Days,5,535,Morning Peak (08-10),48,AC,,
MetMetr_0031,Metro,Metro Line 3 (Aqua),Up,Cuffe Parade,Aarey JVLR,09:00,09:52,52.0,True,Metro AC,Peak,All Days,5,540,Morning Peak (08-10),48,AC,,
MetMetr_0032,Metro,Metro Line 3 (Aqua),Up,Cuffe Parade,Aarey JVLR,09:05,09:57,52.0,True,Metro AC,Peak,All Days,5,545,Morning Peak (08-10),48,AC,,
MetMetr_0033,Metro,Metro Line 3 (Aqua),Up,Cuffe Parade,Aarey JVLR,09:10,10:02,52.0,True,Metro AC,Peak,All Days,5,550,Morning Peak (08-10),48,AC,,
MetMetr_0034,Metro,Metro Line 3 (Aqua),Up,Cuffe Parade,Aarey JVLR,09:15,10:07,52.0,True,Metro AC,Peak,All Days,5,555,Morning Peak (08-10),48,AC,,
MetMetr_0035,Metro,Metro Line 3 (Aqua),Up,Cuffe Parade,Aarey JVLR,09:20,10:12,52.0,True,Metro AC,Peak,All Days,5,560,Morning Peak (08-10),48,AC,,
MetMetr_0036,Metro,Metro Line 3 (Aqua),Up,Cuffe Parade,Aarey JVLR,09:25,10:17,52.0,True,Metro AC,Peak,All Days,5,565,Morning Peak (08-10),48,AC,,
MetMetr_0037,Metro,Metro Line 3 (Aqua),Up,Cuffe Parade,Aarey JVLR,09:30,10:22,52.0,True,Metro AC,Peak,All Days,5,570,Morning Peak (08-10),48,AC,,
MetMetr_0038,Metro,Metro Line 3 (Aqua),Up,Cuffe Parade,Aarey JVLR,09:35,10:27,52.0,True,Metro AC,Peak,All Days,5,575,Morning Peak (08-10),48,AC,,
MetMetr_0039,Metro,Metro Line 3 (Aqua),Up,Cuffe Parade,Aarey JVLR,09:40,10:32,52.0,True,Metro AC,Peak,All Days,5,580,Morning Peak (08-10),48,AC,,
MetMetr_0040,Metro,Metro Line 3 (Aqua),Up,Cuffe Parade,Aarey JVLR,09:45,10:37,52.0,True,Metro AC,Peak,All Days,5,585,Morning Peak (08-10),48,AC,,
MetMetr_0041,Metro,Metro Line 3 (Aqua),Up,Cuffe Parade,Aarey JVLR,09:50,10:42,52.0,True,Metro AC,Peak,All Days,5,590,Morning Peak (08-10),48,AC,,
MetMetr_0042,Metro,Metro Line 3 (Aqua),Up,Cuffe Parade,Aarey JVLR,09:55,10:47,52.0,True,Metro AC,Peak,All Days,5,595,Morning Peak (08-10),48,AC,,
MetMetr_0043,Metro,Metro Line 3 (Aqua),Up,Cuffe Parade,Aarey JVLR,10:00,10:52,52.0,True,Metro AC,Peak,All Days,5,600,Mid-Morning (10-12),42,AC,,
MetMetr_0044,Metro,Metro Line 3 (Aqua),Up,Cuffe Parade,Aarey JVLR,10:05,10:57,52.0,True,Metro AC,Peak,All Days,5,605,Mid-Morning (10-12),42,AC,,
MetMetr_0045,Metro,Metro Line 3 (Aqua),Up,Cuffe Parade,Aarey JVLR,10:10,11:02,52.0,True,Metro AC,Peak,All Days,5,610,Mid-Morning (10-12),42,AC,,
MetMetr_0046,Metro,Metro Line 3 (Aqua),Up,Cuffe Parade,Aarey JVLR,10:15,11:07,52.0,True,Metro AC,Peak,All Days,5,615,Mid-Morning (10-12),42,AC,,
MetMetr_0047,Metro,Metro Line 3 (Aqua),Up,Cuffe Parade,Aarey JVLR,10:20,11:12,52.0,True,Metro AC,Peak,All Days,5,620,Mid-Morning (10-12),42,AC,,
MetMetr_0048,Metro,Metro Line 3 (Aqua),Up,Cuffe Parade,Aarey JVLR,10:25,11:17,52.0,True,Metro AC,Peak,All Days,5,625,Mid-Morning (10-12),42,AC,,
MetMetr_0049,Metro,Metro Line 3 (Aqua),Up,Cuffe Parade,Aarey JVLR,10:30,11:22,52.0,True,Metro AC,Peak,All Days,5,630,Mid-Morning (10-12),42,AC,,
MetMetr_0050,Metro,Metro Line 3 (Aqua),Up,Cuffe Parade,Aarey JVLR,10:35,11:27,52.0,True,Metro AC,Peak,All Days,5,635,Mid-Morning (10-12),42,AC,,
MetMetr_0051,Metro,Metro Line 3 (Aqua),Up,Cuffe Parade,Aarey JVLR,10:40,11:32,52.0,True,Metro AC,Peak,All Days,5,640,Mid-Morning (10-12),42,AC,,
MetMetr_0052,Metro,Metro Line 3 (Aqua),Up,Cuffe Parade,Aarey JVLR,10:45,11:37,52.0,True,Metro AC,Peak,All Days,5,645,Mid-Morning (10-12),42,AC,,
MetMetr_0053,Metro,Metro Line 3 (Aqua),Up,Cuffe Parade,Aarey JVLR,10:50,11:42,52.0,True,Metro AC,Peak,All Days,5,650,Mid-Morning (10-12),42,AC,,
MetMetr_0054,Metro,Metro Line 3 (Aqua),Up,Cuffe Parade,Aarey JVLR,10:55,11:47,52.0,True,Metro AC,Peak,All Days,5,655,Mid-Morning (10-12),42,AC,,
MetMetr_0055,Metro,Metro Line 3 (Aqua),Up,Cuffe Parade,Aarey JVLR,11:00,11:52,52.0,True,Metro AC,Off-Peak,All Days,7,660,Mid-Morning (10-12),42,AC,,
MetMetr_0056,Metro,Metro Line 3 (Aqua),Up,Cuffe Parade,Aarey JVLR,11:07,11:59,52.0,True,Metro AC,Off-Peak,All Days,7,667,Mid-Morning (10-12),42,AC,,
MetMetr_0057,Metro,Metro Line 3 (Aqua),Up,Cuffe Parade,Aarey JVLR,11:14,12:06,52.0,True,Metro AC,Off-Peak,All Days,7,674,Mid-Morning (10-12),42,AC,,
MetMetr_0058,Metro,Metro Line 3 (Aqua),Up,Cuffe Parade,Aarey JVLR,11:21,12:13,52.0,True,Metro AC,Off-Peak,All Days,7,681,Mid-Morning (10-12),42,AC,,
MetMetr_0059,Metro,Metro Line 3 (Aqua),Up,Cuffe Parade,Aarey JVLR,11:28,12:20,52.0,True,Metro AC,Off-Peak,All Days,7,688,Mid-Morning (10-12),42,AC,,
MetMetr_0060,Metro,Metro Line 3 (Aqua),Up,Cuffe Parade,Aarey JVLR,11:35,12:27,52.0,True,Metro AC,Off-Peak,All Days,7,695,Mid-Morning (10-12),42,AC,,
MetMetr_0061,Metro,Metro Line 3 (Aqua),Up,Cuffe Parade,Aarey JVLR,11:42,12:34,52.0,True,Metro AC,Off-Peak,All Days,7,702,Mid-Morning (10-12),42,AC,,
MetMetr_0062,Metro,Metro Line 3 (Aqua),Up,Cuffe Parade,Aarey JVLR,11:49,12:41,52.0,True,Metro AC,Off-Peak,All Days,7,709,Mid-Morning (10-12),42,AC,,
MetMetr_0063,Metro,Metro Line 3 (Aqua),Up,Cuffe Parade,Aarey JVLR,11:56,12:48,52.0,True,Metro AC,Off-Peak,All Days,7,716,Mid-Morning (10-12),42,AC,,
MetMetr_0064,Metro,Metro Line 3 (Aqua),Up,Cuffe Parade,Aarey JVLR,12:03,12:55,52.0,True,Metro AC,Off-Peak,All Days,7,723,Afternoon (12-14),34,AC,,
MetMetr_0065,Metro,Metro Line 3 (Aqua),Up,Cuffe Parade,Aarey JVLR,12:10,13:02,52.0,True,Metro AC,Off-Peak,All Days,7,730,Afternoon (12-14),34,AC,,
MetMetr_0066,Metro,Metro Line 3 (Aqua),Up,Cuffe Parade,Aarey JVLR,12:17,13:09,52.0,True,Metro AC,Off-Peak,All Days,7,737,Afternoon (12-14),34,AC,,
MetMetr_0067,Metro,Metro Line 3 (Aqua),Up,Cuffe Parade,Aarey JVLR,12:24,13:16,52.0,True,Metro AC,Off-Peak,All Days,7,744,Afternoon (12-14),34,AC,,
MetMetr_0068,Metro,Metro Line 3 (Aqua),Up,Cuffe Parade,Aarey JVLR,12:31,13:23,52.0,True,Metro AC,Off-Peak,All Days,7,751,Afternoon (12-14),34,AC,,
MetMetr_0069,Metro,Metro Line 3 (Aqua),Up,Cuffe Parade,Aarey JVLR,12:38,13:30,52.0,True,Metro AC,Off-Peak,All Days,7,758,Afternoon (12-14),34,AC,,
MetMetr_0070,Metro,Metro Line 3 (Aqua),Up,Cuffe Parade,Aarey JVLR,12:45,13:37,52.0,True,Metro AC,Off-Peak,All Days,7,765,Afternoon (12-14),34,AC,,
MetMetr_0071,Metro,Metro Line 3 (Aqua),Up,Cuffe Parade,Aarey JVLR,12:52,13:44,52.0,True,Metro AC,Off-Peak,All Days,7,772,Afternoon (12-14),34,AC,,
MetMetr_0072,Metro,Metro Line 3 (Aqua),Up,Cuffe Parade,Aarey JVLR,12:59,13:51,52.0,True,Metro AC,Off-Peak,All Days,7,779,Afternoon (12-14),34,AC,,
MetMetr_0073,Metro,Metro Line 3 (Aqua),Up,Cuffe Parade,Aarey JVLR,13:06,13:58,52.0,True,Metro AC,Off-Peak,All Days,7,786,Afternoon (12-14),34,AC,,
MetMetr_0074,Metro,Metro Line 3 (Aqua),Up,Cuffe Parade,Aarey JVLR,13:13,14:05,52.0,True,Metro AC,Off-Peak,All Days,7,793,Afternoon (12-14),34,AC,,
MetMetr_0075,Metro,Metro Line 3 (Aqua),Up,Cuffe Parade,Aarey JVLR,13:20,14:12,52.0,True,Metro AC,Off-Peak,All Days,7,800,Afternoon (12-14),34,AC,,
MetMetr_0076,Metro,Metro Line 3 (Aqua),Up,Cuffe Parade,Aarey JVLR,13:27,14:19,52.0,True,Metro AC,Off-Peak,All Days,7,807,Afternoon (12-14),34,AC,,
MetMetr_0077,Metro,Metro Line 3 (Aqua),Up,Cuffe Parade,Aarey JVLR,13:34,14:26,52.0,True,Metro AC,Off-Peak,All Days,7,814,Afternoon (12-14),34,AC,,
MetMetr_0078,Metro,Metro Line 3 (Aqua),Up,Cuffe Parade,Aarey JVLR,13:41,14:33,52.0,True,Metro AC,Off-Peak,All Days,7,821,Afternoon (12-14),34,AC,,
MetMetr_0079,Metro,Metro Line 3 (Aqua),Up,Cuffe Parade,Aarey JVLR,13:48,14:40,52.0,True,Metro AC,Off-Peak,All Days,7,828,Afternoon (12-14),34,AC,,
MetMetr_0080,Metro,Metro Line 3 (Aqua),Up,Cuffe Parade,Aarey JVLR,13:55,14:47,52.0,True,Metro AC,Off-Peak,All Days,7,835,Afternoon (12-14),34,AC,,
MetMetr_0081,Metro,Metro Line 3 (Aqua),Up,Cuffe Parade,Aarey JVLR,14:02,14:54,52.0,True,Metro AC,Off-Peak,All Days,7,842,Evening Peak (16-18),34,AC,,
MetMetr_0082,Metro,Metro Line 3 (Aqua),Up,Cuffe Parade,Aarey JVLR,14:09,15:01,52.0,True,Metro AC,Off-Peak,All Days,7,849,Evening Peak (16-18),34,AC,,
MetMetr_0083,Metro,Metro Line 3 (Aqua),Up,Cuffe Parade,Aarey JVLR,14:16,15:08,52.0,True,Metro AC,Off-Peak,All Days,7,856,Evening Peak (16-18),34,AC,,
MetMetr_0084,Metro,Metro Line 3 (Aqua),Up,Cuffe Parade,Aarey JVLR,14:23,15:15,52.0,True,Metro AC,Off-Peak,All Days,7,863,Evening Peak (16-18),34,AC,,
MetMetr_0085,Metro,Metro Line 3 (Aqua),Up,Cuffe Parade,Aarey JVLR,14:30,15:22,52.0,True,Metro AC,Off-Peak,All Days,7,870,Evening Peak (16-18),34,AC,,
MetMetr_0086,Metro,Metro Line 3 (Aqua),Up,Cuffe Parade,Aarey JVLR,14:37,15:29,52.0,True,Metro AC,Off-Peak,All Days,7,877,Evening Peak (16-18),34,AC,,
MetMetr_0087,Metro,Metro Line 3 (Aqua),Up,Cuffe Parade,Aarey JVLR,14:44,15:36,52.0,True,Metro AC,Off-Peak,All Days,7,884,Evening Peak (16-18),34,AC,,
MetMetr_0088,Metro,Metro Line 3 (Aqua),Up,Cuffe Parade,Aarey JVLR,14:51,15:43,52.0,True,Metro AC,Off-Peak,All Days,7,891,Evening Peak (16-18),34,AC,,
MetMetr_0089,Metro,Metro Line 3 (Aqua),Up,Cuffe Parade,Aarey JVLR,14:58,15:50,52.0,True,Metro AC,Off-Peak,All Days,7,898,Evening Peak (16-18),34,AC,,
MetMetr_0090,Metro,Metro Line 3 (Aqua),Up,Cuffe Parade,Aarey JVLR,15:05,15:57,52.0,True,Metro AC,Off-Peak,All Days,7,905,Evening Peak (16-18),34,AC,,
MetMetr_0091,Metro,Metro Line 3 (Aqua),Up,Cuffe Parade,Aarey JVLR,15:12,16:04,52.0,True,Metro AC,Off-Peak,All Days,7,912,Evening Peak (16-18),34,AC,,
MetMetr_0092,Metro,Metro Line 3 (Aqua),Up,Cuffe Parade,Aarey JVLR,15:19,16:11,52.0,True,Metro AC,Off-Peak,All Days,7,919,Evening Peak (16-18),34,AC,,
MetMetr_0093,Metro,Metro Line 3 (Aqua),Up,Cuffe Parade,Aarey JVLR,15:26,16:18,52.0,True,Metro AC,Off-Peak,All Days,7,926,Evening Peak (16-18),34,AC,,
MetMetr_0094,Metro,Metro Line 3 (Aqua),Up,Cuffe Parade,Aarey JVLR,15:33,16:25,52.0,True,Metro AC,Off-Peak,All Days,7,933,Evening Peak (16-18),34,AC,,
MetMetr_0095,Metro,Metro Line 3 (Aqua),Up,Cuffe Parade,Aarey JVLR,15:40,16:32,52.0,True,Metro AC,Off-Peak,All Days,7,940,Evening Peak (16-18),34,AC,,
MetMetr_0096,Metro,Metro Line 3 (Aqua),Up,Cuffe Parade,Aarey JVLR,15:47,16:39,52.0,True,Metro AC,Off-Peak,All Days,7,947,Evening Peak (16-18),34,AC,,
MetMetr_0097,Metro,Metro Line 3 (Aqua),Up,Cuffe Parade,Aarey JVLR,15:54,16:46,52.0,True,Metro AC,Off-Peak,All Days,7,954,Evening Peak (16-18),34,AC,,
MetMetr_0098,Metro,Metro Line 3 (Aqua),Up,Cuffe Parade,Aarey JVLR,16:01,16:53,52.0,True,Metro AC,Off-Peak,All Days,7,961,Evening (18-21),42,AC,,
MetMetr_0099,Metro,Metro Line 3 (Aqua),Up,Cuffe Parade,Aarey JVLR,16:08,17:00,52.0,True,Metro AC,Off-Peak,All Days,7,968,Evening (18-21),42,AC,,
MetMetr_0100,Metro,Metro Line 3 (Aqua),Up,Cuffe Parade,Aarey JVLR,16:15,17:07,52.0,True,Metro AC,Off-Peak,All Days,7,975,Evening (18-21),42,AC,,
MetMetr_0101,Metro,Metro Line 3 (Aqua),Up,Cuffe Parade,Aarey JVLR,16:22,17:14,52.0,True,Metro AC,Off-Peak,All Days,7,982,Evening (18-21),42,AC,,
MetMetr_0102,Metro,Metro Line 3 (Aqua),Up,Cuffe Parade,Aarey JVLR,16:29,17:21,52.0,True,Metro AC,Off-Peak,All Days,7,989,Evening (18-21),42,AC,,
MetMetr_0103,Metro,Metro Line 3 (Aqua),Up,Cuffe Parade,Aarey JVLR,16:36,17:28,52.0,True,Metro AC,Off-Peak,All Days,7,996,Evening (18-21),42,AC,,
MetMetr_0104,Metro,Metro Line 3 (Aqua),Up,Cuffe Parade,Aarey JVLR,16:43,17:35,52.0,True,Metro AC,Off-Peak,All Days,7,1003,Evening (18-21),42,AC,,
MetMetr_0105,Metro,Metro Line 3 (Aqua),Up,Cuffe Parade,Aarey JVLR,16:50,17:42,52.0,True,Metro AC,Off-Peak,All Days,7,1010,Evening (18-21),42,AC,,
MetMetr_0106,Metro,Metro Line 3 (Aqua),Up,Cuffe Parade,Aarey JVLR,16:57,17:49,52.0,True,Metro AC,Off-Peak,All Days,7,1017,Evening (18-21),42,AC,,
MetMetr_0107,Metro,Metro Line 3 (Aqua),Up,Cuffe Parade,Aarey JVLR,17:04,17:56,52.0,True,Metro AC,Peak,All Days,5,1024,Evening (18-21),42,AC,,
MetMetr_0108,Metro,Metro Line 3 (Aqua),Up,Cuffe Parade,Aarey JVLR,17:09,18:01,52.0,True,Metro AC,Peak,All Days,5,1029,Evening (18-21),42,AC,,
MetMetr_0109,Metro,Metro Line 3 (Aqua),Up,Cuffe Parade,Aarey JVLR,17:14,18:06,52.0,True,Metro AC,Peak,All Days,5,1034,Evening (18-21),42,AC,,
MetMetr_0110,Metro,Metro Line 3 (Aqua),Up,Cuffe Parade,Aarey JVLR,17:19,18:11,52.0,True,Metro AC,Peak,All Days,5,1039,Evening (18-21),42,AC,,
MetMetr_0111,Metro,Metro Line 3 (Aqua),Up,Cuffe Parade,Aarey JVLR,17:24,18:16,52.0,True,Metro AC,Peak,All Days,5,1044,Evening (18-21),42,AC,,
MetMetr_0112,Metro,Metro Line 3 (Aqua),Up,Cuffe Parade,Aarey JVLR,17:29,18:21,52.0,True,Metro AC,Peak,All Days,5,1049,Evening (18-21),42,AC,,
MetMetr_0113,Metro,Metro Line 3 (Aqua),Up,Cuffe Parade,Aarey JVLR,17:34,18:26,52.0,True,Metro AC,Peak,All Days,5,1054,Evening (18-21),42,AC,,
MetMetr_0114,Metro,Metro Line 3 (Aqua),Up,Cuffe Parade,Aarey JVLR,17:39,18:31,52.0,True,Metro AC,Peak,All Days,5,1059,Evening (18-21),42,AC,,
MetMetr_0115,Metro,Metro Line 3 (Aqua),Up,Cuffe Parade,Aarey JVLR,17:44,18:36,52.0,True,Metro AC,Peak,All Days,5,1064,Evening (18-21),42,AC,,
MetMetr_0116,Metro,Metro Line 3 (Aqua),Up,Cuffe Parade,Aarey JVLR,17:49,18:41,52.0,True,Metro AC,Peak,All Days,5,1069,Evening (18-21),42,AC,,
MetMetr_0117,Metro,Metro Line 3 (Aqua),Up,Cuffe Parade,Aarey JVLR,17:54,18:46,52.0,True,Metro AC,Peak,All Days,5,1074,Evening (18-21),42,AC,,
MetMetr_0118,Metro,Metro Line 3 (Aqua),Up,Cuffe Parade,Aarey JVLR,17:59,18:51,52.0,True,Metro AC,Peak,All Days,5,1079,Evening (18-21),42,AC,,
MetMetr_0119,Metro,Metro Line 3 (Aqua),Up,Cuffe Parade,Aarey JVLR,18:04,18:56,52.0,True,Metro AC,Peak,All Days,5,1084,Night (21-24),94,AC,,
MetMetr_0120,Metro,Metro Line 3 (Aqua),Up,Cuffe Parade,Aarey JVLR,18:09,19:01,52.0,True,Metro AC,Peak,All Days,5,1089,Night (21-24),94,AC,,
MetMetr_0121,Metro,Metro Line 3 (Aqua),Up,Cuffe Parade,Aarey JVLR,18:14,19:06,52.0,True,Metro AC,Peak,All Days,5,1094,Night (21-24),94,AC,,
MetMetr_0122,Metro,Metro Line 3 (Aqua),Up,Cuffe Parade,Aarey JVLR,18:19,19:11,52.0,True,Metro AC,Peak,All Days,5,1099,Night (21-24),94,AC,,
MetMetr_0123,Metro,Metro Line 3 (Aqua),Up,Cuffe Parade,Aarey JVLR,18:24,19:16,52.0,True,Metro AC,Peak,All Days,5,1104,Night (21-24),94,AC,,
MetMetr_0124,Metro,Metro Line 3 (Aqua),Up,Cuffe Parade,Aarey JVLR,18:29,19:21,52.0,True,Metro AC,Peak,All Days,5,1109,Night (21-24),94,AC,,
MetMetr_0125,Metro,Metro Line 3 (Aqua),Up,Cuffe Parade,Aarey JVLR,18:34,19:26,52.0,True,Metro AC,Peak,All Days,5,1114,Night (21-24),94,AC,,
MetMetr_0126,Metro,Metro Line 3 (Aqua),Up,Cuffe Parade,Aarey JVLR,18:39,19:31,52.0,True,Metro AC,Peak,All Days,5,1119,Night (21-24),94,AC,,
MetMetr_0127,Metro,Metro Line 3 (Aqua),Up,Cuffe Parade,Aarey JVLR,18:44,19:36,52.0,True,Metro AC,Peak,All Days,5,1124,Night (21-24),94,AC,,
MetMetr_0128,Metro,Metro Line 3 (Aqua),Up,Cuffe Parade,Aarey JVLR,18:49,19:41,52.0,True,Metro AC,Peak,All Days,5,1129,Night (21-24),94,AC,,
MetMetr_0129,Metro,Metro Line 3 (Aqua),Up,Cuffe Parade,Aarey JVLR,18:54,19:46,52.0,True,Metro AC,Peak,All Days,5,1134,Night (21-24),94,AC,,
MetMetr_0130,Metro,Metro Line 3 (Aqua),Up,Cuffe Parade,Aarey JVLR,18:59,19:51,52.0,True,Metro AC,Peak,All Days,5,1139,Night (21-24),94,AC,,
MetMetr_0131,Metro,Metro Line 3 (Aqua),Up,Cuffe Parade,Aarey JVLR,19:04,19:56,52.0,True,Metro AC,Peak,All Days,5,1144,Night (21-24),94,AC,,
MetMetr_0132,Metro,Metro Line 3 (Aqua),Up,Cuffe Parade,Aarey JVLR,19:09,20:01,52.0,True,Metro AC,Peak,All Days,5,1149,Night (21-24),94,AC,,
MetMetr_0133,Metro,Metro Line 3 (Aqua),Up,Cuffe Parade,Aarey JVLR,19:14,20:06,52.0,True,Metro AC,Peak,All Days,5,1154,Night (21-24),94,AC,,
MetMetr_0134,Metro,Metro Line 3 (Aqua),Up,Cuffe Parade,Aarey JVLR,19:19,20:11,52.0,True,Metro AC,Peak,All Days,5,1159,Night (21-24),94,AC,,
MetMetr_0135,Metro,Metro Line 3 (Aqua),Up,Cuffe Parade,Aarey JVLR,19:24,20:16,52.0,True,Metro AC,Peak,All Days,5,1164,Night (21-24),94,AC,,
MetMetr_0136,Metro,Metro Line 3 (Aqua),Up,Cuffe Parade,Aarey JVLR,19:29,20:21,52.0,True,Metro AC,Peak,All Days,5,1169,Night (21-24),94,AC,,
MetMetr_0137,Metro,Metro Line 3 (Aqua),Up,Cuffe Parade,Aarey JVLR,19:34,20:26,52.0,True,Metro AC,Peak,All Days,5,1174,Night (21-24),94,AC,,
MetMetr_0138,Metro,Metro Line 3 (Aqua),Up,Cuffe Parade,Aarey JVLR,19:39,20:31,52.0,True,Metro AC,Peak,All Days,5,1179,Night (21-24),94,AC,,
MetMetr_0139,Metro,Metro Line 3 (Aqua),Up,Cuffe Parade,Aarey JVLR,19:44,20:36,52.0,True,Metro AC,Peak,All Days,5,1184,Night (21-24),94,AC,,
MetMetr_0140,Metro,Metro Line 3 (Aqua),Up,Cuffe Parade,Aarey JVLR,19:49,20:41,52.0,True,Metro AC,Peak,All Days,5,1189,Night (21-24),94,AC,,
MetMetr_0141,Metro,Metro Line 3 (Aqua),Up,Cuffe Parade,Aarey JVLR,19:54,20:46,52.0,True,Metro AC,Peak,All Days,5,1194,Night (21-24),94,AC,,
MetMetr_0142,Metro,Metro Line 3 (Aqua),Up,Cuffe Parade,Aarey JVLR,19:59,20:51,52.0,True,Metro AC,Peak,All Days,5,1199,Night (21-24),94,AC,,
MetMetr_0143,Metro,Metro Line 3 (Aqua),Up,Cuffe Parade,Aarey JVLR,20:04,20:56,52.0,True,Metro AC,Peak,All Days,5,1204,Night (21-24),94,AC,,
MetMetr_0144,Metro,Metro Line 3 (Aqua),Up,Cuffe Parade,Aarey JVLR,20:09,21:01,52.0,True,Metro AC,Peak,All Days,5,1209,Night (21-24),94,AC,,
MetMetr_0145,Metro,Metro Line 3 (Aqua),Up,Cuffe Parade,Aarey JVLR,20:14,21:06,52.0,True,Metro AC,Peak,All Days,5,1214,Night (21-24),94,AC,,
MetMetr_0146,Metro,Metro Line 3 (Aqua),Up,Cuffe Parade,Aarey JVLR,20:19,21:11,52.0,True,Metro AC,Peak,All Days,5,1219,Night (21-24),94,AC,,
MetMetr_0147,Metro,Metro Line 3 (Aqua),Up,Cuffe Parade,Aarey JVLR,20:24,21:16,52.0,True,Metro AC,Peak,All Days,5,1224,Night (21-24),94,AC,,
MetMetr_0148,Metro,Metro Line 3 (Aqua),Up,Cuffe Parade,Aarey JVLR,20:29,21:21,52.0,True,Metro AC,Peak,All Days,5,1229,Night (21-24),94,AC,,
MetMetr_0149,Metro,Metro Line 3 (Aqua),Up,Cuffe Parade,Aarey JVLR,20:34,21:26,52.0,True,Metro AC,Peak,All Days,5,1234,Night (21-24),94,AC,,
MetMetr_0150,Metro,Metro Line 3 (Aqua),Up,Cuffe Parade,Aarey JVLR,20:39,21:31,52.0,True,Metro AC,Peak,All Days,5,1239,Night (21-24),94,AC,,
MetMetr_0151,Metro,Metro Line 3 (Aqua),Up,Cuffe Parade,Aarey JVLR,20:44,21:36,52.0,True,Metro AC,Peak,All Days,5,1244,Night (21-24),94,AC,,
MetMetr_0152,Metro,Metro Line 3 (Aqua),Up,Cuffe Parade,Aarey JVLR,20:49,21:41,52.0,True,Metro AC,Peak,All Days,5,1249,Night (21-24),94,AC,,
MetMetr_0153,Metro,Metro Line 3 (Aqua),Up,Cuffe Parade,Aarey JVLR,20:54,21:46,52.0,True,Metro AC,Peak,All Days,5,1254,Night (21-24),94,AC,,
MetMetr_0154,Metro,Metro Line 3 (Aqua),Up,Cuffe Parade,Aarey JVLR,20:59,21:51,52.0,True,Metro AC,Peak,All Days,5,1259,Night (21-24),94,AC,,
MetMetr_0155,Metro,Metro Line 3 (Aqua),Up,Cuffe Parade,Aarey JVLR,21:04,21:56,52.0,True,Metro AC,Off-Peak,All Days,8,1264,Night (21-24),94,AC,,
MetMetr_0156,Metro,Metro Line 3 (Aqua),Up,Cuffe Parade,Aarey JVLR,21:12,22:04,52.0,True,Metro AC,Off-Peak,All Days,8,1272,Night (21-24),94,AC,,
MetMetr_0157,Metro,Metro Line 3 (Aqua),Up,Cuffe Parade,Aarey JVLR,21:20,22:12,52.0,True,Metro AC,Off-Peak,All Days,8,1280,Night (21-24),94,AC,,
MetMetr_0158,Metro,Metro Line 3 (Aqua),Up,Cuffe Parade,Aarey JVLR,21:28,22:20,52.0,True,Metro AC,Off-Peak,All Days,8,1288,Night (21-24),94,AC,,
MetMetr_0159,Metro,Metro Line 3 (Aqua),Up,Cuffe Parade,Aarey JVLR,21:36,22:28,52.0,True,Metro AC,Off-Peak,All Days,8,1296,Night (21-24),94,AC,,
MetMetr_0160,Metro,Metro Line 3 (Aqua),Up,Cuffe Parade,Aarey JVLR,21:44,22:36,52.0,True,Metro AC,Off-Peak,All Days,8,1304,Night (21-24),94,AC,,
MetMetr_0161,Metro,Metro Line 3 (Aqua),Up,Cuffe Parade,Aarey JVLR,21:52,22:44,52.0,True,Metro AC,Off-Peak,All Days,8,1312,Night (21-24),94,AC,,
MetMetr_0162,Metro,Metro Line 3 (Aqua),Up,Cuffe Parade,Aarey JVLR,22:00,22:52,52.0,True,Metro AC,Off-Peak,All Days,8,1320,Night (21-24),94,AC,,
MetMetr_0163,Metro,Metro Line 3 (Aqua),Up,Cuffe Parade,Aarey JVLR,22:08,23:00,52.0,True,Metro AC,Off-Peak,All Days,8,1328,Night (21-24),94,AC,,
MetMetr_0164,Metro,Metro Line 3 (Aqua),Up,Cuffe Parade,Aarey JVLR,22:16,23:08,52.0,True,Metro AC,Off-Peak,All Days,8,1336,Night (21-24),94,AC,,
MetMetr_0165,Metro,Metro Line 3 (Aqua),Up,Cuffe Parade,Aarey JVLR,22:24,23:16,52.0,True,Metro AC,Off-Peak,All Days,8,1344,Night (21-24),94,AC,,
MetMetr_0001,Metro,Metro Line 7 (Red),Down,Dahisar East,Gundavali,06:00,06:27,27.0,True,Metro AC,Off-Peak,All Days,8,360,Early Morning (06-08),30,AC,,
MetMetr_0002,Metro,Metro Line 7 (Red),Down,Dahisar East,Gundavali,06:08,06:35,27.0,True,Metro AC,Off-Peak,All Days,8,368,Early Morning (06-08),30,AC,,
MetMetr_0003,Metro,Metro Line 7 (Red),Down,Dahisar East,Gundavali,06:16,06:43,27.0,True,Metro AC,Off-Peak,All Days,8,376,Early Morning (06-08),30,AC,,
MetMetr_0004,Metro,Metro Line 7 (Red),Down,Dahisar East,Gundavali,06:24,06:51,27.0,True,Metro AC,Off-Peak,All Days,8,384,Early Morning (06-08),30,AC,,
MetMetr_0005,Metro,Metro Line 7 (Red),Down,Dahisar East,Gundavali,06:32,06:59,27.0,True,Metro AC,Off-Peak,All Days,8,392,Early Morning (06-08),30,AC,,
MetMetr_0006,Metro,Metro Line 7 (Red),Down,Dahisar East,Gundavali,06:40,07:07,27.0,True,Metro AC,Off-Peak,All Days,8,400,Early Morning (06-08),30,AC,,
MetMetr_0007,Metro,Metro Line 7 (Red),Down,Dahisar East,Gundavali,06:48,07:15,27.0,True,Metro AC,Off-Peak,All Days,8,408,Early Morning (06-08),30,AC,,
MetMetr_0008,Metro,Metro Line 7 (Red),Down,Dahisar East,Gundavali,06:56,07:23,27.0,True,Metro AC,Off-Peak,All Days,8,416,Early Morning (06-08),30,AC,,
MetMetr_0009,Metro,Metro Line 7 (Red),Down,Dahisar East,Gundavali,07:04,07:31,27.0,True,Metro AC,Off-Peak,All Days,8,424,Early Morning (06-08),30,AC,,
MetMetr_0010,Metro,Metro Line 7 (Red),Down,Dahisar East,Gundavali,07:12,07:39,27.0,True,Metro AC,Off-Peak,All Days,8,432,Early Morning (06-08),30,AC,,
MetMetr_0011,Metro,Metro Line 7 (Red),Down,Dahisar East,Gundavali,07:20,07:47,27.0,True,Metro AC,Off-Peak,All Days,8,440,Early Morning (06-08),30,AC,,
MetMetr_0012,Metro,Metro Line 7 (Red),Down,Dahisar East,Gundavali,07:28,07:55,27.0,True,Metro AC,Off-Peak,All Days,8,448,Early Morning (06-08),30,AC,,
MetMetr_0013,Metro,Metro Line 7 (Red),Down,Dahisar East,Gundavali,07:36,08:03,27.0,True,Metro AC,Off-Peak,All Days,8,456,Early Morning (06-08),30,AC,,
MetMetr_0014,Metro,Metro Line 7 (Red),Down,Dahisar East,Gundavali,07:44,08:11,27.0,True,Metro AC,Off-Peak,All Days,8,464,Early Morning (06-08),30,AC,,
MetMetr_0015,Metro,Metro Line 7 (Red),Down,Dahisar East,Gundavali,07:52,08:19,27.0,True,Metro AC,Off-Peak,All Days,8,472,Early Morning (06-08),30,AC,,
MetMetr_0016,Metro,Metro Line 7 (Red),Down,Dahisar East,Gundavali,08:00,08:27,27.0,True,Metro AC,Peak,All Days,6,480,Morning Peak (08-10),40,AC,,
MetMetr_0017,Metro,Metro Line 7 (Red),Down,Dahisar East,Gundavali,08:06,08:33,27.0,True,Metro AC,Peak,All Days,6,486,Morning Peak (08-10),40,AC,,
MetMetr_0018,Metro,Metro Line 7 (Red),Down,Dahisar East,Gundavali,08:12,08:39,27.0,True,Metro AC,Peak,All Days,6,492,Morning Peak (08-10),40,AC,,
MetMetr_0019,Metro,Metro Line 7 (Red),Down,Dahisar East,Gundavali,08:18,08:45,27.0,True,Metro AC,Peak,All Days,6,498,Morning Peak (08-10),40,AC,,
MetMetr_0020,Metro,Metro Line 7 (Red),Down,Dahisar East,Gundavali,08:24,08:51,27.0,True,Metro AC,Peak,All Days,6,504,Morning Peak (08-10),40,AC,,
MetMetr_0021,Metro,Metro Line 7 (Red),Down,Dahisar East,Gundavali,08:30,08:57,27.0,True,Metro AC,Peak,All Days,6,510,Morning Peak (08-10),40,AC,,
MetMetr_0022,Metro,Metro Line 7 (Red),Down,Dahisar East,Gundavali,08:36,09:03,27.0,True,Metro AC,Peak,All Days,6,516,Morning Peak (08-10),40,AC,,
MetMetr_0023,Metro,Metro Line 7 (Red),Down,Dahisar East,Gundavali,08:42,09:09,27.0,True,Metro AC,Peak,All Days,6,522,Morning Peak (08-10),40,AC,,
MetMetr_0024,Metro,Metro Line 7 (Red),Down,Dahisar East,Gundavali,08:48,09:15,27.0,True,Metro AC,Peak,All Days,6,528,Morning Peak (08-10),40,AC,,
MetMetr_0025,Metro,Metro Line 7 (Red),Down,Dahisar East,Gundavali,08:54,09:21,27.0,True,Metro AC,Peak,All Days,6,534,Morning Peak (08-10),40,AC,,
MetMetr_0026,Metro,Metro Line 7 (Red),Down,Dahisar East,Gundavali,09:00,09:27,27.0,True,Metro AC,Peak,All Days,6,540,Morning Peak (08-10),40,AC,,
MetMetr_0027,Metro,Metro Line 7 (Red),Down,Dahisar East,Gundavali,09:06,09:33,27.0,True,Metro AC,Peak,All Days,6,546,Morning Peak (08-10),40,AC,,
MetMetr_0028,Metro,Metro Line 7 (Red),Down,Dahisar East,Gundavali,09:12,09:39,27.0,True,Metro AC,Peak,All Days,6,552,Morning Peak (08-10),40,AC,,
MetMetr_0029,Metro,Metro Line 7 (Red),Down,Dahisar East,Gundavali,09:18,09:45,27.0,True,Metro AC,Peak,All Days,6,558,Morning Peak (08-10),40,AC,,
MetMetr_0030,Metro,Metro Line 7 (Red),Down,Dahisar East,Gundavali,09:24,09:51,27.0,True,Metro AC,Peak,All Days,6,564,Morning Peak (08-10),40,AC,,
MetMetr_0031,Metro,Metro Line 7 (Red),Down,Dahisar East,Gundavali,09:30,09:57,27.0,True,Metro AC,Peak,All Days,6,570,Morning Peak (08-10),40,AC,,
MetMetr_0032,Metro,Metro Line 7 (Red),Down,Dahisar East,Gundavali,09:36,10:03,27.0,True,Metro AC,Peak,All Days,6,576,Morning Peak (08-10),40,AC,,
MetMetr_0033,Metro,Metro Line 7 (Red),Down,Dahisar East,Gundavali,09:42,10:09,27.0,True,Metro AC,Peak,All Days,6,582,Morning Peak (08-10),40,AC,,
MetMetr_0034,Metro,Metro Line 7 (Red),Down,Dahisar East,Gundavali,09:48,10:15,27.0,True,Metro AC,Peak,All Days,6,588,Morning Peak (08-10),40,AC,,
MetMetr_0035,Metro,Metro Line 7 (Red),Down,Dahisar East,Gundavali,09:54,10:21,27.0,True,Metro AC,Peak,All Days,6,594,Morning Peak (08-10),40,AC,,
MetMetr_0036,Metro,Metro Line 7 (Red),Down,Dahisar East,Gundavali,10:00,10:27,27.0,True,Metro AC,Peak,All Days,6,600,Mid-Morning (10-12),36,AC,,
MetMetr_0037,Metro,Metro Line 7 (Red),Down,Dahisar East,Gundavali,10:06,10:33,27.0,True,Metro AC,Peak,All Days,6,606,Mid-Morning (10-12),36,AC,,
MetMetr_0038,Metro,Metro Line 7 (Red),Down,Dahisar East,Gundavali,10:12,10:39,27.0,True,Metro AC,Peak,All Days,6,612,Mid-Morning (10-12),36,AC,,
MetMetr_0039,Metro,Metro Line 7 (Red),Down,Dahisar East,Gundavali,10:18,10:45,27.0,True,Metro AC,Peak,All Days,6,618,Mid-Morning (10-12),36,AC,,
MetMetr_0040,Metro,Metro Line 7 (Red),Down,Dahisar East,Gundavali,10:24,10:51,27.0,True,Metro AC,Peak,All Days,6,624,Mid-Morning (10-12),36,AC,,
MetMetr_0041,Metro,Metro Line 7 (Red),Down,Dahisar East,Gundavali,10:30,10:57,27.0,True,Metro AC,Peak,All Days,6,630,Mid-Morning (10-12),36,AC,,
MetMetr_0042,Metro,Metro Line 7 (Red),Down,Dahisar East,Gundavali,10:36,11:03,27.0,True,Metro AC,Peak,All Days,6,636,Mid-Morning (10-12),36,AC,,
MetMetr_0043,Metro,Metro Line 7 (Red),Down,Dahisar East,Gundavali,10:42,11:09,27.0,True,Metro AC,Peak,All Days,6,642,Mid-Morning (10-12),36,AC,,
MetMetr_0044,Metro,Metro Line 7 (Red),Down,Dahisar East,Gundavali,10:48,11:15,27.0,True,Metro AC,Peak,All Days,6,648,Mid-Morning (10-12),36,AC,,
MetMetr_0045,Metro,Metro Line 7 (Red),Down,Dahisar East,Gundavali,10:54,11:21,27.0,True,Metro AC,Peak,All Days,6,654,Mid-Morning (10-12),36,AC,,
MetMetr_0046,Metro,Metro Line 7 (Red),Down,Dahisar East,Gundavali,11:00,11:27,27.0,True,Metro AC,Off-Peak,All Days,8,660,Mid-Morning (10-12),36,AC,,
MetMetr_0047,Metro,Metro Line 7 (Red),Down,Dahisar East,Gundavali,11:08,11:35,27.0,True,Metro AC,Off-Peak,All Days,8,668,Mid-Morning (10-12),36,AC,,
MetMetr_0048,Metro,Metro Line 7 (Red),Down,Dahisar East,Gundavali,11:16,11:43,27.0,True,Metro AC,Off-Peak,All Days,8,676,Mid-Morning (10-12),36,AC,,
MetMetr_0049,Metro,Metro Line 7 (Red),Down,Dahisar East,Gundavali,11:24,11:51,27.0,True,Metro AC,Off-Peak,All Days,8,684,Mid-Morning (10-12),36,AC,,
MetMetr_0050,Metro,Metro Line 7 (Red),Down,Dahisar East,Gundavali,11:32,11:59,27.0,True,Metro AC,Off-Peak,All Days,8,692,Mid-Morning (10-12),36,AC,,
MetMetr_0051,Metro,Metro Line 7 (Red),Down,Dahisar East,Gundavali,11:40,12:07,27.0,True,Metro AC,Off-Peak,All Days,8,700,Mid-Morning (10-12),36,AC,,
MetMetr_0052,Metro,Metro Line 7 (Red),Down,Dahisar East,Gundavali,11:48,12:15,27.0,True,Metro AC,Off-Peak,All Days,8,708,Mid-Morning (10-12),36,AC,,
MetMetr_0053,Metro,Metro Line 7 (Red),Down,Dahisar East,Gundavali,11:56,12:23,27.0,True,Metro AC,Off-Peak,All Days,8,716,Mid-Morning (10-12),36,AC,,
MetMetr_0054,Metro,Metro Line 7 (Red),Down,Dahisar East,Gundavali,12:04,12:31,27.0,True,Metro AC,Off-Peak,All Days,8,724,Afternoon (12-14),30,AC,,
MetMetr_0055,Metro,Metro Line 7 (Red),Down,Dahisar East,Gundavali,12:12,12:39,27.0,True,Metro AC,Off-Peak,All Days,8,732,Afternoon (12-14),30,AC,,
MetMetr_0056,Metro,Metro Line 7 (Red),Down,Dahisar East,Gundavali,12:20,12:47,27.0,True,Metro AC,Off-Peak,All Days,8,740,Afternoon (12-14),30,AC,,
MetMetr_0057,Metro,Metro Line 7 (Red),Down,Dahisar East,Gundavali,12:28,12:55,27.0,True,Metro AC,Off-Peak,All Days,8,748,Afternoon (12-14),30,AC,,
MetMetr_0058,Metro,Metro Line 7 (Red),Down,Dahisar East,Gundavali,12:36,13:03,27.0,True,Metro AC,Off-Peak,All Days,8,756,Afternoon (12-14),30,AC,,
MetMetr_0059,Metro,Metro Line 7 (Red),Down,Dahisar East,Gundavali,12:44,13:11,27.0,True,Metro AC,Off-Peak,All Days,8,764,Afternoon (12-14),30,AC,,
MetMetr_0060,Metro,Metro Line 7 (Red),Down,Dahisar East,Gundavali,12:52,13:19,27.0,True,Metro AC,Off-Peak,All Days,8,772,Afternoon (12-14),30,AC,,
MetMetr_0061,Metro,Metro Line 7 (Red),Down,Dahisar East,Gundavali,13:00,13:27,27.0,True,Metro AC,Off-Peak,All Days,8,780,Afternoon (12-14),30,AC,,
MetMetr_0062,Metro,Metro Line 7 (Red),Down,Dahisar East,Gundavali,13:08,13:35,27.0,True,Metro AC,Off-Peak,All Days,8,788,Afternoon (12-14),30,AC,,
MetMetr_0063,Metro,Metro Line 7 (Red),Down,Dahisar East,Gundavali,13:16,13:43,27.0,True,Metro AC,Off-Peak,All Days,8,796,Afternoon (12-14),30,AC,,
MetMetr_0064,Metro,Metro Line 7 (Red),Down,Dahisar East,Gundavali,13:24,13:51,27.0,True,Metro AC,Off-Peak,All Days,8,804,Afternoon (12-14),30,AC,,
MetMetr_0065,Metro,Metro Line 7 (Red),Down,Dahisar East,Gundavali,13:32,13:59,27.0,True,Metro AC,Off-Peak,All Days,8,812,Afternoon (12-14),30,AC,,
MetMetr_0066,Metro,Metro Line 7 (Red),Down,Dahisar East,Gundavali,13:40,14:07,27.0,True,Metro AC,Off-Peak,All Days,8,820,Afternoon (12-14),30,AC,,
MetMetr_0067,Metro,Metro Line 7 (Red),Down,Dahisar East,Gundavali,13:48,14:15,27.0,True,Metro AC,Off-Peak,All Days,8,828,Afternoon (12-14),30,AC,,
MetMetr_0068,Metro,Metro Line 7 (Red),Down,Dahisar East,Gundavali,13:56,14:23,27.0,True,Metro AC,Off-Peak,All Days,8,836,Afternoon (12-14),30,AC,,
MetMetr_0069,Metro,Metro Line 7 (Red),Down,Dahisar East,Gundavali,14:04,14:31,27.0,True,Metro AC,Off-Peak,All Days,8,844,Evening Peak (16-18),30,AC,,
MetMetr_0070,Metro,Metro Line 7 (Red),Down,Dahisar East,Gundavali,14:12,14:39,27.0,True,Metro AC,Off-Peak,All Days,8,852,Evening Peak (16-18),30,AC,,
MetMetr_0071,Metro,Metro Line 7 (Red),Down,Dahisar East,Gundavali,14:20,14:47,27.0,True,Metro AC,Off-Peak,All Days,8,860,Evening Peak (16-18),30,AC,,
MetMetr_0072,Metro,Metro Line 7 (Red),Down,Dahisar East,Gundavali,14:28,14:55,27.0,True,Metro AC,Off-Peak,All Days,8,868,Evening Peak (16-18),30,AC,,
MetMetr_0073,Metro,Metro Line 7 (Red),Down,Dahisar East,Gundavali,14:36,15:03,27.0,True,Metro AC,Off-Peak,All Days,8,876,Evening Peak (16-18),30,AC,,
MetMetr_0074,Metro,Metro Line 7 (Red),Down,Dahisar East,Gundavali,14:44,15:11,27.0,True,Metro AC,Off-Peak,All Days,8,884,Evening Peak (16-18),30,AC,,
MetMetr_0075,Metro,Metro Line 7 (Red),Down,Dahisar East,Gundavali,14:52,15:19,27.0,True,Metro AC,Off-Peak,All Days,8,892,Evening Peak (16-18),30,AC,,
MetMetr_0076,Metro,Metro Line 7 (Red),Down,Dahisar East,Gundavali,15:00,15:27,27.0,True,Metro AC,Off-Peak,All Days,8,900,Evening Peak (16-18),30,AC,,
MetMetr_0077,Metro,Metro Line 7 (Red),Down,Dahisar East,Gundavali,15:08,15:35,27.0,True,Metro AC,Off-Peak,All Days,8,908,Evening Peak (16-18),30,AC,,
MetMetr_0078,Metro,Metro Line 7 (Red),Down,Dahisar East,Gundavali,15:16,15:43,27.0,True,Metro AC,Off-Peak,All Days,8,916,Evening Peak (16-18),30,AC,,
MetMetr_0079,Metro,Metro Line 7 (Red),Down,Dahisar East,Gundavali,15:24,15:51,27.0,True,Metro AC,Off-Peak,All Days,8,924,Evening Peak (16-18),30,AC,,
MetMetr_0080,Metro,Metro Line 7 (Red),Down,Dahisar East,Gundavali,15:32,15:59,27.0,True,Metro AC,Off-Peak,All Days,8,932,Evening Peak (16-18),30,AC,,
MetMetr_0081,Metro,Metro Line 7 (Red),Down,Dahisar East,Gundavali,15:40,16:07,27.0,True,Metro AC,Off-Peak,All Days,8,940,Evening Peak (16-18),30,AC,,
MetMetr_0082,Metro,Metro Line 7 (Red),Down,Dahisar East,Gundavali,15:48,16:15,27.0,True,Metro AC,Off-Peak,All Days,8,948,Evening Peak (16-18),30,AC,,
MetMetr_0083,Metro,Metro Line 7 (Red),Down,Dahisar East,Gundavali,15:56,16:23,27.0,True,Metro AC,Off-Peak,All Days,8,956,Evening Peak (16-18),30,AC,,
MetMetr_0084,Metro,Metro Line 7 (Red),Down,Dahisar East,Gundavali,16:04,16:31,27.0,True,Metro AC,Off-Peak,All Days,8,964,Evening (18-21),34,AC,,
MetMetr_0085,Metro,Metro Line 7 (Red),Down,Dahisar East,Gundavali,16:12,16:39,27.0,True,Metro AC,Off-Peak,All Days,8,972,Evening (18-21),34,AC,,
MetMetr_0086,Metro,Metro Line 7 (Red),Down,Dahisar East,Gundavali,16:20,16:47,27.0,True,Metro AC,Off-Peak,All Days,8,980,Evening (18-21),34,AC,,
MetMetr_0087,Metro,Metro Line 7 (Red),Down,Dahisar East,Gundavali,16:28,16:55,27.0,True,Metro AC,Off-Peak,All Days,8,988,Evening (18-21),34,AC,,
MetMetr_0088,Metro,Metro Line 7 (Red),Down,Dahisar East,Gundavali,16:36,17:03,27.0,True,Metro AC,Off-Peak,All Days,8,996,Evening (18-21),34,AC,,
MetMetr_0089,Metro,Metro Line 7 (Red),Down,Dahisar East,Gundavali,16:44,17:11,27.0,True,Metro AC,Off-Peak,All Days,8,1004,Evening (18-21),34,AC,,
MetMetr_0090,Metro,Metro Line 7 (Red),Down,Dahisar East,Gundavali,16:52,17:19,27.0,True,Metro AC,Off-Peak,All Days,8,1012,Evening (18-21),34,AC,,
MetMetr_0091,Metro,Metro Line 7 (Red),Down,Dahisar East,Gundavali,17:00,17:27,27.0,True,Metro AC,Peak,All Days,6,1020,Evening (18-21),34,AC,,
MetMetr_0092,Metro,Metro Line 7 (Red),Down,Dahisar East,Gundavali,17:06,17:33,27.0,True,Metro AC,Peak,All Days,6,1026,Evening (18-21),34,AC,,
MetMetr_0093,Metro,Metro Line 7 (Red),Down,Dahisar East,Gundavali,17:12,17:39,27.0,True,Metro AC,Peak,All Days,6,1032,Evening (18-21),34,AC,,
MetMetr_0094,Metro,Metro Line 7 (Red),Down,Dahisar East,Gundavali,17:18,17:45,27.0,True,Metro AC,Peak,All Days,6,1038,Evening (18-21),34,AC,,
MetMetr_0095,Metro,Metro Line 7 (Red),Down,Dahisar East,Gundavali,17:24,17:51,27.0,True,Metro AC,Peak,All Days,6,1044,Evening (18-21),34,AC,,
MetMetr_0096,Metro,Metro Line 7 (Red),Down,Dahisar East,Gundavali,17:30,17:57,27.0,True,Metro AC,Peak,All Days,6,1050,Evening (18-21),34,AC,,
MetMetr_0097,Metro,Metro Line 7 (Red),Down,Dahisar East,Gundavali,17:36,18:03,27.0,True,Metro AC,Peak,All Days,6,1056,Evening (18-21),34,AC,,
MetMetr_0098,Metro,Metro Line 7 (Red),Down,Dahisar East,Gundavali,17:42,18:09,27.0,True,Metro AC,Peak,All Days,6,1062,Evening (18-21),34,AC,,
MetMetr_0099,Metro,Metro Line 7 (Red),Down,Dahisar East,Gundavali,17:48,18:15,27.0,True,Metro AC,Peak,All Days,6,1068,Evening (18-21),34,AC,,
MetMetr_0100,Metro,Metro Line 7 (Red),Down,Dahisar East,Gundavali,17:54,18:21,27.0,True,Metro AC,Peak,All Days,6,1074,Evening (18-21),34,AC,,
MetMetr_0101,Metro,Metro Line 7 (Red),Down,Dahisar East,Gundavali,18:00,18:27,27.0,True,Metro AC,Peak,All Days,6,1080,Night (21-24),68,AC,,
MetMetr_0102,Metro,Metro Line 7 (Red),Down,Dahisar East,Gundavali,18:06,18:33,27.0,True,Metro AC,Peak,All Days,6,1086,Night (21-24),68,AC,,
MetMetr_0103,Metro,Metro Line 7 (Red),Down,Dahisar East,Gundavali,18:12,18:39,27.0,True,Metro AC,Peak,All Days,6,1092,Night (21-24),68,AC,,
MetMetr_0104,Metro,Metro Line 7 (Red),Down,Dahisar East,Gundavali,18:18,18:45,27.0,True,Metro AC,Peak,All Days,6,1098,Night (21-24),68,AC,,
MetMetr_0105,Metro,Metro Line 7 (Red),Down,Dahisar East,Gundavali,18:24,18:51,27.0,True,Metro AC,Peak,All Days,6,1104,Night (21-24),68,AC,,
MetMetr_0106,Metro,Metro Line 7 (Red),Down,Dahisar East,Gundavali,18:30,18:57,27.0,True,Metro AC,Peak,All Days,6,1110,Night (21-24),68,AC,,
MetMetr_0107,Metro,Metro Line 7 (Red),Down,Dahisar East,Gundavali,18:36,19:03,27.0,True,Metro AC,Peak,All Days,6,1116,Night (21-24),68,AC,,
MetMetr_0108,Metro,Metro Line 7 (Red),Down,Dahisar East,Gundavali,18:42,19:09,27.0,True,Metro AC,Peak,All Days,6,1122,Night (21-24),68,AC,,
MetMetr_0109,Metro,Metro Line 7 (Red),Down,Dahisar East,Gundavali,18:48,19:15,27.0,True,Metro AC,Peak,All Days,6,1128,Night (21-24),68,AC,,
MetMetr_0110,Metro,Metro Line 7 (Red),Down,Dahisar East,Gundavali,18:54,19:21,27.0,True,Metro AC,Peak,All Days,6,1134,Night (21-24),68,AC,,
MetMetr_0111,Metro,Metro Line 7 (Red),Down,Dahisar East,Gundavali,19:00,19:27,27.0,True,Metro AC,Peak,All Days,6,1140,Night (21-24),68,AC,,
MetMetr_0112,Metro,Metro Line 7 (Red),Down,Dahisar East,Gundavali,19:06,19:33,27.0,True,Metro AC,Peak,All Days,6,1146,Night (21-24),68,AC,,
MetMetr_0113,Metro,Metro Line 7 (Red),Down,Dahisar East,Gundavali,19:12,19:39,27.0,True,Metro AC,Peak,All Days,6,1152,Night (21-24),68,AC,,
MetMetr_0114,Metro,Metro Line 7 (Red),Down,Dahisar East,Gundavali,19:18,19:45,27.0,True,Metro AC,Peak,All Days,6,1158,Night (21-24),68,AC,,
MetMetr_0115,Metro,Metro Line 7 (Red),Down,Dahisar East,Gundavali,19:24,19:51,27.0,True,Metro AC,Peak,All Days,6,1164,Night (21-24),68,AC,,
MetMetr_0116,Metro,Metro Line 7 (Red),Down,Dahisar East,Gundavali,19:30,19:57,27.0,True,Metro AC,Peak,All Days,6,1170,Night (21-24),68,AC,,
MetMetr_0117,Metro,Metro Line 7 (Red),Down,Dahisar East,Gundavali,19:36,20:03,27.0,True,Metro AC,Peak,All Days,6,1176,Night (21-24),68,AC,,
MetMetr_0118,Metro,Metro Line 7 (Red),Down,Dahisar East,Gundavali,19:42,20:09,27.0,True,Metro AC,Peak,All Days,6,1182,Night (21-24),68,AC,,
MetMetr_0119,Metro,Metro Line 7 (Red),Down,Dahisar East,Gundavali,19:48,20:15,27.0,True,Metro AC,Peak,All Days,6,1188,Night (21-24),68,AC,,
MetMetr_0120,Metro,Metro Line 7 (Red),Down,Dahisar East,Gundavali,19:54,20:21,27.0,True,Metro AC,Peak,All Days,6,1194,Night (21-24),68,AC,,
MetMetr_0121,Metro,Metro Line 7 (Red),Down,Dahisar East,Gundavali,20:00,20:27,27.0,True,Metro AC,Peak,All Days,6,1200,Night (21-24),68,AC,,
MetMetr_0122,Metro,Metro Line 7 (Red),Down,Dahisar East,Gundavali,20:06,20:33,27.0,True,Metro AC,Peak,All Days,6,1206,Night (21-24),68,AC,,
MetMetr_0123,Metro,Metro Line 7 (Red),Down,Dahisar East,Gundavali,20:12,20:39,27.0,True,Metro AC,Peak,All Days,6,1212,Night (21-24),68,AC,,
MetMetr_0124,Metro,Metro Line 7 (Red),Down,Dahisar East,Gundavali,20:18,20:45,27.0,True,Metro AC,Peak,All Days,6,1218,Night (21-24),68,AC,,
MetMetr_0125,Metro,Metro Line 7 (Red),Down,Dahisar East,Gundavali,20:24,20:51,27.0,True,Metro AC,Peak,All Days,6,1224,Night (21-24),68,AC,,
MetMetr_0126,Metro,Metro Line 7 (Red),Down,Dahisar East,Gundavali,20:30,20:57,27.0,True,Metro AC,Peak,All Days,6,1230,Night (21-24),68,AC,,
MetMetr_0127,Metro,Metro Line 7 (Red),Down,Dahisar East,Gundavali,20:36,21:03,27.0,True,Metro AC,Peak,All Days,6,1236,Night (21-24),68,AC,,
MetMetr_0128,Metro,Metro Line 7 (Red),Down,Dahisar East,Gundavali,20:42,21:09,27.0,True,Metro AC,Peak,All Days,6,1242,Night (21-24),68,AC,,
MetMetr_0129,Metro,Metro Line 7 (Red),Down,Dahisar East,Gundavali,20:48,21:15,27.0,True,Metro AC,Peak,All Days,6,1248,Night (21-24),68,AC,,
MetMetr_0130,Metro,Metro Line 7 (Red),Down,Dahisar East,Gundavali,20:54,21:21,27.0,True,Metro AC,Peak,All Days,6,1254,Night (21-24),68,AC,,
MetMetr_0131,Metro,Metro Line 7 (Red),Down,Dahisar East,Gundavali,21:00,21:27,27.0,True,Metro AC,Off-Peak,All Days,10,1260,Night (21-24),68,AC,,
MetMetr_0132,Metro,Metro Line 7 (Red),Down,Dahisar East,Gundavali,21:10,21:37,27.0,True,Metro AC,Off-Peak,All Days,10,1270,Night (21-24),68,AC,,
MetMetr_0133,Metro,Metro Line 7 (Red),Down,Dahisar East,Gundavali,21:20,21:47,27.0,True,Metro AC,Off-Peak,All Days,10,1280,Night (21-24),68,AC,,
MetMetr_0134,Metro,Metro Line 7 (Red),Down,Dahisar East,Gundavali,21:30,21:57,27.0,True,Metro AC,Off-Peak,All Days,10,1290,Night (21-24),68,AC,,
MetMetr_0001,Metro,Metro Line 7 (Red),Up,Gundavali,Dahisar East,06:00,06:27,27.0,True,Metro AC,Off-Peak,All Days,8,360,Early Morning (06-08),30,AC,,
MetMetr_0002,Metro,Metro Line 7 (Red),Up,Gundavali,Dahisar East,06:08,06:35,27.0,True,Metro AC,Off-Peak,All Days,8,368,Early Morning (06-08),30,AC,,
MetMetr_0003,Metro,Metro Line 7 (Red),Up,Gundavali,Dahisar East,06:16,06:43,27.0,True,Metro AC,Off-Peak,All Days,8,376,Early Morning (06-08),30,AC,,
MetMetr_0004,Metro,Metro Line 7 (Red),Up,Gundavali,Dahisar East,06:24,06:51,27.0,True,Metro AC,Off-Peak,All Days,8,384,Early Morning (06-08),30,AC,,
MetMetr_0005,Metro,Metro Line 7 (Red),Up,Gundavali,Dahisar East,06:32,06:59,27.0,True,Metro AC,Off-Peak,All Days,8,392,Early Morning (06-08),30,AC,,
MetMetr_0006,Metro,Metro Line 7 (Red),Up,Gundavali,Dahisar East,06:40,07:07,27.0,True,Metro AC,Off-Peak,All Days,8,400,Early Morning (06-08),30,AC,,
MetMetr_0007,Metro,Metro Line 7 (Red),Up,Gundavali,Dahisar East,06:48,07:15,27.0,True,Metro AC,Off-Peak,All Days,8,408,Early Morning (06-08),30,AC,,
MetMetr_0008,Metro,Metro Line 7 (Red),Up,Gundavali,Dahisar East,06:56,07:23,27.0,True,Metro AC,Off-Peak,All Days,8,416,Early Morning (06-08),30,AC,,
MetMetr_0009,Metro,Metro Line 7 (Red),Up,Gundavali,Dahisar East,07:04,07:31,27.0,True,Metro AC,Off-Peak,All Days,8,424,Early Morning (06-08),30,AC,,
MetMetr_0010,Metro,Metro Line 7 (Red),Up,Gundavali,Dahisar East,07:12,07:39,27.0,True,Metro AC,Off-Peak,All Days,8,432,Early Morning (06-08),30,AC,,
MetMetr_0011,Metro,Metro Line 7 (Red),Up,Gundavali,Dahisar East,07:20,07:47,27.0,True,Metro AC,Off-Peak,All Days,8,440,Early Morning (06-08),30,AC,,
MetMetr_0012,Metro,Metro Line 7 (Red),Up,Gundavali,Dahisar East,07:28,07:55,27.0,True,Metro AC,Off-Peak,All Days,8,448,Early Morning (06-08),30,AC,,
MetMetr_0013,Metro,Metro Line 7 (Red),Up,Gundavali,Dahisar East,07:36,08:03,27.0,True,Metro AC,Off-Peak,All Days,8,456,Early Morning (06-08),30,AC,,
MetMetr_0014,Metro,Metro Line 7 (Red),Up,Gundavali,Dahisar East,07:44,08:11,27.0,True,Metro AC,Off-Peak,All Days,8,464,Early Morning (06-08),30,AC,,
MetMetr_0015,Metro,Metro Line 7 (Red),Up,Gundavali,Dahisar East,07:52,08:19,27.0,True,Metro AC,Off-Peak,All Days,8,472,Early Morning (06-08),30,AC,,
MetMetr_0016,Metro,Metro Line 7 (Red),Up,Gundavali,Dahisar East,08:00,08:27,27.0,True,Metro AC,Peak,All Days,6,480,Morning Peak (08-10),40,AC,,
MetMetr_0017,Metro,Metro Line 7 (Red),Up,Gundavali,Dahisar East,08:06,08:33,27.0,True,Metro AC,Peak,All Days,6,486,Morning Peak (08-10),40,AC,,
MetMetr_0018,Metro,Metro Line 7 (Red),Up,Gundavali,Dahisar East,08:12,08:39,27.0,True,Metro AC,Peak,All Days,6,492,Morning Peak (08-10),40,AC,,
MetMetr_0019,Metro,Metro Line 7 (Red),Up,Gundavali,Dahisar East,08:18,08:45,27.0,True,Metro AC,Peak,All Days,6,498,Morning Peak (08-10),40,AC,,
MetMetr_0020,Metro,Metro Line 7 (Red),Up,Gundavali,Dahisar East,08:24,08:51,27.0,True,Metro AC,Peak,All Days,6,504,Morning Peak (08-10),40,AC,,
MetMetr_0021,Metro,Metro Line 7 (Red),Up,Gundavali,Dahisar East,08:30,08:57,27.0,True,Metro AC,Peak,All Days,6,510,Morning Peak (08-10),40,AC,,
MetMetr_0022,Metro,Metro Line 7 (Red),Up,Gundavali,Dahisar East,08:36,09:03,27.0,True,Metro AC,Peak,All Days,6,516,Morning Peak (08-10),40,AC,,
MetMetr_0023,Metro,Metro Line 7 (Red),Up,Gundavali,Dahisar East,08:42,09:09,27.0,True,Metro AC,Peak,All Days,6,522,Morning Peak (08-10),40,AC,,
MetMetr_0024,Metro,Metro Line 7 (Red),Up,Gundavali,Dahisar East,08:48,09:15,27.0,True,Metro AC,Peak,All Days,6,528,Morning Peak (08-10),40,AC,,
MetMetr_0025,Metro,Metro Line 7 (Red),Up,Gundavali,Dahisar East,08:54,09:21,27.0,True,Metro AC,Peak,All Days,6,534,Morning Peak (08-10),40,AC,,
MetMetr_0026,Metro,Metro Line 7 (Red),Up,Gundavali,Dahisar East,09:00,09:27,27.0,True,Metro AC,Peak,All Days,6,540,Morning Peak (08-10),40,AC,,
MetMetr_0027,Metro,Metro Line 7 (Red),Up,Gundavali,Dahisar East,09:06,09:33,27.0,True,Metro AC,Peak,All Days,6,546,Morning Peak (08-10),40,AC,,
MetMetr_0028,Metro,Metro Line 7 (Red),Up,Gundavali,Dahisar East,09:12,09:39,27.0,True,Metro AC,Peak,All Days,6,552,Morning Peak (08-10),40,AC,,
MetMetr_0029,Metro,Metro Line 7 (Red),Up,Gundavali,Dahisar East,09:18,09:45,27.0,True,Metro AC,Peak,All Days,6,558,Morning Peak (08-10),40,AC,,
MetMetr_0030,Metro,Metro Line 7 (Red),Up,Gundavali,Dahisar East,09:24,09:51,27.0,True,Metro AC,Peak,All Days,6,564,Morning Peak (08-10),40,AC,,
MetMetr_0031,Metro,Metro Line 7 (Red),Up,Gundavali,Dahisar East,09:30,09:57,27.0,True,Metro AC,Peak,All Days,6,570,Morning Peak (08-10),40,AC,,
MetMetr_0032,Metro,Metro Line 7 (Red),Up,Gundavali,Dahisar East,09:36,10:03,27.0,True,Metro AC,Peak,All Days,6,576,Morning Peak (08-10),40,AC,,
MetMetr_0033,Metro,Metro Line 7 (Red),Up,Gundavali,Dahisar East,09:42,10:09,27.0,True,Metro AC,Peak,All Days,6,582,Morning Peak (08-10),40,AC,,
MetMetr_0034,Metro,Metro Line 7 (Red),Up,Gundavali,Dahisar East,09:48,10:15,27.0,True,Metro AC,Peak,All Days,6,588,Morning Peak (08-10),40,AC,,
MetMetr_0035,Metro,Metro Line 7 (Red),Up,Gundavali,Dahisar East,09:54,10:21,27.0,True,Metro AC,Peak,All Days,6,594,Morning Peak (08-10),40,AC,,
MetMetr_0036,Metro,Metro Line 7 (Red),Up,Gundavali,Dahisar East,10:00,10:27,27.0,True,Metro AC,Peak,All Days,6,600,Mid-Morning (10-12),36,AC,,
MetMetr_0037,Metro,Metro Line 7 (Red),Up,Gundavali,Dahisar East,10:06,10:33,27.0,True,Metro AC,Peak,All Days,6,606,Mid-Morning (10-12),36,AC,,
MetMetr_0038,Metro,Metro Line 7 (Red),Up,Gundavali,Dahisar East,10:12,10:39,27.0,True,Metro AC,Peak,All Days,6,612,Mid-Morning (10-12),36,AC,,
MetMetr_0039,Metro,Metro Line 7 (Red),Up,Gundavali,Dahisar East,10:18,10:45,27.0,True,Metro AC,Peak,All Days,6,618,Mid-Morning (10-12),36,AC,,
MetMetr_0040,Metro,Metro Line 7 (Red),Up,Gundavali,Dahisar East,10:24,10:51,27.0,True,Metro AC,Peak,All Days,6,624,Mid-Morning (10-12),36,AC,,
MetMetr_0041,Metro,Metro Line 7 (Red),Up,Gundavali,Dahisar East,10:30,10:57,27.0,True,Metro AC,Peak,All Days,6,630,Mid-Morning (10-12),36,AC,,
MetMetr_0042,Metro,Metro Line 7 (Red),Up,Gundavali,Dahisar East,10:36,11:03,27.0,True,Metro AC,Peak,All Days,6,636,Mid-Morning (10-12),36,AC,,
MetMetr_0043,Metro,Metro Line 7 (Red),Up,Gundavali,Dahisar East,10:42,11:09,27.0,True,Metro AC,Peak,All Days,6,642,Mid-Morning (10-12),36,AC,,
MetMetr_0044,Metro,Metro Line 7 (Red),Up,Gundavali,Dahisar East,10:48,11:15,27.0,True,Metro AC,Peak,All Days,6,648,Mid-Morning (10-12),36,AC,,
MetMetr_0045,Metro,Metro Line 7 (Red),Up,Gundavali,Dahisar East,10:54,11:21,27.0,True,Metro AC,Peak,All Days,6,654,Mid-Morning (10-12),36,AC,,
MetMetr_0046,Metro,Metro Line 7 (Red),Up,Gundavali,Dahisar East,11:00,11:27,27.0,True,Metro AC,Off-Peak,All Days,8,660,Mid-Morning (10-12),36,AC,,
MetMetr_0047,Metro,Metro Line 7 (Red),Up,Gundavali,Dahisar East,11:08,11:35,27.0,True,Metro AC,Off-Peak,All Days,8,668,Mid-Morning (10-12),36,AC,,
MetMetr_0048,Metro,Metro Line 7 (Red),Up,Gundavali,Dahisar East,11:16,11:43,27.0,True,Metro AC,Off-Peak,All Days,8,676,Mid-Morning (10-12),36,AC,,
MetMetr_0049,Metro,Metro Line 7 (Red),Up,Gundavali,Dahisar East,11:24,11:51,27.0,True,Metro AC,Off-Peak,All Days,8,684,Mid-Morning (10-12),36,AC,,
MetMetr_0050,Metro,Metro Line 7 (Red),Up,Gundavali,Dahisar East,11:32,11:59,27.0,True,Metro AC,Off-Peak,All Days,8,692,Mid-Morning (10-12),36,AC,,
MetMetr_0051,Metro,Metro Line 7 (Red),Up,Gundavali,Dahisar East,11:40,12:07,27.0,True,Metro AC,Off-Peak,All Days,8,700,Mid-Morning (10-12),36,AC,,
MetMetr_0052,Metro,Metro Line 7 (Red),Up,Gundavali,Dahisar East,11:48,12:15,27.0,True,Metro AC,Off-Peak,All Days,8,708,Mid-Morning (10-12),36,AC,,
MetMetr_0053,Metro,Metro Line 7 (Red),Up,Gundavali,Dahisar East,11:56,12:23,27.0,True,Metro AC,Off-Peak,All Days,8,716,Mid-Morning (10-12),36,AC,,
MetMetr_0054,Metro,Metro Line 7 (Red),Up,Gundavali,Dahisar East,12:04,12:31,27.0,True,Metro AC,Off-Peak,All Days,8,724,Afternoon (12-14),30,AC,,
MetMetr_0055,Metro,Metro Line 7 (Red),Up,Gundavali,Dahisar East,12:12,12:39,27.0,True,Metro AC,Off-Peak,All Days,8,732,Afternoon (12-14),30,AC,,
MetMetr_0056,Metro,Metro Line 7 (Red),Up,Gundavali,Dahisar East,12:20,12:47,27.0,True,Metro AC,Off-Peak,All Days,8,740,Afternoon (12-14),30,AC,,
MetMetr_0057,Metro,Metro Line 7 (Red),Up,Gundavali,Dahisar East,12:28,12:55,27.0,True,Metro AC,Off-Peak,All Days,8,748,Afternoon (12-14),30,AC,,
MetMetr_0058,Metro,Metro Line 7 (Red),Up,Gundavali,Dahisar East,12:36,13:03,27.0,True,Metro AC,Off-Peak,All Days,8,756,Afternoon (12-14),30,AC,,
MetMetr_0059,Metro,Metro Line 7 (Red),Up,Gundavali,Dahisar East,12:44,13:11,27.0,True,Metro AC,Off-Peak,All Days,8,764,Afternoon (12-14),30,AC,,
MetMetr_0060,Metro,Metro Line 7 (Red),Up,Gundavali,Dahisar East,12:52,13:19,27.0,True,Metro AC,Off-Peak,All Days,8,772,Afternoon (12-14),30,AC,,
MetMetr_0061,Metro,Metro Line 7 (Red),Up,Gundavali,Dahisar East,13:00,13:27,27.0,True,Metro AC,Off-Peak,All Days,8,780,Afternoon (12-14),30,AC,,
MetMetr_0062,Metro,Metro Line 7 (Red),Up,Gundavali,Dahisar East,13:08,13:35,27.0,True,Metro AC,Off-Peak,All Days,8,788,Afternoon (12-14),30,AC,,
MetMetr_0063,Metro,Metro Line 7 (Red),Up,Gundavali,Dahisar East,13:16,13:43,27.0,True,Metro AC,Off-Peak,All Days,8,796,Afternoon (12-14),30,AC,,
MetMetr_0064,Metro,Metro Line 7 (Red),Up,Gundavali,Dahisar East,13:24,13:51,27.0,True,Metro AC,Off-Peak,All Days,8,804,Afternoon (12-14),30,AC,,
MetMetr_0065,Metro,Metro Line 7 (Red),Up,Gundavali,Dahisar East,13:32,13:59,27.0,True,Metro AC,Off-Peak,All Days,8,812,Afternoon (12-14),30,AC,,
MetMetr_0066,Metro,Metro Line 7 (Red),Up,Gundavali,Dahisar East,13:40,14:07,27.0,True,Metro AC,Off-Peak,All Days,8,820,Afternoon (12-14),30,AC,,
MetMetr_0067,Metro,Metro Line 7 (Red),Up,Gundavali,Dahisar East,13:48,14:15,27.0,True,Metro AC,Off-Peak,All Days,8,828,Afternoon (12-14),30,AC,,
MetMetr_0068,Metro,Metro Line 7 (Red),Up,Gundavali,Dahisar East,13:56,14:23,27.0,True,Metro AC,Off-Peak,All Days,8,836,Afternoon (12-14),30,AC,,
MetMetr_0069,Metro,Metro Line 7 (Red),Up,Gundavali,Dahisar East,14:04,14:31,27.0,True,Metro AC,Off-Peak,All Days,8,844,Evening Peak (16-18),30,AC,,
MetMetr_0070,Metro,Metro Line 7 (Red),Up,Gundavali,Dahisar East,14:12,14:39,27.0,True,Metro AC,Off-Peak,All Days,8,852,Evening Peak (16-18),30,AC,,
MetMetr_0071,Metro,Metro Line 7 (Red),Up,Gundavali,Dahisar East,14:20,14:47,27.0,True,Metro AC,Off-Peak,All Days,8,860,Evening Peak (16-18),30,AC,,
MetMetr_0072,Metro,Metro Line 7 (Red),Up,Gundavali,Dahisar East,14:28,14:55,27.0,True,Metro AC,Off-Peak,All Days,8,868,Evening Peak (16-18),30,AC,,
MetMetr_0073,Metro,Metro Line 7 (Red),Up,Gundavali,Dahisar East,14:36,15:03,27.0,True,Metro AC,Off-Peak,All Days,8,876,Evening Peak (16-18),30,AC,,
MetMetr_0074,Metro,Metro Line 7 (Red),Up,Gundavali,Dahisar East,14:44,15:11,27.0,True,Metro AC,Off-Peak,All Days,8,884,Evening Peak (16-18),30,AC,,
MetMetr_0075,Metro,Metro Line 7 (Red),Up,Gundavali,Dahisar East,14:52,15:19,27.0,True,Metro AC,Off-Peak,All Days,8,892,Evening Peak (16-18),30,AC,,
MetMetr_0076,Metro,Metro Line 7 (Red),Up,Gundavali,Dahisar East,15:00,15:27,27.0,True,Metro AC,Off-Peak,All Days,8,900,Evening Peak (16-18),30,AC,,
MetMetr_0077,Metro,Metro Line 7 (Red),Up,Gundavali,Dahisar East,15:08,15:35,27.0,True,Metro AC,Off-Peak,All Days,8,908,Evening Peak (16-18),30,AC,,
MetMetr_0078,Metro,Metro Line 7 (Red),Up,Gundavali,Dahisar East,15:16,15:43,27.0,True,Metro AC,Off-Peak,All Days,8,916,Evening Peak (16-18),30,AC,,
MetMetr_0079,Metro,Metro Line 7 (Red),Up,Gundavali,Dahisar East,15:24,15:51,27.0,True,Metro AC,Off-Peak,All Days,8,924,Evening Peak (16-18),30,AC,,
MetMetr_0080,Metro,Metro Line 7 (Red),Up,Gundavali,Dahisar East,15:32,15:59,27.0,True,Metro AC,Off-Peak,All Days,8,932,Evening Peak (16-18),30,AC,,
MetMetr_0081,Metro,Metro Line 7 (Red),Up,Gundavali,Dahisar East,15:40,16:07,27.0,True,Metro AC,Off-Peak,All Days,8,940,Evening Peak (16-18),30,AC,,
MetMetr_0082,Metro,Metro Line 7 (Red),Up,Gundavali,Dahisar East,15:48,16:15,27.0,True,Metro AC,Off-Peak,All Days,8,948,Evening Peak (16-18),30,AC,,
MetMetr_0083,Metro,Metro Line 7 (Red),Up,Gundavali,Dahisar East,15:56,16:23,27.0,True,Metro AC,Off-Peak,All Days,8,956,Evening Peak (16-18),30,AC,,
MetMetr_0084,Metro,Metro Line 7 (Red),Up,Gundavali,Dahisar East,16:04,16:31,27.0,True,Metro AC,Off-Peak,All Days,8,964,Evening (18-21),34,AC,,
MetMetr_0085,Metro,Metro Line 7 (Red),Up,Gundavali,Dahisar East,16:12,16:39,27.0,True,Metro AC,Off-Peak,All Days,8,972,Evening (18-21),34,AC,,
MetMetr_0086,Metro,Metro Line 7 (Red),Up,Gundavali,Dahisar East,16:20,16:47,27.0,True,Metro AC,Off-Peak,All Days,8,980,Evening (18-21),34,AC,,
MetMetr_0087,Metro,Metro Line 7 (Red),Up,Gundavali,Dahisar East,16:28,16:55,27.0,True,Metro AC,Off-Peak,All Days,8,988,Evening (18-21),34,AC,,
MetMetr_0088,Metro,Metro Line 7 (Red),Up,Gundavali,Dahisar East,16:36,17:03,27.0,True,Metro AC,Off-Peak,All Days,8,996,Evening (18-21),34,AC,,
MetMetr_0089,Metro,Metro Line 7 (Red),Up,Gundavali,Dahisar East,16:44,17:11,27.0,True,Metro AC,Off-Peak,All Days,8,1004,Evening (18-21),34,AC,,
MetMetr_0090,Metro,Metro Line 7 (Red),Up,Gundavali,Dahisar East,16:52,17:19,27.0,True,Metro AC,Off-Peak,All Days,8,1012,Evening (18-21),34,AC,,
MetMetr_0091,Metro,Metro Line 7 (Red),Up,Gundavali,Dahisar East,17:00,17:27,27.0,True,Metro AC,Peak,All Days,6,1020,Evening (18-21),34,AC,,
MetMetr_0092,Metro,Metro Line 7 (Red),Up,Gundavali,Dahisar East,17:06,17:33,27.0,True,Metro AC,Peak,All Days,6,1026,Evening (18-21),34,AC,,
MetMetr_0093,Metro,Metro Line 7 (Red),Up,Gundavali,Dahisar East,17:12,17:39,27.0,True,Metro AC,Peak,All Days,6,1032,Evening (18-21),34,AC,,
MetMetr_0094,Metro,Metro Line 7 (Red),Up,Gundavali,Dahisar East,17:18,17:45,27.0,True,Metro AC,Peak,All Days,6,1038,Evening (18-21),34,AC,,
MetMetr_0095,Metro,Metro Line 7 (Red),Up,Gundavali,Dahisar East,17:24,17:51,27.0,True,Metro AC,Peak,All Days,6,1044,Evening (18-21),34,AC,,
MetMetr_0096,Metro,Metro Line 7 (Red),Up,Gundavali,Dahisar East,17:30,17:57,27.0,True,Metro AC,Peak,All Days,6,1050,Evening (18-21),34,AC,,
MetMetr_0097,Metro,Metro Line 7 (Red),Up,Gundavali,Dahisar East,17:36,18:03,27.0,True,Metro AC,Peak,All Days,6,1056,Evening (18-21),34,AC,,
MetMetr_0098,Metro,Metro Line 7 (Red),Up,Gundavali,Dahisar East,17:42,18:09,27.0,True,Metro AC,Peak,All Days,6,1062,Evening (18-21),34,AC,,
MetMetr_0099,Metro,Metro Line 7 (Red),Up,Gundavali,Dahisar East,17:48,18:15,27.0,True,Metro AC,Peak,All Days,6,1068,Evening (18-21),34,AC,,
MetMetr_0100,Metro,Metro Line 7 (Red),Up,Gundavali,Dahisar East,17:54,18:21,27.0,True,Metro AC,Peak,All Days,6,1074,Evening (18-21),34,AC,,
MetMetr_0101,Metro,Metro Line 7 (Red),Up,Gundavali,Dahisar East,18:00,18:27,27.0,True,Metro AC,Peak,All Days,6,1080,Night (21-24),68,AC,,
MetMetr_0102,Metro,Metro Line 7 (Red),Up,Gundavali,Dahisar East,18:06,18:33,27.0,True,Metro AC,Peak,All Days,6,1086,Night (21-24),68,AC,,
MetMetr_0103,Metro,Metro Line 7 (Red),Up,Gundavali,Dahisar East,18:12,18:39,27.0,True,Metro AC,Peak,All Days,6,1092,Night (21-24),68,AC,,
MetMetr_0104,Metro,Metro Line 7 (Red),Up,Gundavali,Dahisar East,18:18,18:45,27.0,True,Metro AC,Peak,All Days,6,1098,Night (21-24),68,AC,,
MetMetr_0105,Metro,Metro Line 7 (Red),Up,Gundavali,Dahisar East,18:24,18:51,27.0,True,Metro AC,Peak,All Days,6,1104,Night (21-24),68,AC,,
MetMetr_0106,Metro,Metro Line 7 (Red),Up,Gundavali,Dahisar East,18:30,18:57,27.0,True,Metro AC,Peak,All Days,6,1110,Night (21-24),68,AC,,
MetMetr_0107,Metro,Metro Line 7 (Red),Up,Gundavali,Dahisar East,18:36,19:03,27.0,True,Metro AC,Peak,All Days,6,1116,Night (21-24),68,AC,,
MetMetr_0108,Metro,Metro Line 7 (Red),Up,Gundavali,Dahisar East,18:42,19:09,27.0,True,Metro AC,Peak,All Days,6,1122,Night (21-24),68,AC,,
MetMetr_0109,Metro,Metro Line 7 (Red),Up,Gundavali,Dahisar East,18:48,19:15,27.0,True,Metro AC,Peak,All Days,6,1128,Night (21-24),68,AC,,
MetMetr_0110,Metro,Metro Line 7 (Red),Up,Gundavali,Dahisar East,18:54,19:21,27.0,True,Metro AC,Peak,All Days,6,1134,Night (21-24),68,AC,,
MetMetr_0111,Metro,Metro Line 7 (Red),Up,Gundavali,Dahisar East,19:00,19:27,27.0,True,Metro AC,Peak,All Days,6,1140,Night (21-24),68,AC,,
MetMetr_0112,Metro,Metro Line 7 (Red),Up,Gundavali,Dahisar East,19:06,19:33,27.0,True,Metro AC,Peak,All Days,6,1146,Night (21-24),68,AC,,
MetMetr_0113,Metro,Metro Line 7 (Red),Up,Gundavali,Dahisar East,19:12,19:39,27.0,True,Metro AC,Peak,All Days,6,1152,Night (21-24),68,AC,,
MetMetr_0114,Metro,Metro Line 7 (Red),Up,Gundavali,Dahisar East,19:18,19:45,27.0,True,Metro AC,Peak,All Days,6,1158,Night (21-24),68,AC,,
MetMetr_0115,Metro,Metro Line 7 (Red),Up,Gundavali,Dahisar East,19:24,19:51,27.0,True,Metro AC,Peak,All Days,6,1164,Night (21-24),68,AC,,
MetMetr_0116,Metro,Metro Line 7 (Red),Up,Gundavali,Dahisar East,19:30,19:57,27.0,True,Metro AC,Peak,All Days,6,1170,Night (21-24),68,AC,,
MetMetr_0117,Metro,Metro Line 7 (Red),Up,Gundavali,Dahisar East,19:36,20:03,27.0,True,Metro AC,Peak,All Days,6,1176,Night (21-24),68,AC,,
MetMetr_0118,Metro,Metro Line 7 (Red),Up,Gundavali,Dahisar East,19:42,20:09,27.0,True,Metro AC,Peak,All Days,6,1182,Night (21-24),68,AC,,
MetMetr_0119,Metro,Metro Line 7 (Red),Up,Gundavali,Dahisar East,19:48,20:15,27.0,True,Metro AC,Peak,All Days,6,1188,Night (21-24),68,AC,,
MetMetr_0120,Metro,Metro Line 7 (Red),Up,Gundavali,Dahisar East,19:54,20:21,27.0,True,Metro AC,Peak,All Days,6,1194,Night (21-24),68,AC,,
MetMetr_0121,Metro,Metro Line 7 (Red),Up,Gundavali,Dahisar East,20:00,20:27,27.0,True,Metro AC,Peak,All Days,6,1200,Night (21-24),68,AC,,
MetMetr_0122,Metro,Metro Line 7 (Red),Up,Gundavali,Dahisar East,20:06,20:33,27.0,True,Metro AC,Peak,All Days,6,1206,Night (21-24),68,AC,,
MetMetr_0123,Metro,Metro Line 7 (Red),Up,Gundavali,Dahisar East,20:12,20:39,27.0,True,Metro AC,Peak,All Days,6,1212,Night (21-24),68,AC,,
MetMetr_0124,Metro,Metro Line 7 (Red),Up,Gundavali,Dahisar East,20:18,20:45,27.0,True,Metro AC,Peak,All Days,6,1218,Night (21-24),68,AC,,
MetMetr_0125,Metro,Metro Line 7 (Red),Up,Gundavali,Dahisar East,20:24,20:51,27.0,True,Metro AC,Peak,All Days,6,1224,Night (21-24),68,AC,,
MetMetr_0126,Metro,Metro Line 7 (Red),Up,Gundavali,Dahisar East,20:30,20:57,27.0,True,Metro AC,Peak,All Days,6,1230,Night (21-24),68,AC,,
MetMetr_0127,Metro,Metro Line 7 (Red),Up,Gundavali,Dahisar East,20:36,21:03,27.0,True,Metro AC,Peak,All Days,6,1236,Night (21-24),68,AC,,
MetMetr_0128,Metro,Metro Line 7 (Red),Up,Gundavali,Dahisar East,20:42,21:09,27.0,True,Metro AC,Peak,All Days,6,1242,Night (21-24),68,AC,,
MetMetr_0129,Metro,Metro Line 7 (Red),Up,Gundavali,Dahisar East,20:48,21:15,27.0,True,Metro AC,Peak,All Days,6,1248,Night (21-24),68,AC,,
MetMetr_0130,Metro,Metro Line 7 (Red),Up,Gundavali,Dahisar East,20:54,21:21,27.0,True,Metro AC,Peak,All Days,6,1254,Night (21-24),68,AC,,
MetMetr_0131,Metro,Metro Line 7 (Red),Up,Gundavali,Dahisar East,21:00,21:27,27.0,True,Metro AC,Off-Peak,All Days,10,1260,Night (21-24),68,AC,,
MetMetr_0132,Metro,Metro Line 7 (Red),Up,Gundavali,Dahisar East,21:10,21:37,27.0,True,Metro AC,Off-Peak,All Days,10,1270,Night (21-24),68,AC,,
MetMetr_0133,Metro,Metro Line 7 (Red),Up,Gundavali,Dahisar East,21:20,21:47,27.0,True,Metro AC,Off-Peak,All Days,10,1280,Night (21-24),68,AC,,
MetMetr_0134,Metro,Metro Line 7 (Red),Up,Gundavali,Dahisar East,21:30,21:57,27.0,True,Metro AC,Off-Peak,All Days,10,1290,Night (21-24),68,AC,,
BUS_0001,BEST_Bus,A-13E,Down,Backbay Depot,Dahisar Bus Station,17:00,,,True,AC Express,Peak,All Days,,1020,Evening (18-21),8,AC,,
BUS_0002,BEST_Bus,A-13E,Down,Backbay Depot,Dahisar Bus Station,17:30,,,True,AC Express,Peak,All Days,,1050,Evening (18-21),8,AC,,
BUS_0003,BEST_Bus,A-13E,Down,Backbay Depot,Dahisar Bus Station,17:50,,,True,AC Express,Peak,All Days,,1070,Evening (18-21),8,AC,,
BUS_0004,BEST_Bus,A-13E,Down,Backbay Depot,Dahisar Bus Station,18:10,,,True,AC Express,Peak,All Days,,1090,Night (21-24),4,AC,,
BUS_0005,BEST_Bus,A-13E,Down,Backbay Depot,Dahisar Bus Station,18:15,,,True,AC Express,Peak,All Days,,1095,Night (21-24),4,AC,,
BUS_0006,BEST_Bus,A-13E,Down,Backbay Depot,Dahisar Bus Station,18:40,,,True,AC Express,Peak,All Days,,1120,Night (21-24),4,AC,,
BUS_0007,BEST_Bus,A-13E,Down,Backbay Depot,Dahisar Bus Station,18:50,,,True,AC Express,Peak,All Days,,1130,Night (21-24),4,AC,,
BUS_0008,BEST_Bus,A-13E,Down,Hiranandani Estate,Dahisar Bus Station,07:20,,,True,AC Express,Peak,All Days,,440,Early Morning (06-08),3,AC,,
BUS_0009,BEST_Bus,A-13E,Down,Hiranandani Estate,Dahisar Bus Station,07:45,,,True,AC Express,Peak,All Days,,465,Early Morning (06-08),3,AC,,
BUS_0010,BEST_Bus,A-13E,Down,Hiranandani Estate,Dahisar Bus Station,08:00,,,True,AC Express,Peak,All Days,,480,Morning Peak (08-10),4,AC,,
BUS_0011,BEST_Bus,A-13E,Down,Hiranandani Estate,Dahisar Bus Station,08:20,,,True,AC Express,Peak,All Days,,500,Morning Peak (08-10),4,AC,,
BUS_0012,BEST_Bus,A-13E,Down,Hiranandani Estate,Dahisar Bus Station,08:40,,,True,AC Express,Peak,All Days,,520,Morning Peak (08-10),4,AC,,
BUS_0013,BEST_Bus,A-13E,Down,Lodha Paradise,Dahisar Bus Station,07:45,,,True,AC Express,Peak,All Days,,465,Early Morning (06-08),3,AC,,
BUS_0014,BEST_Bus,A-13E,Down,Lodha Paradise,Dahisar Bus Station,08:30,,,True,AC Express,Peak,All Days,,510,Morning Peak (08-10),4,AC,,
BUS_0015,BEST_Bus,A-13E,Down,Mithagar (Mulund),Dahisar Bus Station,15:05,,,True,AC Express,Off-Peak,All Days,,905,Evening Peak (16-18),2,AC,,
BUS_0016,BEST_Bus,A-13E,Down,Mithagar (Mulund),Dahisar Bus Station,15:45,,,True,AC Express,Off-Peak,All Days,,945,Evening Peak (16-18),2,AC,,
BUS_0017,BEST_Bus,A-13E,Down,Mithagar (Mulund),Dahisar Bus Station,16:05,,,True,AC Express,Off-Peak,All Days,,965,Evening (18-21),8,AC,,
BUS_0018,BEST_Bus,A-13E,Down,Mithagar (Mulund),Dahisar Bus Station,16:25,,,True,AC Express,Off-Peak,All Days,,985,Evening (18-21),8,AC,,
BUS_0019,BEST_Bus,A-13E,Down,Mithagar (Mulund),Dahisar Bus Station,16:45,,,True,AC Express,Off-Peak,All Days,,1005,Evening (18-21),8,AC,,
BUS_0020,BEST_Bus,A-13E,Down,Mithagar (Mulund),Dahisar Bus Station,16:55,,,True,AC Express,Off-Peak,All Days,,1015,Evening (18-21),8,AC,,
BUS_0021,BEST_Bus,A-13E,Down,Mithagar (Mulund),Dahisar Bus Station,17:05,,,True,AC Express,Peak,All Days,,1025,Evening (18-21),8,AC,,
BUS_0022,BEST_Bus,AS-1,Down,Anik Depot,Thane,07:00,,,True,AC,Peak,All Days,,420,Early Morning (06-08),3,AC,,
BUS_0023,BEST_Bus,AS-1,Down,Anik Depot,Thane,07:30,,,True,AC,Peak,All Days,,450,Early Morning (06-08),3,AC,,
BUS_0024,BEST_Bus,AS-1,Down,Anik Depot,Thane,08:00,,,True,AC,Peak,All Days,,480,Morning Peak (08-10),7,AC,,
BUS_0025,BEST_Bus,AS-1,Down,Anik Depot,Thane,08:30,,,True,AC,Peak,All Days,,510,Morning Peak (08-10),7,AC,,
BUS_0026,BEST_Bus,AS-1,Down,Anik Depot,Thane,09:00,,,True,AC,Peak,All Days,,540,Morning Peak (08-10),7,AC,,
BUS_0027,BEST_Bus,AS-1,Down,Backbay Depot,Thane,16:35,,,True,AC,Off-Peak,All Days,,995,Evening (18-21),4,AC,,
BUS_0028,BEST_Bus,AS-1,Down,Backbay Depot,Thane,17:05,,,True,AC,Peak,All Days,,1025,Evening (18-21),4,AC,,
BUS_0029,BEST_Bus,AS-1,Down,Backbay Depot,Thane,17:35,,,True,AC,Peak,All Days,,1055,Evening (18-21),4,AC,,
BUS_0030,BEST_Bus,AS-1,Down,Backbay Depot,Thane,18:05,,,True,AC,Peak,All Days,,1085,Night (21-24),6,AC,,
BUS_0031,BEST_Bus,AS-1,Down,Backbay Depot,Thane,18:35,,,True,AC,Peak,All Days,,1115,Night (21-24),6,AC,,
BUS_0032,BEST_Bus,AS-1,Down,Cadbury Junction,Backbay Depot,07:30,,,True,AC,Peak,All Days,,450,Early Morning (06-08),3,AC,,
BUS_0033,BEST_Bus,AS-1,Down,Cadbury Junction,Backbay Depot,08:00,,,True,AC,Peak,All Days,,480,Morning Peak (08-10),7,AC,,
BUS_0034,BEST_Bus,AS-1,Down,Cadbury Junction,Backbay Depot,08:30,,,True,AC,Peak,All Days,,510,Morning Peak (08-10),7,AC,,
BUS_0035,BEST_Bus,AS-1,Down,Cadbury Junction,Backbay Depot,09:00,,,True,AC,Peak,All Days,,540,Morning Peak (08-10),7,AC,,
BUS_0036,BEST_Bus,AS-1,Down,Cadbury Junction,Backbay Depot,09:30,,,True,AC,Peak,All Days,,570,Morning Peak (08-10),7,AC,,
BUS_0037,BEST_Bus,AS-1,Down,Cadbury Junction,Anik Depot,17:55,,,True,AC,Peak,All Days,,1075,Evening (18-21),4,AC,,
BUS_0038,BEST_Bus,AS-1,Down,Cadbury Junction,Anik Depot,18:25,,,True,AC,Peak,All Days,,1105,Night (21-24),6,AC,,
BUS_0039,BEST_Bus,AS-1,Down,Cadbury Junction,Anik Depot,18:55,,,True,AC,Peak,All Days,,1135,Night (21-24),6,AC,,
BUS_0040,BEST_Bus,AS-1,Down,Cadbury Junction,Anik Depot,19:25,,,True,AC,Peak,All Days,,1165,Night (21-24),6,AC,,
BUS_0041,BEST_Bus,AS-1,Down,Cadbury Junction,Anik Depot,19:55,,,True,AC,Peak,All Days,,1195,Night (21-24),6,AC,,
BUS_0042,BEST_Bus,AS-2,Down,Backbay Depot,Dahisar Bus Station,16:05,,,True,AC,Off-Peak,All Days,,965,Evening (18-21),13,AC,,
BUS_0043,BEST_Bus,AS-2,Down,Backbay Depot,Dahisar Bus Station,16:35,,,True,AC,Off-Peak,All Days,,995,Evening (18-21),13,AC,,
BUS_0044,BEST_Bus,AS-2,Down,Backbay Depot,Dahisar Bus Station,17:05,,,True,AC,Peak,All Days,,1025,Evening (18-21),13,AC,,
BUS_0045,BEST_Bus,AS-2,Down,Backbay Depot,Dahisar Bus Station,17:35,,,True,AC,Peak,All Days,,1055,Evening (18-21),13,AC,,
BUS_0046,BEST_Bus,AS-2,Down,Backbay Depot,Dahisar Bus Station,18:05,,,True,AC,Peak,All Days,,1085,Night (21-24),4,AC,,
BUS_0047,BEST_Bus,AS-2,Down,Dahisar Bus Station,Backbay Depot,07:30,,,True,AC,Peak,All Days,,450,Early Morning (06-08),1,AC,,
BUS_0048,BEST_Bus,AS-2,Down,Dahisar Bus Station,Backbay Depot,08:00,,,True,AC,Peak,All Days,,480,Morning Peak (08-10),8,AC,,
BUS_0049,BEST_Bus,AS-2,Down,Dahisar Bus Station,Backbay Depot,08:30,,,True,AC,Peak,All Days,,510,Morning Peak (08-10),8,AC,,
BUS_0050,BEST_Bus,AS-2,Down,Dahisar Bus Station,Backbay Depot,09:00,,,True,AC,Peak,All Days,,540,Morning Peak (08-10),8,AC,,
BUS_0051,BEST_Bus,AS-2,Down,Dahisar Bus Station,Backbay Depot,09:30,,,True,AC,Peak,All Days,,570,Morning Peak (08-10),8,AC,,
BUS_0052,BEST_Bus,AS-2,Down,Backbay Depot,Magathane Depot,09:30,,,True,AC,Peak,All Days,,570,Morning Peak (08-10),8,AC,,
BUS_0053,BEST_Bus,AS-2,Down,Backbay Depot,Magathane Depot,16:15,,,True,AC,Off-Peak,All Days,,975,Evening (18-21),13,AC,,
BUS_0054,BEST_Bus,AS-2,Down,Backbay Depot,Magathane Depot,16:30,,,True,AC,Off-Peak,All Days,,990,Evening (18-21),13,AC,,
BUS_0055,BEST_Bus,AS-2,Down,Backbay Depot,Magathane Depot,16:45,,,True,AC,Off-Peak,All Days,,1005,Evening (18-21),13,AC,,
BUS_0056,BEST_Bus,AS-2,Down,Backbay Depot,Magathane Depot,17:00,,,True,AC,Peak,All Days,,1020,Evening (18-21),13,AC,,
BUS_0057,BEST_Bus,AS-2,Down,Backbay Depot,Magathane Depot,17:15,,,True,AC,Peak,All Days,,1035,Evening (18-21),13,AC,,
BUS_0058,BEST_Bus,AS-2,Down,Backbay Depot,Magathane Depot,17:30,,,True,AC,Peak,All Days,,1050,Evening (18-21),13,AC,,
BUS_0059,BEST_Bus,AS-2,Down,Backbay Depot,Magathane Depot,17:50,,,True,AC,Peak,All Days,,1070,Evening (18-21),13,AC,,
BUS_0060,BEST_Bus,AS-2,Down,Backbay Depot,Magathane Depot,18:10,,,True,AC,Peak,All Days,,1090,Night (21-24),4,AC,,
BUS_0061,BEST_Bus,AS-2,Down,Backbay Depot,Magathane Depot,18:30,,,True,AC,Peak,All Days,,1110,Night (21-24),4,AC,,
BUS_0062,BEST_Bus,AS-2,Down,NSCI (Worli),National Park Borivali,17:25,,,True,AC,Peak,All Days,,1045,Evening (18-21),13,AC,,
BUS_0063,BEST_Bus,AS-2,Down,NSCI (Worli),National Park Borivali,17:40,,,True,AC,Peak,All Days,,1060,Evening (18-21),13,AC,,
BUS_0064,BEST_Bus,AS-2,Down,NSCI (Worli),National Park Borivali,18:00,,,True,AC,Peak,All Days,,1080,Night (21-24),4,AC,,
BUS_0065,BEST_Bus,AS-2,Down,National Park (Borivali),NSCI (Worli),08:10,,,True,AC,Peak,All Days,,490,Morning Peak (08-10),8,AC,,
BUS_0066,BEST_Bus,AS-2,Down,National Park (Borivali),NSCI (Worli),08:30,,,True,AC,Peak,All Days,,510,Morning Peak (08-10),8,AC,,
BUS_0067,BEST_Bus,AS-2,Down,National Park (Borivali),NSCI (Worli),08:50,,,True,AC,Peak,All Days,,530,Morning Peak (08-10),8,AC,,
BUS_0068,BEST_Bus,AS-3,Down,Cadbury Junction,Dahisar Bus Station,09:00,,,True,AC,Peak,All Days,,540,Morning Peak (08-10),9,AC,,
BUS_0069,BEST_Bus,AS-3,Down,Cadbury Junction,Dahisar Bus Station,09:30,,,True,AC,Peak,All Days,,570,Morning Peak (08-10),9,AC,,
BUS_0070,BEST_Bus,AS-3,Down,Cadbury Junction,Dahisar Bus Station,10:05,,,True,AC,Off-Peak,All Days,,605,Mid-Morning (10-12),10,AC,,
BUS_0071,BEST_Bus,AS-3,Down,Cadbury Junction,Dahisar Bus Station,10:40,,,True,AC,Off-Peak,All Days,,640,Mid-Morning (10-12),10,AC,,
BUS_0072,BEST_Bus,AS-3,Down,Cadbury Junction,Dahisar Bus Station,11:15,,,True,AC,Off-Peak,All Days,,675,Mid-Morning (10-12),10,AC,,
BUS_0073,BEST_Bus,AS-3,Down,Cadbury Junction,Dahisar Bus Station,11:50,,,True,AC,Off-Peak,All Days,,710,Mid-Morning (10-12),10,AC,,
BUS_0074,BEST_Bus,AS-3,Down,Cadbury Junction,Dahisar Bus Station,12:20,,,True,AC,Off-Peak,All Days,,740,Afternoon (12-14),3,AC,,
BUS_0075,BEST_Bus,AS-3,Down,Cadbury Junction,Dahisar Bus Station,12:55,,,True,AC,Off-Peak,All Days,,775,Afternoon (12-14),3,AC,,
BUS_0076,BEST_Bus,AS-3,Down,Cadbury Junction,Dahisar Bus Station,13:30,,,True,AC,Off-Peak,All Days,,810,Afternoon (12-14),3,AC,,
BUS_0077,BEST_Bus,AS-3,Down,Cadbury Junction,Dahisar Bus Station,14:05,,,True,AC,Off-Peak,All Days,,845,Evening Peak (16-18),4,AC,,
BUS_0078,BEST_Bus,AS-3,Down,Cadbury Junction,Dahisar Bus Station,14:45,,,True,AC,Off-Peak,All Days,,885,Evening Peak (16-18),4,AC,,
BUS_0079,BEST_Bus,AS-3,Down,Cadbury Junction,Dahisar Bus Station,15:20,,,True,AC,Off-Peak,All Days,,920,Evening Peak (16-18),4,AC,,
BUS_0080,BEST_Bus,AS-3,Down,Cadbury Junction,Dahisar Bus Station,15:55,,,True,AC,Off-Peak,All Days,,955,Evening Peak (16-18),4,AC,,
BUS_0082,BEST_Bus,AS-3,Down,Cadbury Junction,Dahisar Bus Station,16:30,,,True,AC,Off-Peak,All Days,,990,Evening (18-21),8,AC,,
BUS_0084,BEST_Bus,AS-3,Down,Cadbury Junction,Dahisar Bus Station,17:05,,,True,AC,Peak,All Days,,1025,Evening (18-21),8,AC,,
BUS_0085,BEST_Bus,AS-3,Down,Cadbury Junction,Dahisar Bus Station,17:45,,,True,AC,Peak,All Days,,1065,Evening (18-21),8,AC,,
BUS_0086,BEST_Bus,AS-3,Down,Cadbury Junction,Dahisar Bus Station,18:00,,,True,AC,Peak,All Days,,1080,Night (21-24),20,AC,,
BUS_0087,BEST_Bus,AS-3,Down,Cadbury Junction,Dahisar Bus Station,18:20,,,True,AC,Peak,All Days,,1100,Night (21-24),20,AC,,
BUS_0088,BEST_Bus,AS-3,Down,Cadbury Junction,Dahisar Bus Station,18:35,,,True,AC,Peak,All Days,,1115,Night (21-24),20,AC,,
BUS_0089,BEST_Bus,AS-3,Down,Cadbury Junction,Dahisar Bus Station,18:55,,,True,AC,Peak,All Days,,1135,Night (21-24),20,AC,,
BUS_0090,BEST_Bus,AS-3,Down,Cadbury Junction,Dahisar Bus Station,19:30,,,True,AC,Peak,All Days,,1170,Night (21-24),20,AC,,
BUS_0091,BEST_Bus,AS-3,Down,Cadbury Junction,Dahisar Bus Station,20:05,,,True,AC,Peak,All Days,,1205,Night (21-24),20,AC,,
BUS_0092,BEST_Bus,AS-3,Down,Anik Depot,Dahisar Bus Station,07:05,,,True,AC,Peak,All Days,,425,Early Morning (06-08),6,AC,,
BUS_0093,BEST_Bus,AS-3,Down,Anik Depot,Dahisar Bus Station,07:25,,,True,AC,Peak,All Days,,445,Early Morning (06-08),6,AC,,
BUS_0094,BEST_Bus,AS-3,Down,Anik Depot,Dahisar Bus Station,07:35,,,True,AC,Peak,All Days,,455,Early Morning (06-08),6,AC,,
BUS_0095,BEST_Bus,AS-3,Down,Anik Depot,Dahisar Bus Station,07:45,,,True,AC,Peak,All Days,,465,Early Morning (06-08),6,AC,,
BUS_0096,BEST_Bus,AS-3,Down,Anik Depot,Dahisar Bus Station,07:55,,,True,AC,Peak,All Days,,475,Early Morning (06-08),6,AC,,
BUS_0097,BEST_Bus,AS-3,Down,Anik Depot,Dahisar Bus Station,08:05,,,True,AC,Peak,All Days,,485,Morning Peak (08-10),9,AC,,
BUS_0098,BEST_Bus,AS-3,Down,Anik Depot,Dahisar Bus Station,08:20,,,True,AC,Peak,All Days,,500,Morning Peak (08-10),9,AC,,
BUS_0099,BEST_Bus,AS-3,Down,Anik Depot,Dahisar Bus Station,16:30,,,True,AC,Off-Peak,All Days,,990,Evening (18-21),8,AC,,
BUS_0100,BEST_Bus,AS-3,Down,Anik Depot,Dahisar Bus Station,16:50,,,True,AC,Off-Peak,All Days,,1010,Evening (18-21),8,AC,,
BUS_0101,BEST_Bus,AS-3,Down,Anik Depot,Dahisar Bus Station,17:10,,,True,AC,Peak,All Days,,1030,Evening (18-21),8,AC,,
BUS_0102,BEST_Bus,AS-3,Down,Anik Depot,Dahisar Bus Station,17:30,,,True,AC,Peak,All Days,,1050,Evening (18-21),8,AC,,
BUS_0103,BEST_Bus,AS-3,Down,Anik Depot,Dahisar Bus Station,17:45,,,True,AC,Peak,All Days,,1065,Evening (18-21),8,AC,,
BUS_0104,BEST_Bus,AS-3,Down,Anik Depot,Dahisar Bus Station,18:00,,,True,AC,Peak,All Days,,1080,Night (21-24),20,AC,,
BUS_0105,BEST_Bus,AS-3,Down,Anik Depot,Dahisar Bus Station,18:20,,,True,AC,Peak,All Days,,1100,Night (21-24),20,AC,,
BUS_0106,BEST_Bus,AS-3,Down,Cadbury Junction,Dahisar Bus Station,07:40,,,True,AC,Peak,All Days,,460,Early Morning (06-08),6,AC,,
BUS_0107,BEST_Bus,AS-3,Down,Cadbury Junction,Dahisar Bus Station,08:00,,,True,AC,Peak,All Days,,480,Morning Peak (08-10),9,AC,,
BUS_0108,BEST_Bus,AS-3,Down,Cadbury Junction,Dahisar Bus Station,08:10,,,True,AC,Peak,All Days,,490,Morning Peak (08-10),9,AC,,
BUS_0109,BEST_Bus,AS-3,Down,Cadbury Junction,Dahisar Bus Station,08:20,,,True,AC,Peak,All Days,,500,Morning Peak (08-10),9,AC,,
BUS_0110,BEST_Bus,AS-3,Down,Cadbury Junction,Dahisar Bus Station,08:30,,,True,AC,Peak,All Days,,510,Morning Peak (08-10),9,AC,,
BUS_0111,BEST_Bus,AS-3,Down,Cadbury Junction,Dahisar Bus Station,08:45,,,True,AC,Peak,All Days,,525,Morning Peak (08-10),9,AC,,
BUS_0113,BEST_Bus,AS-3,Down,Cadbury Junction,Dahisar Bus Station,10:50,,,True,AC,Off-Peak,All Days,,650,Mid-Morning (10-12),10,AC,,
BUS_0114,BEST_Bus,AS-3,Down,Cadbury Junction,Dahisar Bus Station,11:10,,,True,AC,Off-Peak,All Days,,670,Mid-Morning (10-12),10,AC,,
BUS_0115,BEST_Bus,AS-3,Down,Cadbury Junction,Dahisar Bus Station,11:20,,,True,AC,Off-Peak,All Days,,680,Mid-Morning (10-12),10,AC,,
BUS_0116,BEST_Bus,AS-3,Down,Cadbury Junction,Dahisar Bus Station,11:30,,,True,AC,Off-Peak,All Days,,690,Mid-Morning (10-12),10,AC,,
BUS_0117,BEST_Bus,AS-3,Down,Cadbury Junction,Dahisar Bus Station,11:40,,,True,AC,Off-Peak,All Days,,700,Mid-Morning (10-12),10,AC,,
BUS_0118,BEST_Bus,AS-3,Down,Cadbury Junction,Dahisar Bus Station,11:55,,,True,AC,Off-Peak,All Days,,715,Mid-Morning (10-12),10,AC,,
BUS_0119,BEST_Bus,AS-3,Down,Cadbury Junction,Dahisar Bus Station,18:10,,,True,AC,Peak,All Days,,1090,Night (21-24),20,AC,,
BUS_0120,BEST_Bus,AS-3,Down,Cadbury Junction,Dahisar Bus Station,18:30,,,True,AC,Peak,All Days,,1110,Night (21-24),20,AC,,
BUS_0121,BEST_Bus,AS-3,Down,Cadbury Junction,Dahisar Bus Station,18:45,,,True,AC,Peak,All Days,,1125,Night (21-24),20,AC,,
BUS_0122,BEST_Bus,AS-3,Down,Cadbury Junction,Dahisar Bus Station,19:00,,,True,AC,Peak,All Days,,1140,Night (21-24),20,AC,,
BUS_0123,BEST_Bus,AS-3,Down,Cadbury Junction,Dahisar Bus Station,19:15,,,True,AC,Peak,All Days,,1155,Night (21-24),20,AC,,
BUS_0124,BEST_Bus,AS-3,Down,Cadbury Junction,Dahisar Bus Station,19:20,,,True,AC,Peak,All Days,,1160,Night (21-24),20,AC,,
BUS_0125,BEST_Bus,AS-3,Down,Cadbury Junction,Dahisar Bus Station,19:35,,,True,AC,Peak,All Days,,1175,Night (21-24),20,AC,,
BUS_0126,BEST_Bus,AS-3,Down,Cadbury Junction,Dahisar Bus Station,19:55,,,True,AC,Peak,All Days,,1195,Night (21-24),20,AC,,
BUS_0127,BEST_Bus,AS-3,Down,Cadbury Junction,Dahisar Bus Station,20:15,,,True,AC,Peak,All Days,,1215,Night (21-24),20,AC,,
BUS_0128,BEST_Bus,AS-3,Down,Cadbury Junction,Dahisar Bus Station,20:30,,,True,AC,Peak,All Days,,1230,Night (21-24),20,AC,,
BUS_0129,BEST_Bus,AS-3,Down,Cadbury Junction,Dahisar Bus Station,20:45,,,True,AC,Peak,All Days,,1245,Night (21-24),20,AC,,
BUS_0130,BEST_Bus,AS-3,Down,Cadbury Junction,Dahisar Bus Station,21:00,,,True,AC,Peak,All Days,,1260,Night (21-24),20,AC,,
BUS_0131,BEST_Bus,AS-302,Down,Ashtvinayak Chowk,Dahisar Bus Station,14:13,,,True,AC,Off-Peak,All Days,,853,Evening Peak (16-18),4,AC,,
BUS_0132,BEST_Bus,AS-302,Down,Ashtvinayak Chowk,Dahisar Bus Station,14:46,,,True,AC,Off-Peak,All Days,,886,Evening Peak (16-18),4,AC,,
BUS_0133,BEST_Bus,AS-302,Down,Ashtvinayak Chowk,Dahisar Bus Station,15:20,,,True,AC,Off-Peak,All Days,,920,Evening Peak (16-18),4,AC,,
BUS_0134,BEST_Bus,AS-302,Down,Ashtvinayak Chowk,Dahisar Bus Station,15:53,,,True,AC,Off-Peak,All Days,,953,Evening Peak (16-18),4,AC,,
BUS_0135,BEST_Bus,AS-302,Down,Ashtvinayak Chowk,Dahisar Bus Station,16:26,,,True,AC,Off-Peak,All Days,,986,Evening (18-21),3,AC,,
BUS_0136,BEST_Bus,AS-302,Down,Ashtvinayak Chowk,Dahisar Bus Station,17:00,,,True,AC,Peak,All Days,,1020,Evening (18-21),3,AC,,
BUS_0137,BEST_Bus,AS-302,Down,Ashtvinayak Chowk,Dahisar Bus Station,17:33,,,True,AC,Peak,All Days,,1053,Evening (18-21),3,AC,,
BUS_0138,BEST_Bus,AS-302,Down,Ashtvinayak Chowk,Dahisar Bus Station,18:06,,,True,AC,Peak,All Days,,1086,Night (21-24),11,AC,,
BUS_0139,BEST_Bus,AS-302,Down,Ashtvinayak Chowk,Dahisar Bus Station,18:31,,,True,AC,Peak,All Days,,1111,Night (21-24),11,AC,,
BUS_0140,BEST_Bus,AS-302,Down,Ashtvinayak Chowk,Dahisar Bus Station,18:56,,,True,AC,Peak,All Days,,1136,Night (21-24),11,AC,,
BUS_0141,BEST_Bus,AS-302,Down,Ashtvinayak Chowk,Dahisar Bus Station,19:20,,,True,AC,Peak,All Days,,1160,Night (21-24),11,AC,,
BUS_0142,BEST_Bus,AS-302,Down,Ashtvinayak Chowk,Dahisar Bus Station,19:21,,,True,AC,Peak,All Days,,1161,Night (21-24),11,AC,,
BUS_0143,BEST_Bus,AS-302,Down,Ashtvinayak Chowk,Dahisar Bus Station,19:45,,,True,AC,Peak,All Days,,1185,Night (21-24),11,AC,,
BUS_0144,BEST_Bus,AS-302,Down,Ashtvinayak Chowk,Dahisar Bus Station,19:46,,,True,AC,Peak,All Days,,1186,Night (21-24),11,AC,,
BUS_0145,BEST_Bus,AS-302,Down,Ashtvinayak Chowk,Dahisar Bus Station,20:11,,,True,AC,Peak,All Days,,1211,Night (21-24),11,AC,,
BUS_0146,BEST_Bus,AS-302,Down,Ashtvinayak Chowk,Dahisar Bus Station,20:36,,,True,AC,Peak,All Days,,1236,Night (21-24),11,AC,,
BUS_0147,BEST_Bus,AS-302,Down,Ashtvinayak Chowk,Dahisar Bus Station,21:00,,,True,AC,Peak,All Days,,1260,Night (21-24),11,AC,,
BUS_0148,BEST_Bus,AS-302,Down,Ashtvinayak Chowk,Dahisar Bus Station,21:25,,,True,AC,Off-Peak,All Days,,1285,Night (21-24),11,AC,,
BUS_0149,BEST_Bus,AS-302,Down,Dharavi Depot,Dahisar Bus Station,06:05,,,True,AC,Off-Peak,All Days,,365,Early Morning (06-08),5,AC,,
BUS_0150,BEST_Bus,AS-302,Down,Dharavi Depot,Dahisar Bus Station,06:29,,,True,AC,Off-Peak,All Days,,389,Early Morning (06-08),5,AC,,
BUS_0151,BEST_Bus,AS-302,Down,Dharavi Depot,Dahisar Bus Station,06:53,,,True,AC,Off-Peak,All Days,,413,Early Morning (06-08),5,AC,,
BUS_0152,BEST_Bus,AS-302,Down,Dharavi Depot,Dahisar Bus Station,07:15,,,True,AC,Peak,All Days,,435,Early Morning (06-08),5,AC,,
BUS_0153,BEST_Bus,AS-302,Down,Dharavi Depot,Dahisar Bus Station,07:35,,,True,AC,Peak,All Days,,455,Early Morning (06-08),5,AC,,
BUS_0154,BEST_Bus,AS-388,Down,Ghatkopar Depot,Dahisar Bus Station,13:47,,,True,AC,Off-Peak,All Days,,827,Afternoon (12-14),5,AC,,
BUS_0155,BEST_Bus,AS-388,Down,Ghatkopar Depot,Dahisar Bus Station,14:17,,,True,AC,Off-Peak,All Days,,857,Evening Peak (16-18),8,AC,,
BUS_0156,BEST_Bus,AS-388,Down,Ghatkopar Depot,Dahisar Bus Station,14:47,,,True,AC,Off-Peak,All Days,,887,Evening Peak (16-18),8,AC,,
BUS_0157,BEST_Bus,AS-388,Down,Ghatkopar Depot,Dahisar Bus Station,15:17,,,True,AC,Off-Peak,All Days,,917,Evening Peak (16-18),8,AC,,
BUS_0158,BEST_Bus,AS-388,Down,Ghatkopar Depot,Dahisar Bus Station,15:47,,,True,AC,Off-Peak,All Days,,947,Evening Peak (16-18),8,AC,,
BUS_0159,BEST_Bus,AS-388,Down,Ghatkopar Depot,Dahisar Bus Station,16:19,,,True,AC,Off-Peak,All Days,,979,Evening (18-21),3,AC,,
BUS_0160,BEST_Bus,AS-388,Down,Ghatkopar Depot,Dahisar Bus Station,16:50,,,True,AC,Off-Peak,All Days,,1010,Evening (18-21),3,AC,,
BUS_0161,BEST_Bus,AS-388,Down,Ghatkopar Depot,Dahisar Bus Station,17:22,,,True,AC,Peak,All Days,,1042,Evening (18-21),3,AC,,
BUS_0162,BEST_Bus,AS-388,Down,Poisar Depot,Dahisar Bus Station,12:02,,,True,AC,Off-Peak,All Days,,722,Afternoon (12-14),5,AC,,
BUS_0163,BEST_Bus,AS-388,Down,Poisar Depot,Dahisar Bus Station,12:32,,,True,AC,Off-Peak,All Days,,752,Afternoon (12-14),5,AC,,
BUS_0164,BEST_Bus,AS-388,Down,Poisar Depot,Dahisar Bus Station,13:02,,,True,AC,Off-Peak,All Days,,782,Afternoon (12-14),5,AC,,
BUS_0165,BEST_Bus,AS-388,Down,Poisar Depot,Dahisar Bus Station,13:32,,,True,AC,Off-Peak,All Days,,812,Afternoon (12-14),5,AC,,
BUS_0166,BEST_Bus,AS-388,Down,Poisar Depot,Dahisar Bus Station,14:02,,,True,AC,Off-Peak,All Days,,842,Evening Peak (16-18),8,AC,,
BUS_0167,BEST_Bus,AS-388,Down,Poisar Depot,Dahisar Bus Station,14:32,,,True,AC,Off-Peak,All Days,,872,Evening Peak (16-18),8,AC,,
BUS_0168,BEST_Bus,AS-388,Down,Poisar Depot,Dahisar Bus Station,15:02,,,True,AC,Off-Peak,All Days,,902,Evening Peak (16-18),8,AC,,
BUS_0169,BEST_Bus,AS-388,Down,Poisar Depot,Dahisar Bus Station,15:32,,,True,AC,Off-Peak,All Days,,932,Evening Peak (16-18),8,AC,,
BUS_0170,BEST_Bus,AS-4,Down,Backbay Depot,Dahisar Bus Station,16:35,,,True,AC,Off-Peak,All Days,,995,Evening (18-21),3,AC,,
BUS_0171,BEST_Bus,AS-4,Down,Backbay Depot,Dahisar Bus Station,17:10,,,True,AC,Peak,All Days,,1030,Evening (18-21),3,AC,,
BUS_0172,BEST_Bus,AS-4,Down,Backbay Depot,Dahisar Bus Station,17:40,,,True,AC,Peak,All Days,,1060,Evening (18-21),3,AC,,
BUS_0173,BEST_Bus,AS-4,Down,Backbay Depot,Dahisar Bus Station,18:10,,,True,AC,Peak,All Days,,1090,Night (21-24),4,AC,,
BUS_0174,BEST_Bus,AS-4,Down,Backbay Depot,Dahisar Bus Station,18:50,,,True,AC,Peak,All Days,,1130,Night (21-24),4,AC,,
BUS_0175,BEST_Bus,AS-4,Down,Oshiwara Depot,Dahisar Bus Station,07:50,,,True,AC,Peak,All Days,,470,Early Morning (06-08),1,AC,,
BUS_0176,BEST_Bus,AS-4,Down,Oshiwara Depot,Dahisar Bus Station,08:20,,,True,AC,Peak,All Days,,500,Morning Peak (08-10),4,AC,,
BUS_0177,BEST_Bus,AS-4,Down,Oshiwara Depot,Dahisar Bus Station,09:00,,,True,AC,Peak,All Days,,540,Morning Peak (08-10),4,AC,,
BUS_0178,BEST_Bus,AS-4,Down,Oshiwara Depot,Dahisar Bus Station,09:40,,,True,AC,Peak,All Days,,580,Morning Peak (08-10),4,AC,,
BUS_0179,BEST_Bus,AS-4,Down,Oshiwara Depot,Dahisar Bus Station,10:20,,,True,AC,Off-Peak,All Days,,620,Mid-Morning (10-12),2,AC,,
BUS_0180,BEST_Bus,AS-4,Down,Backbay Depot,Dahisar Bus Station,09:50,,,True,AC,Peak,All Days,,590,Morning Peak (08-10),4,AC,,
BUS_0181,BEST_Bus,AS-4,Down,Backbay Depot,Dahisar Bus Station,10:20,,,True,AC,Off-Peak,All Days,,620,Mid-Morning (10-12),2,AC,,
BUS_0182,BEST_Bus,AS-4,Down,Oshiwara Depot,Dahisar Bus Station,18:30,,,True,AC,Peak,All Days,,1110,Night (21-24),4,AC,,
BUS_0183,BEST_Bus,AS-4,Down,Oshiwara Depot,Dahisar Bus Station,18:50,,,True,AC,Peak,All Days,,1130,Night (21-24),4,AC,,
BUS_0184,BEST_Bus,AS-422,Down,Agarkar Chowk,Dahisar Bus Station,14:37,,,True,AC,Off-Peak,All Days,,877,Evening Peak (16-18),16,AC,,
BUS_0185,BEST_Bus,AS-422,Down,Agarkar Chowk,Dahisar Bus Station,15:05,,,True,AC,Off-Peak,All Days,,905,Evening Peak (16-18),16,AC,,
BUS_0186,BEST_Bus,AS-422,Down,Agarkar Chowk,Dahisar Bus Station,15:33,,,True,AC,Off-Peak,All Days,,933,Evening Peak (16-18),16,AC,,
BUS_0187,BEST_Bus,AS-422,Down,Agarkar Chowk,Dahisar Bus Station,16:02,,,True,AC,Off-Peak,All Days,,962,Evening (18-21),16,AC,,
BUS_0188,BEST_Bus,AS-422,Down,Agarkar Chowk,Dahisar Bus Station,16:28,,,True,AC,Off-Peak,All Days,,988,Evening (18-21),16,AC,,
BUS_0189,BEST_Bus,AS-422,Down,Agarkar Chowk,Dahisar Bus Station,16:53,,,True,AC,Off-Peak,All Days,,1013,Evening (18-21),16,AC,,
BUS_0190,BEST_Bus,AS-422,Down,Agarkar Chowk,Dahisar Bus Station,17:19,,,True,AC,Peak,All Days,,1039,Evening (18-21),16,AC,,
BUS_0191,BEST_Bus,AS-422,Down,Agarkar Chowk,Dahisar Bus Station,17:45,,,True,AC,Peak,All Days,,1065,Evening (18-21),16,AC,,
BUS_0192,BEST_Bus,AS-422,Down,Mulund Bus Station,Dahisar Bus Station,14:37,,,True,AC,Off-Peak,All Days,,877,Evening Peak (16-18),16,AC,,
BUS_0193,BEST_Bus,AS-422,Down,Mulund Bus Station,Dahisar Bus Station,15:05,,,True,AC,Off-Peak,All Days,,905,Evening Peak (16-18),16,AC,,
BUS_0194,BEST_Bus,AS-422,Down,Mulund Bus Station,Dahisar Bus Station,15:33,,,True,AC,Off-Peak,All Days,,933,Evening Peak (16-18),16,AC,,
BUS_0195,BEST_Bus,AS-422,Down,Mulund Bus Station,Dahisar Bus Station,16:02,,,True,AC,Off-Peak,All Days,,962,Evening (18-21),16,AC,,
BUS_0196,BEST_Bus,AS-422,Down,Mulund Bus Station,Dahisar Bus Station,16:32,,,True,AC,Off-Peak,All Days,,992,Evening (18-21),16,AC,,
BUS_0197,BEST_Bus,AS-422,Down,Mulund Bus Station,Dahisar Bus Station,17:02,,,True,AC,Peak,All Days,,1022,Evening (18-21),16,AC,,
BUS_0198,BEST_Bus,AS-422,Down,Mulund Bus Station,Dahisar Bus Station,17:32,,,True,AC,Peak,All Days,,1052,Evening (18-21),16,AC,,
BUS_0199,BEST_Bus,AS-422,Down,Mulund Bus Station,Dahisar Bus Station,17:58,,,True,AC,Peak,All Days,,1078,Evening (18-21),16,AC,,
BUS_0200,BEST_Bus,AS-422,Down,Agarkar Chowk,Dahisar Bus Station,08:15,,,True,AC,Peak,All Days,,495,Morning Peak (08-10),2,AC,,
BUS_0201,BEST_Bus,AS-422,Down,Agarkar Chowk,Dahisar Bus Station,13:41,,,True,AC,Off-Peak,All Days,,821,Afternoon (12-14),1,AC,,
BUS_0202,BEST_Bus,AS-422,Down,Agarkar Chowk,Dahisar Bus Station,14:06,,,True,AC,Off-Peak,All Days,,846,Evening Peak (16-18),16,AC,,
BUS_0203,BEST_Bus,AS-422,Down,Agarkar Chowk,Dahisar Bus Station,14:30,,,True,AC,Off-Peak,All Days,,870,Evening Peak (16-18),16,AC,,
BUS_0204,BEST_Bus,AS-422,Down,Agarkar Chowk,Dahisar Bus Station,14:54,,,True,AC,Off-Peak,All Days,,894,Evening Peak (16-18),16,AC,,
BUS_0205,BEST_Bus,AS-422,Down,Agarkar Chowk,Dahisar Bus Station,15:19,,,True,AC,Off-Peak,All Days,,919,Evening Peak (16-18),16,AC,,
BUS_0206,BEST_Bus,AS-422,Down,Agarkar Chowk,Dahisar Bus Station,15:36,,,True,AC,Off-Peak,All Days,,936,Evening Peak (16-18),16,AC,,
BUS_0207,BEST_Bus,AS-422,Down,Agarkar Chowk,Dahisar Bus Station,15:53,,,True,AC,Off-Peak,All Days,,953,Evening Peak (16-18),16,AC,,
BUS_0208,BEST_Bus,AS-422,Down,Agarkar Chowk,Dahisar Bus Station,16:12,,,True,AC,Off-Peak,All Days,,972,Evening (18-21),16,AC,,
BUS_0209,BEST_Bus,AS-422,Down,Agarkar Chowk,Dahisar Bus Station,17:32,,,True,AC,Peak,All Days,,1052,Evening (18-21),16,AC,,
BUS_0210,BEST_Bus,AS-422,Down,Mulund Bus Station,Dahisar Bus Station,09:50,,,True,AC,Peak,All Days,,590,Morning Peak (08-10),2,AC,,
BUS_0211,BEST_Bus,AS-422,Down,Mulund Bus Station,Dahisar Bus Station,14:42,,,True,AC,Off-Peak,All Days,,882,Evening Peak (16-18),16,AC,,
BUS_0212,BEST_Bus,AS-422,Down,Mulund Bus Station,Dahisar Bus Station,15:06,,,True,AC,Off-Peak,All Days,,906,Evening Peak (16-18),16,AC,,
BUS_0213,BEST_Bus,AS-422,Down,Mulund Bus Station,Dahisar Bus Station,15:31,,,True,AC,Off-Peak,All Days,,931,Evening Peak (16-18),16,AC,,
BUS_0214,BEST_Bus,AS-422,Down,Mulund Bus Station,Dahisar Bus Station,15:55,,,True,AC,Off-Peak,All Days,,955,Evening Peak (16-18),16,AC,,
BUS_0215,BEST_Bus,AS-422,Down,Mulund Bus Station,Dahisar Bus Station,16:21,,,True,AC,Off-Peak,All Days,,981,Evening (18-21),16,AC,,
BUS_0216,BEST_Bus,AS-422,Down,Mulund Bus Station,Dahisar Bus Station,16:47,,,True,AC,Off-Peak,All Days,,1007,Evening (18-21),16,AC,,
BUS_0217,BEST_Bus,AS-422,Down,Mulund Bus Station,Dahisar Bus Station,17:05,,,True,AC,Peak,All Days,,1025,Evening (18-21),16,AC,,
BUS_0218,BEST_Bus,AS-422,Down,Mulund Bus Station,Dahisar Bus Station,17:23,,,True,AC,Peak,All Days,,1043,Evening (18-21),16,AC,,
BUS_0219,BEST_Bus,AS-422,Down,Mulund Bus Station,Dahisar Bus Station,19:02,,,True,AC,Peak,All Days,,1142,Night (21-24),1,AC,,
BUS_0220,BEST_Bus,AS-440,Down,Borivali Station (East),Dahisar Bus Station,14:42,,,True,AC,Off-Peak,All Days,,882,Evening Peak (16-18),6,AC,,
BUS_0221,BEST_Bus,AS-440,Down,Borivali Station (East),Dahisar Bus Station,15:20,,,True,AC,Off-Peak,All Days,,920,Evening Peak (16-18),6,AC,,
BUS_0222,BEST_Bus,AS-440,Down,Borivali Station (East),Dahisar Bus Station,15:58,,,True,AC,Off-Peak,All Days,,958,Evening Peak (16-18),6,AC,,
BUS_0223,BEST_Bus,AS-440,Down,Borivali Station (East),Dahisar Bus Station,16:36,,,True,AC,Off-Peak,All Days,,996,Evening (18-21),6,AC,,
BUS_0224,BEST_Bus,AS-440,Down,Borivali Station (East),Dahisar Bus Station,17:14,,,True,AC,Peak,All Days,,1034,Evening (18-21),6,AC,,
BUS_0225,BEST_Bus,AS-440,Down,Borivali Station (East),Dahisar Bus Station,17:38,,,True,AC,Peak,All Days,,1058,Evening (18-21),6,AC,,
BUS_0226,BEST_Bus,AS-440,Down,Borivali Station (East),Dahisar Bus Station,18:03,,,True,AC,Peak,All Days,,1083,Night (21-24),2,AC,,
BUS_0227,BEST_Bus,AS-440,Down,Borivali Station (East),Dahisar Bus Station,18:28,,,True,AC,Peak,All Days,,1108,Night (21-24),2,AC,,
BUS_0228,BEST_Bus,AS-440,Down,Wadala Depot,Dahisar Bus Station,13:07,,,True,AC,Off-Peak,All Days,,787,Afternoon (12-14),2,AC,,
BUS_0229,BEST_Bus,AS-440,Down,Wadala Depot,Dahisar Bus Station,13:45,,,True,AC,Off-Peak,All Days,,825,Afternoon (12-14),2,AC,,
BUS_0230,BEST_Bus,AS-440,Down,Wadala Depot,Dahisar Bus Station,14:23,,,True,AC,Off-Peak,All Days,,863,Evening Peak (16-18),6,AC,,
BUS_0231,BEST_Bus,AS-440,Down,Wadala Depot,Dahisar Bus Station,15:01,,,True,AC,Off-Peak,All Days,,901,Evening Peak (16-18),6,AC,,
BUS_0232,BEST_Bus,AS-440,Down,Wadala Depot,Dahisar Bus Station,15:39,,,True,AC,Off-Peak,All Days,,939,Evening Peak (16-18),6,AC,,
BUS_0233,BEST_Bus,AS-440,Down,Wadala Depot,Dahisar Bus Station,16:03,,,True,AC,Off-Peak,All Days,,963,Evening (18-21),6,AC,,
BUS_0234,BEST_Bus,AS-440,Down,Wadala Depot,Dahisar Bus Station,16:27,,,True,AC,Off-Peak,All Days,,987,Evening (18-21),6,AC,,
BUS_0235,BEST_Bus,AS-440,Down,Wadala Depot,Dahisar Bus Station,16:51,,,True,AC,Off-Peak,All Days,,1011,Evening (18-21),6,AC,,
BUS_0236,BEST_Bus,AS-458,Down,Gorai Depot,Dahisar Bus Station,14:35,,,True,AC,Off-Peak,All Days,,875,Evening Peak (16-18),4,AC,,
BUS_0237,BEST_Bus,AS-458,Down,Gorai Depot,Dahisar Bus Station,15:00,,,True,AC,Off-Peak,All Days,,900,Evening Peak (16-18),4,AC,,
BUS_0238,BEST_Bus,AS-458,Down,Gorai Depot,Dahisar Bus Station,15:25,,,True,AC,Off-Peak,All Days,,925,Evening Peak (16-18),4,AC,,
BUS_0239,BEST_Bus,AS-458,Down,Gorai Depot,Dahisar Bus Station,15:50,,,True,AC,Off-Peak,All Days,,950,Evening Peak (16-18),4,AC,,
BUS_0240,BEST_Bus,AS-458,Down,Gorai Depot,Dahisar Bus Station,16:15,,,True,AC,Off-Peak,All Days,,975,Evening (18-21),9,AC,,
BUS_0241,BEST_Bus,AS-458,Down,Gorai Depot,Dahisar Bus Station,16:40,,,True,AC,Off-Peak,All Days,,1000,Evening (18-21),9,AC,,
BUS_0242,BEST_Bus,AS-458,Down,Gorai Depot,Dahisar Bus Station,17:05,,,True,AC,Peak,All Days,,1025,Evening (18-21),9,AC,,
BUS_0243,BEST_Bus,AS-458,Down,Gorai Depot,Dahisar Bus Station,17:30,,,True,AC,Peak,All Days,,1050,Evening (18-21),9,AC,,
BUS_0244,BEST_Bus,AS-458,Down,Mulund Bus Station,Dahisar Bus Station,17:55,,,True,AC,Peak,All Days,,1075,Evening (18-21),9,AC,,
BUS_0245,BEST_Bus,AS-458,Down,Mulund Bus Station,Dahisar Bus Station,18:20,,,True,AC,Peak,All Days,,1100,Night (21-24),7,AC,,
BUS_0246,BEST_Bus,AS-458,Down,Mulund Bus Station,Dahisar Bus Station,18:45,,,True,AC,Peak,All Days,,1125,Night (21-24),7,AC,,
BUS_0247,BEST_Bus,AS-458,Down,Mulund Bus Station,Dahisar Bus Station,19:10,,,True,AC,Peak,All Days,,1150,Night (21-24),7,AC,,
BUS_0248,BEST_Bus,AS-458,Down,Mulund Bus Station,Dahisar Bus Station,19:35,,,True,AC,Peak,All Days,,1175,Night (21-24),7,AC,,
BUS_0249,BEST_Bus,AS-458,Down,Mulund Bus Station,Dahisar Bus Station,20:00,,,True,AC,Peak,All Days,,1200,Night (21-24),7,AC,,
BUS_0250,BEST_Bus,AS-458,Down,Mulund Bus Station,Dahisar Bus Station,20:25,,,True,AC,Peak,All Days,,1225,Night (21-24),7,AC,,
BUS_0251,BEST_Bus,AS-458,Down,Mulund Bus Station,Dahisar Bus Station,20:50,,,True,AC,Peak,All Days,,1250,Night (21-24),7,AC,,
BUS_0268,BEST_Bus,AS-458,Down,Mulund Bus Station,Dahisar Bus Station,16:15,,,True,AC,Off-Peak,All Days,,975,Evening (18-21),9,AC,,
BUS_0269,BEST_Bus,AS-458,Down,Mulund Bus Station,Dahisar Bus Station,16:40,,,True,AC,Off-Peak,All Days,,1000,Evening (18-21),9,AC,,
BUS_0270,BEST_Bus,AS-458,Down,Mulund Bus Station,Dahisar Bus Station,17:05,,,True,AC,Peak,All Days,,1025,Evening (18-21),9,AC,,
BUS_0272,BEST_Bus,AS-458,Down,Mulund Bus Station,Dahisar Bus Station,17:30,,,True,AC,Peak,All Days,,1050,Evening (18-21),9,AC,,
BUS_0284,BEST_Bus,AS-461,Down,Majas Depot,Dahisar Bus Station,09:04,,,True,AC,Peak,All Days,,544,Morning Peak (08-10),2,AC,,
BUS_0285,BEST_Bus,AS-461,Down,Majas Depot,Dahisar Bus Station,09:35,,,True,AC,Peak,All Days,,575,Morning Peak (08-10),2,AC,,
BUS_0286,BEST_Bus,AS-461,Down,Majas Depot,Dahisar Bus Station,10:09,,,True,AC,Off-Peak,All Days,,609,Mid-Morning (10-12),7,AC,,
BUS_0287,BEST_Bus,AS-461,Down,Mulund Bus Station,Dahisar Bus Station,16:17,,,True,AC,Off-Peak,All Days,,977,Evening (18-21),10,AC,,
BUS_0288,BEST_Bus,AS-461,Down,Mulund Bus Station,Dahisar Bus Station,16:37,,,True,AC,Off-Peak,All Days,,997,Evening (18-21),10,AC,,
BUS_0289,BEST_Bus,AS-461,Down,Mulund Bus Station,Dahisar Bus Station,16:57,,,True,AC,Off-Peak,All Days,,1017,Evening (18-21),10,AC,,
BUS_0290,BEST_Bus,AS-461,Down,Mulund Bus Station,Dahisar Bus Station,17:17,,,True,AC,Peak,All Days,,1037,Evening (18-21),10,AC,,
BUS_0291,BEST_Bus,AS-461,Down,Mulund Bus Station,Dahisar Bus Station,17:37,,,True,AC,Peak,All Days,,1057,Evening (18-21),10,AC,,
BUS_0292,BEST_Bus,AS-461,Down,Mulund Bus Station,Dahisar Bus Station,17:57,,,True,AC,Peak,All Days,,1077,Evening (18-21),10,AC,,
BUS_0293,BEST_Bus,AS-461,Down,Mulund Bus Station,Dahisar Bus Station,18:17,,,True,AC,Peak,All Days,,1097,Night (21-24),12,AC,,
BUS_0294,BEST_Bus,AS-461,Down,Mulund Bus Station,Dahisar Bus Station,18:37,,,True,AC,Peak,All Days,,1117,Night (21-24),12,AC,,
BUS_0295,BEST_Bus,AS-461,Down,Mulund Bus Station,Dahisar Bus Station,21:16,,,True,AC,Off-Peak,All Days,,1276,Night (21-24),12,AC,,
BUS_0296,BEST_Bus,AS-461,Down,Mulund Bus Station,Dahisar Bus Station,21:35,,,True,AC,Off-Peak,All Days,,1295,Night (21-24),12,AC,,
BUS_0297,BEST_Bus,AS-461,Down,Borivali Station (West),Dahisar Bus Station,17:35,,,True,AC,Peak,All Days,,1055,Evening (18-21),10,AC,,
BUS_0298,BEST_Bus,AS-461,Down,Borivali Station (West),Dahisar Bus Station,20:10,,,True,AC,Peak,All Days,,1210,Night (21-24),12,AC,,
BUS_0299,BEST_Bus,AS-461,Down,Borivali Station (West),Dahisar Bus Station,20:56,,,True,AC,Peak,All Days,,1256,Night (21-24),12,AC,,
BUS_0300,BEST_Bus,AS-461,Down,Borivali Station (West),Dahisar Bus Station,21:13,,,True,AC,Off-Peak,All Days,,1273,Night (21-24),12,AC,,
BUS_0301,BEST_Bus,AS-461,Down,Borivali Station (West),Dahisar Bus Station,21:45,,,True,AC,Off-Peak,All Days,,1305,Night (21-24),12,AC,,
BUS_0302,BEST_Bus,AS-461,Down,Magathane Depot,Dahisar Bus Station,10:15,,,True,AC,Off-Peak,All Days,,615,Mid-Morning (10-12),7,AC,,
BUS_0303,BEST_Bus,AS-461,Down,Magathane Depot,Dahisar Bus Station,16:25,,,True,AC,Off-Peak,All Days,,985,Evening (18-21),10,AC,,
BUS_0304,BEST_Bus,AS-461,Down,Mulund Bus Station,Dahisar Bus Station,11:04,,,True,AC,Off-Peak,All Days,,664,Mid-Morning (10-12),7,AC,,
BUS_0305,BEST_Bus,AS-461,Down,Mulund Bus Station,Dahisar Bus Station,11:18,,,True,AC,Off-Peak,All Days,,678,Mid-Morning (10-12),7,AC,,
BUS_0306,BEST_Bus,AS-461,Down,Mulund Bus Station,Dahisar Bus Station,11:33,,,True,AC,Off-Peak,All Days,,693,Mid-Morning (10-12),7,AC,,
BUS_0307,BEST_Bus,AS-461,Down,Mulund Bus Station,Dahisar Bus Station,11:40,,,True,AC,Off-Peak,All Days,,700,Mid-Morning (10-12),7,AC,,
BUS_0308,BEST_Bus,AS-461,Down,Mulund Bus Station,Dahisar Bus Station,11:48,,,True,AC,Off-Peak,All Days,,708,Mid-Morning (10-12),7,AC,,
BUS_0309,BEST_Bus,AS-461,Down,Mulund Bus Station,Dahisar Bus Station,12:02,,,True,AC,Off-Peak,All Days,,722,Afternoon (12-14),4,AC,,
BUS_0310,BEST_Bus,AS-461,Down,Mulund Bus Station,Dahisar Bus Station,12:17,,,True,AC,Off-Peak,All Days,,737,Afternoon (12-14),4,AC,,
BUS_0311,BEST_Bus,AS-461,Down,Mulund Bus Station,Dahisar Bus Station,12:32,,,True,AC,Off-Peak,All Days,,752,Afternoon (12-14),4,AC,,
BUS_0312,BEST_Bus,AS-461,Down,Mulund Bus Station,Dahisar Bus Station,13:07,,,True,AC,Off-Peak,All Days,,787,Afternoon (12-14),4,AC,,
BUS_0313,BEST_Bus,AS-461,Down,Mulund Bus Station,Dahisar Bus Station,17:50,,,True,AC,Peak,All Days,,1070,Evening (18-21),10,AC,,
BUS_0314,BEST_Bus,AS-461,Down,Mulund Bus Station,Dahisar Bus Station,20:30,,,True,AC,Peak,All Days,,1230,Night (21-24),12,AC,,
BUS_0315,BEST_Bus,AS-461,Down,Mulund Bus Station,Dahisar Bus Station,20:50,,,True,AC,Peak,All Days,,1250,Night (21-24),12,AC,,
BUS_0316,BEST_Bus,AS-461,Down,Mulund Bus Station,Dahisar Bus Station,21:10,,,True,AC,Off-Peak,All Days,,1270,Night (21-24),12,AC,,
BUS_0317,BEST_Bus,AS-461,Down,Mulund Bus Station,Dahisar Bus Station,21:30,,,True,AC,Off-Peak,All Days,,1290,Night (21-24),12,AC,,
BUS_0318,BEST_Bus,AS-461,Down,SEEPZ,Dahisar Bus Station,16:25,,,True,AC,Off-Peak,All Days,,985,Evening (18-21),10,AC,,
BUS_0319,BEST_Bus,AS-5,Down,Cadbury Junction,Dahisar Bus Station,08:30,,,True,AC,Peak,All Days,,510,Morning Peak (08-10),7,AC,,
BUS_0320,BEST_Bus,AS-5,Down,Cadbury Junction,Dahisar Bus Station,09:10,,,True,AC,Peak,All Days,,550,Morning Peak (08-10),7,AC,,
BUS_0321,BEST_Bus,AS-5,Down,Cadbury Junction,Dahisar Bus Station,09:50,,,True,AC,Peak,All Days,,590,Morning Peak (08-10),7,AC,,
BUS_0322,BEST_Bus,AS-5,Down,Cadbury Junction,Dahisar Bus Station,10:30,,,True,AC,Off-Peak,All Days,,630,Mid-Morning (10-12),2,AC,,
BUS_0323,BEST_Bus,AS-5,Down,Kurla Tel.Stores,Dahisar Bus Station,08:40,,,True,AC,Peak,All Days,,520,Morning Peak (08-10),7,AC,,
BUS_0324,BEST_Bus,AS-5,Down,Kurla Tel.Stores,Dahisar Bus Station,09:00,,,True,AC,Peak,All Days,,540,Morning Peak (08-10),7,AC,,
BUS_0325,BEST_Bus,AS-5,Down,Kurla Tel.Stores,Dahisar Bus Station,09:15,,,True,AC,Peak,All Days,,555,Morning Peak (08-10),7,AC,,
BUS_0326,BEST_Bus,AS-5,Down,Kurla Tel.Stores,Dahisar Bus Station,09:30,,,True,AC,Peak,All Days,,570,Morning Peak (08-10),7,AC,,
BUS_0327,BEST_Bus,AS-5,Down,Kurla Tel.Stores,Dahisar Bus Station,17:20,,,True,AC,Peak,All Days,,1040,Evening (18-21),9,AC,,
BUS_0328,BEST_Bus,AS-5,Down,Kurla Tel.Stores,Dahisar Bus Station,17:30,,,True,AC,Peak,All Days,,1050,Evening (18-21),9,AC,,
BUS_0329,BEST_Bus,AS-5,Down,Kurla Tel.Stores,Dahisar Bus Station,17:45,,,True,AC,Peak,All Days,,1065,Evening (18-21),9,AC,,
BUS_0330,BEST_Bus,AS-5,Down,Kurla Tel.Stores,Dahisar Bus Station,18:10,,,True,AC,Peak,All Days,,1090,Night (21-24),10,AC,,
BUS_0331,BEST_Bus,AS-5,Down,Kurla Tel.Stores,Dahisar Bus Station,18:15,,,True,AC,Peak,All Days,,1095,Night (21-24),10,AC,,
BUS_0332,BEST_Bus,AS-5,Down,Kurla Tel.Stores,Dahisar Bus Station,18:35,,,True,AC,Peak,All Days,,1115,Night (21-24),10,AC,,
BUS_0333,BEST_Bus,AS-5,Down,Kurla Tel.Stores,Dahisar Bus Station,19:00,,,True,AC,Peak,All Days,,1140,Night (21-24),10,AC,,
BUS_0335,BEST_Bus,AS-5,Down,Kurla Tel.Stores,Dahisar Bus Station,19:25,,,True,AC,Peak,All Days,,1165,Night (21-24),10,AC,,
BUS_0336,BEST_Bus,AS-5,Down,Kurla Tel.Stores,Dahisar Bus Station,19:50,,,True,AC,Peak,All Days,,1190,Night (21-24),10,AC,,
BUS_0337,BEST_Bus,AS-5,Down,Kurla Tel.Stores,Dahisar Bus Station,20:15,,,True,AC,Peak,All Days,,1215,Night (21-24),10,AC,,
BUS_0338,BEST_Bus,AS-5,Down,Kurla Telephone Stores (BKC),Dahisar Bus Station,10:35,,,True,AC,Off-Peak,All Days,,635,Mid-Morning (10-12),2,AC,,
BUS_0339,BEST_Bus,AS-5,Down,Kurla Telephone Stores (BKC),Dahisar Bus Station,18:35,,,True,AC,Peak,All Days,,1115,Night (21-24),10,AC,,
BUS_0340,BEST_Bus,AS-5,Down,Kurla Telephone Stores (BKC),Dahisar Bus Station,19:00,,,True,AC,Peak,All Days,,1140,Night (21-24),10,AC,,
BUS_0341,BEST_Bus,AS-5,Down,Mithagar (Mulund),Dahisar Bus Station,16:10,,,True,AC,Off-Peak,All Days,,970,Evening (18-21),9,AC,,
BUS_0342,BEST_Bus,AS-5,Down,Mithagar (Mulund),Dahisar Bus Station,16:30,,,True,AC,Off-Peak,All Days,,990,Evening (18-21),9,AC,,
BUS_0343,BEST_Bus,AS-5,Down,Mithagar (Mulund),Dahisar Bus Station,16:50,,,True,AC,Off-Peak,All Days,,1010,Evening (18-21),9,AC,,
BUS_0344,BEST_Bus,AS-5,Down,Mithagar (Mulund),Dahisar Bus Station,16:55,,,True,AC,Off-Peak,All Days,,1015,Evening (18-21),9,AC,,
BUS_0346,BEST_Bus,AS-5,Down,Mithagar (Mulund),Dahisar Bus Station,17:15,,,True,AC,Peak,All Days,,1035,Evening (18-21),9,AC,,
BUS_0347,BEST_Bus,AS-5,Down,Mithagar (Mulund),Dahisar Bus Station,17:40,,,True,AC,Peak,All Days,,1060,Evening (18-21),9,AC,,
BUS_0349,BEST_Bus,AS-5,Down,Mithagar (Mulund),Dahisar Bus Station,18:35,,,True,AC,Peak,All Days,,1115,Night (21-24),10,AC,,
BUS_0350,BEST_Bus,AS-503,Down,Kalamboli,Dahisar Bus Station,18:15,,,True,AC,Peak,All Days,,1095,Night (21-24),10,AC,,
BUS_0351,BEST_Bus,AS-503,Down,Kalamboli,Dahisar Bus Station,18:40,,,True,AC,Peak,All Days,,1120,Night (21-24),10,AC,,
BUS_0352,BEST_Bus,AS-503,Down,Kalamboli,Dahisar Bus Station,19:05,,,True,AC,Peak,All Days,,1145,Night (21-24),10,AC,,
BUS_0353,BEST_Bus,AS-503,Down,Kalamboli,Dahisar Bus Station,19:30,,,True,AC,Peak,All Days,,1170,Night (21-24),10,AC,,
BUS_0354,BEST_Bus,AS-503,Down,Wadala Depot,Dahisar Bus Station,19:55,,,True,AC,Peak,All Days,,1195,Night (21-24),10,AC,,
BUS_0355,BEST_Bus,AS-503,Down,Wadala Depot,Dahisar Bus Station,20:20,,,True,AC,Peak,All Days,,1220,Night (21-24),10,AC,,
BUS_0356,BEST_Bus,AS-503,Down,Wadala Depot,Dahisar Bus Station,20:45,,,True,AC,Peak,All Days,,1245,Night (21-24),10,AC,,
BUS_0357,BEST_Bus,AS-503,Down,Wadala Depot,Dahisar Bus Station,21:10,,,True,AC,Off-Peak,All Days,,1270,Night (21-24),10,AC,,
BUS_0358,BEST_Bus,AS-503,Down,Kalamboli,Dahisar Bus Station,17:25,,,True,AC,Peak,All Days,,1045,Evening (18-21),2,AC,,
BUS_0359,BEST_Bus,AS-503,Down,Kalamboli,Dahisar Bus Station,17:50,,,True,AC,Peak,All Days,,1070,Evening (18-21),2,AC,,
BUS_0364,BEST_Bus,AS-503,Down,Wadala Depot,Dahisar Bus Station,19:05,,,True,AC,Peak,All Days,,1145,Night (21-24),10,AC,,
BUS_0365,BEST_Bus,AS-503,Down,Wadala Depot,Dahisar Bus Station,19:30,,,True,AC,Peak,All Days,,1170,Night (21-24),10,AC,,
BUS_0370,BEST_Bus,AS-505,Down,C.B.D.Belapur,Dahisar Bus Station,15:44,,,True,AC,Off-Peak,All Days,,944,Evening Peak (16-18),13,AC,,
BUS_0371,BEST_Bus,AS-505,Down,C.B.D.Belapur,Dahisar Bus Station,16:05,,,True,AC,Off-Peak,All Days,,965,Evening (18-21),11,AC,,
BUS_0372,BEST_Bus,AS-505,Down,C.B.D.Belapur,Dahisar Bus Station,16:26,,,True,AC,Off-Peak,All Days,,986,Evening (18-21),11,AC,,
BUS_0373,BEST_Bus,AS-505,Down,C.B.D.Belapur,Dahisar Bus Station,16:47,,,True,AC,Off-Peak,All Days,,1007,Evening (18-21),11,AC,,
BUS_0374,BEST_Bus,AS-505,Down,C.B.D.Belapur,Dahisar Bus Station,17:08,,,True,AC,Peak,All Days,,1028,Evening (18-21),11,AC,,
BUS_0375,BEST_Bus,AS-505,Down,C.B.D.Belapur,Dahisar Bus Station,17:30,,,True,AC,Peak,All Days,,1050,Evening (18-21),11,AC,,
BUS_0376,BEST_Bus,AS-505,Down,C.B.D.Belapur,Dahisar Bus Station,17:52,,,True,AC,Peak,All Days,,1072,Evening (18-21),11,AC,,
BUS_0377,BEST_Bus,AS-505,Down,C.B.D.Belapur,Dahisar Bus Station,18:14,,,True,AC,Peak,All Days,,1094,Night (21-24),14,AC,,
BUS_0378,BEST_Bus,AS-505,Down,CBD Belapur,Dahisar Bus Station,19:42,,,True,AC,Peak,All Days,,1182,Night (21-24),14,AC,,
BUS_0379,BEST_Bus,AS-505,Down,CBD Belapur,Dahisar Bus Station,20:05,,,True,AC,Peak,All Days,,1205,Night (21-24),14,AC,,
BUS_0380,BEST_Bus,AS-505,Down,Santacruz Depot,Dahisar Bus Station,13:59,,,True,AC,Off-Peak,All Days,,839,Afternoon (12-14),6,AC,,
BUS_0381,BEST_Bus,AS-505,Down,Santacruz Depot,Dahisar Bus Station,14:20,,,True,AC,Off-Peak,All Days,,860,Evening Peak (16-18),13,AC,,
BUS_0382,BEST_Bus,AS-505,Down,Santacruz Depot,Dahisar Bus Station,14:41,,,True,AC,Off-Peak,All Days,,881,Evening Peak (16-18),13,AC,,
BUS_0383,BEST_Bus,AS-505,Down,Santacruz Depot,Dahisar Bus Station,15:02,,,True,AC,Off-Peak,All Days,,902,Evening Peak (16-18),13,AC,,
BUS_0384,BEST_Bus,AS-505,Down,Santacruz Depot,Dahisar Bus Station,15:23,,,True,AC,Off-Peak,All Days,,923,Evening Peak (16-18),13,AC,,
BUS_0385,BEST_Bus,AS-505,Down,Santacruz Depot,Dahisar Bus Station,15:44,,,True,AC,Off-Peak,All Days,,944,Evening Peak (16-18),13,AC,,
BUS_0386,BEST_Bus,AS-505,Down,Santacruz Depot,Dahisar Bus Station,16:05,,,True,AC,Off-Peak,All Days,,965,Evening (18-21),11,AC,,
BUS_0387,BEST_Bus,AS-505,Down,Santacruz Depot,Dahisar Bus Station,16:26,,,True,AC,Off-Peak,All Days,,986,Evening (18-21),11,AC,,
BUS_0388,BEST_Bus,AS-505,Down,Santacruz Depot,Dahisar Bus Station,21:28,,,True,AC,Off-Peak,All Days,,1288,Night (21-24),14,AC,,
BUS_0389,BEST_Bus,AS-505,Down,Santacruz Depot,Dahisar Bus Station,21:50,,,True,AC,Off-Peak,All Days,,1310,Night (21-24),14,AC,,
BUS_0390,BEST_Bus,AS-505,Down,C.B.D.Belapur,Dahisar Bus Station,13:35,,,True,AC,Off-Peak,All Days,,815,Afternoon (12-14),6,AC,,
BUS_0391,BEST_Bus,AS-505,Down,C.B.D.Belapur,Dahisar Bus Station,14:08,,,True,AC,Off-Peak,All Days,,848,Evening Peak (16-18),13,AC,,
BUS_0392,BEST_Bus,AS-505,Down,C.B.D.Belapur,Dahisar Bus Station,14:41,,,True,AC,Off-Peak,All Days,,881,Evening Peak (16-18),13,AC,,
BUS_0393,BEST_Bus,AS-505,Down,C.B.D.Belapur,Dahisar Bus Station,15:13,,,True,AC,Off-Peak,All Days,,913,Evening Peak (16-18),13,AC,,
BUS_0394,BEST_Bus,AS-505,Down,C.B.D.Belapur,Dahisar Bus Station,15:46,,,True,AC,Off-Peak,All Days,,946,Evening Peak (16-18),13,AC,,
BUS_0395,BEST_Bus,AS-505,Down,C.B.D.Belapur,Dahisar Bus Station,16:19,,,True,AC,Off-Peak,All Days,,979,Evening (18-21),11,AC,,
BUS_0396,BEST_Bus,AS-505,Down,C.B.D.Belapur,Dahisar Bus Station,16:52,,,True,AC,Off-Peak,All Days,,1012,Evening (18-21),11,AC,,
BUS_0397,BEST_Bus,AS-505,Down,C.B.D.Belapur,Dahisar Bus Station,17:15,,,True,AC,Peak,All Days,,1035,Evening (18-21),11,AC,,
BUS_0398,BEST_Bus,AS-505,Down,CBD Belapur,Dahisar Bus Station,18:47,,,True,AC,Peak,All Days,,1127,Night (21-24),14,AC,,
BUS_0399,BEST_Bus,AS-505,Down,CBD Belapur,Dahisar Bus Station,19:10,,,True,AC,Peak,All Days,,1150,Night (21-24),14,AC,,
BUS_0400,BEST_Bus,AS-505,Down,CBD Belapur,Dahisar Bus Station,19:33,,,True,AC,Peak,All Days,,1173,Night (21-24),14,AC,,
BUS_0401,BEST_Bus,AS-505,Down,CBD Belapur,Dahisar Bus Station,19:56,,,True,AC,Peak,All Days,,1196,Night (21-24),14,AC,,
BUS_0402,BEST_Bus,AS-505,Down,CBD Belapur,Dahisar Bus Station,20:20,,,True,AC,Peak,All Days,,1220,Night (21-24),14,AC,,
BUS_0403,BEST_Bus,AS-505,Down,Santacruz Depot,Dahisar Bus Station,11:40,,,True,AC,Off-Peak,All Days,,700,Mid-Morning (10-12),1,AC,,
BUS_0404,BEST_Bus,AS-505,Down,Santacruz Depot,Dahisar Bus Station,12:13,,,True,AC,Off-Peak,All Days,,733,Afternoon (12-14),6,AC,,
BUS_0405,BEST_Bus,AS-505,Down,Santacruz Depot,Dahisar Bus Station,12:46,,,True,AC,Off-Peak,All Days,,766,Afternoon (12-14),6,AC,,
BUS_0406,BEST_Bus,AS-505,Down,Santacruz Depot,Dahisar Bus Station,13:18,,,True,AC,Off-Peak,All Days,,798,Afternoon (12-14),6,AC,,
BUS_0407,BEST_Bus,AS-505,Down,Santacruz Depot,Dahisar Bus Station,13:51,,,True,AC,Off-Peak,All Days,,831,Afternoon (12-14),6,AC,,
BUS_0408,BEST_Bus,AS-505,Down,Santacruz Depot,Dahisar Bus Station,14:24,,,True,AC,Off-Peak,All Days,,864,Evening Peak (16-18),13,AC,,
BUS_0409,BEST_Bus,AS-505,Down,Santacruz Depot,Dahisar Bus Station,14:57,,,True,AC,Off-Peak,All Days,,897,Evening Peak (16-18),13,AC,,
BUS_0410,BEST_Bus,AS-505,Down,Santacruz Depot,Dahisar Bus Station,15:20,,,True,AC,Off-Peak,All Days,,920,Evening Peak (16-18),13,AC,,
BUS_0411,BEST_Bus,AS-505,Down,Santacruz Depot,Dahisar Bus Station,20:42,,,True,AC,Peak,All Days,,1242,Night (21-24),14,AC,,
BUS_0412,BEST_Bus,AS-505,Down,Santacruz Depot,Dahisar Bus Station,21:05,,,True,AC,Off-Peak,All Days,,1265,Night (21-24),14,AC,,
BUS_0414,BEST_Bus,AS-505,Down,Santacruz Depot,Dahisar Bus Station,21:51,,,True,AC,Off-Peak,All Days,,1311,Night (21-24),14,AC,,
BUS_0415,BEST_Bus,AS-505,Down,Santacruz Depot,Dahisar Bus Station,22:15,,,True,AC,Off-Peak,All Days,,1335,Night (21-24),14,AC,,
BUS_0416,BEST_Bus,AS-505E,Down,C.B.D.Belapur,Dahisar Bus Station,07:30,,,True,AC Express,Peak,All Days,,450,Early Morning (06-08),2,AC,,
BUS_0417,BEST_Bus,AS-505E,Down,C.B.D.Belapur,Dahisar Bus Station,07:55,,,True,AC Express,Peak,All Days,,475,Early Morning (06-08),2,AC,,
BUS_0418,BEST_Bus,AS-505E,Down,C.B.D.Belapur,Dahisar Bus Station,08:35,,,True,AC Express,Peak,All Days,,515,Morning Peak (08-10),1,AC,,
BUS_0419,BEST_Bus,AS-505E,Down,Kurla Tele Stores,Dahisar Bus Station,17:30,,,True,AC Express,Peak,All Days,,1050,Evening (18-21),2,AC,,
BUS_0420,BEST_Bus,AS-505E,Down,Kurla Tele Stores,Dahisar Bus Station,17:55,,,True,AC Express,Peak,All Days,,1075,Evening (18-21),2,AC,,
BUS_0421,BEST_Bus,AS-505E,Down,Kurla Tele Stores,Dahisar Bus Station,18:20,,,True,AC Express,Peak,All Days,,1100,Night (21-24),1,AC,,
BUS_0422,BEST_Bus,AS-524,Down,APMC Sector-19 Vashi,Dahisar Bus Station,12:10,,,True,AC,Off-Peak,All Days,,730,Afternoon (12-14),6,AC,,
BUS_0423,BEST_Bus,AS-524,Down,APMC Sector-19 Vashi,Dahisar Bus Station,12:19,,,True,AC,Off-Peak,All Days,,739,Afternoon (12-14),6,AC,,
BUS_0424,BEST_Bus,AS-524,Down,APMC Sector-19 Vashi,Dahisar Bus Station,12:40,,,True,AC,Off-Peak,All Days,,760,Afternoon (12-14),6,AC,,
BUS_0425,BEST_Bus,AS-524,Down,APMC Sector-19 Vashi,Dahisar Bus Station,12:54,,,True,AC,Off-Peak,All Days,,774,Afternoon (12-14),6,AC,,
BUS_0426,BEST_Bus,AS-524,Down,APMC Sector-19 Vashi,Dahisar Bus Station,13:20,,,True,AC,Off-Peak,All Days,,800,Afternoon (12-14),6,AC,,
BUS_0427,BEST_Bus,AS-524,Down,APMC Sector-19 Vashi,Dahisar Bus Station,13:29,,,True,AC,Off-Peak,All Days,,809,Afternoon (12-14),6,AC,,
BUS_0428,BEST_Bus,AS-524,Down,APMC Sector-19 Vashi,Dahisar Bus Station,14:04,,,True,AC,Off-Peak,All Days,,844,Evening Peak (16-18),3,AC,,
BUS_0429,BEST_Bus,AS-524,Down,APMC Sector-19 Vashi,Dahisar Bus Station,14:39,,,True,AC,Off-Peak,All Days,,879,Evening Peak (16-18),3,AC,,
BUS_0430,BEST_Bus,AS-524,Down,Borivali Station (East),Dahisar Bus Station,19:37,,,True,AC,Peak,All Days,,1177,Night (21-24),2,AC,,
BUS_0431,BEST_Bus,AS-524,Down,Borivali Station (East),Dahisar Bus Station,20:05,,,True,AC,Peak,All Days,,1205,Night (21-24),2,AC,,
BUS_0432,BEST_Bus,AS-524,Down,Omkareshwar Mandir,Dahisar Bus Station,10:20,,,True,AC,Off-Peak,All Days,,620,Mid-Morning (10-12),3,AC,,
BUS_0433,BEST_Bus,AS-524,Down,Omkareshwar Mandir,Dahisar Bus Station,10:45,,,True,AC,Off-Peak,All Days,,645,Mid-Morning (10-12),3,AC,,
BUS_0434,BEST_Bus,AS-524,Down,Omkareshwar Mandir,Dahisar Bus Station,11:25,,,True,AC,Off-Peak,All Days,,685,Mid-Morning (10-12),3,AC,,
BUS_0435,BEST_Bus,AS-524,Down,Omkareshwar Mandir,Dahisar Bus Station,15:14,,,True,AC,Off-Peak,All Days,,914,Evening Peak (16-18),3,AC,,
BUS_0436,BEST_Bus,AS-525,Down,(MHAPE),Dahisar Bus Station,16:51,,,True,AC,Off-Peak,All Days,,1011,Evening (18-21),10,AC,,
BUS_0437,BEST_Bus,AS-525,Down,(MHAPE),Dahisar Bus Station,17:15,,,True,AC,Peak,All Days,,1035,Evening (18-21),10,AC,,
BUS_0438,BEST_Bus,AS-525,Down,(MHAPE),Dahisar Bus Station,17:40,,,True,AC,Peak,All Days,,1060,Evening (18-21),10,AC,,
BUS_0439,BEST_Bus,AS-525,Down,(MHAPE),Dahisar Bus Station,18:05,,,True,AC,Peak,All Days,,1085,Night (21-24),6,AC,,
BUS_0440,BEST_Bus,AS-525,Down,(MHAPE),Dahisar Bus Station,18:30,,,True,AC,Peak,All Days,,1110,Night (21-24),6,AC,,
BUS_0441,BEST_Bus,AS-525,Down,(MHAPE),Dahisar Bus Station,18:55,,,True,AC,Peak,All Days,,1135,Night (21-24),6,AC,,
BUS_0442,BEST_Bus,AS-525,Down,(MHAPE),Dahisar Bus Station,19:20,,,True,AC,Peak,All Days,,1160,Night (21-24),6,AC,,
BUS_0443,BEST_Bus,AS-525,Down,(MHAPE),Dahisar Bus Station,19:45,,,True,AC,Peak,All Days,,1185,Night (21-24),6,AC,,
BUS_0444,BEST_Bus,AS-525,Down,L & T Infotech,Dahisar Bus Station,13:10,,,True,AC,Off-Peak,All Days,,790,Afternoon (12-14),6,AC,,
BUS_0445,BEST_Bus,AS-525,Down,L & T Infotech,Dahisar Bus Station,13:41,,,True,AC,Off-Peak,All Days,,821,Afternoon (12-14),6,AC,,
BUS_0446,BEST_Bus,AS-525,Down,L & T Infotech,Dahisar Bus Station,14:13,,,True,AC,Off-Peak,All Days,,853,Evening Peak (16-18),7,AC,,
BUS_0447,BEST_Bus,AS-525,Down,L & T Infotech,Dahisar Bus Station,14:45,,,True,AC,Off-Peak,All Days,,885,Evening Peak (16-18),7,AC,,
BUS_0448,BEST_Bus,AS-525,Down,L & T Infotech,Dahisar Bus Station,15:16,,,True,AC,Off-Peak,All Days,,916,Evening Peak (16-18),7,AC,,
BUS_0449,BEST_Bus,AS-525,Down,L & T Infotech,Dahisar Bus Station,15:40,,,True,AC,Off-Peak,All Days,,940,Evening Peak (16-18),7,AC,,
BUS_0450,BEST_Bus,AS-525,Down,L & T Infotech,Dahisar Bus Station,16:04,,,True,AC,Off-Peak,All Days,,964,Evening (18-21),10,AC,,
BUS_0451,BEST_Bus,AS-525,Down,L & T Infotech,Dahisar Bus Station,16:28,,,True,AC,Off-Peak,All Days,,988,Evening (18-21),10,AC,,
BUS_0452,BEST_Bus,AS-525,Down,(MHAPE),Dahisar Bus Station,15:11,,,True,AC,Off-Peak,All Days,,911,Evening Peak (16-18),7,AC,,
BUS_0453,BEST_Bus,AS-525,Down,(MHAPE),Dahisar Bus Station,15:43,,,True,AC,Off-Peak,All Days,,943,Evening Peak (16-18),7,AC,,
BUS_0454,BEST_Bus,AS-525,Down,(MHAPE),Dahisar Bus Station,16:15,,,True,AC,Off-Peak,All Days,,975,Evening (18-21),10,AC,,
BUS_0455,BEST_Bus,AS-525,Down,(MHAPE),Dahisar Bus Station,16:46,,,True,AC,Off-Peak,All Days,,1006,Evening (18-21),10,AC,,
BUS_0456,BEST_Bus,AS-525,Down,(MHAPE),Dahisar Bus Station,17:08,,,True,AC,Peak,All Days,,1028,Evening (18-21),10,AC,,
BUS_0457,BEST_Bus,AS-525,Down,(MHAPE),Dahisar Bus Station,17:30,,,True,AC,Peak,All Days,,1050,Evening (18-21),10,AC,,
BUS_0458,BEST_Bus,AS-525,Down,(MHAPE),Dahisar Bus Station,17:52,,,True,AC,Peak,All Days,,1072,Evening (18-21),10,AC,,
BUS_0459,BEST_Bus,AS-525,Down,(MHAPE),Dahisar Bus Station,18:15,,,True,AC,Peak,All Days,,1095,Night (21-24),6,AC,,
BUS_0460,BEST_Bus,AS-525,Down,L & T Infotech,Dahisar Bus Station,11:18,,,True,AC,Off-Peak,All Days,,678,Mid-Morning (10-12),2,AC,,
BUS_0461,BEST_Bus,AS-525,Down,L & T Infotech,Dahisar Bus Station,11:40,,,True,AC,Off-Peak,All Days,,700,Mid-Morning (10-12),2,AC,,
BUS_0462,BEST_Bus,AS-525,Down,L & T Infotech,Dahisar Bus Station,12:01,,,True,AC,Off-Peak,All Days,,721,Afternoon (12-14),6,AC,,
BUS_0463,BEST_Bus,AS-525,Down,L & T Infotech,Dahisar Bus Station,12:33,,,True,AC,Off-Peak,All Days,,753,Afternoon (12-14),6,AC,,
BUS_0464,BEST_Bus,AS-525,Down,L & T Infotech,Dahisar Bus Station,13:05,,,True,AC,Off-Peak,All Days,,785,Afternoon (12-14),6,AC,,
BUS_0465,BEST_Bus,AS-525,Down,L & T Infotech,Dahisar Bus Station,13:36,,,True,AC,Off-Peak,All Days,,816,Afternoon (12-14),6,AC,,
BUS_0466,BEST_Bus,AS-525,Down,L & T Infotech,Dahisar Bus Station,14:08,,,True,AC,Off-Peak,All Days,,848,Evening Peak (16-18),7,AC,,
BUS_0467,BEST_Bus,AS-551,Down,Marol Depot,Dahisar Bus Station,13:44,,,True,AC,Off-Peak,All Days,,824,Afternoon (12-14),4,AC,,
BUS_0468,BEST_Bus,AS-551,Down,Marol Depot,Dahisar Bus Station,14:15,,,True,AC,Off-Peak,All Days,,855,Evening Peak (16-18),12,AC,,
BUS_0469,BEST_Bus,AS-551,Down,Marol Depot,Dahisar Bus Station,14:47,,,True,AC,Off-Peak,All Days,,887,Evening Peak (16-18),12,AC,,
BUS_0470,BEST_Bus,AS-551,Down,Marol Depot,Dahisar Bus Station,15:19,,,True,AC,Off-Peak,All Days,,919,Evening Peak (16-18),12,AC,,
BUS_0471,BEST_Bus,AS-551,Down,Marol Depot,Dahisar Bus Station,15:46,,,True,AC,Off-Peak,All Days,,946,Evening Peak (16-18),12,AC,,
BUS_0472,BEST_Bus,AS-551,Down,Marol Depot,Dahisar Bus Station,16:13,,,True,AC,Off-Peak,All Days,,973,Evening (18-21),9,AC,,
BUS_0473,BEST_Bus,AS-551,Down,Marol Depot,Dahisar Bus Station,16:40,,,True,AC,Off-Peak,All Days,,1000,Evening (18-21),9,AC,,
BUS_0474,BEST_Bus,AS-551,Down,Marol Depot,Dahisar Bus Station,17:07,,,True,AC,Peak,All Days,,1027,Evening (18-21),9,AC,,
BUS_0475,BEST_Bus,AS-551,Down,Marol Depot,Dahisar Bus Station,17:48,,,True,AC,Peak,All Days,,1068,Evening (18-21),9,AC,,
BUS_0476,BEST_Bus,AS-551,Down,Marol Depot,Dahisar Bus Station,18:15,,,True,AC,Peak,All Days,,1095,Night (21-24),12,AC,,
BUS_0477,BEST_Bus,AS-551,Down,Marol Depot,Dahisar Bus Station,18:42,,,True,AC,Peak,All Days,,1122,Night (21-24),12,AC,,
BUS_0478,BEST_Bus,AS-551,Down,Marol Depot,Dahisar Bus Station,19:10,,,True,AC,Peak,All Days,,1150,Night (21-24),12,AC,,
BUS_0479,BEST_Bus,AS-551,Down,Nerul Railway Station,Dahisar Bus Station,13:44,,,True,AC,Off-Peak,All Days,,824,Afternoon (12-14),4,AC,,
BUS_0480,BEST_Bus,AS-551,Down,Nerul Railway Station,Dahisar Bus Station,14:15,,,True,AC,Off-Peak,All Days,,855,Evening Peak (16-18),12,AC,,
BUS_0481,BEST_Bus,AS-551,Down,Nerul Railway Station,Dahisar Bus Station,14:47,,,True,AC,Off-Peak,All Days,,887,Evening Peak (16-18),12,AC,,
BUS_0482,BEST_Bus,AS-551,Down,Nerul Railway Station,Dahisar Bus Station,15:19,,,True,AC,Off-Peak,All Days,,919,Evening Peak (16-18),12,AC,,
BUS_0483,BEST_Bus,AS-551,Down,Nerul Railway Station,Dahisar Bus Station,15:50,,,True,AC,Off-Peak,All Days,,950,Evening Peak (16-18),12,AC,,
BUS_0484,BEST_Bus,AS-551,Down,Nerul Railway Station,Dahisar Bus Station,16:22,,,True,AC,Off-Peak,All Days,,982,Evening (18-21),9,AC,,
BUS_0485,BEST_Bus,AS-551,Down,Nerul Railway Station,Dahisar Bus Station,16:54,,,True,AC,Off-Peak,All Days,,1014,Evening (18-21),9,AC,,
BUS_0486,BEST_Bus,AS-551,Down,Nerul Railway Station,Dahisar Bus Station,17:21,,,True,AC,Peak,All Days,,1041,Evening (18-21),9,AC,,
BUS_0487,BEST_Bus,AS-551,Down,Nerul Railway Station,Dahisar Bus Station,19:37,,,True,AC,Peak,All Days,,1177,Night (21-24),12,AC,,
BUS_0488,BEST_Bus,AS-551,Down,Nerul Railway Station,Dahisar Bus Station,20:05,,,True,AC,Peak,All Days,,1205,Night (21-24),12,AC,,
BUS_0489,BEST_Bus,AS-551,Down,Nerul Railway Station,Dahisar Bus Station,20:35,,,True,AC,Peak,All Days,,1235,Night (21-24),12,AC,,
BUS_0490,BEST_Bus,AS-551,Down,Nerul Railway Station,Dahisar Bus Station,21:05,,,True,AC,Off-Peak,All Days,,1265,Night (21-24),12,AC,,
BUS_0491,BEST_Bus,AS-551,Down,SEEPZ Village,Dahisar Bus Station,08:10,,,True,AC,Peak,All Days,,490,Morning Peak (08-10),4,AC,,
BUS_0492,BEST_Bus,AS-551,Down,SEEPZ Village,Dahisar Bus Station,08:40,,,True,AC,Peak,All Days,,520,Morning Peak (08-10),4,AC,,
BUS_0493,BEST_Bus,AS-551,Down,SEEPZ Village,Dahisar Bus Station,09:10,,,True,AC,Peak,All Days,,550,Morning Peak (08-10),4,AC,,
BUS_0494,BEST_Bus,AS-551,Down,Marol Depot,Dahisar Bus Station,13:00,,,True,AC,Off-Peak,All Days,,780,Afternoon (12-14),4,AC,,
BUS_0495,BEST_Bus,AS-551,Down,Marol Depot,Dahisar Bus Station,13:34,,,True,AC,Off-Peak,All Days,,814,Afternoon (12-14),4,AC,,
BUS_0496,BEST_Bus,AS-551,Down,Marol Depot,Dahisar Bus Station,14:07,,,True,AC,Off-Peak,All Days,,847,Evening Peak (16-18),12,AC,,
BUS_0497,BEST_Bus,AS-551,Down,Marol Depot,Dahisar Bus Station,14:40,,,True,AC,Off-Peak,All Days,,880,Evening Peak (16-18),12,AC,,
BUS_0498,BEST_Bus,AS-551,Down,Marol Depot,Dahisar Bus Station,15:14,,,True,AC,Off-Peak,All Days,,914,Evening Peak (16-18),12,AC,,
BUS_0499,BEST_Bus,AS-551,Down,Marol Depot,Dahisar Bus Station,15:47,,,True,AC,Off-Peak,All Days,,947,Evening Peak (16-18),12,AC,,
BUS_0500,BEST_Bus,AS-551,Down,Marol Depot,Dahisar Bus Station,16:12,,,True,AC,Off-Peak,All Days,,972,Evening (18-21),9,AC,,
BUS_0501,BEST_Bus,AS-551,Down,Marol Depot,Dahisar Bus Station,16:37,,,True,AC,Off-Peak,All Days,,997,Evening (18-21),9,AC,,
BUS_0504,BEST_Bus,AS-551,Down,Nerul Railway Station,Dahisar Bus Station,19:32,,,True,AC,Peak,All Days,,1172,Night (21-24),12,AC,,
BUS_0505,BEST_Bus,AS-551,Down,Nerul Railway Station,Dahisar Bus Station,19:57,,,True,AC,Peak,All Days,,1197,Night (21-24),12,AC,,
BUS_0506,BEST_Bus,AS-551,Down,Nerul Railway Station,Dahisar Bus Station,20:22,,,True,AC,Peak,All Days,,1222,Night (21-24),12,AC,,
BUS_0507,BEST_Bus,AS-551,Down,Nerul Railway Station,Dahisar Bus Station,20:47,,,True,AC,Peak,All Days,,1247,Night (21-24),12,AC,,
BUS_0508,BEST_Bus,AS-551,Down,Nerul Railway Station,Dahisar Bus Station,21:10,,,True,AC,Off-Peak,All Days,,1270,Night (21-24),12,AC,,
BUS_0509,BEST_Bus,AS-551,Down,SEEPZ Village,Dahisar Bus Station,05:50,,,True,AC,Off-Peak,All Days,,350,Late Night (00-06),1,AC,,
BUS_0510,BEST_Bus,AS-551,Down,SEEPZ Village,Dahisar Bus Station,06:13,,,True,AC,Off-Peak,All Days,,373,Early Morning (06-08),5,AC,,
BUS_0511,BEST_Bus,AS-551,Down,SEEPZ Village,Dahisar Bus Station,06:35,,,True,AC,Off-Peak,All Days,,395,Early Morning (06-08),5,AC,,
BUS_0512,BEST_Bus,AS-551,Down,SEEPZ Village,Dahisar Bus Station,07:00,,,True,AC,Peak,All Days,,420,Early Morning (06-08),5,AC,,
BUS_0513,BEST_Bus,AS-551,Down,SEEPZ Village,Dahisar Bus Station,07:25,,,True,AC,Peak,All Days,,445,Early Morning (06-08),5,AC,,
BUS_0514,BEST_Bus,AS-551,Down,SEEPZ Village,Dahisar Bus Station,07:48,,,True,AC,Peak,All Days,,468,Early Morning (06-08),5,AC,,
BUS_0516,BEST_Bus,AS-551,Down,SEEPZ Village,Dahisar Bus Station,08:35,,,True,AC,Peak,All Days,,515,Morning Peak (08-10),4,AC,,
BUS_0517,BEST_Bus,AS-592,Down,Deonar Depot,Dahisar Bus Station,11:00,,,True,AC,Off-Peak,All Days,,660,Mid-Morning (10-12),12,AC,,
BUS_0518,BEST_Bus,AS-592,Down,Deonar Depot,Dahisar Bus Station,11:42,,,True,AC,Off-Peak,All Days,,702,Mid-Morning (10-12),12,AC,,
BUS_0519,BEST_Bus,AS-592,Down,Deonar Depot,Dahisar Bus Station,12:26,,,True,AC,Off-Peak,All Days,,746,Afternoon (12-14),16,AC,,
BUS_0520,BEST_Bus,AS-592,Down,Deonar Depot,Dahisar Bus Station,13:50,,,True,AC,Off-Peak,All Days,,830,Afternoon (12-14),16,AC,,
BUS_0521,BEST_Bus,AS-592,Down,Deonar Depot,Dahisar Bus Station,15:18,,,True,AC,Off-Peak,All Days,,918,Evening Peak (16-18),4,AC,,
BUS_0522,BEST_Bus,AS-592,Down,Deonar Depot,Dahisar Bus Station,16:46,,,True,AC,Off-Peak,All Days,,1006,Evening (18-21),9,AC,,
BUS_0523,BEST_Bus,AS-592,Down,Extension,Dahisar Bus Station,20:05,,,True,AC,Peak,All Days,,1205,Night (21-24),27,AC,,
BUS_0524,BEST_Bus,AS-592,Down,Extension,Dahisar Bus Station,20:27,,,True,AC,Peak,All Days,,1227,Night (21-24),27,AC,,
BUS_0525,BEST_Bus,AS-592,Down,Extension,Dahisar Bus Station,20:49,,,True,AC,Peak,All Days,,1249,Night (21-24),27,AC,,
BUS_0526,BEST_Bus,AS-592,Down,Extension,Dahisar Bus Station,21:11,,,True,AC,Off-Peak,All Days,,1271,Night (21-24),27,AC,,
BUS_0527,BEST_Bus,AS-592,Down,Extension,Dahisar Bus Station,21:33,,,True,AC,Off-Peak,All Days,,1293,Night (21-24),27,AC,,
BUS_0528,BEST_Bus,AS-592,Down,Extension,Dahisar Bus Station,21:55,,,True,AC,Off-Peak,All Days,,1315,Night (21-24),27,AC,,
BUS_0529,BEST_Bus,AS-592,Down,Kopar Khairane,Dahisar Bus Station,12:26,,,True,AC,Off-Peak,All Days,,746,Afternoon (12-14),16,AC,,
BUS_0530,BEST_Bus,AS-592,Down,Kopar Khairane,Dahisar Bus Station,13:10,,,True,AC,Off-Peak,All Days,,790,Afternoon (12-14),16,AC,,
BUS_0531,BEST_Bus,AS-592,Down,Kopar Khairane,Dahisar Bus Station,13:54,,,True,AC,Off-Peak,All Days,,834,Afternoon (12-14),16,AC,,
BUS_0532,BEST_Bus,AS-592,Down,Kopar Khairane,Dahisar Bus Station,14:38,,,True,AC,Off-Peak,All Days,,878,Evening Peak (16-18),4,AC,,
BUS_0533,BEST_Bus,AS-592,Down,Kopar Khairane,Dahisar Bus Station,18:37,,,True,AC,Peak,All Days,,1117,Night (21-24),27,AC,,
BUS_0534,BEST_Bus,AS-592,Down,Kopar Khairane,Dahisar Bus Station,18:59,,,True,AC,Peak,All Days,,1139,Night (21-24),27,AC,,
BUS_0535,BEST_Bus,AS-592,Down,Kopar Khairane,Dahisar Bus Station,19:21,,,True,AC,Peak,All Days,,1161,Night (21-24),27,AC,,
BUS_0536,BEST_Bus,AS-592,Down,Kopar Khairane,Dahisar Bus Station,19:43,,,True,AC,Peak,All Days,,1183,Night (21-24),27,AC,,
BUS_0537,BEST_Bus,AS-592,Down,Kopar Khairane Ext,Dahisar Bus Station,10:57,,,True,AC,Off-Peak,All Days,,657,Mid-Morning (10-12),12,AC,,
BUS_0538,BEST_Bus,AS-592,Down,Kopar Khairane Ext,Dahisar Bus Station,11:19,,,True,AC,Off-Peak,All Days,,679,Mid-Morning (10-12),12,AC,,
BUS_0539,BEST_Bus,AS-592,Down,Kopar Khairane Ext,Dahisar Bus Station,12:03,,,True,AC,Off-Peak,All Days,,723,Afternoon (12-14),16,AC,,
BUS_0540,BEST_Bus,AS-592,Down,Kopar Khairane Ext,Dahisar Bus Station,12:47,,,True,AC,Off-Peak,All Days,,767,Afternoon (12-14),16,AC,,
BUS_0541,BEST_Bus,AS-592,Down,Kopar Khairane Ext,Dahisar Bus Station,13:31,,,True,AC,Off-Peak,All Days,,811,Afternoon (12-14),16,AC,,
BUS_0542,BEST_Bus,AS-592,Down,Kopar Khairane Ext,Dahisar Bus Station,16:45,,,True,AC,Off-Peak,All Days,,1005,Evening (18-21),9,AC,,
BUS_0543,BEST_Bus,AS-592,Down,Kopar Khairane Ext,Dahisar Bus Station,18:18,,,True,AC,Peak,All Days,,1098,Night (21-24),27,AC,,
BUS_0544,BEST_Bus,AS-592,Down,Kopar Khairane Ext,Dahisar Bus Station,18:40,,,True,AC,Peak,All Days,,1120,Night (21-24),27,AC,,
BUS_0545,BEST_Bus,AS-592,Down,Kopar Khairane Ext,Dahisar Bus Station,19:02,,,True,AC,Peak,All Days,,1142,Night (21-24),27,AC,,
BUS_0546,BEST_Bus,AS-592,Down,Kopar Khairane Ext,Dahisar Bus Station,19:24,,,True,AC,Peak,All Days,,1164,Night (21-24),27,AC,,
BUS_0547,BEST_Bus,AS-592,Down,Kopar Khairane Ext,Dahisar Bus Station,19:46,,,True,AC,Peak,All Days,,1186,Night (21-24),27,AC,,
BUS_0548,BEST_Bus,AS-592,Down,Kopar Khairane Ext,Dahisar Bus Station,20:10,,,True,AC,Peak,All Days,,1210,Night (21-24),27,AC,,
BUS_0549,BEST_Bus,AS-592,Down,V.Naik Chowk,Dahisar Bus Station,16:28,,,True,AC,Off-Peak,All Days,,988,Evening (18-21),9,AC,,
BUS_0550,BEST_Bus,AS-592,Down,V.Naik Chowk,Dahisar Bus Station,16:50,,,True,AC,Off-Peak,All Days,,1010,Evening (18-21),9,AC,,
BUS_0551,BEST_Bus,AS-592,Down,V.Naik Chowk,Dahisar Bus Station,17:12,,,True,AC,Peak,All Days,,1032,Evening (18-21),9,AC,,
BUS_0552,BEST_Bus,AS-592,Down,V.Naik Chowk,Dahisar Bus Station,17:34,,,True,AC,Peak,All Days,,1054,Evening (18-21),9,AC,,
BUS_0553,BEST_Bus,AS-592,Down,V.Naik Chowk,Dahisar Bus Station,17:56,,,True,AC,Peak,All Days,,1076,Evening (18-21),9,AC,,
BUS_0554,BEST_Bus,AS-592,Down,V.Naik Chowk,Dahisar Bus Station,18:20,,,True,AC,Peak,All Days,,1100,Night (21-24),27,AC,,
BUS_0555,BEST_Bus,AS-592,Down,Deonar Depot,Dahisar Bus Station,10:00,,,True,AC,Peak,All Days,,600,Mid-Morning (10-12),12,AC,,
BUS_0556,BEST_Bus,AS-592,Down,Deonar Depot,Dahisar Bus Station,10:50,,,True,AC,Off-Peak,All Days,,650,Mid-Morning (10-12),12,AC,,
BUS_0557,BEST_Bus,AS-592,Down,Deonar Depot,Dahisar Bus Station,11:30,,,True,AC,Off-Peak,All Days,,690,Mid-Morning (10-12),12,AC,,
BUS_0558,BEST_Bus,AS-592,Down,Deonar Depot,Dahisar Bus Station,11:40,,,True,AC,Off-Peak,All Days,,700,Mid-Morning (10-12),12,AC,,
BUS_0559,BEST_Bus,AS-592,Down,Deonar Depot,Dahisar Bus Station,12:18,,,True,AC,Off-Peak,All Days,,738,Afternoon (12-14),16,AC,,
BUS_0560,BEST_Bus,AS-592,Down,Deonar Depot,Dahisar Bus Station,12:30,,,True,AC,Off-Peak,All Days,,750,Afternoon (12-14),16,AC,,
BUS_0561,BEST_Bus,AS-592,Down,Deonar Depot,Dahisar Bus Station,13:18,,,True,AC,Off-Peak,All Days,,798,Afternoon (12-14),16,AC,,
BUS_0562,BEST_Bus,AS-592,Down,Deonar Depot,Dahisar Bus Station,14:45,,,True,AC,Off-Peak,All Days,,885,Evening Peak (16-18),4,AC,,
BUS_0563,BEST_Bus,AS-592,Down,Deonar Depot,Dahisar Bus Station,17:05,,,True,AC,Peak,All Days,,1025,Evening (18-21),9,AC,,
BUS_0564,BEST_Bus,AS-592,Down,Deonar Depot,Dahisar Bus Station,17:53,,,True,AC,Peak,All Days,,1073,Evening (18-21),9,AC,,
BUS_0565,BEST_Bus,AS-592,Down,Extension,Dahisar Bus Station,19:56,,,True,AC,Peak,All Days,,1196,Night (21-24),27,AC,,
BUS_0566,BEST_Bus,AS-592,Down,Extension,Dahisar Bus Station,20:20,,,True,AC,Peak,All Days,,1220,Night (21-24),27,AC,,
BUS_0567,BEST_Bus,AS-592,Down,Extension,Dahisar Bus Station,20:44,,,True,AC,Peak,All Days,,1244,Night (21-24),27,AC,,
BUS_0568,BEST_Bus,AS-592,Down,Extension,Dahisar Bus Station,21:08,,,True,AC,Off-Peak,All Days,,1268,Night (21-24),27,AC,,
BUS_0569,BEST_Bus,AS-592,Down,Extension,Dahisar Bus Station,21:32,,,True,AC,Off-Peak,All Days,,1292,Night (21-24),27,AC,,
BUS_0570,BEST_Bus,AS-592,Down,Extension,Dahisar Bus Station,21:56,,,True,AC,Off-Peak,All Days,,1316,Night (21-24),27,AC,,
BUS_0571,BEST_Bus,AS-592,Down,Extension,Dahisar Bus Station,22:20,,,True,AC,Off-Peak,All Days,,1340,Night (21-24),27,AC,,
BUS_0572,BEST_Bus,AS-592,Down,K'Khairane,Dahisar Bus Station,09:17,,,True,AC,Peak,All Days,,557,Morning Peak (08-10),2,AC,,
BUS_0573,BEST_Bus,AS-592,Down,K'Khairane,Dahisar Bus Station,09:41,,,True,AC,Peak,All Days,,581,Morning Peak (08-10),2,AC,,
BUS_0574,BEST_Bus,AS-592,Down,K'Khairane,Dahisar Bus Station,11:10,,,True,AC,Off-Peak,All Days,,670,Mid-Morning (10-12),12,AC,,
BUS_0575,BEST_Bus,AS-592,Down,K'Khairane,Dahisar Bus Station,11:58,,,True,AC,Off-Peak,All Days,,718,Mid-Morning (10-12),12,AC,,
BUS_0576,BEST_Bus,AS-592,Down,K'Khairane,Dahisar Bus Station,12:45,,,True,AC,Off-Peak,All Days,,765,Afternoon (12-14),16,AC,,
BUS_0577,BEST_Bus,AS-592,Down,K'Khairane,Dahisar Bus Station,13:33,,,True,AC,Off-Peak,All Days,,813,Afternoon (12-14),16,AC,,
BUS_0578,BEST_Bus,AS-592,Down,K'Khairane,Dahisar Bus Station,14:20,,,True,AC,Off-Peak,All Days,,860,Evening Peak (16-18),4,AC,,
BUS_0579,BEST_Bus,AS-592,Down,Kopar Khairane,Dahisar Bus Station,10:45,,,True,AC,Off-Peak,All Days,,645,Mid-Morning (10-12),12,AC,,
BUS_0580,BEST_Bus,AS-592,Down,Kopar Khairane,Dahisar Bus Station,11:33,,,True,AC,Off-Peak,All Days,,693,Mid-Morning (10-12),12,AC,,
BUS_0581,BEST_Bus,AS-592,Down,Kopar Khairane,Dahisar Bus Station,12:21,,,True,AC,Off-Peak,All Days,,741,Afternoon (12-14),16,AC,,
BUS_0582,BEST_Bus,AS-592,Down,Kopar Khairane,Dahisar Bus Station,13:09,,,True,AC,Off-Peak,All Days,,789,Afternoon (12-14),16,AC,,
BUS_0583,BEST_Bus,AS-592,Down,Kopar Khairane,Dahisar Bus Station,13:57,,,True,AC,Off-Peak,All Days,,837,Afternoon (12-14),16,AC,,
BUS_0584,BEST_Bus,AS-592,Down,Kopar Khairane,Dahisar Bus Station,18:44,,,True,AC,Peak,All Days,,1124,Night (21-24),27,AC,,
BUS_0585,BEST_Bus,AS-592,Down,Kopar Khairane,Dahisar Bus Station,19:08,,,True,AC,Peak,All Days,,1148,Night (21-24),27,AC,,
BUS_0586,BEST_Bus,AS-592,Down,Kopar Khairane,Dahisar Bus Station,19:32,,,True,AC,Peak,All Days,,1172,Night (21-24),27,AC,,
BUS_0587,BEST_Bus,AS-700,Down,Borivali Station (East),Dahisar Bus Station,09:55,,,True,AC,Peak,All Days,,595,Morning Peak (08-10),1,AC,,
BUS_0588,BEST_Bus,AS-700,Down,Borivali Station (East),Dahisar Bus Station,10:55,,,True,AC,Off-Peak,All Days,,655,Mid-Morning (10-12),3,AC,,
BUS_0589,BEST_Bus,AS-700,Down,Borivali Station (East),Dahisar Bus Station,11:55,,,True,AC,Off-Peak,All Days,,715,Mid-Morning (10-12),3,AC,,
BUS_0590,BEST_Bus,AS-700,Down,Borivali Station (East),Dahisar Bus Station,15:40,,,True,AC,Off-Peak,All Days,,940,Evening Peak (16-18),5,AC,,
BUS_0591,BEST_Bus,AS-700,Down,Borivali Station (East),Dahisar Bus Station,16:00,,,True,AC,Off-Peak,All Days,,960,Evening (18-21),9,AC,,
BUS_0592,BEST_Bus,AS-700,Down,Borivali Station (East),Dahisar Bus Station,16:19,,,True,AC,Off-Peak,All Days,,979,Evening (18-21),9,AC,,
BUS_0593,BEST_Bus,AS-700,Down,Borivali Station (East),Dahisar Bus Station,16:38,,,True,AC,Off-Peak,All Days,,998,Evening (18-21),9,AC,,
BUS_0594,BEST_Bus,AS-700,Down,Borivali Station (East),Dahisar Bus Station,16:57,,,True,AC,Off-Peak,All Days,,1017,Evening (18-21),9,AC,,
BUS_0595,BEST_Bus,AS-700,Down,Borivali Station (East),Dahisar Bus Station,17:16,,,True,AC,Peak,All Days,,1036,Evening (18-21),9,AC,,
BUS_0596,BEST_Bus,AS-700,Down,Borivali Station (East),Dahisar Bus Station,17:35,,,True,AC,Peak,All Days,,1055,Evening (18-21),9,AC,,
BUS_0597,BEST_Bus,AS-700,Down,Borivali Station (East),Dahisar Bus Station,17:50,,,True,AC,Peak,All Days,,1070,Evening (18-21),9,AC,,
BUS_0598,BEST_Bus,AS-700,Down,Kopari - Thane (East),Dahisar Bus Station,13:15,,,True,AC,Off-Peak,All Days,,795,Afternoon (12-14),4,AC,,
BUS_0599,BEST_Bus,AS-700,Down,Kopari - Thane (East),Dahisar Bus Station,13:45,,,True,AC,Off-Peak,All Days,,825,Afternoon (12-14),4,AC,,
BUS_0600,BEST_Bus,AS-700,Down,Kopari - Thane (East),Dahisar Bus Station,14:20,,,True,AC,Off-Peak,All Days,,860,Evening Peak (16-18),5,AC,,
BUS_0601,BEST_Bus,AS-700,Down,Kopari - Thane (East),Dahisar Bus Station,14:55,,,True,AC,Off-Peak,All Days,,895,Evening Peak (16-18),5,AC,,
BUS_0602,BEST_Bus,AS-700,Down,Kopari - Thane (East),Dahisar Bus Station,15:25,,,True,AC,Off-Peak,All Days,,925,Evening Peak (16-18),5,AC,,
BUS_0603,BEST_Bus,AS-700,Down,Kopari - Thane (East),Dahisar Bus Station,15:45,,,True,AC,Off-Peak,All Days,,945,Evening Peak (16-18),5,AC,,
BUS_0604,BEST_Bus,AS-700,Down,Kopari - Thane (East),Dahisar Bus Station,16:05,,,True,AC,Off-Peak,All Days,,965,Evening (18-21),9,AC,,
BUS_0605,BEST_Bus,AS-700,Down,Kopari - Thane (East),Dahisar Bus Station,16:25,,,True,AC,Off-Peak,All Days,,985,Evening (18-21),9,AC,,
BUS_0606,BEST_Bus,AS-700,Down,Marathon Chowk,Dahisar Bus Station,11:10,,,True,AC,Off-Peak,All Days,,670,Mid-Morning (10-12),3,AC,,
BUS_0607,BEST_Bus,AS-700,Down,Marathon Chowk,Dahisar Bus Station,12:05,,,True,AC,Off-Peak,All Days,,725,Afternoon (12-14),4,AC,,
BUS_0608,BEST_Bus,AS-700,Down,Marathon Chowk,Dahisar Bus Station,13:05,,,True,AC,Off-Peak,All Days,,785,Afternoon (12-14),4,AC,,
BUS_0609,BEST_Bus,AS-707,Down,(Mira Road),Dahisar Bus Station,17:12,,,True,AC,Peak,All Days,,1032,Evening (18-21),8,AC,,
BUS_0610,BEST_Bus,AS-707,Down,(Mira Road),Dahisar Bus Station,17:36,,,True,AC,Peak,All Days,,1056,Evening (18-21),8,AC,,
BUS_0611,BEST_Bus,AS-707,Down,(Mira Road),Dahisar Bus Station,18:02,,,True,AC,Peak,All Days,,1082,Night (21-24),16,AC,,
BUS_0612,BEST_Bus,AS-707,Down,(Mira Road),Dahisar Bus Station,18:28,,,True,AC,Peak,All Days,,1108,Night (21-24),16,AC,,
BUS_0613,BEST_Bus,AS-707,Down,(Mira Road),Dahisar Bus Station,18:54,,,True,AC,Peak,All Days,,1134,Night (21-24),16,AC,,
BUS_0614,BEST_Bus,AS-707,Down,(Mira Road),Dahisar Bus Station,19:19,,,True,AC,Peak,All Days,,1159,Night (21-24),16,AC,,
BUS_0615,BEST_Bus,AS-707,Down,(Mira Road),Dahisar Bus Station,19:45,,,True,AC,Peak,All Days,,1185,Night (21-24),16,AC,,
BUS_0616,BEST_Bus,AS-707,Down,(Mira Road),Dahisar Bus Station,20:11,,,True,AC,Peak,All Days,,1211,Night (21-24),16,AC,,
BUS_0617,BEST_Bus,AS-707,Down,Golden Nest,Dahisar Bus Station,13:16,,,True,AC,Off-Peak,All Days,,796,Afternoon (12-14),4,AC,,
BUS_0618,BEST_Bus,AS-707,Down,Golden Nest,Dahisar Bus Station,13:49,,,True,AC,Off-Peak,All Days,,829,Afternoon (12-14),4,AC,,
BUS_0619,BEST_Bus,AS-707,Down,Golden Nest,Dahisar Bus Station,14:21,,,True,AC,Off-Peak,All Days,,861,Evening Peak (16-18),6,AC,,
BUS_0620,BEST_Bus,AS-707,Down,Golden Nest,Dahisar Bus Station,14:54,,,True,AC,Off-Peak,All Days,,894,Evening Peak (16-18),6,AC,,
BUS_0621,BEST_Bus,AS-707,Down,Golden Nest,Dahisar Bus Station,15:26,,,True,AC,Off-Peak,All Days,,926,Evening Peak (16-18),6,AC,,
BUS_0622,BEST_Bus,AS-707,Down,Golden Nest,Dahisar Bus Station,15:59,,,True,AC,Off-Peak,All Days,,959,Evening Peak (16-18),6,AC,,
BUS_0623,BEST_Bus,AS-707,Down,Golden Nest,Dahisar Bus Station,16:23,,,True,AC,Off-Peak,All Days,,983,Evening (18-21),8,AC,,
BUS_0624,BEST_Bus,AS-707,Down,Golden Nest,Dahisar Bus Station,16:47,,,True,AC,Off-Peak,All Days,,1007,Evening (18-21),8,AC,,
BUS_0625,BEST_Bus,AS-707,Down,Golden Nest,Dahisar Bus Station,18:58,,,True,AC,Peak,All Days,,1138,Night (21-24),16,AC,,
BUS_0626,BEST_Bus,AS-707,Down,Golden Nest,Dahisar Bus Station,19:25,,,True,AC,Peak,All Days,,1165,Night (21-24),16,AC,,
BUS_0627,BEST_Bus,AS-707,Down,S'Cruz Depot,Dahisar Bus Station,20:38,,,True,AC,Peak,All Days,,1238,Night (21-24),16,AC,,
BUS_0628,BEST_Bus,AS-707,Down,S'Cruz Depot,Dahisar Bus Station,21:05,,,True,AC,Off-Peak,All Days,,1265,Night (21-24),16,AC,,
BUS_0629,BEST_Bus,AS-707,Down,(Mira Road),Dahisar Bus Station,15:26,,,True,AC,Off-Peak,All Days,,926,Evening Peak (16-18),6,AC,,
BUS_0630,BEST_Bus,AS-707,Down,(Mira Road),Dahisar Bus Station,15:59,,,True,AC,Off-Peak,All Days,,959,Evening Peak (16-18),6,AC,,
BUS_0631,BEST_Bus,AS-707,Down,(Mira Road),Dahisar Bus Station,16:23,,,True,AC,Off-Peak,All Days,,983,Evening (18-21),8,AC,,
BUS_0632,BEST_Bus,AS-707,Down,(Mira Road),Dahisar Bus Station,16:47,,,True,AC,Off-Peak,All Days,,1007,Evening (18-21),8,AC,,
BUS_0637,BEST_Bus,AS-707,Down,Golden Nest,Dahisar Bus Station,11:15,,,True,AC,Off-Peak,All Days,,675,Mid-Morning (10-12),2,AC,,
BUS_0638,BEST_Bus,AS-707,Down,Golden Nest,Dahisar Bus Station,11:39,,,True,AC,Off-Peak,All Days,,699,Mid-Morning (10-12),2,AC,,
BUS_0639,BEST_Bus,AS-707,Down,Golden Nest,Dahisar Bus Station,12:11,,,True,AC,Off-Peak,All Days,,731,Afternoon (12-14),4,AC,,
BUS_0640,BEST_Bus,AS-707,Down,Golden Nest,Dahisar Bus Station,12:44,,,True,AC,Off-Peak,All Days,,764,Afternoon (12-14),4,AC,,
BUS_0645,BEST_Bus,AS-707,Down,Golden Nest,Dahisar Bus Station,17:14,,,True,AC,Peak,All Days,,1034,Evening (18-21),8,AC,,
BUS_0646,BEST_Bus,AS-707,Down,Golden Nest,Dahisar Bus Station,17:39,,,True,AC,Peak,All Days,,1059,Evening (18-21),8,AC,,
BUS_0647,BEST_Bus,AS-707,Down,Golden Nest,Dahisar Bus Station,18:05,,,True,AC,Peak,All Days,,1085,Night (21-24),16,AC,,
BUS_0648,BEST_Bus,AS-707,Down,Golden Nest,Dahisar Bus Station,18:31,,,True,AC,Peak,All Days,,1111,Night (21-24),16,AC,,
BUS_0651,BEST_Bus,AS-707,Down,S'Cruz Depot,Dahisar Bus Station,18:54,,,True,AC,Peak,All Days,,1134,Night (21-24),16,AC,,
BUS_0652,BEST_Bus,AS-707,Down,S'Cruz Depot,Dahisar Bus Station,19:19,,,True,AC,Peak,All Days,,1159,Night (21-24),16,AC,,
BUS_0653,BEST_Bus,AS-707,Down,S'Cruz Depot,Dahisar Bus Station,19:45,,,True,AC,Peak,All Days,,1185,Night (21-24),16,AC,,
BUS_0654,BEST_Bus,AS-707,Down,S'Cruz Depot,Dahisar Bus Station,20:11,,,True,AC,Peak,All Days,,1211,Night (21-24),16,AC,,
BUS_0657,BEST_Bus,AS-9,Down,Colaba Depot,Dahisar Bus Station,17:00,,,True,AC,Peak,All Days,,1020,Evening (18-21),2,AC,,
BUS_0658,BEST_Bus,AS-9,Down,Colaba Depot,Dahisar Bus Station,17:30,,,True,AC,Peak,All Days,,1050,Evening (18-21),2,AC,,
BUS_0659,BEST_Bus,AS-9,Down,Colaba Depot,Dahisar Bus Station,18:05,,,True,AC,Peak,All Days,,1085,Night (21-24),1,AC,,
BUS_0660,BEST_Bus,AS-9,Down,Ghatkopar Stn (E),Dahisar Bus Station,08:15,,,True,AC,Peak,All Days,,495,Morning Peak (08-10),3,AC,,
BUS_0661,BEST_Bus,AS-9,Down,Ghatkopar Stn (E),Dahisar Bus Station,08:55,,,True,AC,Peak,All Days,,535,Morning Peak (08-10),3,AC,,
BUS_0662,BEST_Bus,AS-9,Down,Ghatkopar Stn (E),Dahisar Bus Station,09:25,,,True,AC,Peak,All Days,,565,Morning Peak (08-10),3,AC,,
BUS_0663,BEST_Bus,Unknown/Special,Down,Magathane Depot,Dahisar Bus Station,17:45,,,True,AC,Peak,All Days,,1065,Evening (18-21),3,AC,,
BUS_0664,BEST_Bus,Unknown/Special,Down,Magathane Depot,Dahisar Bus Station,18:15,,,True,AC,Peak,All Days,,1095,Night (21-24),10,AC,,
BUS_0665,BEST_Bus,Unknown/Special,Down,Magathane Depot,Dahisar Bus Station,18:45,,,True,AC,Peak,All Days,,1125,Night (21-24),10,AC,,
BUS_0666,BEST_Bus,Unknown/Special,Down,Mira Road Station,Dahisar Bus Station,09:25,,,True,AC,Peak,All Days,,565,Morning Peak (08-10),11,AC,,
BUS_0667,BEST_Bus,Unknown/Special,Down,Mira Road Station,Dahisar Bus Station,20:00,,,True,AC,Peak,All Days,,1200,Night (21-24),10,AC,,
BUS_0668,BEST_Bus,Unknown/Special,Down,NSCI (Worli),Dahisar Bus Station,08:35,,,True,AC,Peak,All Days,,515,Morning Peak (08-10),11,AC,,
BUS_0669,BEST_Bus,Unknown/Special,Down,NSCI (Worli),Dahisar Bus Station,08:55,,,True,AC,Peak,All Days,,535,Morning Peak (08-10),11,AC,,
BUS_0670,BEST_Bus,Unknown/Special,Down,NSCI (Worli),Dahisar Bus Station,09:15,,,True,AC,Peak,All Days,,555,Morning Peak (08-10),11,AC,,
BUS_0671,BEST_Bus,Unknown/Special,Down,NSCI (Worli),Dahisar Bus Station,09:55,,,True,AC,Peak,All Days,,595,Morning Peak (08-10),11,AC,,
BUS_0672,BEST_Bus,Unknown/Special,Down,NSCI (Worli),Dahisar Bus Station,18:55,,,True,AC,Peak,All Days,,1135,Night (21-24),10,AC,,
BUS_0673,BEST_Bus,Unknown/Special,Down,NSCI (Worli),Dahisar Bus Station,20:25,,,True,AC,Peak,All Days,,1225,Night (21-24),10,AC,,
BUS_0674,BEST_Bus,Unknown/Special,Down,Colaba Depot,Dahisar Bus Station,07:40,,,True,AC,Peak,All Days,,460,Early Morning (06-08),1,AC,,
BUS_0675,BEST_Bus,Unknown/Special,Down,Colaba Depot,Dahisar Bus Station,08:00,,,True,AC,Peak,All Days,,480,Morning Peak (08-10),11,AC,,
BUS_0676,BEST_Bus,Unknown/Special,Down,Colaba Depot,Dahisar Bus Station,08:20,,,True,AC,Peak,All Days,,500,Morning Peak (08-10),11,AC,,
BUS_0677,BEST_Bus,Unknown/Special,Down,Colaba Depot,Dahisar Bus Station,08:40,,,True,AC,Peak,All Days,,520,Morning Peak (08-10),11,AC,,
BUS_0678,BEST_Bus,Unknown/Special,Down,Colaba Depot,Dahisar Bus Station,17:30,,,True,AC,Peak,All Days,,1050,Evening (18-21),3,AC,,
BUS_0679,BEST_Bus,Unknown/Special,Down,Colaba Depot,Dahisar Bus Station,17:50,,,True,AC,Peak,All Days,,1070,Evening (18-21),3,AC,,
BUS_0680,BEST_Bus,Unknown/Special,Down,Colaba Depot,Dahisar Bus Station,18:10,,,True,AC,Peak,All Days,,1090,Night (21-24),10,AC,,
BUS_0681,BEST_Bus,Unknown/Special,Down,Colaba Depot,Dahisar Bus Station,18:30,,,True,AC,Peak,All Days,,1110,Night (21-24),10,AC,,
BUS_0682,BEST_Bus,Unknown/Special,Down,Hiranandani (Powai),Dahisar Bus Station,08:00,,,True,AC,Peak,All Days,,480,Morning Peak (08-10),11,AC,,
BUS_0683,BEST_Bus,Unknown/Special,Down,Hiranandani (Powai),Dahisar Bus Station,08:20,,,True,AC,Peak,All Days,,500,Morning Peak (08-10),11,AC,,
BUS_0684,BEST_Bus,Unknown/Special,Down,Hiranandani (Powai),Dahisar Bus Station,08:45,,,True,AC,Peak,All Days,,525,Morning Peak (08-10),11,AC,,
BUS_0685,BEST_Bus,Unknown/Special,Down,Hiranandani (Powai),Dahisar Bus Station,18:10,,,True,AC,Peak,All Days,,1090,Night (21-24),10,AC,,
BUS_0686,BEST_Bus,Unknown/Special,Down,Hiranandani (Powai),Dahisar Bus Station,18:35,,,True,AC,Peak,All Days,,1115,Night (21-24),10,AC,,
BUS_0687,BEST_Bus,Unknown/Special,Down,Hiranandani (Powai),Dahisar Bus Station,19:00,,,True,AC,Peak,All Days,,1140,Night (21-24),10,AC,,
