service_id,AIROLI,ANDHERI,Ambernath,Ambivli,Andheri,Asangaon,Atgaon,BANDRA,BORIVALI,Badlapur,Bandra,Belapur CBD,Bhandup,Bhayandar,Bhivpuri Road,Byculla,CHURCHGATE,CSMT,Charni Road,Chembur,Chinchpokli,Chunabhatti,Cotton Green,Currey Road,DADAR,Dadar,Dahisar,Digha Gaon,Diva,Dockyard Road,Dolavli,Dombivli,GHANSOLI,GTB Nagar,Ghatkopar,Goregaon,Govandi,Grant Road,Jogeshwari,Juinagar,KOPAR KHAIRANE,Kalva,Kalyan,Kandivli,Kanjur Marg,Karjat,Kasara,Kelavli,Khadavli,Khandeshwar,Khar Road,Khardi,Kharghar,Khopoli,King's Circle,Kopar,Kurla,Lower Parel,Lowjee,Mahalakshmi,Mahim Jn,Mahim Jn.,Malad,Mankhurd,Mansarovar,Marine Lines,Masjid,Matunga,Matunga Road,Mira Road,Mulund,Mumbai CSMT,Mumbai Central,Mumbra,Nahur,Naigaon,Nalla Sopara,Neral,Nerul,Palasdhari,Panvel,Parel,Prabhadevi,RABALE,Ram Mandir,Ramnagar,Reay Road,Sandhurst Road,Sanpada,Santa Cruz,Santacruz,Seawoods-Darave,Sewri,Shahad,Shelu,Sion,THANE,TURBHE,Thakurli,Thane,Tilaknagar,Titwala,Ulhas Nagar,VIRAR,Vadala Road,Vangani,Vasai Road,Vashi,Vasind,Vidyavihar,Vikhroli,Vile Parle,Vileparle,Vithalwadi
CR_Down_95001,,,06:04,,,,,,,06:11,,,,,06:35,04:42,,04:35,,,,,,,,04:48,,,,,06:59,05:36,,,05:02,,,,,,,,05:53,,,06:44,,06:56,,,,,,07:09,,,04:57,,07:03,,,,,,,,,,,,,,,,,,,06:28,,06:49,,,,,,,,,,,,,,,06:24,,,,,05:20,,,06:00,,,06:20,,,,,,,,05:57
CR_Down_95003,,,08:46,,,,,,,08:53,,,,,09:16,07:37,,07:30,,,,,,,,07:43,,,,,09:41,08:26,,,07:54,,,,,,,,08:35,,,09:26,,09:38,,,,,,09:51,,,07:50,,09:45,,,,,,,,,,,,08:06,,,,,,,09:09,,09:31,,,,,,,,,,,,,,,09:05,,,,,08:10,,,08:42,,,09:01,,,,,,,,08:39
CR_Down_95005,,,13:37,,,,,,,13:44,,,,,14:07,12:27,,12:20,,,,,,,,12:33,,,,,14:33,13:17,,,12:45,,,,,,,,13:25,,,14:18,,14:30,,,,,,14:43,,,12:41,,14:37,,,,,,,,,,,,,,,,,,,14:00,,14:23,,,,,,,,,,,,,,,13:56,,,,,13:01,,,13:33,,,13:52,,,,,,,,13:30
CR_Down_95007,,,16:28,,,,,,,16:36,,,,,17:01,15:18,,15:10,,,,,,,,15:24,,,,,17:26,16:08,,,15:36,,,,,,,,16:18,,,17:11,,17:23,,,,,,17:36,,,15:32,,17:30,,,,,,,,,,,,15:48,,,,,,,16:53,,17:16,,,,,,,,,,,,,,,16:49,,,,,15:52,,,16:24,,,16:45,,,,,,,,16:22
CR_Down_95009,,,18:49,,,,,,,18:56,,,,,19:19,17:40,,17:33,,,,,,,,17:47,,,,,19:43,18:28,,,17:58,,,,,,,,18:38,,,19:28,,19:40,,,,,,19:55,,,17:54,,19:47,,,,,,,,,,,,,,,,,,,19:12,,19:33,,,,,,,,,,,,,,,19:08,,,,,18:13,,,18:45,,,19:04,,,,,,,,18:42
CR_Down_95011,,,22:00,,,,,,,22:07,,,,,22:30,20:48,,20:41,,,,,,,,20:55,,,21:34,,22:56,21:39,,,21:08,,,,,,,,21:49,,,22:41,,22:53,,,,,,23:06,,,21:04,,23:00,,,,,,,,,,,,21:19,,,,,,,22:23,,22:46,,,,,,,,,,,,,,,22:19,,,,,21:23,,,21:56,,,22:15,,,,,,,,21:53
CR_Down_95013,,,23:17,,,,,,,23:24,,,22:34,,23:47,22:07,,21:58,,,,,,,,22:15,,,,,,22:57,,,22:26,,,,,,,,23:06,,,23:58,,,,,,,,,,,22:22,,,,,,,,,,,,,,,,,,,,,23:40,,,,,,,,,,,,,,,,,23:36,,,,,22:42,,,23:13,,,23:32,,,,,,,,23:10
CR_Down_95015,,,00:33,,,,,,,00:40,,,,,,23:25,,23:18,,,,,,,,23:31,,,,,,00:13,,,23:42,,,,,,,,00:21,,,01:12,,,,,,,,01:38,,,23:38,,,,,,,,,,,,,,23:54,,,,,,,,,,,,,,,,,,,,,,,,,,,,,23:58,,,,,,,,,,,,,,
CR_Down_95101,,,07:03,,,,,,,07:10,,,,,07:34,05:53,,05:46,,,,,,,,05:59,,,,,,06:41,,,06:10,,,,,,,,06:50,,,07:43,,,,,,,,,,,06:06,,,,,,,,,,,,,,,,,,,,,07:27,,,,,,,,,,,,,,,,,07:23,,,,,06:25,,,06:57,,,07:19,,,,,,,,06:54
CR_Down_95103,,,07:27,,,,,,,07:34,,,,,07:58,06:17,,06:10,,,,,,,,06:24,,,06:59,,,07:05,,,06:35,,,,,,,,07:15,,,08:08,,,,,,,,,,,06:31,,,,,,,,,,,,,,,,,,,,,07:51,,,,,,,,,,,,,,,,,07:47,,,,,06:49,,,07:22,,,07:43,,,,,,,,07:19
CR_Down_95105,,,08:04,,,,,,,08:11,,,,,08:33,06:56,,06:49,,,,,,,,07:02,,,,,,07:43,,,07:13,,,,,,,,07:51,,,08:44,,,,,,,,,,,07:09,,,,,,,,,,,,,,07:24,,,,,,,08:27,,,,,,,,,,,,,,,,,08:23,,,,,07:28,,,07:58,,,08:19,,,,,,,,07:55
CR_Down_95107,,,09:31,,,,,,,09:38,,,,,10:02,08:24,,08:16,,,,,,,,08:32,,,09:05,,,09:09,,,08:43,,,,,,,,09:19,,,10:12,,,,,,,,,,,08:39,,,,,,,,,,,,,,,,,,,,,09:55,,,,,,,,,,,,,,,,,09:51,,,,,08:56,,,09:27,,,09:47,,,,,,,,09:24
CR_Down_95109,,,10:15,,,,,,,10:22,,,09:33,,10:45,09:08,,09:01,,,,,,,,09:14,,,,,,09:56,,,09:25,,,,,,,,10:04,,,10:54,,,,,,,,,,,09:21,,,,,,,,,,,,,,,,,,,,,10:38,,,,,,,,,,,,,,,,,10:34,,,,,09:41,,,10:11,,,10:30,,,,,,,,10:08
CR_Down_95111,,,10:49,,,,,,,10:56,,,10:05,,11:19,09:38,,09:30,,,,,,,,09:44,,,,,,10:30,,,09:55,,,,,,,,10:38,,,11:28,,,,,,,,,,,09:51,,,,,,,,,,,,,,,,,,,,,11:12,,,,,,,,,,,,,,,,,11:08,,,,,10:14,,,10:45,,,11:04,,,,,,,,10:42
CR_Down_95113,,,11:16,,,,,,,11:23,,,,,11:46,10:05,,09:57,,,,,,,,10:11,,,10:49,,,10:55,,,10:22,,,,,,,,11:04,,,11:55,,,,,,,,,,,10:18,,,,,,,,,,,,,,,,,,,,,11:39,,,,,,,,,,,,,,,,,11:35,,,,,10:38,,,11:12,,,11:31,,,,,,,,11:09
CR_Down_95115,,,11:52,,,,,,,11:59,,,11:09,,12:22,10:44,,10:36,,,,,,,,10:50,,,,,,11:32,,,11:01,,,,,,,,11:40,,,12:32,,,,,,,,,,,10:57,,,,,,,,,,,,,,,,,,,,,12:15,,,,,,,,,,,,,,,,,12:11,,,,,11:17,,,11:48,,,12:07,,,,,,,,11:45
CR_Down_95117,,,12:28,,,,,,,12:35,,,,,12:58,11:21,,11:14,,,,,,,,11:27,,,,,,12:08,,,11:38,,,,,,,,12:17,,,13:08,,,,,,,,,,,11:34,,,,,,,,,,,,,,11:49,,,,,,,12:51,,,,,,,,,,,,,,,,,12:47,,,,,11:53,,,12:24,,,12:43,,,,,,,,12:21
CR_Down_95119,,,14:37,,,,,,,14:44,,,,,15:07,13:26,,13:19,,,,,,,,13:32,,,14:10,,,14:16,,,13:43,,,,,,,,14:24,,,15:15,,,,,,,,,,,13:39,,,,,,,,,,,,,,13:55,,,,,,,15:00,,,,,,,,,,,,,,,,,14:56,,,,,13:59,,,14:31,,,14:52,,,,,,,,14:28
CR_Down_95121,,,14:54,,,,,,,15:01,,,,,15:24,13:47,,13:40,,,,,,,,13:53,,,,,,14:35,,,14:04,,,,,,,,14:43,,,15:35,,,,,,,,,,,14:00,,,,,,,,,,,,,,14:16,,,,,,,15:17,,,,,,,,,,,,,,,,,15:13,,,,,14:20,,,14:50,,,15:09,,,,,,,,14:47
CR_Down_95123,,,16:03,,,,,,,16:10,,,,,16:33,14:52,,14:45,,,,,,,,14:58,,,15:36,,,15:42,,,15:09,,,,,,,,15:51,,,16:42,,,,,,,,,,,15:05,,,,,,,,,,,,,,,,,,,,,16:26,,,,,,,,,,,,,,,,,16:22,,,,,15:25,,,15:58,,,16:18,,,,,,,,15:55
CR_Down_95125,,,16:54,,,,,,,17:03,,,,,17:27,15:43,,15:35,,,,,,,,15:50,,,16:27,,,16:33,,,16:01,,,,,,,,16:42,,,17:37,,,,,,,,,,,15:57,,,,,,,,,,,,,,16:12,,,,,,,17:20,,,,,,,,,,,,,,,,,17:16,,,,,16:16,,,16:50,,,17:12,,,,,,,,16:47
CR_Down_95127,,,17:45,,,,,,,17:52,,,,,18:15,16:37,,16:30,,,,,,,,16:43,,,,,,17:25,,,16:54,,,,,,,,17:34,,,18:24,,,,,,,,,,,16:50,,,,,,,,,,,,,,17:06,,,,,,,18:08,,,,,,,,,,,,,,,,,18:04,,,,,17:10,,,17:41,,,18:00,,,,,,,,17:38
CR_Down_95129,,,19:34,,,,,,,19:41,,,,,20:04,18:29,,18:21,,,,,,,,18:36,,,19:10,,,19:16,,,18:47,,,,,,,,19:23,,,20:13,,,,,,,,,,,18:43,,,,,,,,,,,,,,,,,,,,,19:57,,,,,,,,,,,,,,,,,19:53,,,,,18:59,,,19:30,,,19:49,,,,,,,,19:27
CR_Down_95131,,,20:12,,,,,,,20:19,,,,,20:42,19:01,,18:53,,,,,,,,19:07,,,,,,19:52,,,19:18,,,,,,,,20:00,,,20:52,,,,,,,,,,,19:14,,,,,,,,,,,,,,,,,,,,,20:35,,,,,,,,,,,,,,,,,20:31,,,,,19:36,,,20:07,,,20:27,,,,,,,,20:04
CR_Down_95133,,,21:09,,,,,,,21:16,,,,,21:40,19:57,,19:50,,,,,,,,20:03,,,,,,20:48,,,20:15,,,,,,,,20:57,,,21:51,,,,,,,,,,,20:11,,,,,,,,,,,,,,20:27,,,,,,,21:33,,,,,,,,,,,,,,,,,21:29,,,,,20:31,,,21:05,,,21:25,,,,,,,,21:02
CR_Down_95135,,,22:42,,,,,,,22:49,,,,,23:12,21:33,,21:26,,,,,,,,21:40,,,,,,22:22,,,21:51,,,,,,,,22:31,,,23:22,,,,,,,,,,,21:47,,,,,,,,,,,,,,22:03,,,,,,,23:05,,,,,,,,,,,,,,,,,23:01,,,,,22:07,,,22:38,,,22:57,,,,,,,,22:35
CR_Down_95201,,,07:37,,,,,,,07:45,,,,,,06:32,,06:24,,,,,,,,06:38,,,,,,07:20,,,,,,,,,,,07:27,,,,,,,,,,,,,,06:45,,,,,,,,,,,,,,07:01,,,,,,,,,,,,,,,,,,,,,,,,,,,,,07:05,,,07:33,,,,,,,,06:53,,,07:31
CR_Down_95203,,,08:22,,,,,,,08:32,,,07:38,,,07:12,,07:05,,,,,,,,07:19,,,,,,08:01,,,07:30,,,,,,,,08:09,,,,,,,,,,,,,,07:26,,,,,,,,,,,,,,,,,,,,,,,,,,,,,,,,,,,,,,,,,,,07:46,,,08:16,,,,,,,,,,,08:13
CR_Down_95205,,,09:14,,,,,,,09:22,,,,,,08:02,,07:55,,,,,,,,08:08,,,08:49,,,08:55,,,08:19,,,,,,,,09:03,,,,,,,,,,,,,,08:15,,,,,,,,,,,,,,08:30,,,,,,,,,,,,,,,,,,,,,,,,,,,,,08:38,,,09:10,,,,,,,,,,,09:07
CR_Down_95207,,,10:08,,,,,,,10:17,,,,,,09:00,,08:52,,,,,,,,09:07,,,,,,09:49,,,09:18,,,,,,,,09:56,,,,,,,,,,,,,,09:14,,,,,,,,,,,,,,09:30,,,,,,,,,,,,,,,,,,,,,,,,,,,,,09:34,,,10:04,,,,,,,,,,,10:01
CR_Down_95209,,,10:24,,,,,,,10:32,,,,,,09:16,,09:09,,,,,,,,09:22,,,,,,10:06,,,09:33,,,,,,,,10:13,,,,,,,,,,,,,,09:29,,,,,,,,,,,,,,09:45,,,,,,,,,,,,,,,,,,,,,,,,,,,,,09:51,,,10:20,,,,,,,,09:37,,,10:17
CR_Down_95211,,,10:41,,,,,,,10:49,,,09:55,,,09:30,,09:23,,,,,,,,09:36,,,,,,10:21,,,09:47,,,,,,,,10:29,,,,,,,,,,,,,,09:43,,,,,,,,,,,,,,,,,,,,,,,,,,,,,,,,,,,,,,,,,,,10:05,,,10:37,,,,,,,,,,,10:34
CR_Down_95213,,,11:00,,,,,,,11:09,,,,,,09:53,,09:46,,,,,,,,09:59,,,,,,10:42,,,10:10,,,,,,,,10:50,,,,,,,,,,,,,,10:06,,,,,,,,,,,,,,10:22,,,,,,,,,,,,,,,,,,,,,,,,,,,,,10:27,,,10:56,,,,,,,,10:14,,,10:54
CR_Down_95215,,,11:24,,,,,,,11:32,,,,,,10:15,,10:08,,,,,,,,10:21,,,,,,11:05,,,10:32,,,,,,,,11:12,,,,,,,,,,,,,,10:28,,,,,,,,,,,,,,10:45,,,,,,,,,,,,,,,,,,,,,,,,,,,,,10:50,,,11:20,,,,,,,,10:37,,,11:17
CR_Down_95217,,,11:37,,,,,,,11:46,,,,,,10:27,,10:20,,,,,,,,10:33,,,,,,11:16,,,10:44,,,,,,,,11:24,,,,,,,,,,,,,,10:40,,,,,,,,,,,,,,10:56,,,,,,,,,,,,,,,,,,,,,,,,,,,,,11:00,,,11:32,,,,,,,,10:48,,,11:29
CR_Down_95219,,,11:59,,,,,,,12:07,,,,,,10:47,,10:40,,,,,,,,10:53,,,,,,11:36,,,11:04,,,,,,,,11:48,,,,,,,,,,,,,,11:00,,,,,,,,,,,,,,11:16,,,,,,,,,,,,,,,,,,,,,,,,,,,,,11:21,,,11:55,,,,,,,,11:08,,,11:52
CR_Down_95221,,,12:13,,,,,,,12:21,,,,,,,,,,,,,,,,11:08,,,,,,11:50,,,11:19,,,,,,,,12:00,,,,,,,,,,,,,,11:15,,,,,,,,,,,,,,,,,,,,,,,,,,,,,,,,,,,,,,,,,,,11:34,,,,,,,,,,,,,,
CR_Down_95223,,,13:05,,,,,,,13:12,,,,,,11:57,,11:50,,,,,,,,12:03,,,,,,12:46,,,12:14,,,,,,,,12:54,,,,,,,,,,,,,,12:10,,,,,,,,,,,,,,,,,,,,,,,,,,,,,,,,,,,,,,,,,,,12:30,,,13:01,,,,,,,,,,,12:58
CR_Down_95225,,,13:32,,,,,,,13:39,,,,,,,,,,,,,,,,12:30,,,,,,13:13,,,12:42,,,,,,,,13:21,,,,,,,,,,,,,,12:38,,,,,,,,,,,,,,,,,,,,,,,,,,,,,,,,,,,,,,,,,,,12:57,,,,,,,,,,,,,,
CR_Down_95227,,,14:40,,,,,,,14:49,,,,,,13:30,,13:23,,,,,,,,13:36,,,,,,14:19,,,13:47,,,,,,,,14:28,,,,,,,,,,,,,,13:43,,,,,,,,,,,,,,,,,,,,,,,,,,,,,,,,,,,,,,,,,,,14:02,,,14:35,,,,,,,,,,,14:32
CR_Down_95229,,,15:06,,,,,,,15:15,,,,,,13:57,,13:50,,,,,,,,14:03,,,14:42,,,14:47,,,14:15,,,,,,,,14:54,,,,,,,,,,,,,,14:11,,,,,,,,,,,,,,14:27,,,,,,,,,,,,,,,,,,,,,,,,,,,,,14:31,,,15:02,,,,,,,,,,,14:59
CR_Down_95231,,,16:18,,,,,,,16:27,,,,,,15:11,,15:03,,,,,,,,15:17,,,,,,15:59,,,15:28,,,,,,,,16:07,,,,,,,,,,,,,,15:24,,,,,,,,,,,,,,,,,,,,,,,,,,,,,,,,,,,,,,,,,,,15:43,,,16:14,,,,,,,,,,,16:11
CR_Down_95233,,,16:58,,,,,,,17:08,,,16:13,,,15:47,,15:39,,,,,,,,15:54,,,,,,16:36,,,16:05,,,,,,,,16:46,,,,,,,,,,,,,,16:01,,,,,,,,,,,,,,,,,,,,,,,,,,,,,,,,,,,,,,,,,,,16:20,,,16:54,,,,,,,,,,,16:51
CR_Down_95235,,,17:59,,,,,,,18:07,,,,,,16:49,,16:42,,,,,,,,16:55,,,17:34,,,17:40,,,17:07,,,,,,,,17:47,,,,,,,,,,,,,,17:02,,,,,,,,,,,,,,,,,,,,,,,,,,,,,,,,,,,,,,,,,,,17:23,,,17:54,,,,,,,,,,,17:51
CR_Down_95237,,,18:39,,,,,,,18:48,,,,,,17:30,,17:22,,,,,,,,17:37,,,,,,18:20,,,,,,,,,,,18:28,,,,,,,,,,,,,,17:44,,,,,,,,,,,,,,,,,,,,,,,,,,,,,,,,,,,,,,,,,,,18:04,,,18:35,,,,,,,,17:52,,,18:32
CR_Down_95239,,,19:16,,,,,,,19:26,,,,,,18:06,,17:59,,,,,,,,18:13,,,,,,18:56,,,18:25,,,,,,,,19:05,,,,,,,,,,,,,,18:21,,,,,,,,,,,,,,,,,,,,,,,,,,,,,,,,,,,,,,,,,,,18:41,,,19:12,,,,,,,,,,,19:09
CR_Down_95241,,,20:00,,,,,,,20:08,,,,,,18:49,,18:42,,,,,,,,18:55,,,,,,19:41,,,19:06,,,,,,,19:29,19:49,,,,,,,,,,,,,,19:02,,,,,,,,,,,,,,19:18,,,,,,,,,,,,,,,,,,,,,,,,,,,,,19:24,,,19:56,,,,,,,,,,,19:53
CR_Down_95243,,,20:27,,,,,,,20:35,,,,,,19:21,,19:14,,,,,,,,19:28,,,,,,20:09,,,19:39,,,,,,,,20:16,,,,,,,,,,,,,,19:35,,,,,,,,,,,,,,19:50,,,,,,,,,,,,,,,,,,,,,,,,,,,,,19:54,,,20:23,,,,,,,,,,,20:20
CR_Down_95245,,,20:38,,,,,,,20:48,,,,,,19:30,,19:23,,,,,,,,19:36,,,,,,20:17,,,19:47,,,,,,,,20:27,,,,,,,,,,,,,,19:43,,,,,,,,,,,,,,,,,,,,,,,,,,,,,,,,,,,,,,,,,,,20:02,,,20:34,,,,,,,,,,,20:31
CR_Down_95247,,,23:43,,,,,,,23:52,,,,,,22:32,,22:25,,,,,,,,22:38,,,,,,23:21,,,22:49,,,,,,,,23:31,,,,,,,,,,,,,,22:45,,,,,,,,,,,,,,23:01,,,,,,,,,,,,,,,,,,,,,,,,,,,,,23:05,,,23:39,,,,,,,,,,,23:36
CR_Down_95301,,,09:42,,,,,,,,,,,,,,,,,,,,,,,08:42,,,,,,09:22,,,08:53,,,,,,,,09:30,,,,,,,,,,,,,,08:49,,,,,,,,,,,,,,,,,,,,,,,,,,,,,,,,,,,,,,,,,,,09:06,,,,,,,,,,,,,,
CR_Down_95303,,,10:04,,,,,,,,,,09:19,,,08:53,,08:45,,,,,,,,09:00,,,,,,09:43,,,09:11,,,,,,,,09:51,,,,,,,,,,,,,,09:07,,,,,,,,,,,,,,,,,,,,,,,,,,,,,,,,,,,,,,,,,,,09:27,,,09:58,,,,,,,,,,,09:55
CR_Down_95305,,,10:34,,,,,,,,,,09:48,,,09:23,,09:15,,,,,,,,09:29,,,,,,10:15,,,09:40,,,,,,,,10:22,,,,,,,,,,,,,,09:36,,,,,,,,,,,,,,,,,,,,,,,,,,,,,,,,,,,,,,,,,,,09:58,,,10:29,,,,,,,,,,,10:26
CR_Down_95307,,,11:08,,,,,,,,,,,,,09:58,,09:51,,,,,,,,10:04,,,,,,10:47,,,,,,,,,,,10:55,,,,,,,,,,,,,,10:11,,,,,,,,,,,,,,10:27,,,,,,,,,,,,,,,,,,,,,,,,,,,,,10:32,,,11:03,,,,,,,,10:19,,,11:00
CR_Down_95309,,,11:29,,,,,,,,,,10:46,,,10:19,,10:12,,,,,,,,10:25,,,,,,11:09,,,10:36,,,,,,,,11:16,,,,,,,,,,,,,,10:32,,,,,,,,,,,,,,,,,,,,,,,,,,,,,,,,,,,,,,,,,,,10:54,,,11:23,,,,,,,,,,,11:20
CR_Down_95311,,,11:45,,,,,,,,,,10:57,,,10:32,,10:25,,,,,,,,10:38,,,11:15,,,11:22,,,10:49,,,,,,,,11:30,,,,,,,,,,,,,,10:45,,,,,,,,,,,,,,,,,,,,,,,,,,,,,,,,,,,,,,,,,,,11:06,,,11:37,,,,,,,,,,,11:34
CR_Down_95313,,,12:09,,,,,,,,,,,,,10:59,,10:52,,,,,,,,11:05,,,,,,11:47,,,11:16,,,,,,,,11:57,,,,,,,,,,,,,,11:12,,,,,,,,,,,,,,,,,,,,,,,,,,,,,,,,,,,,,,,,,,,11:31,,,12:04,,,,,,,,,,,12:01
CR_Down_95315,,,12:36,,,,,,,,,,11:50,,,11:25,,11:18,,,,,,,,11:31,,,12:09,,,12:15,,,11:42,,,,,,,,12:24,,,,,,,,,,,,,,11:38,,,,,,,,,,,,,,,,,,,,,,,,,,,,,,,,,,,,,,,,,,,11:58,,,12:31,,,,,,,,,,,12:28
CR_Down_95317,,,14:14,,,,,,,,,,,,,,,,,,,,,,,13:10,,,,,,13:53,,,13:21,,,,,,,,14:02,,,,,,,,,,,,,,13:17,,,,,,,,,,,,,,,,,,,,,,,,,,,,,,,,,,,,,,,,,,,13:37,,,,,,,,,,,,,,
CR_Down_95319,,,17:24,,,,,,,,,,,,,16:17,,16:08,,,,,,,,16:26,,,,,,17:05,,,,,,,,,,,17:12,,,,,,,,,,,,,,16:33,,,,,,,,,,,16:29,,,,,,,,,,,,,,16:23,,,,,,,,,,,,,,,,,,16:50,,,17:19,,,,,,,,16:41,,,17:16
CR_Down_95321,,,18:23,,,,,,,,,,,,,,,17:00,,,,,,,,17:12,,,17:51,,,18:00,,,,,,,,,,17:41,18:10,,,,,,,,,,,,,17:56,,,,,,,,,,,,,,,,,,17:47,,,,,,,,,,,,,,,,,,,,,,,,,18:04,17:35,,,18:17,,,,,,,,,,,18:14
CR_Down_95323,,,18:57,,,,,,,,,,,,,17:48,,17:41,,,,,,,,17:54,,,,,,18:37,,,,,,,,,,,18:46,,,,,,,,,,,,,,18:01,,,,,,,,,,,,,,18:17,,,,,,,,,,,,,,,,,,,,,,,,,,,,,18:22,,,18:52,,,,,,,,18:09,,,18:50
CR_Down_95325,,,19:22,,,,,,,,,,,,,18:13,,18:06,,,,,,,,18:20,,,,,,19:01,,,18:31,,,,,,,,19:10,,,,,,,,,,,,,,18:27,,,,,,,,,,,,,,,,,,,,,,,,,,,,,,,,,,,,,,,,,,,18:47,,,19:17,,,,,,,,,,,19:14
CR_Down_95327,,,19:42,,,,,,,,,,,,,18:33,,18:25,,,,,,,,18:40,,,,,,19:21,,,18:51,,,,,,,,19:29,,,,,,,,,,,,,,18:47,,,,,,,,,,,,,,19:02,,,,,,,,,,,,,,,,,,,,,,,,,,,,,19:06,,,19:37,,,,,,,,,,,19:34
CR_Down_95329,,,20:44,,,,,,,,,,,,,,,,,,,,,,,19:39,,,,,,20:20,,,19:50,,,,,,,,20:30,,,,,,,,,,,,,,19:46,,,,,,,,,,,,,,,,,,,,,,,,,,,,,,,,,,,,,,,,,,,20:05,,,,,,,,,,,,,,
CR_Down_95331,,,21:01,,,,,,,,,,20:16,,,19:49,,19:42,,,,,,,,19:56,,,20:35,,,20:41,,,20:08,,,,,,,,20:49,,,,,,,,,,,,,,20:04,,,,,,,,,,,,,,,,,,,,,,,,,,,,,,,,,,,,,,,,,,,20:24,,,20:56,,,,,,,,,,,20:53
CR_Down_95333,,,22:08,,,,,,,,,,,,,20:54,,20:47,,,,,,,,21:01,,,21:40,,,21:46,,,21:14,,,,,,,,21:55,,,,,,,,,,,,,,21:10,,,,,,,,,,,,,,21:25,,,,,,,,,,,,,,,,,,,,,,,,,,,,,21:29,,,22:02,,,,,,,,,,,21:59
CR_Down_95401,,,,08:05,,08:36,08:45,,,,,,,,,07:02,,06:55,,,,,,,,07:08,,,07:45,,,07:49,,,07:19,,,,,,,,07:57,,,,09:14,,08:19,,,08:55,,,,,07:15,,,,,,,,,,,,,,07:30,,,,,,,,,,,,,,,,,,,,,,,08:02,,,,,,07:34,,08:12,,,,,,,08:26,,,,,
CR_Down_95403,,,,09:46,,10:12,10:21,,,,,,,,,08:42,,08:33,,,,,,,,08:48,,,,,,09:30,,,08:59,,,,,,,,09:38,,,,10:48,,09:59,,,10:31,,,,,08:55,,,,,,,,,,,,,,09:11,,,,,,,,,,,,,,,,,,,,,,,09:43,,,,,,09:15,,09:52,,,,,,,10:06,,,,,
CR_Down_95405,,,,10:51,,11:20,11:29,,,,,,,,,09:42,,09:34,,,,,,,,09:48,,,10:28,,,10:35,,,09:59,,,,,,,,10:43,,,,11:57,,11:04,,,11:39,,,,,09:55,,,,,,,,,,,,,,10:12,,,,,,,,,,,,,,,,,,,,,,,10:48,,,,,,10:17,,10:57,,,,,,,11:11,,,,,
CR_Down_95407,,,,11:29,,11:55,12:04,,,,,,,,,10:23,,10:16,,,,,,,,10:29,,,11:07,,,11:13,,,10:40,,,,,,,,11:21,,,,12:34,,11:42,,,12:14,,,,,10:36,,,,,,,,,,,,,,10:53,,,,,,,,,,,,,,,,,,,,,,,11:26,,,,,,10:57,,11:35,,,,,,,11:49,,,,,
CR_Down_95409,,,,12:55,,13:21,13:30,,,,,,,,,11:49,,11:42,,,,,,,,11:55,,,12:33,,,12:38,,,12:06,,,,,,,,12:47,,,,13:58,,13:08,,,13:40,,,,,12:02,,,,,,,,,,,,,,12:18,,,,,,,,,,,,,,,,,,,,,,,12:52,,,,,,12:22,,13:01,,,,,,,13:15,,,,,
CR_Down_95411,,,,13:44,,14:10,14:19,,,,,,,,,12:37,,12:30,,,,,,,,12:43,,,13:23,,,13:29,,,12:54,,,,,,,,13:37,,,,14:47,,13:57,,,14:29,,,,,12:50,,,,,,,,,,,,,,13:06,,,,,,,,,,,,,,,,,,,,,,,13:41,,,,,,13:12,,13:50,,,,,,,14:04,,,,,
CR_Down_95413,,,,15:35,,16:04,16:13,,,,,,,,,14:26,,14:17,,,,,,,,14:32,,,15:11,,,15:16,,,14:44,,,,,,,,15:26,,,,16:41,,15:51,,,16:23,,,,,14:40,,,,,,,,,,,,,,14:55,,,,,,,,,,,,,,,,,,,,,,,15:31,,,,,,15:00,,15:44,,,,,,,15:58,,,,,
CR_Down_95415,,,,18:15,,18:41,18:50,,,,,,,,,16:57,,16:50,,,,,,,,17:04,,,17:47,,,17:56,,,17:15,,,,,,,17:37,18:07,,,,19:18,,18:28,,,19:00,,,,17:52,17:11,,,,,,,,,,,,,,,,,17:43,,,,,,,,,,,,,,,,,,,,18:12,,,,,18:00,17:31,,18:21,,,,,,,18:35,,,,,
CR_Down_95417,,,,19:42,,20:08,20:17,,,,,,,,,18:36,,18:28,,,,,,,,18:43,,,,,,19:24,,,18:54,,,,,,,,19:34,,,,20:46,,19:55,,,20:27,,,,,18:50,,,,,,,,,,,,,,19:05,,,,,,,,,,,,,,,,,,,,,,,19:39,,,,,,19:09,,19:48,,,,,,,20:02,,,,,
CR_Down_95419,,,,20:32,,20:58,21:07,,,,,,,,,19:25,,19:18,,,,,,,,19:31,,,,,,20:13,,,19:42,,,,,,,,20:24,,,,21:35,,20:45,,,21:17,,,,,19:38,,,,,,,,,,,,,,19:54,,,,,,,,,,,,,,,,,,,,,,,20:29,,,,,,19:58,,20:38,,,,,,,20:52,,,,,
CR_Down_95421,,,,22:00,,22:26,22:35,,,,,,,,,20:51,,20:44,,,,,,,,20:58,,,,,,21:42,,,21:11,,,,,,,,21:52,,,,23:04,,22:13,,,22:45,,,,,21:07,,,,,,,,,,,,,,21:22,,,,,,,,,,,,,,,,,,,,,,,21:57,,,,,,21:26,,22:06,,,,,,,22:20,,,,,
CR_Down_95423,,,,,,00:35,,,,,,,,,,22:55,,22:47,,,,,,,,23:05,,,,,,23:50,,,23:18,,,,,,,,00:01,,,,01:12,,,,,,,,,,23:13,,,,,,,,,,,,,,23:30,,,,,,,,,,,,,,,,,,,,,,,,,,,,,23:34,,00:15,,,,,,,,,,,,
CR_Down_95501,,,,08:39,,09:09,,,,,,,,,,07:33,,07:26,,,,,,,,07:40,,,,,,08:23,,,07:51,,,,,,,,08:32,,,,,,08:54,,,,,,,,07:47,,,,,,,,,,,,,,07:59,,,,,,,,,,,,,,,,,,,,,,,08:36,,,,,,08:07,,08:47,,,,,,,09:01,,,,,
CR_Down_95503,,,,10:35,,11:05,,,,,,,09:52,,,09:27,,09:20,,,,,,,,09:33,,,,,,10:18,,,09:44,,,,,,,,10:26,,,,,,10:48,,,,,,,,09:40,,,,,,,,,,,,,,,,,,,,,,,,,,,,,,,,,,,,,10:32,,,,,,10:02,,10:41,,,,,,,10:55,,,,,
CR_Down_95505,,,,14:26,,14:54,,,,,,,13:47,,,13:22,,13:15,,,,,,,,13:28,,,,,,14:11,,,13:39,,,,,,,,14:19,,,,,,14:39,,,,,,,,13:35,,,,,,,,,,,,,,,,,,,,,,,,,,,,,,,,,,,,,14:23,,,,,,13:55,,14:32,,,,,,,14:46,,,,,
CR_Down_95507,,,,15:56,,16:25,,,,,,,,,,14:49,,14:42,,,,,,,,14:55,,,,,,15:37,,,15:06,,,,,,,,15:48,,,,,,16:10,,,,,,,,15:02,,,,,,,,,,,,,,15:18,,,,,,,,,,,,,,,,,,,,,,,15:53,,,,,,15:21,,16:03,,,,,,,16:17,,,,,
CR_Down_95509,,,,17:37,,18:06,,,,,,,,,,16:25,,16:17,,,,,,,,16:32,,,17:12,,,17:18,,,16:43,,,,,,,,17:29,,,,,,17:50,,,,,,,,16:39,,,,,,,,,,,,,,16:54,,,,,,,,,,,,,,,,,,,,,,,17:34,,,,,,16:58,,17:43,,,,,,,17:57,,,,,
CR_Down_95511,,,,18:34,,19:02,,,,,,,,,,17:28,,17:19,,,,,,,,17:34,,,18:11,,,18:17,,,17:45,,,,,,,,18:26,,,,,,18:47,,,,,,,,17:41,,,,,,,,,,,,,,,,,,,,,,,,,,,,,,,,,,,,,18:31,,,,,,18:01,,18:40,,,,,,,18:54,,,,,
CR_Down_95513,,,,18:58,,19:29,,,,,,,,,,17:52,,17:45,,,,,,,,17:58,,,,,,18:40,,,18:09,,,,,,,,18:50,,,,,,19:12,,,,,,,,18:05,,,,,,,,,,,,,,,,,,,,,,,,,,,,,,,,,,,,,18:55,,,,,,18:25,,19:05,,,,,,,19:19,,,,,
CR_Down_95515,,,,19:47,,20:17,,,,,,,,,,18:40,,18:32,,,,,,,,18:46,,,,,,19:31,,,,,,,,,,,19:39,,,,,,20:00,,,,,,,,18:53,,,,,,,,,,,,,,,,,,,,,,,,,,,,,,,,,,,,,19:44,,,,,,19:15,,19:53,,,,,,,20:07,,19:01,,,
CR_Down_95517,,,,21:24,,21:52,,,,,,,,,,20:08,,20:00,,,,,,,,20:16,,,20:58,,,21:07,,,20:28,,,,,,,20:48,21:17,,,,,,21:37,,,,,,,21:03,20:24,,,,,,,,,,,,,,20:38,,,20:54,,,,,,,,,,,,,,,,,,,,21:21,,,,,21:11,20:43,,21:30,,,,,,,21:44,,,,,
CR_Down_95601,,,,10:26,,,,,,,,,09:45,,,09:20,,09:12,,,,,,,,09:26,,,,,,10:11,,,09:37,,,,,,,,10:18,,,,,,,,,,,,,,09:33,,,,,,,,,,,,,,,,,,,,,,,,,,,,,,,,,,,,,10:23,,,,,,09:55,,10:35,,,,,,,,,,,,
CR_Down_95603,,,,10:41,,,,,,,,,,,,09:34,,09:27,,,,,,,,09:40,,,,,,10:25,,,09:51,,,,,,,,10:33,,,,,,,,,,,,,,09:47,,,,,,,,,,,,,,10:04,,,,,,,,,,,,,,,,,,,,,,,10:38,,,,,,10:10,,10:50,,,,,,,,,09:55,,,
CR_Down_95605,,,,10:55,,,,,,,,,,,,09:46,,09:38,,,,,,,,09:52,,,10:32,,,10:39,,,10:03,,,,,,,,10:47,,,,,,,,,,,,,,09:59,,,,,,,,,,,,,,10:16,,,,,,,,,,,,,,,,,,,,,,,10:52,,,,,,10:21,,11:04,,,,,,,,,,,,
CR_Down_95607,,,,12:00,,,,,,,,,,,,10:55,,10:48,,,,,,,,11:01,,,,,,11:44,,,11:12,,,,,,,,11:53,,,,,,,,,,,,,,11:08,,,,,,,,,,,,,,11:24,,,,,,,,,,,,,,,,,,,,,,,11:57,,,,,,11:28,,12:08,,,,,,,,,,,,
CR_Down_95609,,,,12:21,,,,,,,,,,,,11:05,,10:58,,,,,,,,11:11,,,11:55,,,12:03,,,11:22,,,,,,,11:45,12:13,,,,,,,,,,,,,12:00,11:18,,,,,,,,,,,,,,11:34,,,11:51,,,,,,,,,,,,,,,,,,,,12:18,,,,,12:07,11:40,,12:29,,,,,,,,,,,,
CR_Down_95611,,,,,,,,,,,,,,,,,,,,,,,,,,15:33,,,,,,16:15,,,15:44,,,,,,,,16:24,,,,,,,,,,,,,,15:40,,,,,,,,,,,,,,,,,,,,,,,,,,,,,,,,,,,,,,,,,,,15:59,,16:39,,,,,,,,,,,,
CR_Down_95613,,,,18:41,,,,,,,,,,,,17:36,,17:29,,,,,,,,17:43,,,,,,18:25,,,17:54,,,,,,,,18:34,,,,,,,,,,,,,,17:50,,,,,,,,,,,,,,18:06,,,,,,,,,,,,,,,,,,,,,,,18:38,,,,,,18:10,,18:49,,,,,,,,,,,,
CR_Down_95615,,,,19:10,,,,,,,,,,,,18:03,,17:56,,,,,,,,18:10,,,18:47,,,18:53,,,18:22,,,,,,,,19:02,,,,,,,,,,,,,,18:18,,,,,,,,,,,,,,,,,,,,,,,,,,,,,,,,,,,,,19:07,,,,,,18:37,,19:20,,,,,,,,,,,,
CR_Down_95617,,,,19:53,,,,,,,,,19:11,,,18:46,,18:39,,,,,,,,18:52,,,19:32,,,19:38,,,19:03,,,,,,,,19:46,,,,,,,,,,,,,,18:59,,,,,,,,,,,,,,,,,,,,,,,,,,,,,,,,,,,,,19:50,,,,,,19:21,,20:01,,,,,,,,,,,,
CR_Down_95619,,,,20:11,,,,,,,,,,,,19:04,,18:57,,,,,,,,19:10,,,,,,19:56,,,,,,,,,,,20:04,,,,,,,,,,,,,,19:17,,,,,,,,,,,,,,19:32,,,19:47,,,,,,,,,,,,,,,,,,,,20:08,,,,,,19:39,,20:20,,,,,,,,,19:24,,,
CR_Down_95621,,,,20:44,,,,,,,,,,,,19:40,,19:30,,,,,,,,19:47,,,,,,20:27,,,,,,,,,,,20:36,,,,,,,,,,,,,,19:54,,,,,,,,,,,,,,20:08,,,,,,,,,,,,,,,,,,,,,,,20:41,,,,,,20:12,,20:52,,,,,,,,,20:01,,,
CR_Down_95623,,,,21:01,,,,,,,,,,,,19:53,,19:46,,,,,,,,19:59,,,,,,20:44,,,20:11,,,,,,,,20:53,,,,,,,,,,,,,,20:07,,,,,,,,,,,,,,,,,,,,,,,,,,,,,,,,,,,,,20:58,,,,,,20:27,,21:08,,,,,,,,,,,,
CR_Down_95701,,,,,,,,,,,,,,,,05:27,,05:20,,,,,,,,05:33,,,,,,06:17,,,05:44,,,,,,,,06:24,,,,,,,,,,,,,,05:40,,,,,,,,,,,,,,,,,,,,,,,,,,,,,,,,,,,,,,,,,,,06:01,,,,,,,,,,,,,,
CR_Down_95703,,,,,,,,,,,,,,,,06:14,,06:06,,,,,,,,06:21,,,,,,07:02,,,06:32,,,,,,,,07:10,,,,,,,,,,,,,,06:28,,,,,,,,,,,,,,,,,,,,,,,,,,,,,,,,,,,,,,,,,,,06:46,,,,,,,,,,,,,,
CR_Down_95705,,,,,,,,,,,,,07:54,,,07:29,,07:22,,,,,,,,07:35,,,,,,08:17,,,07:46,,,,,,,,08:25,,,,,,,,,,,,,,07:42,,,,,,,,,,,,,,,,,,,,,,,,,,,,,,,,,,,,,,,,,,,08:02,,,,,,,,,,,,,,
CR_Down_95707,,,,,,,,,,,,,,,,07:50,,07:43,,,,,,,,07:56,,,,,,08:39,,,08:07,,,,,,,,08:46,,,,,,,,,,,,,,08:03,,,,,,,,,,,,,,,,,,,,,,,,,,,,,,,,,,,,,,,,,,,08:23,,,,,,,,,,,,,,
CR_Down_95709,,,,,,,,,,,,,,,,08:45,,08:36,,,,,,,,08:51,,,,,,09:33,,,09:02,,,,,,,,09:40,,,,,,,,,,,,,,08:58,,,,,,,,,,,,,,09:14,,,,,,,,,,,,,,,,,,,,,,,,,,,,,09:18,,,,,,,,,,,,,,
CR_Down_95711,,,,,,,,,,,,,09:29,,,09:03,,08:56,,,,,,,,09:10,,,,,,09:52,,,09:21,,,,,,,,09:58,,,,,,,,,,,,,,09:17,,,,,,,,,,,,,,,,,,,,,,,,,,,,,,,,,,,,,,,,,,,09:37,,,,,,,,,,,,,,
CR_Down_95713,,,,,,,,,,,,,,,,10:11,,10:04,,,,,,,,10:17,,,,,,11:00,,,10:28,,,,,,,,11:07,,,,,,,,,,,,,,10:24,,,,,,,,,,,,,,,,,,,,,,,,,,,,,,,,,,,,,,,,,,,10:44,,,,,,,,,,,,,,
CR_Down_95715,,,,,,,,,,,,,,,,,,,,,,,,,,10:45,,,,,,11:29,,,10:57,,,,,,,,11:36,,,,,,,,,,,,,,10:53,,,,,,,,,,,,,,,,,,,,,,,,,,,,,,,,,,,,,,,,,,,11:14,,,,,,,,,,,,,,
CR_Down_95717,,,,,,,,,,,,,,,,12:32,,12:25,,,,,,,,12:38,,,,,,13:22,,,12:50,,,,,,,,13:29,,,,,,,,,,,,,,12:46,,,,,,,,,,,,,,,,,,,,,,,,,,,,,,,,,,,,,,,,,,,13:06,,,,,,,,,,,,,,
CR_Down_95719,,,,,,,,,,,,,,,,13:01,,12:53,,,,,,,,13:07,,,,,,13:49,,,13:18,,,,,,,,13:57,,,,,,,,,,,,,,13:14,,,,,,,,,,,,,,,,,,,,,,,,,,,,,,,,,,,,,,,,,,,13:34,,,,,,,,,,,,,,
CR_Down_95721,,,,,,,,,,,,,,,,15:22,,15:14,,,,,,,,15:28,,,,,,16:12,,,15:39,,,,,,,,16:20,,,,,,,,,,,,,,15:35,,,,,,,,,,,,,,,,,,,,,,,,,,,,,,,,,,,,,,,,,,,15:55,,,,,,,,,,,,,,
CR_Down_95723,,,,,,,,,,,,,,,,16:20,,16:11,,,,,,,,16:29,,,,,,17:10,,,16:40,,,,,,,,17:19,,,,,,,,,,,,,,16:36,,,,,,,,,,,,,,,,,,,,,,,,,,,,,,,,,,,,,,,,,,,16:54,,,,,,,,,,,,,,
CR_Down_95725,,,,,,,,,,,,,,,,,,,,,,,,,,17:30,,,,,,18:12,,,17:41,,,,,,,,18:18,,,,,,,,,,,,,,17:37,,,,,,,,,,,,,,,,,,,,,,,,,,,,,,,,,,,,,,,,,,,17:57,,,,,,,,,,,,,,
CR_Down_95727,,,,,,,,,,,,,,,,17:33,,17:25,,,,,,,,17:40,,,18:23,,,18:32,,,17:51,,,,,,,18:13,18:42,,,,,,,,,,,,,18:28,17:47,,,,,,,,,,,,,,18:03,,,18:19,,,,,,,,,,,,,,,,,,,,,,,,,18:35,18:07,,,,,,,,,,,,,,
CR_Down_95729,,,,,,,,,,,,,,,,,,,,,,,,,,18:01,,,18:43,,,18:51,,,18:12,,,,,,,,19:01,,,,,,,,,,,,,,18:08,,,,,,,,,,,,,,,,,,,,,,,,,,,,,,,,,,,,,,,,,,,18:28,,,,,,,,,,,,,,
CR_Down_95731,,,,,,,,,,,,,,,,,,18:03,,,,,,,,18:16,,,18:59,,,19:08,,,,,,,,,,18:49,19:18,,,,,,,,,,,,,19:04,18:24,,,,,,,,,,,,,,18:40,,,18:55,,,,,,,,,,,,,,,,,,,,,,,,,19:12,18:44,,,,,,,,,,,18:32,,,
CR_Down_95733,,,,,,,,,,,,,19:07,,,18:43,,18:36,,,,,,,,18:49,,,,,,19:34,,,19:00,,,,,,,,19:41,,,,,,,,,,,,,,18:56,,,,,,,,,,,,,,,,,,,,,,,,,,,,,,,,,,,,,,,,,,,19:18,,,,,,,,,,,,,,
CR_Down_95735,,,,,,,,,,,,,19:23,,,18:58,,18:50,,,,,,,,19:04,,,19:49,,,19:58,,,19:15,,,,,,,19:39,20:08,,,,,,,,,,,,,19:54,19:11,,,,,,,,,,,,,,,,,19:45,,,,,,,,,,,,,,,,,,,,,,,,,20:02,19:33,,,,,,,,,,,,,,
CR_Down_95737,,,,,,,,,,,,,,,,,,,,,,,,,,19:13,,,19:57,,,20:06,,,19:24,,,,,,,,20:16,,,,,,,,,,,,,,19:20,,,,,,,,,,,,,,,,,,,,,,,,,,,,,,,,,,,,,,,,,,,19:42,,,,,,,,,,,,,,
CR_Down_95739,,,,,,,,,,,,,,,,19:38,,19:29,,,,,,,,19:44,,,,,,20:24,,,19:55,,,,,,,,20:32,,,,,,,,,,,,,,19:51,,,,,,,,,,,,,,20:05,,,,,,,,,,,,,,,,,,,,,,,,,,,,,20:09,,,,,,,,,,,,,,
CR_Down_95741,,,,,,,,,,,,,22:20,,,21:49,,21:42,,,,,,,,21:55,,,22:46,,,22:55,,,22:10,,,,,,,22:36,23:05,,22:17,,,,,,,,,,,22:51,22:03,,,,,,,,,,,,,,22:26,,,22:42,22:23,,,,,,,,,,,,,,,,,,,,,,,,22:59,22:31,,,,,,,,,,,22:14,,,
CR_Down_95743,,,,,,,,,,,,,,,,,,,,,,,,,,22:18,,,,,,23:01,,,22:30,,,,,,,,23:10,,,,,,,,,,,,,,22:26,,,,,,,,,,,,,,,,,,,,,,,,,,,,,,,,,,,,,,,,,,,22:46,,,,,,,,,,,,,,
CR_Down_95801,,,,,,,,,,,,,12:10,,,11:44,,11:37,,,,,,,,11:51,,,,,,12:32,,,12:02,,,,,,,,,,,,,,,,,,,,,,11:58,,,,,,,,,,,,,,,,,,,,,,,,,,,,,,,,,,,,,,,,,,,12:17,,,,,,,,,,,,,,
CR_Down_95803,,,,,,,,,,,,,18:10,,,17:44,,17:37,,,,,,,,17:51,,,18:34,,,18:43,,,18:02,,,,,,,18:24,,,,,,,,,,,,,,18:39,17:58,,,,,,,,,,,,,,,,,18:30,,,,,,,,,,,,,,,,,,,,,,,,,,18:19,,,,,,,,,,,,,,
CR_Down_95901,,,,,,,,,,,,,,,,08:11,,08:04,,,,,,,,08:17,,,,,,,,,08:28,,,,,,,,,,,,,,,,,,,,,,08:24,,,,,,,,,,,,,,,,,,,,,,,,,,,,,,,,,,,,,,,,,,,08:46,,,,,,,,,,,,,,
CR_Down_95903,,,,,,,,,,,,,,,,08:56,,08:48,,,,,,,,09:03,,,,,,,,,,,,,,,,,,,,,,,,,,,,,,,09:10,,,,,,,,,,,,,,09:27,,,,,,,,,,,,,,,,,,,,,,,,,,,,,09:33,,,,,,,,,,,09:18,,,
CR_Down_95905,,,,,,,,,,,,,,,,,,09:05,,,,,,,,09:17,,,,,,,,,,,,,,,,,,,,,,,,,,,,,,,09:24,,,,,,,,,,,,,,09:40,,,,,,,,,,,,,,,,,,,,,,,,,,,,,09:46,,,,,,,,,,,,,,
CR_Down_95907,,,,,,,,,,,,,,,,,,09:42,,,,,,,,09:55,,,,,,,,,10:06,,,,,,,,,,,,,,,,,,,,,,10:02,,,,,,,,,,,,,,10:18,,,,,,,,,,,,,,,,,,,,,,,,,,,,,10:24,,,,,,,,,,,,,,
CR_Down_95909,,,,,,,,,,,,,,,,,,,,,,,,,,14:21,,,,,,,,,14:33,,,,,,,,,,,,,,,,,,,,,,14:29,,,,,,,,,,,,,,,,,,,,,,,,,,,,,,,,,,,,,,,,,,,14:47,,,,,,,,,,,,,,
CR_Down_95911,,,,,,,,,,,,,18:40,,,,,18:10,,,,,,,,18:23,,,,,,,,,,,,,,,,,,,,,,,,,,,,,,,18:30,,,,,,,,,,,,,,18:45,,,,,,,,,,,,,,,,,,,,,,,,,,,,,18:52,,,,,,,,,,,,,,
CR_Down_95913,,,,,,,,,,,,,19:35,,,,,19:00,,,,,,,,19:16,,,,,,,,,,,,,,,,,,,,,,,,,,,,,,,,,,,,,,,,,,,,,19:40,,,,,,,,,,,,,,,,,,,,,,,,,,,,,19:44,,,,,,,,,,,19:30,,,
CR_Down_95915,,,,,,,,,,,,,,,,,,,,,,,,,,20:45,,,,,,,,,20:57,,,,,,,,,,,,,,,,,,,,,,20:53,,,,,,,,,,,,,,,,,,,,,,,,,,,,,,,,,,,,,,,,,,,21:16,,,,,,,,,,,,,,
CR_Down_96001,,,,,,,,,,,,,,,,,,,,,,,,,,,,,,,,,,,,,,,,,,,,,,05:43,,,,,,,,06:08,,,,,,,,,,,,,,,,,,,,,,,,,,,,,,,,,,,,,,,,,,,,,,,,,,,,,,,,,,,,
CR_Down_96003,,,,,,,,,,,,,,,,,,,,,,,,,,,,,,,,,,,,,,,,,,,,,,08:00,,,,,,,,08:25,,,,,,,,,,,,,,,,,,,,,,,,,,,,,,,,,,,,,,,,,,,,,,,,,,,,,,,,,,,,
CR_Down_96005,,,,,,,,,,,,,,,,,,,,,,,,,,,,,,,,,,,,,,,,,,,,,,10:40,,,,,,,,11:05,,,,,,,,,,,,,,,,,,,,,,,,,,,,,,,,,,,,,,,,,,,,,,,,,,,,,,,,,,,,
CR_Down_96007,,,,,,,,,,,,,,,,,,,,,,,,,,,,,,,,,,,,,,,,,,,,,,12:00,,,,,,,,12:25,,,,,,,,,,,,,,,,,,,,,,,,,,,,,,,,,,,,,,,,,,,,,,,,,,,,,,,,,,,,
CR_Down_96009,,,,,,,,,,,,,,,,,,,,,,,,,,,,,,,,,,,,,,,,,,,,,,13:15,,,,,,,,13:40,,,,,,,,,,,,,,,,,,,,,,,,,,,,,,,,,,,,,,,,,,,,,,,,,,,,,,,,,,,,
CR_Down_96011,,,,,,,,,,,,,,,,,,,,,,,,,,,,,,,,,,,,,,,,,,,,,,15:39,,,,,,,,16:04,,,,,,,,,,,,,,,,,,,,,,,,,,,,,,,,,,,,,,,,,,,,,,,,,,,,,,,,,,,,
CR_Down_96013,,,,,,,,,,,,,,,,,,,,,,,,,,,,,,,,,,,,,,,,,,,,,,20:36,,,,,,,,21:01,,,,,,,,,,,,,,,,,,,,,,,,,,,,,,,,,,,,,,,,,,,,,,,,,,,,,,,,,,,,
CR_Down_96015,,,,,,,,,,,,,,,,,,,,,,,,,,,,,,,,,,,,,,,,,,,,,,21:42,,,,,,,,22:07,,,,,,,,,,,,,,,,,,,,,,,,,,,,,,,,,,,,,,,,,,,,,,,,,,,,,,,,,,,,
CR_Down_96019,,,00:09,,,,,,,00:16,,,23:13,,,22:36,,22:28,,,22:38,,,22:40,,22:46,,,23:38,,,23:47,,,23:03,,,,,,,23:28,23:58,,23:10,00:50,,,,,,,,01:15,,23:43,22:57,,,,,,,,,,22:31,22:50,,,23:19,,,23:34,23:16,,,,,,,22:43,,,,,,22:33,,,,,,,,22:53,,,23:51,23:23,,,,,,,,,,23:00,23:07,,,
CR_Down_96101,,,01:51,,,,,,,01:58,,,00:56,,02:21,00:20,,00:12,,,00:22,,,00:24,,00:30,,,01:21,,,01:30,,,00:46,,,,,,,01:11,01:40,,00:53,02:33,,,,,,,,,,01:26,00:40,,,,,,,,,,00:15,00:33,,,01:02,,,01:17,00:59,,,02:14,,,,00:27,,,,,,00:17,,,,,,,02:10,00:36,,,01:34,01:06,,,01:47,,,02:06,,,,00:43,00:50,,,01:44
CR_Down_96103,,,05:45,,,,,,,05:52,,,,,,,,,,,,,,,,,,,05:15,,,05:23,,,,,,,,,,,05:34,,,06:25,,,,,,,,,,,,,,,,,,,,,,,,,,,,,,,,,,,,,,,,,,,,,,,,,,,,,,05:00,,,,,,,,,,,,,,
CR_Down_96105,,,06:12,,,,,,,06:19,,,,,,,,,,,,,,,,,,,05:42,,,05:50,,,,,,,,,,,06:01,,,06:52,,,,,,,,,,,,,,,,,,,,,,,,,,,,,,,,,,,,,,,,,,,,,,,,,,,,,,05:27,,,,,,,,,,,,,,
CR_Down_96107,,,06:27,,,,,,,06:34,,,05:31,,06:58,04:55,,04:47,,,04:57,,,04:59,,05:05,,,05:57,,,06:05,,,05:21,,,,,,,05:47,06:16,,05:28,07:08,,,,,,,,,,06:02,05:15,,,,,,,,,,04:50,05:08,,,05:37,,,05:53,05:34,,,06:51,,,,05:02,,,,,,04:52,,,,,,,06:47,05:11,,,06:09,05:42,,,06:23,,,06:43,,,,05:18,05:25,,,06:20
CR_Down_96109,,,12:51,,,,,,,12:58,,,,,,,,,,,,,,,,,,,12:20,,,12:28,,,,,,,,,,,12:39,,,13:31,,,,,,,,,,,,,,,,,,,,,,,,,,,,,,,,,,,,,,,,,,,,,,,,,,,,,,12:05,,,,,,,,,,,,,,
CR_Down_96111,,,18:34,,,,,,,18:41,,,,,,,,,,,,,,,,,,,18:03,,,18:12,,,,,,,,,,,18:23,,,19:14,,,,,,,,,,,,,,,,,,,,,,,,,,,,,,,,,,,,,,,,,,,,,,,,,,,,,,17:48,,,,,,,,,,,,,,
CR_Down_96113,,,20:52,,,,,,,20:59,,,,,,,,,,,,,,,,,,,20:21,,,20:30,,,,,,,,,,,20:41,,,21:32,,,,,,,,,,,,,,,,,,,,,,,,,,,,,,,,,,,,,,,,,,,,,,,,,,,,,,20:05,,,,,,,,,,,,,,
CR_Down_96115,,,01:10,,,,,,,01:17,,,,,,23:38,,23:30,,,23:40,,,23:42,,23:48,,,00:40,,,00:48,,,00:04,,,,,,,,00:58,,,01:49,,,,,,,,,,,23:58,,,,,,,,,,23:33,23:51,,,,,,,,,,,,,,23:45,,,,,,23:35,,,,,,,,23:54,,,,00:25,,,,,,,,,,,,,,
CR_Down_96201,,,06:34,,,,,,,06:43,,,,,,,,,,,,,,,,,,,06:05,,,06:13,,,05:29,,,,,,,,06:23,,,,,,,,,,,,,,,,,,,,,,,,,,,,,,,,,,,,,,,,,,,,,,,,,,,,,,,,,05:50,,,,,,,,,,,,,,
CR_Down_96203,,,13:52,,,,,,,13:59,,,,,,,,,,,,,,,,,,,13:21,,,13:29,,,,,,,,,,,13:40,,,,,,,,,,,,,,,,,,,,,,,,,,,,,,,,,,,,,,,,,,,,,,,,,,,,,,,,,13:06,,,,,,,,,,,,,,
CR_Down_96205,,,15:30,,,,,,,15:39,,,14:34,,,13:58,,13:50,,,14:00,,,14:02,,14:08,,,15:00,,,15:08,,,14:24,,,,,,,14:50,15:18,,14:31,,,,,,,,,,,15:05,14:18,,,,,,,,,,13:53,14:11,,,14:40,,,14:56,14:37,,,,,,,14:05,,,,,,13:55,,,,,,,,14:14,,,15:12,14:45,,,15:26,,,,,,,14:21,14:28,,,15:23
CR_Down_96207,,,15:54,,,,,,,16:02,,,14:59,,,14:23,,14:15,,,14:25,,,14:27,,14:33,,,15:24,,,15:32,,,14:49,,,,,,,15:14,15:42,,14:56,,,,,,,,,,,15:29,14:43,,,,,,,,,,14:18,14:36,,,15:05,,,15:20,15:02,,,,,,,14:30,,,,,,14:20,,,,,,,,14:39,,,15:36,15:09,,,15:50,,,,,,,14:46,14:53,,,15:47
CR_Down_96209,,,16:42,,,,,,,16:52,,,,,,,,,,,,,,,,,,,16:13,,,16:21,,,,,,,,,,,16:31,,,,,,,,,,,,,,,,,,,,,,,,,,,,,,,,,,,,,,,,,,,,,,,,,,,,,,,,,15:58,,,,,,,,,,,,,,
CR_Down_96211,,,19:38,,,,,,,19:47,,,,,,,,,,,,,,,,,,,19:05,,,19:14,,,,,,,,,,,19:26,,,,,,,,,,,,,,,,,,,,,,,,,,,,,,,,,,,,,,,,,,,,,,,,,,,,,,,,,18:50,,,,,,,,,,,,,,
CR_Down_96213,,,20:32,,,,,,,20:41,,,,,,,,,,,,,,,,,,,20:01,,,20:10,,,,,,,,,,,20:20,,,,,,,,,,,,,,,,,,,,,,,,,,,,,,,,,,,,,,,,,,,,,,,,,,,,,,,,,19:45,,,,,,,,,,,,,,
CR_Down_96215,,,21:21,,,,,,,21:29,,,20:19,,,19:43,,19:34,,,19:45,,,19:47,,19:53,,,20:47,,,20:55,,,20:09,,,,,,,20:37,21:07,,20:16,,,,,,,,,,,20:52,20:03,,,,,,,,,,19:37,19:56,,,20:25,,,20:43,20:22,,,,,,,19:50,,,,,,19:39,,,,,,,,19:59,,,20:59,20:31,,,21:14,,,,,,,20:06,20:13,,,21:11
CR_Down_96217,,,21:33,,,,,,,21:41,,,20:34,,,19:58,,19:50,,,20:00,,,20:02,,20:08,,,21:02,,,21:11,,,20:24,,,,,,,20:52,21:22,,20:31,,,,,,,,,,,21:07,20:18,,,,,,,,,,19:53,20:11,,,20:40,,,20:58,20:37,,,,,,,20:05,,,,,,19:55,,,,,,,,20:14,,,21:15,20:46,,,21:29,,,,,,,20:21,20:28,,,21:26
CR_Down_96219,,,22:18,,,,,,,22:26,,,,,,,,,,,,,,,,,,,21:47,,,21:56,,,,,,,,,,,22:06,,,,,,,,,,,,,,,,,,,,,,,,,,,,,,,,,,,,,,,,,,,,,,,,,,,,,,,,,21:32,,,,,,,,,,,,,,
CR_Down_96221,,,22:48,,,,,,,22:56,,,21:52,,,21:16,,21:08,,,21:18,,,21:20,,21:26,,,22:18,,,22:26,,,21:42,,,,,,,22:08,22:36,,21:49,,,,,,,,,,,22:23,21:36,,,,,,,,,,21:11,21:29,,,21:58,,,22:14,21:55,,,,,,,21:23,,,,,,21:13,,,,,,,,21:32,,,22:30,22:03,,,22:44,,,,,,,21:39,21:46,,,22:41
CR_Down_96223,,,23:09,,,,,,,23:17,,,22:12,,,21:36,,21:28,,,21:38,,,21:40,,21:46,,,22:38,,,22:47,,,22:02,,,,,,,22:28,22:58,,22:09,,,,,,,,,,,22:43,21:56,,,,,,,,,,21:31,21:49,,,22:18,,,22:34,22:15,,,,,,,21:43,,,,,,21:33,,,,,,,,21:52,,,22:51,22:23,,,23:05,,,,,,,21:59,22:06,,,23:02
CR_Down_96225,,,23:25,,,,,,,23:33,,,22:28,,,21:52,,21:44,,,21:54,,,21:56,,22:02,,,22:54,,,23:03,,,22:18,,,,,,,22:44,23:13,,22:25,,,,,,,,,,,22:59,22:12,,,,,,,,,,21:47,22:05,,,22:34,,,22:50,22:31,,,,,,,21:59,,,,,,21:49,,,,,,,,22:08,,,23:07,22:39,,,23:21,,,,,,,22:15,22:22,,,23:18
CR_Down_96227,,,00:23,,,,,,,00:32,,,23:26,,,22:50,,22:42,,,22:52,,,22:54,,23:00,,,23:53,,,00:01,,,23:16,,,,,,,23:43,00:12,,23:23,,,,,,,,,,,23:58,23:10,,,,,,,,,,22:45,23:03,,,23:32,,,23:49,23:29,,,,,,,22:57,,,,,,22:47,,,,,,,,23:06,,,,23:37,,,,,,,,,,23:13,23:20,,,
CR_Down_96229,,,01:30,,,,,,,01:39,,,,,,23:59,,23:51,,,,,,,,00:09,,,01:02,,,01:10,,,00:26,,,,,,,,01:19,,,,,,,,,,,,,,00:20,,,,,,,,,,23:54,,,,,,,,,,,,,,,,,,,,,23:56,,,,,,,,,,,,00:47,,,,,,,,,,,,,,
CR_Down_96301,,,01:46,,,,,,,,,,00:46,,,00:10,,00:02,,,00:12,,,00:14,,00:20,,,01:11,,,01:20,,,00:36,,,,,,,01:01,01:30,,00:43,,,,,,,,,,,01:16,00:30,,,,,,,,,,00:05,00:23,,,00:52,,,01:07,00:49,,,,,,,00:17,,,,,,00:07,,,,,,,,00:26,,,01:24,00:56,,,01:38,,,,,,,00:33,00:40,,,01:35
CR_Down_96303,,,06:58,,,,,,,,,,06:00,,,05:24,,05:16,,,05:26,,,05:28,,05:34,,,06:26,,,06:34,,,05:50,,,,,,,06:16,06:45,,05:57,,,,,,,,,,,06:31,05:44,,,,,,,,,,05:19,05:37,,,06:06,,,06:22,06:03,,,,,,,05:31,,,,,,05:21,,,,,,,,05:40,,,06:38,06:11,,,06:52,,,,,,,05:47,05:54,,,06:49
CR_Down_96305,,,07:23,,,,,,,,,,06:24,,,05:48,,05:40,,,05:50,,,05:52,,05:58,,,06:50,,,06:59,,,06:14,,,,,,,06:40,07:09,,06:21,,,,,,,,,,,06:55,06:08,,,,,,,,,,05:43,06:01,,,06:30,,,06:46,06:27,,,,,,,05:55,,,,,,05:45,,,,,,,,06:04,,,07:03,06:35,,,07:16,,,,,,,06:11,06:18,,,07:13
CR_Down_96307,,,08:00,,,,,,,,,,,,,,,,,,,,,,,,,,07:27,,,07:35,,,06:52,,,,,,,,07:47,,,,,,,,,,,,,,,,,,,,,,,,,,,,,,,,,,,,,,,,,,,,,,,,,,,,,,,,,07:12,,,,,,,,,,,,,,
CR_Down_96309,,,08:30,,,,,,,,,,07:32,,,06:56,,06:48,,,06:58,,,07:00,,07:06,,,07:58,,,08:07,,,07:22,,,,,,,07:48,08:17,,07:29,,,,,,,,,,,08:03,07:16,,,,,,,,,,06:51,07:09,,,07:38,,,07:54,07:35,,,,,,,07:03,,,,,,06:53,,,,,,,,07:12,,,08:11,07:43,,,08:24,,,,,,,07:19,07:26,,,08:21
CR_Down_96311,,,13:24,,,,,,,,,,12:25,,,11:48,,11:40,,,11:50,,,11:52,,11:58,,,12:52,,,13:00,,,12:15,,,,,,,12:42,13:12,,12:22,,,,,,,,,,,12:57,12:08,,,,,,,,,,11:43,12:01,,,12:31,,,12:48,12:28,,,,,,,11:55,,,,,,11:45,,,,,,,,12:04,,,13:04,12:37,,,13:19,,,,,,,12:12,12:19,,,13:16
CR_Down_96313,,,13:44,,,,,,,,,,12:42,,,12:06,,11:58,,,12:08,,,12:10,,12:16,,,13:08,,,13:16,,,12:32,,,,,,,12:58,13:28,,12:39,,,,,,,,,,,13:13,12:26,,,,,,,,,,12:01,12:19,,,12:48,,,13:04,12:45,,,,,,,12:13,,,,,,12:03,,,,,,,,12:22,,,13:20,12:53,,,13:37,,,,,,,12:29,12:36,,,13:34
CR_Down_96315,,,14:28,,,,,,,,,,13:32,,,12:56,,12:48,,,12:58,,,13:00,,13:06,,,13:57,,,14:05,,,13:22,,,,,,,13:47,14:15,,13:29,,,,,,,,,,,14:02,13:16,,,,,,,,,,12:51,13:09,,,13:38,,,13:53,13:35,,,,,,,13:03,,,,,,12:53,,,,,,,,13:12,,,14:09,13:42,,,14:22,,,,,,,13:19,13:26,,,14:19
CR_Down_96317,,,15:02,,,,,,,,,,14:00,,,13:23,,13:15,,,13:25,,,13:27,,13:34,,,14:28,,,14:36,,,13:50,,,,,,,14:18,14:49,,13:57,,,,,,,,,,,14:33,13:44,,,,,,,,,,13:18,13:37,,,14:07,,,14:24,14:03,,,,,,,13:30,,,,,,13:20,,,,,,,,13:40,,,14:41,14:12,,,14:56,,,,,,,13:47,13:54,,,14:53
CR_Down_96319,,,16:15,,,,,,,,,,15:18,,,14:42,,14:34,,,14:44,,,14:46,,14:52,,,15:44,,,15:52,,,15:08,,,,,,,15:34,16:02,,15:15,,,,,,,,,,,15:49,15:02,,,,,,,,,,14:37,14:55,,,15:24,,,15:40,15:21,,,,,,,14:49,,,,,,14:39,,,,,,,,14:58,,,15:56,15:29,,,16:10,,,,,,,15:05,15:12,,,16:07
CR_Down_96321,,,16:36,,,,,,,,,,15:38,,,15:02,,14:54,,,15:04,,,15:06,,15:12,,,16:04,,,16:12,,,15:28,,,,,,,15:54,16:23,,15:35,,,,,,,,,,,16:09,15:22,,,,,,,,,,14:57,15:15,,,15:44,,,16:00,15:41,,,,,,,15:09,,,,,,14:59,,,,,,,,15:18,,,16:16,15:49,,,16:30,,,,,,,15:25,15:32,,,16:27
CR_Down_96323,,,17:37,,,,,,,,,,,,,,,,,,,,,,,,,,17:05,,,17:13,,,,,,,,,,,17:24,,,,,,,,,,,,,,,,,,,,,,,,,,,,,,,,,,,,,,,,,,,,,,,,,,,,,,,,,16:50,,,,,,,,,,,,,,
CR_Down_96325,,,17:54,,,,,,,,,,16:57,,,16:21,,16:13,,,16:23,,,16:25,,16:31,,,17:23,,,17:31,,,16:47,,,,,,,17:13,17:41,,16:54,,,,,,,,,,,17:28,16:41,,,,,,,,,,16:16,16:34,,,17:03,,,17:19,17:00,,,,,,,16:28,,,,,,16:18,,,,,,,,16:37,,,17:35,17:08,,,17:48,,,,,,,16:44,16:51,,,17:45
CR_Down_96327,,,20:18,,,,,,,,,,19:17,,,18:41,,18:33,,,18:43,,,18:45,,18:51,,,19:44,,,19:52,,,19:07,,,,,,,19:34,20:03,,19:14,,,,,,,,,,,19:49,19:01,,,,,,,,,,18:36,18:54,,,19:24,,,19:40,19:20,,,,,,,18:48,,,,,,18:38,,,,,,,,18:57,,,19:56,19:29,,,20:11,,,,,,,19:04,19:11,,,20:08
CR_Down_96329,,,21:16,,,,,,,,,,,,,,,,,,,,,,,,,,20:44,,,20:52,,,,,,,,,,,21:03,,,,,,,,,,,,,,,,,,,,,,,,,,,,,,,,,,,,,,,,,,,,,,,,,,,,,,,,,20:28,,,,,,,,,,,,,,
CR_Down_96331,,,21:55,,,,,,,,,,20:57,,,20:21,,20:13,,,20:23,,,20:25,,20:31,,,21:23,,,21:32,,,20:47,,,,,,,21:13,21:42,,20:54,,,,,,,,,,,21:28,20:41,,,,,,,,,,20:16,20:34,,,21:03,,,21:19,21:00,,,,,,,20:28,,,,,,20:18,,,,,,,,20:37,,,21:36,21:08,,,21:49,,,,,,,20:44,20:51,,,21:46
CR_Down_96333,,,22:23,,,,,,,,,,21:22,,,20:46,,20:38,,,20:48,,,20:50,,20:56,,,21:51,,,22:00,,,21:12,,,,,,,21:41,22:10,,21:19,,,,,,,,,,,21:56,21:06,,,,,,,,,,20:41,20:59,,,21:28,,,21:47,21:25,,,,,,,20:53,,,,,,20:43,,,,,,,,21:02,,,22:04,21:35,,,22:16,,,,,,,21:09,21:16,,,22:14
CR_Down_96335,,,23:21,,,,,,,,,,22:24,,,21:48,,21:40,,,21:50,,,21:52,,21:58,,,22:50,,,22:59,,,22:14,,,,,,,22:40,23:09,,22:21,,,,,,,,,,,22:55,22:08,,,,,,,,,,21:43,22:01,,,22:30,,,22:46,22:27,,,,,,,21:55,,,,,,21:45,,,,,,,,22:04,,,23:03,22:35,,,23:17,,,,,,,22:11,22:18,,,23:14
CR_Down_96337,,,00:16,,,,,,,,,,,,,,,,,,,,,,,22:52,,,23:44,,,23:53,,,23:09,,,,,,,,00:02,,,,,,,,,,,,,,23:03,,,,,,,,,,,,,,,,,,,,,,,,,,,,,,,,,,,,,,,,,,,23:29,,,,,,,,,,,,,,
CR_Down_96339,,,00:41,,,,,,,,,,,,,,,,,,,,,,,23:16,,,00:08,,,00:17,,,23:32,,,,,,,,00:27,,,,,,,,,,,,,,23:26,,,,,,,,,,,,,,,,,,,,,,,,,,,,,,,,,,,,,,,,,,,23:53,,,,,,,,,,,,,,
CR_Down_96341,,,00:50,,,,,,,,,,23:52,,,23:16,,23:08,,,23:18,,,23:20,,23:26,,,00:18,,,00:26,,,23:42,,,,,,,,00:36,,23:49,,,,,,,,,,,,23:36,,,,,,,,,,23:11,23:29,,,23:58,,,,23:55,,,,,,,23:23,,,,,,23:13,,,,,,,,23:32,,,,00:03,,,,,,,,,,23:39,23:46,,,
CR_Down_96401,,,,01:44,,02:10,02:19,,,,,,00:52,,,00:16,,00:08,,,00:18,,,00:20,,00:26,,,01:17,,,01:26,,,00:42,,,,,,,01:07,01:37,,00:49,,02:54,,01:57,,,02:29,,,,01:22,00:36,,,,,,,,,,00:11,00:29,,,00:58,,,01:13,00:55,,,,,,,00:23,,,,,,00:13,,,,,,01:41,,00:32,,,01:30,01:02,,01:50,,,,,,,02:04,00:39,00:46,,,
CR_Down_96403,,,,05:55,,06:25,06:34,,,,,,05:03,,,04:27,,04:19,,,04:29,,,04:31,,04:37,,,05:29,,,05:37,,,04:53,,,,,,,05:19,05:48,,05:00,,07:03,,06:08,,,06:44,,,,05:34,04:47,,,,,,,,,,04:22,04:40,,,05:09,,,05:25,05:06,,,,,,,04:34,,,,,,04:24,,,,,,05:52,,04:43,,,05:41,05:14,,06:01,,,,,,,06:15,04:50,04:57,,,
CR_Down_96405,,,,06:43,,07:09,07:18,,,,,,05:51,,,05:15,,05:07,,,05:17,,,05:19,,05:25,,,06:17,,,06:25,,,05:41,,,,,,,06:07,06:36,,05:48,,07:46,,06:56,,,07:28,,,,06:22,05:35,,,,,,,,,,05:10,05:28,,,05:57,,,06:13,05:54,,,,,,,05:22,,,,,,05:12,,,,,,06:40,,05:31,,,06:29,06:02,,06:49,,,,,,,07:03,05:38,05:45,,,
CR_Down_96407,,,,14:56,,15:22,15:31,,,,,,13:57,,,13:18,,13:10,,,13:20,,,13:22,,13:29,,,14:25,,,14:33,,,13:46,,,,,,,14:15,14:47,,13:54,,15:59,,15:09,,,15:42,,,,14:30,13:40,,,,,,,,,,13:13,13:33,,,14:04,,,14:21,14:00,,,,,,,13:25,,,,,,13:15,,,,,,14:53,,13:36,,,14:38,14:09,,15:02,,,,,,,15:16,13:43,13:50,,,
CR_Down_96409,,,,16:21,,16:49,16:58,,,,,,15:30,,,14:54,,14:46,,,14:56,,,14:58,,15:04,,,15:56,,,16:04,,,15:20,,,,,,,15:46,16:14,,15:27,,17:26,,16:35,,,17:08,,,,16:01,15:14,,,,,,,,,,14:49,15:07,,,15:36,,,15:52,15:33,,,,,,,15:01,,,,,,14:51,,,,,,16:18,,15:10,,,16:08,15:41,,16:27,,,,,,,16:43,15:17,15:24,,,
CR_Down_96411,,,,23:11,,23:37,23:46,,,,,,22:16,,,21:40,,21:32,,,21:42,,,21:44,,21:50,,,22:42,,,22:51,,,22:06,,,,,,,22:32,23:03,,22:13,,,,23:24,,,23:56,,,,22:47,22:00,,,,,,,,,,21:35,21:53,,,22:22,,,22:38,22:19,,,,,,,21:47,,,,,,21:37,,,,,,23:08,,21:56,,,22:55,22:27,,23:17,,,,,,,23:31,22:03,22:10,,,
CR_Down_96501,,,,,,06:03,,,,,,,,,,,,,,,,,,,,,,,,,,,,,,,,,,,,,05:28,,,,,,,,,,,,,,,,,,,,,,,,,,,,,,,,,,,,,,,,,,,,,,,,,,,,,,,,,,,05:41,,,,,,,,,,,,
CR_Down_96503,,,,,,06:58,,,,,,,,,,,,,,,,,,,,,,,06:01,,,06:09,,,,,,,,,,,06:20,,,,,,,,,,,,,,,,,,,,,,,,,,,,,,,,,,,,,,,,,,,,,,,,,,,,,,,,,05:46,,06:34,,,,,,,,,,,,
CR_Down_96505,,,,06:48,,07:18,,,,,,,05:56,,,05:20,,05:12,,,05:22,,,05:24,,05:30,,,06:22,,,06:30,,,05:46,,,,,,,06:12,06:41,,05:53,,,,07:01,,,,,,,06:27,05:40,,,,,,,,,,05:15,05:33,,,06:02,,,06:18,05:59,,,,,,,05:27,,,,,,05:17,,,,,,06:45,,05:36,,,06:34,06:07,,06:54,,,,,,,07:08,05:43,05:50,,,
CR_Down_96507,,,,07:39,,08:07,,,,,,,06:45,,,06:09,,06:01,,,06:11,,,06:13,,06:19,,,07:11,,,07:20,,,06:35,,,,,,,07:01,07:32,,06:42,,,,07:52,,,,,,,07:16,06:29,,,,,,,,,,06:04,06:22,,,06:51,,,07:07,06:48,,,,,,,06:16,,,,,,06:06,,,,,,07:36,,06:25,,,07:24,06:56,,07:45,,,,,,,07:59,06:32,06:39,,,
CR_Down_96509,,,,,,08:39,,,,,,,,,,,,,,,,,,,,,,,,,,,,,,,,,,,,,08:04,,,,,,,,,,,,,,,,,,,,,,,,,,,,,,,,,,,,,,,,,,,,,,,,,,,,,,,,,,,08:18,,,,,,,,,,,,
CR_Down_96511,,,,09:18,,09:46,,,,,,,08:26,,,07:50,,07:42,,,07:52,,,07:54,,08:00,,,08:52,,,09:01,,,08:16,,,,,,,08:42,09:11,,08:23,,,,09:31,,,,,,,08:57,08:10,,,,,,,,,,07:45,08:03,,,08:32,,,08:48,08:29,,,,,,,07:57,,,,,,07:47,,,,,,09:15,,08:06,,,09:05,08:37,,09:24,,,,,,,09:38,08:13,08:20,,,
CR_Down_96513,,,,,,13:03,,,,,,,,,,,,,,,,,,,,,,,12:04,,,12:13,,,,,,,,,,,12:27,,,,,,,,,,,,,,,,,,,,,,,,,,,,,,,,,,,,,,,,,,,,,,,,,,,,,,,,,11:49,,12:41,,,,,,,,,,,,
CR_Down_96515,,,,15:07,,15:35,,,,,,,14:14,,,13:38,,13:30,,,13:40,,,13:42,,13:48,,,14:41,,,14:49,,,14:04,,,,,,,14:31,15:00,,14:11,,,,15:20,,,,,,,14:46,13:58,,,,,,,,,,13:33,13:51,,,14:20,,,14:37,14:17,,,,,,,13:45,,,,,,13:35,,,,,,15:04,,13:54,,,14:53,14:26,,15:13,,,,,,,15:27,14:01,14:08,,,
CR_Down_96517,,,,17:09,,17:37,,,,,,,16:16,,,15:40,,15:32,,,15:42,,,15:44,,15:50,,,16:42,,,16:51,,,16:06,,,,,,,16:32,17:02,,16:13,,,,17:22,,,,,,,16:47,16:00,,,,,,,,,,15:35,15:53,,,16:22,,,16:38,16:19,,,,,,,15:47,,,,,,15:37,,,,,,17:06,,15:56,,,16:55,16:27,,17:15,,,,,,,17:29,16:03,16:10,,,
CR_Down_96519,,,,22:32,,23:00,,,,,,,21:40,,,21:04,,20:56,,,21:06,,,21:08,,21:14,,,22:06,,,22:15,,,21:30,,,,,,,21:56,22:25,,21:37,,,,22:45,,,,,,,22:11,21:24,,,,,,,,,,20:59,21:17,,,21:46,,,22:02,21:43,,,,,,,21:11,,,,,,21:01,,,,,,22:29,,21:20,,,22:19,21:51,,22:38,,,,,,,22:52,21:27,21:34,,,
CR_Down_96601,,,,,,,,,,,,,,,,,,,,,,,,,,,,,05:24,,,05:32,,,04:48,,,,,,,,05:42,,,,,,,,,,,,,,,,,,,,,,,,,,,,,,,,,,,,,,,,,,,,,,,,,,,,,,,,,05:09,,05:57,,,,,,,,,,,,
CR_Down_96603,,,,,,,,,,,,,,,,,,,,,,,,,,,,,05:50,,,05:58,,,,,,,,,,,06:08,,,,,,,,,,,,,,,,,,,,,,,,,,,,,,,,,,,,,,,,,,,,,,,,,,,,,,,,,05:35,,06:23,,,,,,,,,,,,
CR_Down_96605,,,,07:03,,,,,,,,,06:12,,,05:36,,05:28,,,05:38,,,05:40,,05:46,,,06:38,,,06:46,,,06:02,,,,,,,06:28,06:56,,06:09,,,,,,,,,,,06:43,05:56,,,,,,,,,,05:31,05:49,,,06:18,,,06:34,06:15,,,,,,,05:43,,,,,,05:33,,,,,,07:00,,05:52,,,06:50,06:23,,07:11,,,,,,,,05:59,06:06,,,
CR_Down_96607,,,,07:29,,,,,,,,,06:35,,,05:59,,05:51,,,06:01,,,06:03,,06:09,,,07:01,,,07:10,,,06:25,,,,,,,06:51,07:22,,06:32,,,,,,,,,,,07:06,06:19,,,,,,,,,,05:54,06:12,,,06:41,,,06:57,06:38,,,,,,,06:06,,,,,,05:56,,,,,,07:26,,06:15,,,07:15,06:46,,07:37,,,,,,,,06:22,06:29,,,
CR_Down_96609,,,,07:50,,,,,,,,,06:58,,,06:22,,06:14,,,06:24,,,06:26,,06:32,,,07:23,,,07:32,,,06:48,,,,,,,07:13,07:43,,06:55,,,,,,,,,,,07:28,06:42,,,,,,,,,,06:17,06:35,,,07:04,,,07:19,07:01,,,,,,,06:29,,,,,,06:19,,,,,,07:47,,06:38,,,07:36,07:08,,07:58,,,,,,,,06:45,06:52,,,
CR_Down_96611,,,,08:08,,,,,,,,,07:14,,,06:38,,06:30,,,06:40,,,06:42,,06:48,,,07:40,,,07:49,,,07:04,,,,,,,07:30,08:01,,07:11,,,,,,,,,,,07:45,06:58,,,,,,,,,,06:33,06:51,,,07:20,,,07:36,07:17,,,,,,,06:45,,,,,,06:35,,,,,,08:05,,06:54,,,07:53,07:25,,08:15,,,,,,,,07:01,07:08,,,
CR_Down_96613,,,,08:33,,,,,,,,,07:40,,,07:04,,06:56,,,07:06,,,07:08,,07:14,,,08:06,,,08:15,,,07:30,,,,,,,07:56,08:26,,07:37,,,,,,,,,,,08:11,07:24,,,,,,,,,,06:59,07:17,,,07:46,,,08:02,07:43,,,,,,,07:11,,,,,,07:01,,,,,,08:30,,07:20,,,08:19,07:51,,08:41,,,,,,,,07:27,07:34,,,
CR_Down_96615,,,,,,,,,,,,,,,,,,,,,,,,,,,,,09:11,,,09:19,,,,,,,,,,,09:30,,,,,,,,,,,,,,,,,,,,,,,,,,,,,,,,,,,,,,,,,,,,,,,,,,,,,,,,,08:56,,09:45,,,,,,,,,,,,
CR_Down_96617,,,,,,,,,,,,,,,,,,,,,,,,,,,,,09:33,,,09:41,,,,,,,,,,,09:52,,,,,,,,,,,,,,,,,,,,,,,,,,,,,,,,,,,,,,,,,,,,,,,,,,,,,,,,,09:18,,10:07,,,,,,,,,,,,
CR_Down_96619,,,,11:33,,,,,,,,,10:37,,,10:01,,09:53,,,10:03,,,10:05,,10:11,,,11:06,,,11:14,,,10:27,,,,,,,10:56,11:24,,10:34,,,,,,,,,,,11:11,10:21,,,,,,,,,,09:56,10:14,,,10:43,,,11:02,10:40,,,,,,,10:08,,,,,,09:58,,,,,,11:29,,10:17,,,11:18,10:50,,11:41,,,,,,,,10:24,10:31,,,
CR_Down_96621,,,,12:41,,,,,,,,,11:48,,,11:12,,11:04,,,11:14,,,11:16,,11:22,,,12:16,,,12:24,,,11:38,,,,,,,12:06,12:34,,11:45,,,,,,,,,,,12:21,11:32,,,,,,,,,,11:07,11:25,,,11:54,,,12:12,11:51,,,,,,,11:19,,,,,,11:09,,,,,,12:38,,11:28,,,12:28,12:00,,12:49,,,,,,,,11:35,11:42,,,
CR_Down_96623,,,,13:00,,,,,,,,,12:08,,,11:32,,11:24,,,11:34,,,11:36,,11:42,,,12:34,,,12:43,,,11:58,,,,,,,12:24,12:53,,12:05,,,,,,,,,,,12:39,11:52,,,,,,,,,,11:27,11:45,,,12:14,,,12:30,12:11,,,,,,,11:39,,,,,,11:29,,,,,,12:57,,11:48,,,12:47,12:19,,13:08,,,,,,,,11:55,12:02,,,
CR_Down_96625,,,,13:30,,,,,,,,,12:38,,,12:02,,11:54,,,12:04,,,12:06,,12:12,,,13:04,,,13:12,,,12:28,,,,,,,12:54,13:23,,12:35,,,,,,,,,,,13:09,12:22,,,,,,,,,,11:57,12:15,,,12:44,,,13:00,12:41,,,,,,,12:09,,,,,,11:59,,,,,,13:27,,12:18,,,13:16,12:49,,13:38,,,,,,,,12:25,12:32,,,
CR_Down_96627,,,,14:21,,,,,,,,,13:28,,,12:52,,12:44,,,12:54,,,12:56,,13:02,,,13:54,,,14:02,,,13:18,,,,,,,13:44,14:14,,13:25,,,,,,,,,,,13:59,13:12,,,,,,,,,,12:47,13:05,,,13:34,,,13:50,13:31,,,,,,,12:59,,,,,,12:49,,,,,,14:18,,13:08,,,14:06,13:39,,14:29,,,,,,,,13:15,13:22,,,
CR_Down_96629,,,,,,,,,,,,,,,,,,,,,,,,,,,,,14:21,,,14:29,,,,,,,,,,,14:43,,,,,,,,,,,,,,,,,,,,,,,,,,,,,,,,,,,,,,,,,,,,,,,,,,,,,,,,,14:05,,14:59,,,,,,,,,,,,
CR_Down_96631,,,,15:17,,,,,,,,,14:26,,,13:50,,13:42,,,13:52,,,13:54,,14:00,,,14:52,,,15:00,,,14:16,,,,,,,14:42,15:10,,14:23,,,,,,,,,,,14:57,14:10,,,,,,,,,,13:45,14:03,,,14:32,,,14:48,14:29,,,,,,,13:57,,,,,,13:47,,,,,,15:14,,14:06,,,15:04,14:37,,15:24,,,,,,,,14:13,14:20,,,
CR_Down_96633,,,,15:41,,,,,,,,,14:51,,,14:15,,14:07,,,14:17,,,14:19,,14:25,,,15:16,,,15:24,,,14:41,,,,,,,15:06,15:34,,14:48,,,,,,,,,,,15:21,14:35,,,,,,,,,,14:10,14:28,,,14:57,,,15:12,14:54,,,,,,,14:22,,,,,,14:12,,,,,,15:38,,14:31,,,15:28,15:01,,15:49,,,,,,,,14:38,14:45,,,
CR_Down_96635,,,,16:46,,,,,,,,,15:54,,,15:17,,15:09,,,15:19,,,15:21,,15:28,,,16:20,,,16:28,,,15:44,,,,,,,16:10,16:39,,15:51,,,,,,,,,,,16:25,15:38,,,,,,,,,,15:12,15:31,,,16:00,,,16:16,15:57,,,,,,,15:25,,,,,,15:14,,,,,,16:43,,15:34,,,16:32,16:05,,16:54,,,,,,,,15:41,15:48,,,
CR_Down_96637,,,,17:17,,,,,,,,,16:24,,,15:48,,15:40,,,15:50,,,15:52,,15:58,,,16:51,,,16:59,,,16:14,,,,,,,16:41,17:10,,16:21,,,,,,,,,,,16:56,16:08,,,,,,,,,,15:43,16:01,,,16:30,,,16:47,16:27,,,,,,,15:55,,,,,,15:45,,,,,,17:14,,16:04,,,17:03,16:36,,17:25,,,,,,,,16:11,16:18,,,
CR_Down_96639,,,,17:58,,,,,,,,,17:05,,,16:29,,16:21,,,16:31,,,16:33,,16:39,,,17:33,,,17:41,,,16:55,,,,,,,17:23,17:51,,17:02,,,,,,,,,,,17:38,16:49,,,,,,,,,,16:24,16:42,,,17:12,,,17:29,17:08,,,,,,,16:36,,,,,,16:26,,,,,,17:55,,16:45,,,17:45,17:18,,18:06,,,,,,,,16:52,16:59,,,
CR_Down_96641,,,,21:40,,,,,,,,,20:48,,,20:12,,20:04,,,20:14,,,20:16,,20:22,,,21:14,,,21:23,,,20:38,,,,,,,21:04,21:33,,20:45,,,,,,,,,,,21:19,20:32,,,,,,,,,,20:07,20:25,,,20:54,,,21:10,20:51,,,,,,,20:19,,,,,,20:09,,,,,,21:37,,20:28,,,21:27,20:59,,21:48,,,,,,,,20:35,20:42,,,
CR_Down_96643,,,,22:09,,,,,,,,,21:15,,,20:39,,20:30,,,20:41,,,20:43,,20:49,,,21:43,,,21:52,,,21:05,,,,,,,21:33,22:02,,21:12,,,,,,,,,,,21:48,20:59,,,,,,,,,,20:34,20:52,,,21:21,,,21:39,21:18,,,,,,,20:46,,,,,,20:36,,,,,,22:06,,20:55,,,21:56,21:27,,22:17,,,,,,,,21:02,21:09,,,
CR_Down_96645,,,,22:56,,,,,,,,,22:04,,,21:28,,21:20,,,21:30,,,21:32,,21:38,,,22:30,,,22:39,,,21:54,,,,,,,22:20,22:49,,22:01,,,,,,,,,,,22:35,21:48,,,,,,,,,,21:23,21:41,,,22:10,,,22:26,22:07,,,,,,,21:35,,,,,,21:25,,,,,,22:53,,21:44,,,22:43,22:15,,23:04,,,,,,,,21:51,21:58,,,
CR_Down_96647,,,,23:37,,,,,,,,,22:44,,,22:08,,22:00,,,22:10,,,22:12,,22:18,,,23:11,,,23:20,,,22:34,,,,,,,23:01,23:30,,22:41,,,,,,,,,,,23:16,22:28,,,,,,,,,,22:03,22:21,,,22:50,,,23:07,22:47,,,,,,,22:15,,,,,,22:05,,,,,,23:34,,22:24,,,23:24,22:55,,23:45,,,,,,,,22:31,22:38,,,
CR_Down_96649,,,,,,,,,,,,,23:34,,,22:58,,22:50,,,23:00,,,23:02,,23:08,,,,,,00:08,,,23:24,,,,,,,23:50,00:18,,23:31,,,,,,,,,,,,23:18,,,,,,,,,,22:53,23:11,,,23:40,,,23:56,23:37,,,,,,,23:05,,,,,,22:55,,,,,,,,23:14,,,,23:45,,00:33,,,,,,,,23:21,23:28,,,
CR_Down_96651,,,,,,,,,,,,,,,,23:24,,23:16,,,23:26,,,23:28,,23:34,,,00:26,,,00:34,,,23:50,,,,,,,,00:44,,23:57,,,,,,,,,,,,23:44,,,,,,,,,,23:19,23:37,,,,,,,,,,,,,,23:31,,,,,,23:21,,,,,,,,23:40,,,,00:11,,00:59,,,,,,,,23:47,23:54,,,
CR_Down_96653,,,,,,,,,,,,,,,,23:50,,23:42,,,23:52,,,23:54,,00:00,,,00:52,,,01:01,,,00:16,,,,,,,,01:11,,,,,,,,,,,,,,00:10,,,,,,,,,,23:45,,,,,,,,,,,,,,,23:57,,,,,,23:47,,,,,,,,,,,,00:37,,01:26,,,,,,,,,,,,
CR_Down_97001,,,,,,,,,,,,,,,,,,,,,,,,,,,,,05:19,,,05:27,,,,,,,,,,,05:36,,,,,,,,,,,,,,,,,,,,,,,,,,,,,,,,,,,,,,,,,,,,,,,,,,,,,,,,,05:04,,,,,,,,,,,,,,
CR_Down_97003,,,,,,,,,,,,,05:44,,,05:08,,05:00,,,05:10,,,05:12,,05:18,,,06:09,,,06:17,,,05:34,,,,,,,05:59,06:27,,05:41,,,,,,,,,,,06:14,05:28,,,,,,,,,,05:03,05:21,,,05:50,,,06:05,05:47,,,,,,,05:15,,,,,,05:05,,,,,,,,05:24,,,06:21,05:54,,,,,,,,,,05:31,05:38,,,
CR_Down_97005,,,,,,,,,,,,,,,,,,,,,,,,,,,,,06:13,,,06:21,,,05:37,,,,,,,,06:31,,,,,,,,,,,,,,,,,,,,,,,,,,,,,,,,,,,,,,,,,,,,,,,,,,,,,,,,,05:58,,,,,,,,,,,,,,
CR_Down_97007,,,,,,,,,,,,,,,,,,,,,,,,,,,,,06:30,,,06:38,,,,,,,,,,,06:47,,,,,,,,,,,,,,,,,,,,,,,,,,,,,,,,,,,,,,,,,,,,,,,,,,,,,,,,,06:15,,,,,,,,,,,,,,
CR_Down_97009,,,,,,,,,,,,,,,,,,,,,,,,,,,,,06:46,,,06:54,,,06:08,,,,,,,,07:04,,,,,,,,,,,,,,,,,,,,,,,,,,,,,,,,,,,,,,,,,,,,,,,,,,,,,,,,,06:30,,,,,,,,,,,,,,
CR_Down_97011,,,,,,,,,,,,,,,,,,,,,,,,,,,,,06:54,,,07:03,,,06:18,,,,,,,,07:14,,,,,,,,,,,,,,,,,,,,,,,,,,,,,,,,,,,,,,,,,,,,,,,,,,,,,,,,,06:39,,,,,,,,,,,,,,
CR_Down_97013,,,,,,,,,,,,,,,,,,,,,,,,,,,,,07:05,,,07:14,,,06:29,,,,,,,,07:25,,,,,,,,,,,,,,,,,,,,,,,,,,,,,,,,,,,,,,,,,,,,,,,,,,,,,,,,,06:50,,,,,,,,,,,,,,
CR_Down_97015,,,,,,,,,,,,,,,,,,,,,,,,,,,,,07:16,,,07:25,,,06:40,,,,,,,,07:35,,,,,,,,,,,,,,,,,,,,,,,,,,,,,,,,,,,,,,,,,,,,,,,,,,,,,,,,,07:01,,,,,,,,,,,,,,
CR_Down_97017,,,,,,,,,,,,,,,,,,,,,,,,,,06:28,,,07:20,,,07:29,,,06:44,,,,,,,,07:39,,,,,,,,,,,,,,06:38,,,,,,,,,,,,,,,,,,,,,,,,,,,,,,,,,,,,,,,,,,,07:05,,,,,,,,,,,,,,
CR_Down_97019,,,,,,,,,,,,,,,,,,,,,,,,,,06:44,,,07:36,,,07:45,,,07:00,,,,,,,,07:55,,,,,,,,,,,,,,06:54,,,,,,,,,,,,,,,,,,,,,,,,,,,,,,,,,,,,,,,,,,,07:21,,,,,,,,,,,,,,
CR_Down_97021,,,,,,,,,,,,,07:21,,,06:45,,06:37,,,06:47,,,06:49,,06:55,,,07:47,,,07:56,,,07:11,,,,,,,07:37,08:06,,07:18,,,,,,,,,,,07:52,07:05,,,,,,,,,,06:40,06:58,,,07:27,,,07:43,07:24,,,,,,,06:52,,,,,,06:42,,,,,,,,07:01,,,08:00,07:32,,,,,,,,,,07:08,07:15,,,
CR_Down_97023,,,,,,,,,,,,,,,,,,,,,,,,,,,,,08:02,,,08:11,,,07:26,,,,,,,,08:20,,,,,,,,,,,,,,,,,,,,,,,,,,,,,,,,,,,,,,,,,,,,,,,,,,,,,,,,,07:47,,,,,,,,,,,,,,
CR_Down_97025,,,,,,,,,,,,,07:52,,,07:16,,07:08,,,07:18,,,07:20,,07:26,,,08:18,,,08:27,,,07:42,,,,,,,08:08,08:37,,07:49,,,,,,,,,,,08:23,07:36,,,,,,,,,,07:11,07:29,,,07:58,,,08:14,07:55,,,,,,,07:23,,,,,,07:13,,,,,,,,07:32,,,08:31,08:03,,,,,,,,,,07:39,07:46,,,
CR_Down_97027,,,,,,,,,,,,,08:08,,,07:32,,07:24,,,07:34,,,07:36,,07:42,,,08:34,,,08:43,,,07:58,,,,,,,08:24,08:53,,08:05,,,,,,,,,,,08:39,07:52,,,,,,,,,,07:27,07:45,,,08:14,,,08:30,08:11,,,,,,,07:39,,,,,,07:29,,,,,,,,07:48,,,08:47,08:19,,,,,,,,,,07:55,08:02,,,
CR_Down_97029,,,,,,,,,,,,,08:16,,,07:40,,07:32,,,07:42,,,07:44,,07:50,,,08:42,,,08:51,,,08:06,,,,,,,08:32,09:01,,08:13,,,,,,,,,,,08:47,08:00,,,,,,,,,,07:35,07:53,,,08:22,,,08:38,08:19,,,,,,,07:47,,,,,,07:37,,,,,,,,07:56,,,08:55,08:27,,,,,,,,,,08:03,08:10,,,
CR_Down_97031,,,,,,,,,,,,,,,,,,,,,,,,,,08:08,,,08:59,,,09:07,,,08:24,,,,,,,,09:17,,,,,,,,,,,,,,08:18,,,,,,,,,,,,,,,,,,,,,,,,,,,,,,,,,,,,,,,,,,,08:44,,,,,,,,,,,,,,
CR_Down_97033,,,,,,,,,,,,,08:38,,,08:01,,07:53,,,08:03,,,08:05,,08:12,,,09:03,,,09:11,,,08:28,,,,,,,08:53,09:21,,08:35,,,,,,,,,,,09:08,08:22,,,,,,,,,,07:56,08:15,,,08:44,,,08:59,08:41,,,,,,,08:09,,,,,,07:58,,,,,,,,08:18,,,09:15,08:48,,,,,,,,,,08:25,08:32,,,
CR_Down_97035,,,,,,,,,,,,,,,,,,,,,,,,,,08:22,,,09:16,,,09:24,,,08:38,,,,,,,,09:34,,,,,,,,,,,,,,08:32,,,,,,,,,,,,,,,,,,,,,,,,,,,,,,,,,,,,,,,,,,,08:59,,,,,,,,,,,,,,
CR_Down_97037,,,,,,,,,,,,,08:56,,,08:20,,08:12,,,08:22,,,08:24,,08:30,,,09:24,,,09:32,,,08:46,,,,,,,09:14,09:42,,08:53,,,,,,,,,,,09:29,08:40,,,,,,,,,,08:15,08:33,,,09:02,,,09:20,08:59,,,,,,,08:27,,,,,,08:17,,,,,,,,08:36,,,09:36,09:07,,,,,,,,,,08:43,08:50,,,
CR_Down_97039,,,,,,,,,,,,,,,,,,,,,,,,,,,,,09:40,,,09:49,,,09:04,,,,,,,,10:00,,,,,,,,,,,,,,,,,,,,,,,,,,,,,,,,,,,,,,,,,,,,,,,,,,,,,,,,,09:25,,,,,,,,,,,,,,
CR_Down_97041,,,,,,,,,,,,,09:34,,,08:57,,08:49,,,08:59,,,09:01,,09:07,,,10:00,,,10:08,,,09:24,,,,,,,09:50,10:18,,09:31,,,,,,,,,,,10:05,09:17,,,,,,,,,,08:52,09:10,,,09:40,,,09:56,09:37,,,,,,,09:04,,,,,,08:54,,,,,,,,09:13,,,10:12,09:45,,,,,,,,,,09:20,09:28,,,
CR_Down_97043,,,,,,,,,,,,,09:49,,,09:13,,09:05,,,09:15,,,09:17,,09:23,,,10:18,,,10:26,,,09:39,,,,,,,10:08,10:37,,09:46,,,,,,,,,,,10:23,09:33,,,,,,,,,,09:08,09:26,,,09:57,,,10:14,09:52,,,,,,,09:20,,,,,,09:10,,,,,,,,09:29,,,10:30,10:03,,,,,,,,,,09:36,09:43,,,
CR_Down_97045,,,,,,,,,,,,,,,,,,,,,,,,,,,,,10:21,,,10:29,,,,,,,,,,,10:40,,,,,,,,,,,,,,,,,,,,,,,,,,,,,,,,,,,,,,,,,,,,,,,,,,,,,,,,,10:06,,,,,,,,,,,,,,
CR_Down_97047,,,,,,,,,,,,,10:10,,,09:34,,09:26,,,09:36,,,09:38,,09:44,,,10:35,,,10:43,,,10:00,,,,,,,10:25,10:53,,10:07,,,,,,,,,,,10:40,09:54,,,,,,,,,,09:29,09:47,,,10:16,,,10:31,10:13,,,,,,,09:41,,,,,,09:31,,,,,,,,09:50,,,10:47,10:20,,,,,,,,,,09:57,10:04,,,
CR_Down_97049,,,,,,,,,,,,,10:20,,,09:42,,09:34,,,09:45,,,09:48,,09:54,,,10:46,,,10:54,,,10:10,,,,,,,10:36,11:04,,10:17,,,,,,,,,,,10:51,10:04,,,,,,,,,,09:37,09:57,,,10:26,,,10:42,10:23,,,,,,,09:51,,,,,,09:39,,,,,,,,10:00,,,10:58,10:31,,,,,,,,,,10:07,10:14,,,
CR_Down_97051,,,,,,,,,,,,,10:23,,,09:45,,09:37,,,09:48,,,09:51,,09:57,,,10:50,,,10:58,,,10:13,,,,,,,10:40,11:08,,10:20,,,,,,,,,,,10:55,10:07,,,,,,,,,,09:40,10:00,,,10:29,,,10:46,10:26,,,,,,,09:54,,,,,,09:42,,,,,,,,10:03,,,11:02,10:34,,,,,,,,,,10:10,10:17,,,
CR_Down_97053,,,,,,,,,,,,,10:48,,,10:12,,10:04,,,10:14,,,10:16,,10:22,,,11:14,,,11:23,,,10:38,,,,,,,11:04,11:33,,10:45,,,,,,,,,,,11:19,10:32,,,,,,,,,,10:07,10:25,,,10:54,,,11:10,10:51,,,,,,,10:19,,,,,,10:09,,,,,,,,10:28,,,11:27,10:59,,,,,,,,,,10:35,10:42,,,
CR_Down_97055,,,,,,,,,,,,,10:57,,,10:22,,10:14,,,10:24,,,10:26,,10:32,,,11:23,,,11:32,,,10:47,,,,,,,11:13,11:42,,10:54,,,,,,,,,,,11:28,10:41,,,,,,,,,,10:17,10:34,,,11:03,,,11:19,11:00,,,,,,,10:29,,,,,,10:19,,,,,,,,10:37,,,11:36,11:08,,,,,,,,,,10:44,10:51,,,
CR_Down_97057,,,,,,,,,,,,,,,,,,,,,,,,,,10:44,,,11:38,,,11:46,,,11:01,,,,,,,,11:56,,,,,,,,,,,,,,10:55,,,,,,,,,,,,,,,,,,,,,,,,,,,,,,,,,,,,,,,,,,,11:24,,,,,,,,,,,,,,
CR_Down_97059,,,,,,,,,,,,,11:33,,,10:56,,10:48,,,10:58,,,11:00,,11:06,,,12:00,,,12:08,,,11:23,,,,,,,11:50,12:18,,11:30,,,,,,,,,,,12:05,11:17,,,,,,,,,,10:51,11:10,,,11:39,,,11:56,11:36,,,,,,,11:03,,,,,,10:53,,,,,,,,11:13,,,12:12,11:45,,,,,,,,,,11:20,11:27,,,
CR_Down_97061,,,,,,,,,,,,,,,,,,,,,,,,,,11:12,,,12:07,,,12:16,,,11:29,,,,,,,,12:28,,,,,,,,,,,,,,11:23,,,,,,,,,,,,,,,,,,,,,,,,,,,,,,,,,,,,,,,,,,,11:52,,,,,,,,,,,,,,
CR_Down_97063,,,,,,,,,,,,,12:04,,,11:28,,11:20,,,11:30,,,11:32,,11:38,,,12:30,,,12:38,,,11:54,,,,,,,12:20,12:48,,12:01,,,,,,,,,,,12:35,11:48,,,,,,,,,,11:23,11:41,,,12:10,,,12:26,12:07,,,,,,,11:35,,,,,,11:25,,,,,,,,11:44,,,12:42,12:15,,,,,,,,,,11:51,11:58,,,
CR_Down_97065,,,,,,,,,,,,,,,,,,,,,,,,,,11:45,,,12:38,,,12:46,,,12:01,,,,,,,,12:56,,,,,,,,,,,,,,11:55,,,,,,,,,,,,,,,,,,,,,,,,,,,,,,,,,,,,,,,,,,,12:23,,,,,,,,,,,,,,
CR_Down_97067,,,,,,,,,,,,,,,,,,,,,,,,,,,,,12:45,,,12:54,,,12:08,,,,,,,,13:04,,,,,,,,,,,,,,12:01,,,,,,,,,,,,,,,,,,,,,,,,,,,,,,,,,,,,,,,,,,,12:30,,,,,,,,,,,,,,
CR_Down_97069,,,,,,,,,,,,,12:34,,,11:58,,11:50,,,12:00,,,12:02,,12:08,,,13:00,,,13:08,,,12:24,,,,,,,12:50,13:18,,12:31,,,,,,,,,,,13:05,12:18,,,,,,,,,,11:53,12:11,,,12:40,,,12:56,12:37,,,,,,,12:05,,,,,,11:55,,,,,,,,12:14,,,13:12,12:45,,,,,,,,,,12:21,12:28,,,
CR_Down_97071,,,,,,,,,,,,,12:51,,,12:15,,12:07,,,12:17,,,12:19,,12:25,,,13:17,,,13:26,,,12:41,,,,,,,13:07,13:36,,12:48,,,,,,,,,,,13:22,12:35,,,,,,,,,,12:10,12:28,,,12:57,,,13:13,12:54,,,,,,,12:22,,,,,,12:12,,,,,,,,12:31,,,13:30,13:02,,,,,,,,,,12:38,12:45,,,
CR_Down_97073,,,,,,,,,,,,,12:59,,,12:23,,12:15,,,12:25,,,12:27,,12:33,,,13:25,,,13:34,,,12:49,,,,,,,13:15,13:44,,12:56,,,,,,,,,,,13:30,12:43,,,,,,,,,,12:18,12:36,,,13:05,,,13:21,13:02,,,,,,,12:30,,,,,,12:20,,,,,,,,12:39,,,13:38,13:10,,,,,,,,,,12:46,12:53,,,
CR_Down_97075,,,,,,,,,,,,,13:11,,,12:35,,12:27,,,12:37,,,12:39,,12:45,,,13:38,,,13:46,,,13:01,,,,,,,13:28,13:56,,13:08,,,,,,,,,,,13:43,12:55,,,,,,,,,,12:30,12:48,,,13:17,,,13:34,13:14,,,,,,,12:42,,,,,,12:32,,,,,,,,12:51,,,13:50,13:23,,,,,,,,,,12:58,13:05,,,
CR_Down_97077,,,,,,,,,,,,,13:16,,,12:40,,12:32,,,12:42,,,12:44,,12:50,,,13:42,,,13:50,,,13:06,,,,,,,13:32,14:00,,13:13,,,,,,,,,,,13:47,13:00,,,,,,,,,,12:35,12:53,,,13:22,,,13:38,13:19,,,,,,,12:47,,,,,,12:37,,,,,,,,12:56,,,13:54,13:27,,,,,,,,,,13:03,13:10,,,
CR_Down_97079,,,,,,,,,,,,,13:36,,,13:00,,12:52,,,13:02,,,13:04,,13:10,,,14:01,,,14:09,,,13:26,,,,,,,13:51,14:19,,13:33,,,,,,,,,,,14:06,13:20,,,,,,,,,,12:55,13:13,,,13:42,,,13:57,13:39,,,,,,,13:07,,,,,,12:57,,,,,,,,13:16,,,14:13,13:46,,,,,,,,,,13:23,13:30,,,
CR_Down_97081,,,,,,,,,,,,,,,,,,,,,,,,,,13:13,,,14:05,,,14:13,,,13:30,,,,,,,,14:23,,,,,,,,,,,,,,13:24,,,,,,,,,,,,,,,,,,,,,,,,,,,,,,,,,,,,,,,,,,,13:50,,,,,,,,,,,,,,
CR_Down_97083,,,,,,,,,,,,,13:49,,,13:10,,13:02,,,13:12,,,13:14,,13:21,,,14:16,,,14:24,,,13:38,,,,,,,14:06,14:33,,13:46,,,,,,,,,,,14:21,13:32,,,,,,,,,,13:05,13:25,,,13:56,,,14:12,13:52,,,,,,,13:17,,,,,,13:07,,,,,,,,13:28,,,14:28,14:01,,,,,,,,,,13:35,13:42,,,
CR_Down_97085,,,,,,,,,,,,,14:10,,,13:34,,13:26,,,13:36,,,13:38,,13:44,,,14:37,,,14:45,,,14:00,,,,,,,14:27,14:55,,14:07,,,,,,,,,,,14:42,13:54,,,,,,,,,,13:29,13:47,,,14:16,,,14:33,14:13,,,,,,,13:41,,,,,,13:31,,,,,,,,13:50,,,14:49,14:22,,,,,,,,,,13:57,14:04,,,
CR_Down_97087,,,,,,,,,,,,,,,,,,,,,,,,,,,,,14:48,,,14:56,,,,,,,,,,,15:06,,,,,,,,,,,,,,,,,,,,,,,,,,,,,,,,,,,,,,,,,,,,,,,,,,,,,,,,,14:33,,,,,,,,,,,,,,
CR_Down_97089,,,,,,,,,,,,,14:30,,,13:54,,13:46,,,13:56,,,13:58,,14:04,,,14:56,,,15:04,,,14:20,,,,,,,14:46,15:14,,14:27,,,,,,,,,,,15:01,14:14,,,,,,,,,,13:49,14:07,,,14:36,,,14:52,14:33,,,,,,,14:01,,,,,,13:51,,,,,,,,14:10,,,15:08,14:41,,,,,,,,,,14:17,14:24,,,
CR_Down_97091,,,,,,,,,,,,,,,,,,,,,,,,,,,,,15:11,,,15:19,,,14:36,,,,,,,,15:29,,,,,,,,,,,,,,14:29,,,,,,,,,,,,,,,,,,,,,,,,,,,,,,,,,,,,,,,,,,,14:56,,,,,,,,,,,,,,
CR_Down_97093,,,,,,,,,,,,,14:55,,,14:19,,14:11,,,14:21,,,14:23,,14:29,,,15:20,,,15:28,,,14:45,,,,,,,15:10,15:38,,14:52,,,,,,,,,,,15:25,14:39,,,,,,,,,,14:14,14:32,,,15:01,,,15:16,14:58,,,,,,,14:26,,,,,,14:16,,,,,,,,14:35,,,15:32,15:05,,,,,,,,,,14:42,14:49,,,
CR_Down_97095,,,,,,,,,,,,,15:04,,,14:28,,14:20,,,14:30,,,14:32,,14:38,,,15:30,,,15:38,,,14:54,,,,,,,15:20,15:49,,15:01,,,,,,,,,,,15:35,14:48,,,,,,,,,,14:23,14:41,,,15:10,,,15:26,15:07,,,,,,,14:35,,,,,,14:25,,,,,,,,14:44,,,15:42,15:15,,,,,,,,,,14:51,14:58,,,
CR_Down_97097,,,,,,,,,,,,,15:09,,,14:33,,14:25,,,14:35,,,14:37,,14:43,,,15:34,,,15:42,,,14:59,,,,,,,15:24,15:53,,15:06,,,,,,,,,,,15:39,14:53,,,,,,,,,,14:28,14:46,,,15:15,,,15:30,15:12,,,,,,,14:40,,,,,,14:30,,,,,,,,14:49,,,15:46,15:19,,,,,,,,,,14:56,15:03,,,
CR_Down_97099,,,,,,,,,,,,,15:22,,,14:46,,14:38,,,14:48,,,14:50,,14:56,,,15:48,,,15:56,,,15:12,,,,,,,15:38,16:06,,15:19,,,,,,,,,,,15:53,15:06,,,,,,,,,,14:41,14:59,,,15:28,,,15:44,15:25,,,,,,,14:53,,,,,,14:43,,,,,,,,15:02,,,16:00,15:33,,,,,,,,,,15:09,15:16,,,
CR_Down_97101,,,,,,,,,,,,,,,,,,,,,,,,,,15:00,,,15:52,,,16:00,,,15:16,,,,,,,,16:10,,,,,,,,,,,,,,15:10,,,,,,,,,,,,,,,,,,,,,,,,,,,,,,,,,,,,,,,,,,,15:37,,,,,,,,,,,,,,
CR_Down_97103,,,,,,,,,,,,,15:42,,,15:06,,14:58,,,15:08,,,15:10,,15:16,,,16:08,,,16:16,,,15:32,,,,,,,15:58,16:26,,15:39,,,,,,,,,,,16:13,15:26,,,,,,,,,,15:01,15:19,,,15:48,,,16:04,15:45,,,,,,,15:13,,,,,,15:03,,,,,,,,15:22,,,16:20,15:53,,,,,,,,,,15:29,15:36,,,
CR_Down_97105,,,,,,,,,,,,,,,,,,,,,,,,,,15:24,,,16:16,,,16:24,,,15:40,,,,,,,,16:34,,,,,,,,,,,,,,15:34,,,,,,,,,,,,,,,,,,,,,,,,,,,,,,,,,,,,,,,,,,,16:01,,,,,,,,,,,,,,
CR_Down_97107,,,,,,,,,,,,,16:02,,,15:26,,15:18,,,15:28,,,15:30,,15:36,,,16:28,,,16:36,,,15:52,,,,,,,16:18,16:46,,15:59,,,,,,,,,,,16:33,15:46,,,,,,,,,,15:21,15:39,,,16:08,,,16:24,16:05,,,,,,,15:33,,,,,,15:23,,,,,,,,15:42,,,16:40,16:13,,,,,,,,,,15:49,15:56,,,
CR_Down_97109,,,,,,,,,,,,,,,,,,,,,,,,,,15:53,,,16:46,,,16:54,,,16:09,,,,,,,,17:05,,,,,,,,,,,,,,16:03,,,,,,,,,,,,,,,,,,,,,,,,,,,,,,,,,,,,,,,,,,,16:31,,,,,,,,,,,,,,
CR_Down_97113,,,,,,,,,,,,,16:41,,,16:05,,15:57,,,16:07,,,16:09,,16:15,,,17:08,,,17:16,,,16:31,,,,,,,16:58,17:26,,16:38,,,,,,,,,,,17:13,16:25,,,,,,,,,,16:00,16:18,,,16:47,,,17:04,16:44,,,,,,,16:12,,,,,,16:02,,,,,,,,16:21,,,17:20,16:53,,,,,,,,,,16:28,16:35,,,
CR_Down_97115,,,,,,,,,,,,,16:48,,,16:12,,16:04,,,16:14,,,16:16,,16:22,,,17:15,,,17:23,,,16:38,,,,,,,17:05,17:33,,16:45,,,,,,,,,,,17:20,16:32,,,,,,,,,,16:07,16:25,,,16:54,,,17:11,16:51,,,,,,,16:19,,,,,,16:09,,,,,,,,16:28,,,17:27,16:59,,,,,,,,,,16:35,16:42,,,
CR_Down_97117,,,,,,,,,,,,,,,,,,,,,,,,,,,,,17:37,,,17:45,,,17:01,,,,,,,,17:55,,,,,,,,,,,,,,16:54,,,,,,,,,,,,,,,,,,,,,,,,,,,,,,,,,,,,,,,,,,,17:22,,,,,,,,,,,,,,
CR_Down_97119,,,,,,,,,,,,,,,,,,,,,,,,,,,,,17:40,,,17:48,,,,,,,,,,,17:58,,,,,,,,,,,,,,,,,,,,,,,,,,,,,,,,,,,,,,,,,,,,,,,,,,,,,,,,,17:25,,,,,,,,,,,,,,
CR_Down_97121,,,,,,,,,,,,,,,,,,,,,,,,,,,,,17:55,,,18:04,,,17:18,,,,,,,,18:14,,,,,,,,,,,,,,,,,,,,,,,,,,,,,,,,,,,,,,,,,,,,,,,,,,,,,,,,,17:40,,,,,,,,,,,,,,
CR_Down_97123,,,,,,,,,,,,,17:32,,,16:56,,16:48,,,16:58,,,17:00,,17:06,,,17:59,,,18:08,,,17:22,,,,,,,17:49,18:18,,17:29,,,,,,,,,,,18:04,17:16,,,,,,,,,,16:51,17:09,,,17:38,,,17:55,17:35,,,,,,,17:03,,,,,,16:53,,,,,,,,17:12,,,18:12,17:44,,,,,,,,,,17:19,17:26,,,
CR_Down_97125,,,,,,,,,,,,,,,,,,,,,,,,,,,,,18:10,,,18:19,,,17:33,,,,,,,,18:29,,,,,,,,,,,,,,,,,,,,,,,,,,,,,,,,,,,,,,,,,,,,,,,,,,,,,,,,,17:55,,,,,,,,,,,,,,
CR_Down_97127,,,,,,,,,,,,,17:46,,,17:08,,17:00,,,17:10,,,17:12,,17:19,,,18:13,,,18:22,,,17:36,,,,,,,18:03,18:34,,17:43,,,,,,,,,,,18:18,17:30,,,,,,,,,,17:03,17:23,,,17:52,,,18:09,17:49,,,,,,,17:15,,,,,,17:05,,,,,,,,17:26,,,18:26,17:58,,,,,,,,,,17:33,17:40,,,
CR_Down_97129,,,,,,,,,,,,,18:00,,,17:24,,17:16,,,17:26,,,17:28,,17:34,,,18:27,,,18:35,,,17:50,,,,,,,18:17,18:46,,17:57,,,,,,,,,,,18:32,17:44,,,,,,,,,,17:19,17:37,,,18:06,,,18:23,18:03,,,,,,,17:31,,,,,,17:21,,,,,,,,17:40,,,18:39,18:12,,,,,,,,,,17:47,17:54,,,
CR_Down_97131,,,,,,,,,,,,,,,,,,,,,,,,,,17:38,,,18:30,,,18:38,,,17:54,,,,,,,,18:49,,,,,,,,,,,,,,17:48,,,,,,,,,,,,,,,,,,,,,,,,,,,,,,,,,,,,,,,,,,,18:15,,,,,,,,,,,,,,
CR_Down_97133,,,,,,,,,,,,,,,,,,,,,,,,,,,,,18:38,,,18:47,,,18:02,,,,,,,,18:57,,,,,,,,,,,,,,,,,,,,,,,,,,,,,,,,,,,,,,,,,,,,,,,,,,,,,,,,,18:23,,,,,,,,,,,,,,
CR_Down_97135,,,,,,,,,,,,,18:20,,,17:44,,17:36,,,17:46,,,17:48,,17:54,,,18:46,,,18:54,,,18:10,,,,,,,18:36,19:04,,18:17,,,,,,,,,,,18:51,18:04,,,,,,,,,,17:39,17:57,,,18:26,,,18:42,18:23,,,,,,,17:51,,,,,,17:41,,,,,,,,18:00,,,18:58,18:31,,,,,,,,,,18:07,18:14,,,
CR_Down_97137,,,,,,,,,,,,,,,,,,,,,,,,,,,,,18:54,,,19:02,,,18:18,,,,,,,,19:13,,,,,,,,,,,,,,,,,,,,,,,,,,,,,,,,,,,,,,,,,,,,,,,,,,,,,,,,,18:39,,,,,,,,,,,,,,
CR_Down_97139,,,,,,,,,,,,,18:36,,,18:00,,17:52,,,18:02,,,18:04,,18:10,,,19:02,,,19:11,,,18:26,,,,,,,18:52,19:21,,18:33,,,,,,,,,,,19:07,18:20,,,,,,,,,,17:55,18:13,,,18:42,,,18:58,18:39,,,,,,,18:07,,,,,,17:57,,,,,,,,18:16,,,19:15,18:46,,,,,,,,,,18:23,18:30,,,
CR_Down_97141,,,,,,,,,,,,,,,,,,,,,,,,,,18:19,,,19:13,,,19:22,,,18:36,,,,,,,,19:32,,,,,,,,,,,,,,18:30,,,,,,,,,,,,,,,,,,,,,,,,,,,,,,,,,,,,,,,,,,,18:58,,,,,,,,,,,,,,
CR_Down_97143,,,,,,,,,,,,,18:53,,,18:15,,18:07,,,18:17,,,18:19,,18:26,,,19:19,,,19:27,,,18:43,,,,,,,19:09,19:37,,18:50,,,,,,,,,,,19:24,18:37,,,,,,,,,,18:10,18:30,,,19:00,,,19:15,18:56,,,,,,,18:22,,,,,,18:12,,,,,,,,18:33,,,19:31,19:05,,,,,,,,,,18:40,18:47,,,
CR_Down_97145,,,,,,,,,,,,,18:58,,,18:22,,18:14,,,18:24,,,18:26,,18:32,,,19:24,,,19:32,,,18:48,,,,,,,19:14,19:42,,18:55,,,,,,,,,,,19:29,18:42,,,,,,,,,,18:17,18:35,,,19:04,,,19:20,19:01,,,,,,,18:29,,,,,,18:19,,,,,,,,18:38,,,19:36,19:09,,,,,,,,,,18:45,18:52,,,
CR_Down_97147,,,,,,,,,,,,,,,,,,,,,,,,,,,,,19:35,,,19:43,,,,,,,,,,,19:53,,,,,,,,,,,,,,,,,,,,,,,,,,,,,,,,,,,,,,,,,,,,,,,,,,,,,,,,,19:20,,,,,,,,,,,,,,
CR_Down_97149,,,,,,,,,,,,,,,,,,,,,,,,,,18:48,,,19:40,,,19:48,,,19:04,,,,,,,,19:58,,,,,,,,,,,,,,18:58,,,,,,,,,,,,,,,,,,,,,,,,,,,,,,,,,,,,,,,,,,,19:25,,,,,,,,,,,,,,
CR_Down_97151,,,,,,,,,,,,,,,,,,,,,,,,,,19:14,,,20:07,,,20:16,,,19:30,,,,,,,,20:26,,,,,,,,,,,,,,19:24,,,,,,,,,,,,,,,,,,,,,,,,,,,,,,,,,,,,,,,,,,,19:51,,,,,,,,,,,,,,
CR_Down_97153,,,,,,,,,,,,,19:47,,,19:11,,19:03,,,19:13,,,19:15,,19:21,,,20:14,,,20:23,,,19:37,,,,,,,20:04,20:33,,19:44,,,,,,,,,,,20:19,19:31,,,,,,,,,,19:06,19:24,,,19:53,,,20:10,19:50,,,,,,,19:18,,,,,,19:08,,,,,,,,19:27,,,20:27,19:58,,,,,,,,,,19:34,19:41,,,
CR_Down_97155,,,,,,,,,,,,,19:58,,,19:22,,19:14,,,19:24,,,19:26,,19:32,,,20:25,,,20:34,,,19:48,,,,,,,20:15,20:45,,19:55,,,,,,,,,,,20:31,19:42,,,,,,,,,,19:17,19:35,,,20:04,,,20:21,20:01,,,,,,,19:29,,,,,,19:19,,,,,,,,19:38,,,20:38,20:09,,,,,,,,,,19:45,19:52,,,
CR_Down_97157,,,,,,,,,,,,,20:02,,,19:26,,19:18,,,19:28,,,19:30,,19:36,,,20:29,,,20:38,,,19:52,,,,,,,20:19,20:49,,19:59,,,,,,,,,,,20:35,19:46,,,,,,,,,,19:21,19:39,,,20:08,,,20:25,20:05,,,,,,,19:33,,,,,,19:23,,,,,,,,19:42,,,20:42,20:13,,,,,,,,,,19:49,19:56,,,
CR_Down_97159,,,,,,,,,,,,,,,,,,,,,,,,,,,,,20:37,,,20:45,,,20:01,,,,,,,,20:55,,,,,,,,,,,,,,19:54,,,,,,,,,,,,,,,,,,,,,,,,,,,,,,,,,,,,,,,,,,,20:22,,,,,,,,,,,,,,
CR_Down_97161,,,,,,,,,,,,,20:23,,,19:46,,19:38,,,19:48,,,19:50,,19:56,,,20:50,,,20:59,,,20:13,,,,,,,20:40,21:09,,20:20,,,,,,,,,,,20:55,20:07,,,,,,,,,,19:41,20:00,,,20:29,,,20:46,20:26,,,,,,,19:53,,,,,,19:43,,,,,,,,20:03,,,21:03,20:34,,,,,,,,,,20:10,20:17,,,
CR_Down_97163,,,,,,,,,,,,,20:44,,,20:08,,20:00,,,20:10,,,20:12,,20:18,,,21:09,,,21:18,,,20:34,,,,,,,20:59,21:28,,20:41,,,,,,,,,,,21:14,20:28,,,,,,,,,,20:03,20:21,,,20:50,,,21:05,20:47,,,,,,,20:15,,,,,,20:05,,,,,,,,20:24,,,21:22,20:55,,,,,,,,,,20:31,20:38,,,
CR_Down_97165,,,,,,,,,,,,,,,,,,,,,,,,,,20:34,,,21:26,,,21:35,,,20:50,,,,,,,,21:45,,,,,,,,,,,,,,20:44,,,,,,,,,,,,,,,,,,,,,,,,,,,,,,,,,,,,,,,,,,,21:11,,,,,,,,,,,,,,
CR_Down_97167,,,,,,,,,,,,,21:11,,,20:34,,20:26,,,20:36,,,20:38,,20:44,,,21:39,,,21:48,,,21:01,,,,,,,21:29,21:58,,21:08,,,,,,,,,,,21:44,20:55,,,,,,,,,,20:29,20:48,,,21:17,,,21:35,21:14,,,,,,,20:41,,,,,,20:31,,,,,,,,20:51,,,21:52,21:23,,,,,,,,,,20:58,21:05,,,
CR_Down_97169,,,,,,,,,,,,,,,,,,,,,,,,,,21:02,,,21:55,,,22:04,,,21:19,,,,,,,,22:14,,,,,,,,,,,,,,21:13,,,,,,,,,,,,,,,,,,,,,,,,,,,,,,,,,,,,,,,,,,,21:40,,,,,,,,,,,,,,
CR_Down_97171,,,,,,,,,,,,,21:44,,,21:08,,21:00,,,21:10,,,21:12,,21:18,,,22:10,,,22:19,,,21:34,,,,,,,22:00,22:29,,21:41,,,,,,,,,,,22:15,21:28,,,,,,,,,,21:03,21:21,,,21:50,,,22:06,21:47,,,,,,,21:15,,,,,,21:05,,,,,,,,21:24,,,22:23,21:55,,,,,,,,,,21:31,21:38,,,
CR_Down_97173,,,,,,,,,,,,,22:00,,,21:24,,21:16,,,21:26,,,21:28,,21:34,,,22:26,,,22:35,,,21:50,,,,,,,22:16,22:45,,21:57,,,,,,,,,,,22:31,21:44,,,,,,,,,,21:19,21:37,,,22:06,,,22:22,22:03,,,,,,,21:31,,,,,,21:21,,,,,,,,21:40,,,22:39,22:11,,,,,,,,,,21:47,21:54,,,
CR_Down_97175,,,,,,,,,,,,,,,,,,,,,,,,,,21:42,,,22:34,,,22:43,,,21:58,,,,,,,,22:53,,,,,,,,,,,,,,21:52,,,,,,,,,,,,,,,,,,,,,,,,,,,,,,,,,,,,,,,,,,,22:19,,,,,,,,,,,,,,
CR_Down_97177,,,,,,,,,,,,,,,,,,,,,,,,,,22:06,,,22:58,,,23:07,,,22:22,,,,,,,,23:17,,,,,,,,,,,,,,22:16,,,,,,,,,,,,,,,,,,,,,,,,,,,,,,,,,,,,,,,,,,,22:43,,,,,,,,,,,,,,
CR_Down_97179,,,,,,,,,,,,,22:36,,,22:00,,21:52,,,22:02,,,22:04,,22:10,,,23:03,,,23:12,,,22:26,,,,,,,22:53,23:22,,22:33,,,,,,,,,,,23:08,22:20,,,,,,,,,,21:55,22:13,,,22:42,,,22:59,22:39,,,,,,,22:07,,,,,,21:57,,,,,,,,22:16,,,23:16,22:47,,,,,,,,,,22:23,22:30,,,
CR_Down_97181,,,,,,,,,,,,,,,,,,,,,,,,,,,,,23:07,,,23:16,,,22:30,,,,,,,,23:26,,,,,,,,,,,,,,22:23,,,,,,,,,,,,,,,,,,,,,,,,,,,,,,,,,,,,,,,,,,,22:51,,,,,,,,,,,,,,
CR_Down_97183,,,,,,,,,,,,,22:48,,,22:12,,22:04,,,22:14,,,22:16,,22:22,,,23:15,,,23:24,,,22:38,,,,,,,23:05,23:34,,22:45,,,,,,,,,,,23:20,22:32,,,,,,,,,,22:07,22:25,,,22:54,,,23:11,22:51,,,,,,,22:19,,,,,,22:09,,,,,,,,22:28,,,23:28,22:59,,,,,,,,,,22:35,22:42,,,
CR_Down_97185,,,,,,,,,,,,,23:00,,,22:24,,22:16,,,22:26,,,22:28,,22:34,,,23:25,,,23:34,,,22:50,,,,,,,23:15,23:44,,22:57,,,,,,,,,,,23:30,22:44,,,,,,,,,,22:19,22:37,,,23:06,,,23:21,23:03,,,,,,,22:31,,,,,,22:21,,,,,,,,22:40,,,23:38,23:10,,,,,,,,,,22:47,22:54,,,
CR_Down_97187,,,,,,,,,,,,,23:09,,,22:32,,22:24,,,22:34,,,22:36,,22:42,,,23:34,,,23:43,,,22:59,,,,,,,23:24,23:52,,23:06,,,,,,,,,,,23:39,22:53,,,,,,,,,,22:27,22:46,,,23:15,,,23:30,23:12,,,,,,,22:39,,,,,,22:29,,,,,,,,22:49,,,23:47,23:19,,,,,,,,,,22:56,23:03,,,
CR_Down_97201,,,,,,,,,,,,,,,,,,,,,,,,,,,,,05:35,,,05:43,,,,,,,,,,,,,,,,,,,,,,,,,,,,,,,,,,,,,,,,,,,,,,,,,,,,,,,,,,,,,,,,,,,,05:20,,,,,,,,,,,,,,
CR_Down_97203,,,,,,,,,,,,,07:07,,,06:31,,06:23,,,06:33,,,06:35,,06:41,,,07:32,,,07:41,,,06:57,,,,,,,07:22,,,07:04,,,,,,,,,,,07:37,06:51,,,,,,,,,,06:26,06:44,,,07:13,,,07:28,07:10,,,,,,,06:38,,,,,,06:28,,,,,,,,06:47,,,,07:17,,,,,,,,,,06:54,07:01,,,
CR_Down_97205,,,,,,,,,,,,,,,,,,,,,,,,,,,,,07:43,,,07:52,,,07:07,,,,,,,,,,,,,,,,,,,,,,,,,,,,,,,,,,,,,,,,,,,,,,,,,,,,,,,,,,,,,,,,,07:28,,,,,,,,,,,,,,
CR_Down_97207,,,,,,,,,,,,,08:00,,,07:24,,07:16,,,07:26,,,07:28,,07:34,,,08:26,,,08:35,,,07:50,,,,,,,08:16,,,07:57,,,,,,,,,,,08:31,07:44,,,,,,,,,,07:19,07:37,,,08:06,,,08:22,08:03,,,,,,,07:31,,,,,,07:21,,,,,,,,07:40,,,,08:11,,,,,,,,,,07:47,07:54,,,
CR_Down_97209,,,,,,,,,,,,,08:20,,,07:44,,07:36,,,07:46,,,07:48,,07:54,,,08:46,,,08:55,,,08:10,,,,,,,08:36,,,08:17,,,,,,,,,,,08:51,08:04,,,,,,,,,,07:39,07:57,,,08:26,,,08:42,08:23,,,,,,,07:51,,,,,,07:41,,,,,,,,08:00,,,,08:31,,,,,,,,,,08:07,08:14,,,
CR_Down_97211,,,,,,,,,,,,,09:04,,,08:28,,08:20,,,08:30,,,08:32,,08:38,,,09:30,,,09:38,,,08:54,,,,,,,09:20,,,09:01,,,,,,,,,,,09:35,08:48,,,,,,,,,,08:23,08:41,,,09:10,,,09:26,09:07,,,,,,,08:35,,,,,,08:25,,,,,,,,08:44,,,,09:15,,,,,,,,,,08:51,08:58,,,
CR_Down_97213,,,,,,,,,,,,,10:00,,,09:24,,09:16,,,09:26,,,09:28,,09:34,,,10:26,,,10:34,,,09:50,,,,,,,10:16,,,09:57,,,,,,,,,,,10:31,09:44,,,,,,,,,,09:19,09:37,,,10:06,,,10:22,10:03,,,,,,,09:31,,,,,,09:21,,,,,,,,09:40,,,,10:11,,,,,,,,,,09:47,09:54,,,
CR_Down_97215,,,,,,,,,,,,,,,,,,,,,,,,,,09:51,,,10:43,,,10:51,,,10:07,,,,,,,,,,,,,,,,,,,,,,10:01,,,,,,,,,,,,,,,,,,,,,,,,,,,,,,,,,,,,,,,,,,,10:28,,,,,,,,,,,,,,
CR_Down_97217,,,,,,,,,,,,,11:06,,,10:30,,10:22,,,10:32,,,10:34,,10:40,,,11:31,,,11:40,,,10:56,,,,,,,11:21,,,11:03,,,,,,,,,,,11:36,10:50,,,,,,,,,,10:25,10:43,,,11:12,,,11:27,11:09,,,,,,,10:37,,,,,,10:27,,,,,,,,10:46,,,,11:16,,,,,,,,,,10:53,11:00,,,
CR_Down_97219,,,,,,,,,,,,,11:22,,,10:42,,10:34,,,10:44,,,10:46,,10:55,,,11:47,,,11:55,,,11:12,,,,,,,11:37,,,11:19,,,,,,,,,,,11:52,11:06,,,,,,,,,,10:37,10:59,,,11:28,,,11:43,11:25,,,,,,,10:51,,,,,,10:39,,,,,,,,11:02,,,,11:33,,,,,,,,,,11:09,11:16,,,
CR_Down_97221,,,,,,,,,,,,,12:14,,,11:38,,11:30,,,11:40,,,11:42,,11:48,,,12:42,,,12:50,,,12:04,,,,,,,12:32,,,12:11,,,,,,,,,,,12:47,11:58,,,,,,,,,,11:33,11:51,,,12:21,,,12:38,12:17,,,,,,,11:45,,,,,,11:35,,,,,,,,11:54,,,,12:27,,,,,,,,,,12:01,12:08,,,
CR_Down_97223,,,,,,,,,,,,,,,,,,,,,,,,,,12:20,,,13:13,,,13:22,,,12:37,,,,,,,,,,,,,,,,,,,,,,12:31,,,,,,,,,,,,,,,,,,,,,,,,,,,,,,,,,,,,,,,,,,,12:58,,,,,,,,,,,,,,
CR_Down_97225,,,,,,,,,,,,,,,,,,,,,,,,,,12:37,,,13:30,,,13:39,,,12:54,,,,,,,,,,,,,,,,,,,,,,12:48,,,,,,,,,,,,,,,,,,,,,,,,,,,,,,,,,,,,,,,,,,,13:15,,,,,,,,,,,,,,
CR_Down_97227,,,,,,,,,,,,,13:22,,,12:46,,12:38,,,12:48,,,12:50,,12:56,,,13:48,,,13:57,,,13:12,,,,,,,13:38,,,13:19,,,,,,,,,,,13:53,13:06,,,,,,,,,,12:41,12:59,,,13:28,,,13:44,13:25,,,,,,,12:53,,,,,,12:43,,,,,,,,13:02,,,,13:33,,,,,,,,,,13:09,13:16,,,
CR_Down_97229,,,,,,,,,,,,,,,,,,,,,,,,,,13:38,,,14:32,,,14:40,,,13:55,,,,,,,,,,,,,,,,,,,,,,13:49,,,,,,,,,,,,,,,,,,,,,,,,,,,,,,,,,,,,,,,,,,,14:17,,,,,,,,,,,,,,
CR_Down_97231,,,,,,,,,,,,,14:38,,,14:02,,13:54,,,14:04,,,14:06,,14:12,,,15:04,,,15:13,,,14:28,,,,,,,14:54,,,14:35,,,,,,,,,,,15:09,14:22,,,,,,,,,,13:57,14:15,,,14:44,,,15:00,14:41,,,,,,,14:09,,,,,,13:59,,,,,,,,14:18,,,,14:49,,,,,,,,,,14:25,14:32,,,
CR_Down_97233,,,,,,,,,,,,,15:58,,,15:21,,15:13,,,15:23,,,15:25,,15:32,,,16:24,,,16:33,,,15:48,,,,,,,16:14,,,15:55,,,,,,,,,,,16:29,15:42,,,,,,,,,,15:16,15:35,,,16:04,,,16:20,16:01,,,,,,,15:29,,,,,,15:18,,,,,,,,15:38,,,,16:09,,,,,,,,,,15:45,15:52,,,
CR_Down_97235,,,,,,,,,,,,,16:08,,,15:32,,15:24,,,15:34,,,15:36,,15:42,,,16:34,,,16:43,,,15:58,,,,,,,16:24,,,16:05,,,,,,,,,,,16:39,15:52,,,,,,,,,,15:27,15:45,,,16:14,,,16:30,16:11,,,,,,,15:39,,,,,,15:29,,,,,,,,15:48,,,,16:19,,,,,,,,,,15:55,16:02,,,
CR_Down_97237,,,,,,,,,,,,,16:29,,,15:53,,15:45,,,15:55,,,15:57,,16:03,,,16:56,,,17:05,,,16:19,,,,,,,16:46,,,16:26,,,,,,,,,,,17:01,16:13,,,,,,,,,,15:48,16:06,,,16:35,,,16:52,16:32,,,,,,,16:00,,,,,,15:50,,,,,,,,16:09,,,,16:41,,,,,,,,,,16:16,16:23,,,
CR_Down_97239,,,,,,,,,,,,,16:44,,,16:08,,16:00,,,16:10,,,16:12,,16:18,,,17:11,,,17:20,,,16:34,,,,,,,17:01,,,16:41,,,,,,,,,,,17:16,16:28,,,,,,,,,,16:03,16:21,,,16:50,,,17:07,16:47,,,,,,,16:15,,,,,,16:05,,,,,,,,16:24,,,,16:56,,,,,,,,,,16:31,16:38,,,
CR_Down_97241,,,,,,,,,,,,,17:18,,,16:42,,16:34,,,16:44,,,16:46,,16:52,,,17:44,,,17:52,,,17:08,,,,,,,17:34,,,17:15,,,,,,,,,,,17:49,17:02,,,,,,,,,,16:37,16:55,,,17:24,,,17:40,17:21,,,,,,,16:49,,,,,,16:39,,,,,,,,16:58,,,,17:29,,,,,,,,,,17:05,17:12,,,
CR_Down_97243,,,,,,,,,,,,,,,,,,,,,,,,,,17:13,,,18:07,,,18:16,,,17:30,,,,,,,,,,,,,,,,,,,,,,17:24,,,,,,,,,,,,,,,,,,,,,,,,,,,,,,,,,,,,,,,,,,,17:52,,,,,,,,,,,,,,
CR_Down_97245,,,,,,,,,,,,,17:53,,,17:16,,17:08,,,17:18,,,17:20,,17:26,,,18:20,,,18:29,,,17:43,,,,,,,18:10,,,17:50,,,,,,,,,,,18:25,17:37,,,,,,,,,,17:11,17:30,,,17:59,,,18:16,17:56,,,,,,,17:23,,,,,,17:13,,,,,,,,17:33,,,,18:05,,,,,,,,,,17:40,17:47,,,
CR_Down_97247,,,,,,,,,,,,,,,,,,,,,,,,,,17:58,,,18:50,,,18:58,,,18:14,,,,,,,,,,,,,,,,,,,,,,18:08,,,,,,,,,,,,,,,,,,,,,,,,,,,,,,,,,,,,,,,,,,,18:35,,,,,,,,,,,,,,
CR_Down_97249,,,,,,,,,,,,,18:41,,,18:05,,17:57,,,18:07,,,18:09,,18:15,,,19:10,,,19:19,,,18:31,,,,,,,19:00,,,18:38,,,,,,,,,,,19:15,18:25,,,,,,,,,,18:00,18:18,,,18:49,,,19:06,18:44,,,,,,,18:12,,,,,,18:02,,,,,,,,18:21,,,,18:55,,,,,,,,,,18:28,18:35,,,
CR_Down_97251,,,,,,,,,,,,,19:02,,,18:26,,18:18,,,18:28,,,18:30,,18:36,,,19:28,,,19:37,,,18:52,,,,,,,19:18,,,18:59,,,,,,,,,,,19:33,18:46,,,,,,,,,,18:21,18:39,,,19:08,,,19:24,19:05,,,,,,,18:33,,,,,,18:23,,,,,,,,18:42,,,,19:13,,,,,,,,,,18:49,18:56,,,
CR_Down_97253,,,,,,,,,,,,,19:25,,,18:49,,18:41,,,18:51,,,18:53,,18:59,,,19:52,,,20:01,,,19:15,,,,,,,19:42,,,19:22,,,,,,,,,,,19:57,19:09,,,,,,,,,,18:44,19:02,,,19:31,,,19:48,19:28,,,,,,,18:56,,,,,,18:46,,,,,,,,19:05,,,,19:36,,,,,,,,,,19:12,19:19,,,
CR_Down_97255,,,,,,,,,,,,,19:51,,,19:15,,19:07,,,19:17,,,19:19,,19:25,,,20:18,,,20:27,,,19:41,,,,,,,20:08,,,19:48,,,,,,,,,,,20:23,19:35,,,,,,,,,,19:10,19:28,,,19:57,,,20:14,19:54,,,,,,,19:22,,,,,,19:12,,,,,,,,19:31,,,,20:02,,,,,,,,,,19:38,19:45,,,
CR_Down_97257,,,,,,,,,,,,,,,,,,,,,,,,,,19:49,,,20:40,,,20:49,,,20:04,,,,,,,,,,,,,,,,,,,,,,19:57,,,,,,,,,,,,,,,,,,,,,,,,,,,,,,,,,,,,,,,,,,,20:25,,,,,,,,,,,,,,
CR_Down_97259,,,,,,,,,,,,,21:07,,,20:30,,20:22,,,20:32,,,20:34,,20:40,,,21:35,,,21:44,,,20:57,,,,,,,21:25,,,21:04,,,,,,,,,,,21:40,20:51,,,,,,,,,,20:25,20:44,,,21:13,,,21:31,21:10,,,,,,,20:37,,,,,,20:27,,,,,,,,20:47,,,,21:19,,,,,,,,,,20:54,21:01,,,
CR_Down_97261,,,,,,,,,,,,,21:33,,,20:56,,20:48,,,20:58,,,21:00,,21:06,,,21:59,,,22:08,,,21:23,,,,,,,21:49,,,21:30,,,,,,,,,,,22:04,21:17,,,,,,,,,,20:51,21:10,,,21:39,,,21:55,21:36,,,,,,,21:03,,,,,,20:53,,,,,,,,21:13,,,,21:44,,,,,,,,,,21:20,21:27,,,
CR_Down_97263,,,,,,,,,,,,,21:56,,,21:20,,21:12,,,21:22,,,21:24,,21:30,,,22:22,,,22:31,,,21:46,,,,,,,22:12,,,21:53,,,,,,,,,,,22:27,21:40,,,,,,,,,,21:15,21:33,,,22:02,,,22:18,21:59,,,,,,,21:27,,,,,,21:17,,,,,,,,21:36,,,,22:07,,,,,,,,,,21:43,21:50,,,
CR_Down_97301,,,,,,,,,,,,,01:08,,,00:32,,00:24,,,00:34,,,00:36,,00:42,,,,,,,,,00:58,,,,,,,,,,01:05,,,,,,,,,,,,00:52,,,,,,,,,,00:27,00:45,,,01:14,,,,01:11,,,,,,,00:39,,,,,,00:29,,,,,,,,00:48,,,,01:19,,,,,,,,,,00:55,01:02,,,
CR_Down_97303,,,,,,,,,,,,,,,,,,,,,,,,,,,,,,,,,,,05:04,,,,,,,,,,,,,,,,,,,,,,04:58,,,,,,,,,,,,,,,,,,,,,,,,,,,,,,,,,,,,,,,,,,,05:25,,,,,,,,,,,,,,
CR_Down_97305,,,,,,,,,,,,,07:25,,,06:49,,06:41,,,06:51,,,06:53,,06:59,,,,,,,,,07:15,,,,,,,,,,07:22,,,,,,,,,,,,07:09,,,,,,,,,,06:44,07:02,,,07:31,,,,07:28,,,,,,,06:56,,,,,,06:46,,,,,,,,07:05,,,,07:36,,,,,,,,,,07:12,07:19,,,
CR_Down_97307,,,,,,,,,,,,,07:44,,,07:08,,07:00,,,07:10,,,07:12,,07:18,,,,,,,,,07:34,,,,,,,,,,07:41,,,,,,,,,,,,07:28,,,,,,,,,,07:03,07:21,,,07:50,,,,07:47,,,,,,,07:15,,,,,,07:05,,,,,,,,07:24,,,,07:55,,,,,,,,,,07:31,07:38,,,
CR_Down_97309,,,,,,,,,,,,,07:56,,,07:20,,07:12,,,07:22,,,07:24,,07:30,,,,,,,,,07:46,,,,,,,,,,07:53,,,,,,,,,,,,07:40,,,,,,,,,,07:15,07:33,,,08:02,,,,07:59,,,,,,,07:27,,,,,,07:17,,,,,,,,07:36,,,,08:07,,,,,,,,,,07:43,07:50,,,
CR_Down_97311,,,,,,,,,,,,,08:12,,,07:36,,07:28,,,07:38,,,07:40,,07:46,,,,,,,,,08:02,,,,,,,,,,08:09,,,,,,,,,,,,07:56,,,,,,,,,,07:31,07:49,,,08:18,,,,08:15,,,,,,,07:43,,,,,,07:33,,,,,,,,07:52,,,,08:24,,,,,,,,,,07:59,08:06,,,
CR_Down_97313,,,,,,,,,,,,,08:30,,,07:54,,07:46,,,07:56,,,07:58,,08:04,,,,,,,,,08:20,,,,,,,,,,08:27,,,,,,,,,,,,08:14,,,,,,,,,,07:49,08:07,,,08:36,,,,08:33,,,,,,,08:01,,,,,,07:51,,,,,,,,08:10,,,,08:42,,,,,,,,,,08:17,08:24,,,
CR_Down_97315,,,,,,,,,,,,,08:42,,,08:06,,07:58,,,08:08,,,08:10,,08:16,,,,,,,,,08:32,,,,,,,,,,08:39,,,,,,,,,,,,08:26,,,,,,,,,,08:01,08:19,,,08:48,,,,08:45,,,,,,,08:13,,,,,,08:03,,,,,,,,08:22,,,,08:54,,,,,,,,,,08:29,08:36,,,
CR_Down_97317,,,,,,,,,,,,,08:52,,,08:16,,08:08,,,08:18,,,08:20,,08:26,,,,,,,,,08:42,,,,,,,,,,08:49,,,,,,,,,,,,08:36,,,,,,,,,,08:11,08:29,,,08:58,,,,08:55,,,,,,,08:23,,,,,,08:13,,,,,,,,08:32,,,,09:04,,,,,,,,,,08:39,08:46,,,
CR_Down_97319,,,,,,,,,,,,,09:00,,,08:24,,08:16,,,08:26,,,08:28,,08:34,,,,,,,,,08:50,,,,,,,,,,08:57,,,,,,,,,,,,08:44,,,,,,,,,,08:19,08:37,,,09:06,,,,09:03,,,,,,,08:31,,,,,,08:21,,,,,,,,08:40,,,,09:12,,,,,,,,,,08:47,08:54,,,
CR_Down_97321,,,,,,,,,,,,,,,,,,,,,,,,,,08:41,,,,,,,,,08:58,,,,,,,,,,,,,,,,,,,,,,08:52,,,,,,,,,,,,,,,,,,,,,,,,,,,,,,,,,,,,,,,,,,,09:19,,,,,,,,,,,,,,
CR_Down_97323,,,,,,,,,,,,,09:11,,,08:34,,08:26,,,08:36,,,08:38,,08:44,,,,,,,,,09:01,,,,,,,,,,09:08,,,,,,,,,,,,08:55,,,,,,,,,,08:29,08:48,,,09:17,,,,09:14,,,,,,,08:41,,,,,,08:31,,,,,,,,08:51,,,,09:23,,,,,,,,,,08:58,09:05,,,
CR_Down_97325,,,,,,,,,,,,,09:30,,,08:53,,08:45,,,08:55,,,08:57,,09:03,,,,,,,,,09:20,,,,,,,,,,09:27,,,,,,,,,,,,09:13,,,,,,,,,,08:48,09:06,,,09:36,,,,09:33,,,,,,,09:00,,,,,,08:50,,,,,,,,09:09,,,,09:42,,,,,,,,,,09:16,09:24,,,
CR_Down_97327,,,,,,,,,,,,,,,,,,,,,,,,,,09:15,,,,,,,,,09:31,,,,,,,,,,,,,,,,,,,,,,09:25,,,,,,,,,,,,,,,,,,,,,,,,,,,,,,,,,,,,,,,,,,,09:53,,,,,,,,,,,,,,
CR_Down_97329,,,,,,,,,,,,,09:45,,,09:09,,09:01,,,09:11,,,09:13,,09:19,,,,,,,,,09:35,,,,,,,,,,09:42,,,,,,,,,,,,09:29,,,,,,,,,,09:04,09:22,,,09:53,,,,09:49,,,,,,,09:16,,,,,,09:06,,,,,,,,09:25,,,,10:00,,,,,,,,,,09:32,09:39,,,
CR_Down_97331,,,,,,,,,,,,,10:04,,,09:28,,09:20,,,09:30,,,09:32,,09:38,,,,,,,,,09:54,,,,,,,,,,10:01,,,,,,,,,,,,09:48,,,,,,,,,,09:23,09:41,,,10:10,,,,10:07,,,,,,,09:35,,,,,,09:25,,,,,,,,09:44,,,,10:16,,,,,,,,,,09:51,09:58,,,
CR_Down_97333,,,,,,,,,,,,,10:14,,,09:38,,09:30,,,09:40,,,09:42,,09:48,,,,,,,,,10:04,,,,,,,,,,10:11,,,,,,,,,,,,09:58,,,,,,,,,,09:33,09:51,,,10:20,,,,10:17,,,,,,,09:45,,,,,,09:35,,,,,,,,09:54,,,,10:25,,,,,,,,,,10:01,10:08,,,
CR_Down_97335,,,,,,,,,,,,,10:26,,,09:49,,09:41,,,09:51,,,09:54,,10:00,,,,,,,,,10:16,,,,,,,,,,10:23,,,,,,,,,,,,10:10,,,,,,,,,,09:44,10:03,,,10:32,,,,10:29,,,,,,,09:57,,,,,,09:46,,,,,,,,10:06,,,,10:38,,,,,,,,,,10:13,10:20,,,
CR_Down_97337,,,,,,,,,,,,,10:33,,,09:57,,09:49,,,09:59,,,10:01,,10:07,,,,,,,,,10:23,,,,,,,,,,10:30,,,,,,,,,,,,10:17,,,,,,,,,,09:52,10:10,,,10:39,,,,10:36,,,,,,,10:04,,,,,,09:54,,,,,,,,10:13,,,,10:46,,,,,,,,,,10:20,10:27,,,
CR_Down_97339,,,,,,,,,,,,,10:51,,,10:15,,10:07,,,10:17,,,10:19,,10:25,,,,,,,,,10:41,,,,,,,,,,10:48,,,,,,,,,,,,10:35,,,,,,,,,,10:10,10:28,,,10:57,,,,10:54,,,,,,,10:22,,,,,,10:12,,,,,,,,10:31,,,,11:04,,,,,,,,,,10:38,10:45,,,
CR_Down_97341,,,,,,,,,,,,,11:02,,,10:26,,10:18,,,10:28,,,10:30,,10:36,,,,,,,,,10:52,,,,,,,,,,10:59,,,,,,,,,,,,10:46,,,,,,,,,,10:21,10:39,,,11:08,,,,11:05,,,,,,,10:33,,,,,,10:23,,,,,,,,10:42,,,,11:13,,,,,,,,,,10:49,10:56,,,
CR_Down_97343,,,,,,,,,,,,,11:15,,,10:35,,10:27,,,10:37,,,10:39,,10:47,,,,,,,,,11:04,,,,,,,,,,11:12,,,,,,,,,,,,10:58,,,,,,,,,,10:30,10:51,,,11:22,,,,11:18,,,,,,,10:44,,,,,,10:32,,,,,,,,10:54,,,,11:28,,,,,,,,,,11:01,11:09,,,
CR_Down_97345,,,,,,,,,,,,,11:26,,,10:47,,10:39,,,10:49,,,10:51,,10:59,,,,,,,,,11:16,,,,,,,,,,11:23,,,,,,,,,,,,11:10,,,,,,,,,,10:42,11:03,,,11:32,,,,11:29,,,,,,,10:55,,,,,,10:44,,,,,,,,11:06,,,,11:37,,,,,,,,,,11:13,11:20,,,
CR_Down_97347,,,,,,,,,,,,,11:36,,,10:59,,10:51,,,11:01,,,11:03,,11:09,,,,,,,,,11:26,,,,,,,,,,11:33,,,,,,,,,,,,11:20,,,,,,,,,,10:54,11:13,,,11:42,,,,11:39,,,,,,,11:06,,,,,,10:56,,,,,,,,11:16,,,,11:48,,,,,,,,,,11:23,11:30,,,
CR_Down_97349,,,,,,,,,,,,,11:42,,,11:04,,10:56,,,11:06,,,11:08,,11:15,,,,,,,,,11:32,,,,,,,,,,11:39,,,,,,,,,,,,11:26,,,,,,,,,,10:59,11:19,,,11:48,,,,11:45,,,,,,,11:12,,,,,,11:01,,,,,,,,11:22,,,,11:55,,,,,,,,,,11:29,11:36,,,
CR_Down_97351,,,,,,,,,,,,,11:51,,,11:15,,11:07,,,11:17,,,11:19,,11:25,,,,,,,,,11:41,,,,,,,,,,11:48,,,,,,,,,,,,11:35,,,,,,,,,,11:10,11:28,,,11:57,,,,11:54,,,,,,,11:22,,,,,,11:12,,,,,,,,11:31,,,,12:03,,,,,,,,,,11:38,11:45,,,
CR_Down_97353,,,,,,,,,,,,,12:00,,,11:24,,11:16,,,11:26,,,11:28,,11:34,,,,,,,,,11:50,,,,,,,,,,11:57,,,,,,,,,,,,11:44,,,,,,,,,,11:19,11:37,,,12:06,,,,12:03,,,,,,,11:31,,,,,,11:21,,,,,,,,11:40,,,,12:11,,,,,,,,,,11:47,11:54,,,
CR_Down_97355,,,,,,,,,,,,,12:21,,,11:44,,11:36,,,11:46,,,11:48,,11:54,,,,,,,,,12:11,,,,,,,,,,12:18,,,,,,,,,,,,12:04,,,,,,,,,,11:39,11:57,,,12:27,,,,12:24,,,,,,,11:51,,,,,,11:41,,,,,,,,12:00,,,,12:33,,,,,,,,,,12:08,12:15,,,
CR_Down_97357,,,,,,,,,,,,,12:30,,,11:53,,11:45,,,11:55,,,11:57,,12:03,,,,,,,,,12:20,,,,,,,,,,12:27,,,,,,,,,,,,12:13,,,,,,,,,,11:48,12:06,,,12:36,,,,12:33,,,,,,,12:00,,,,,,11:50,,,,,,,,12:09,,,,12:40,,,,,,,,,,12:17,12:24,,,
CR_Down_97359,,,,,,,,,,,,,13:08,,,12:32,,12:24,,,12:34,,,12:36,,12:42,,,,,,,,,12:58,,,,,,,,,,13:05,,,,,,,,,,,,12:52,,,,,,,,,,12:27,12:45,,,13:14,,,,13:11,,,,,,,12:39,,,,,,12:29,,,,,,,,12:48,,,,13:20,,,,,,,,,,12:55,13:02,,,
CR_Down_97361,,,,,,,,,,,,,13:45,,,13:06,,12:58,,,13:08,,,13:10,,13:17,,,,,,,,,13:34,,,,,,,,,,13:42,,,,,,,,,,,,13:28,,,,,,,,,,13:01,13:21,,,13:52,,,,13:48,,,,,,,13:13,,,,,,13:03,,,,,,,,13:24,,,,13:58,,,,,,,,,,13:31,13:38,,,
CR_Down_97363,,,,,,,,,,,,,13:53,,,13:14,,13:06,,,13:16,,,13:18,,13:25,,,,,,,,,13:42,,,,,,,,,,13:50,,,,,,,,,,,,13:36,,,,,,,,,,13:09,13:29,,,14:00,,,,13:56,,,,,,,13:21,,,,,,13:11,,,,,,,,13:32,,,,14:06,,,,,,,,,,13:39,13:46,,,
CR_Down_97365,,,,,,,,,,,,,14:22,,,13:46,,13:38,,,13:48,,,13:50,,13:56,,,,,,,,,14:12,,,,,,,,,,14:19,,,,,,,,,,,,14:06,,,,,,,,,,13:41,13:59,,,14:28,,,,14:25,,,,,,,13:53,,,,,,13:43,,,,,,,,14:02,,,,14:34,,,,,,,,,,14:09,14:16,,,
CR_Down_97367,,,,,,,,,,,,,14:42,,,14:06,,13:58,,,14:08,,,14:10,,14:16,,,,,,,,,14:32,,,,,,,,,,14:39,,,,,,,,,,,,14:26,,,,,,,,,,14:01,14:19,,,14:48,,,,14:45,,,,,,,14:13,,,,,,14:03,,,,,,,,14:22,,,,14:54,,,,,,,,,,14:29,14:36,,,
CR_Down_97369,,,,,,,,,,,,,15:13,,,14:37,,14:29,,,14:39,,,14:41,,14:47,,,,,,,,,15:03,,,,,,,,,,15:10,,,,,,,,,,,,14:57,,,,,,,,,,14:32,14:50,,,15:19,,,,15:16,,,,,,,14:44,,,,,,14:34,,,,,,,,14:53,,,,15:25,,,,,,,,,,15:00,15:07,,,
CR_Down_97371,,,,,,,,,,,,,15:46,,,15:10,,15:01,,,15:12,,,15:14,,15:20,,,,,,,,,15:36,,,,,,,,,,15:43,,,,,,,,,,,,15:30,,,,,,,,,,15:04,15:23,,,15:52,,,,15:49,,,,,,,15:17,,,,,,15:06,,,,,,,,15:26,,,,15:58,,,,,,,,,,15:33,15:40,,,
CR_Down_97373,,,,,,,,,,,,,16:12,,,15:36,,15:28,,,15:38,,,15:40,,15:46,,,,,,,,,16:02,,,,,,,,,,16:09,,,,,,,,,,,,15:56,,,,,,,,,,15:31,15:49,,,16:18,,,,16:15,,,,,,,15:43,,,,,,15:33,,,,,,,,15:52,,,,16:24,,,,,,,,,,15:59,16:06,,,
CR_Down_97375,,,,,,,,,,,,,,,,,,,,,,,,,,16:12,,,,,,,,,16:28,,,,,,,,,,,,,,,,,,,,,,16:22,,,,,,,,,,,,,,,,,,,,,,,,,,,,,,,,,,,,,,,,,,,16:50,,,,,,,,,,,,,,
CR_Down_97377,,,,,,,,,,,,,16:52,,,16:16,,16:08,,,16:18,,,16:20,,16:26,,,,,,,,,16:42,,,,,,,,,,16:49,,,,,,,,,,,,16:36,,,,,,,,,,16:11,16:29,,,16:58,,,,16:55,,,,,,,16:23,,,,,,16:13,,,,,,,,16:32,,,,17:04,,,,,,,,,,16:39,16:46,,,
CR_Down_97379,,,,,,,,,,,,,17:01,,,16:25,,16:17,,,16:27,,,16:29,,16:35,,,,,,,,,16:51,,,,,,,,,,16:58,,,,,,,,,,,,16:45,,,,,,,,,,16:20,16:38,,,17:08,,,,17:04,,,,,,,16:32,,,,,,16:22,,,,,,,,16:41,,,,17:15,,,,,,,,,,16:48,16:55,,,
CR_Down_97381,,,,,,,,,,,,,17:14,,,16:38,,16:30,,,16:40,,,16:42,,16:48,,,,,,,,,17:04,,,,,,,,,,17:11,,,,,,,,,,,,16:58,,,,,,,,,,16:33,16:51,,,17:20,,,,17:17,,,,,,,16:45,,,,,,16:35,,,,,,,,16:54,,,,17:26,,,,,,,,,,17:01,17:08,,,
CR_Down_97383,,,,,,,,,,,,,17:22,,,16:46,,16:38,,,16:48,,,16:50,,16:56,,,,,,,,,17:12,,,,,,,,,,17:19,,,,,,,,,,,,17:06,,,,,,,,,,16:41,16:59,,,17:28,,,,17:25,,,,,,,16:53,,,,,,16:43,,,,,,,,17:02,,,,17:35,,,,,,,,,,17:09,17:16,,,
CR_Down_97385,,,,,,,,,,,,,17:36,,,17:00,,16:52,,,17:02,,,17:04,,17:10,,,,,,,,,17:26,,,,,,,,,,17:33,,,,,,,,,,,,17:20,,,,,,,,,,16:55,17:13,,,17:42,,,,17:39,,,,,,,17:07,,,,,,16:57,,,,,,,,17:16,,,,17:48,,,,,,,,,,17:23,17:30,,,
CR_Down_97387,,,,,,,,,,,,,17:49,,,17:12,,17:04,,,17:14,,,17:16,,17:22,,,,,,,,,17:39,,,,,,,,,,17:46,,,,,,,,,,,,17:33,,,,,,,,,,17:07,17:26,,,17:55,,,,17:52,,,,,,,17:19,,,,,,17:09,,,,,,,,17:29,,,,18:00,,,,,,,,,,17:36,17:43,,,
CR_Down_97389,,,,,,,,,,,,,17:56,,,17:20,,17:12,,,17:22,,,17:24,,17:30,,,,,,,,,17:46,,,,,,,,,,17:53,,,,,,,,,,,,17:40,,,,,,,,,,17:15,17:33,,,18:02,,,,17:59,,,,,,,17:27,,,,,,17:17,,,,,,,,17:36,,,,18:08,,,,,,,,,,17:43,17:50,,,
CR_Down_97391,,,,,,,,,,,,,18:08,,,17:32,,17:24,,,17:34,,,17:36,,17:42,,,,,,,,,17:58,,,,,,,,,,18:05,,,,,,,,,,,,17:52,,,,,,,,,,17:27,17:45,,,18:14,,,,18:11,,,,,,,17:39,,,,,,17:29,,,,,,,,17:48,,,,18:20,,,,,,,,,,17:55,18:02,,,
CR_Down_97393,,,,,,,,,,,,,18:16,,,17:40,,17:32,,,17:42,,,17:44,,17:50,,,,,,,,,18:06,,,,,,,,,,18:13,,,,,,,,,,,,18:00,,,,,,,,,,17:35,17:53,,,18:22,,,,18:19,,,,,,,17:47,,,,,,17:37,,,,,,,,17:56,,,,18:28,,,,,,,,,,18:03,18:10,,,
CR_Down_97395,,,,,,,,,,,,,18:32,,,17:56,,17:48,,,17:58,,,18:00,,18:06,,,,,,,,,18:22,,,,,,,,,,18:29,,,,,,,,,,,,18:16,,,,,,,,,,17:51,18:09,,,18:38,,,,18:35,,,,,,,18:03,,,,,,17:53,,,,,,,,18:12,,,,18:44,,,,,,,,,,18:19,18:26,,,
CR_Down_97397,,,,,,,,,,,,,18:50,,,18:11,,18:03,,,18:13,,,18:15,,18:23,,,,,,,,,18:40,,,,,,,,,,18:47,,,,,,,,,,,,18:34,,,,,,,,,,18:06,18:27,,,18:57,,,,18:53,,,,,,,18:18,,,,,,18:08,,,,,,,,18:30,,,,19:02,,,,,,,,,,18:37,18:44,,,
CR_Down_97399,,,,,,,,,,,,,19:10,,,18:34,,18:26,,,18:36,,,18:38,,18:44,,,,,,,,,19:00,,,,,,,,,,19:07,,,,,,,,,,,,18:54,,,,,,,,,,18:29,18:47,,,19:17,,,,19:13,,,,,,,18:41,,,,,,18:31,,,,,,,,18:50,,,,19:23,,,,,,,,,,18:57,19:04,,,
CR_Down_97401,,,,,,,,,,,,,19:21,,,18:45,,18:37,,,18:47,,,18:49,,18:55,,,,,,,,,19:11,,,,,,,,,,19:18,,,,,,,,,,,,19:05,,,,,,,,,,18:40,18:58,,,19:27,,,,19:24,,,,,,,18:52,,,,,,18:42,,,,,,,,19:01,,,,19:33,,,,,,,,,,19:08,19:15,,,
CR_Down_97403,,,,,,,,,,,,,19:29,,,18:53,,18:45,,,18:55,,,18:57,,19:03,,,,,,,,,19:19,,,,,,,,,,19:26,,,,,,,,,,,,19:13,,,,,,,,,,18:48,19:06,,,19:35,,,,19:32,,,,,,,19:00,,,,,,18:50,,,,,,,,19:09,,,,19:42,,,,,,,,,,19:16,19:23,,,
CR_Down_97405,,,,,,,,,,,,,19:43,,,19:06,,18:58,,,19:08,,,19:10,,19:17,,,,,,,,,19:33,,,,,,,,,,19:40,,,,,,,,,,,,19:27,,,,,,,,,,19:01,19:20,,,19:49,,,,19:46,,,,,,,19:13,,,,,,19:03,,,,,,,,19:23,,,,19:54,,,,,,,,,,19:30,19:37,,,
CR_Down_97407,,,,,,,,,,,,,,,,,,,,,,,,,,19:28,,,,,,,,,19:44,,,,,,,,,,,,,,,,,,,,,,19:38,,,,,,,,,,,,,,,,,,,,,,,,,,,,,,,,,,,,,,,,,,,20:06,,,,,,,,,,,,,,
CR_Down_97409,,,,,,,,,,,,,20:06,,,19:30,,19:22,,,19:32,,,19:34,,19:40,,,,,,,,,19:56,,,,,,,,,,20:03,,,,,,,,,,,,19:50,,,,,,,,,,19:25,19:43,,,20:12,,,,20:09,,,,,,,19:37,,,,,,19:27,,,,,,,,19:46,,,,20:17,,,,,,,,,,19:53,20:00,,,
CR_Down_97411,,,,,,,,,,,,,,,,,,,,,,,,,,19:59,,,,,,,,,20:16,,,,,,,,,,,,,,,,,,,,,,20:10,,,,,,,,,,,,,,,,,,,,,,,,,,,,,,,,,,,,,,,,,,,20:37,,,,,,,,,,,,,,
CR_Down_97413,,,,,,,,,,,,,20:29,,,19:53,,19:45,,,19:55,,,19:57,,20:03,,,,,,,,,20:19,,,,,,,,,,20:26,,,,,,,,,,,,20:13,,,,,,,,,,19:48,20:06,,,20:35,,,,20:32,,,,,,,20:00,,,,,,19:50,,,,,,,,20:09,,,,20:40,,,,,,,,,,20:16,20:23,,,
CR_Down_97415,,,,,,,,,,,,,20:40,,,20:03,,19:55,,,20:05,,,20:07,,20:13,,,,,,,,,20:30,,,,,,,,,,20:37,,,,,,,,,,,,20:24,,,,,,,,,,19:58,20:17,,,20:46,,,,20:43,,,,,,,20:10,,,,,,20:00,,,,,,,,20:20,,,,20:51,,,,,,,,,,20:27,20:34,,,
CR_Down_97417,,,,,,,,,,,,,20:54,,,20:18,,20:10,,,20:20,,,20:22,,20:28,,,,,,,,,20:44,,,,,,,,,,20:51,,,,,,,,,,,,20:38,,,,,,,,,,20:13,20:31,,,21:00,,,,20:57,,,,,,,20:25,,,,,,20:15,,,,,,,,20:34,,,,21:06,,,,,,,,,,20:41,20:48,,,
CR_Down_97419,,,,,,,,,,,,,21:18,,,20:42,,20:34,,,20:44,,,20:46,,20:52,,,,,,,,,21:08,,,,,,,,,,21:15,,,,,,,,,,,,21:02,,,,,,,,,,20:37,20:55,,,21:24,,,,21:21,,,,,,,20:49,,,,,,20:39,,,,,,,,20:58,,,,21:30,,,,,,,,,,21:05,21:12,,,
CR_Down_97421,,,,,,,,,,,,,21:36,,,21:00,,20:52,,,21:02,,,21:04,,21:10,,,,,,,,,21:26,,,,,,,,,,21:33,,,,,,,,,,,,21:20,,,,,,,,,,20:55,21:13,,,21:42,,,,21:39,,,,,,,21:07,,,,,,20:57,,,,,,,,21:16,,,,21:48,,,,,,,,,,21:23,21:30,,,
CR_Down_97423,,,,,,,,,,,,,21:48,,,21:12,,21:04,,,21:14,,,21:16,,21:22,,,,,,,,,21:38,,,,,,,,,,21:45,,,,,,,,,,,,21:32,,,,,,,,,,21:07,21:25,,,21:54,,,,21:51,,,,,,,21:19,,,,,,21:09,,,,,,,,21:28,,,,22:00,,,,,,,,,,21:35,21:42,,,
CR_Down_97425,,,,,,,,,,,,,22:52,,,22:16,,22:08,,,22:18,,,22:20,,22:26,,,,,,,,,22:42,,,,,,,,,,22:49,,,,,,,,,,,,22:36,,,,,,,,,,22:11,22:29,,,22:58,,,,22:55,,,,,,,22:23,,,,,,22:13,,,,,,,,22:32,,,,23:03,,,,,,,,,,22:39,22:46,,,
CR_Down_97427,,,,,,,,,,,,,23:05,,,22:28,,22:20,,,22:30,,,22:32,,22:38,,,,,,,,,22:55,,,,,,,,,,23:02,,,,,,,,,,,,22:49,,,,,,,,,,22:23,22:42,,,23:11,,,,23:08,,,,,,,22:35,,,,,,22:25,,,,,,,,22:45,,,,23:15,,,,,,,,,,22:52,22:59,,,
CR_Down_97429,,,,,,,,,,,,,23:22,,,22:46,,22:38,,,22:48,,,22:50,,22:56,,,,,,,,,23:12,,,,,,,,,,23:19,,,,,,,,,,,,23:06,,,,,,,,,,22:41,22:59,,,23:28,,,,23:25,,,,,,,22:53,,,,,,22:43,,,,,,,,23:02,,,,23:33,,,,,,,,,,23:09,23:16,,,
CR_Down_97431,,,,,,,,,,,,,23:30,,,22:54,,22:46,,,22:56,,,22:58,,23:04,,,,,,,,,23:20,,,,,,,,,,23:27,,,,,,,,,,,,23:14,,,,,,,,,,22:49,23:07,,,23:36,,,,23:33,,,,,,,23:01,,,,,,22:51,,,,,,,,23:10,,,,23:41,,,,,,,,,,23:17,23:24,,,
CR_Down_97433,,,,,,,,,,,,,23:45,,,23:08,,23:00,,,23:10,,,23:12,,23:19,,,,,,,,,23:35,,,,,,,,,,23:42,,,,,,,,,,,,23:29,,,,,,,,,,23:03,23:22,,,23:51,,,,23:48,,,,,,,23:16,,,,,,23:05,,,,,,,,23:25,,,,23:57,,,,,,,,,,23:32,23:39,,,
CR_Down_97435,,,,,,,,,,,,,23:56,,,23:20,,23:12,,,23:22,,,23:24,,23:30,,,,,,,,,23:46,,,,,,,,,,23:53,,,,,,,,,,,,23:40,,,,,,,,,,23:15,23:33,,,,,,,23:59,,,,,,,23:27,,,,,,23:17,,,,,,,,23:36,,,,,,,,,,,,,,23:43,23:50,,,
CR_Down_97437,,,,,,,,,,,,,,,,23:46,,23:38,,,23:48,,,23:50,,23:56,,,,,,,,,00:12,,,,,,,,,,,,,,,,,,,,,,00:06,,,,,,,,,,23:41,23:59,,,,,,,,,,,,,,23:53,,,,,,23:43,,,,,,,,,,,,00:33,,,,,,,,,,,,,,
CR_Down_97439,,,,,,,,,,,,,,,,23:54,,23:46,,,23:56,,,23:58,,00:04,,,,,,,,,00:20,,,,,,,,,,,,,,,,,,,,,,00:14,,,,,,,,,,23:49,,,,,,,,,,,,,,,,,,,,,23:51,,,,,,,,,,,,00:41,,,,,,,,,,,,,,
CR_Down_97441,,,,,,,,,,,,,,,,,,23:55,,,,,,,,00:13,,,,,,,,,00:30,,,,,,,,,,,,,,,,,,,,,,00:24,,,,,,,,,,23:58,,,,,,,,,,,,,,,,,,,,,,,,,,,,,,,,,00:51,,,,,,,,,,,,,,
CR_Down_97501,,,,,,,,,,,,,,,,08:45,,08:37,,,08:47,,,08:49,,08:55,,,,,,,,,09:12,,,,,,,,,,,,,,,,,,,,,,09:06,,,,,,,,,,08:40,08:59,,,,,,,,,,,,,,08:52,,,,,,08:42,,,,,,,,09:02,,,,,,,,,,,,,,09:09,,,,
CR_Down_97503,,,,,,,,,,,,,,,,09:17,,09:09,,,09:19,,,09:21,,09:27,,,,,,,,,09:43,,,,,,,,,,,,,,,,,,,,,,09:37,,,,,,,,,,09:12,09:30,,,,,,,,,,,,,,09:24,,,,,,09:14,,,,,,,,09:33,,,,,,,,,,,,,,09:40,,,,
CR_Down_97505,,,,,,,,,,,,,,,,10:05,,09:57,,,10:07,,,10:09,,10:15,,,,,,,,,10:31,,,,,,,,,,,,,,,,,,,,,,10:25,,,,,,,,,,10:00,10:18,,,,,,,,,,,,,,10:12,,,,,,10:02,,,,,,,,10:21,,,,,,,,,,,,,,10:28,,,,
CR_Down_97601,,,,,,,,,,,,,,,,00:13,,00:05,,,00:15,,,00:17,,00:23,,,,,,,,,,,,,,,,,,,,,,,,,,,,,,,00:33,,,,,,,,,,00:08,00:26,,,,,,,,,,,,,,00:20,,,,,,00:10,,,,,,,,00:29,,,,,,,,,,,,,,,,,,
CR_Down_97603,,,,,,,,,,,,,,,,08:37,,08:29,,,08:39,,,08:41,,08:47,,,,,,,,,,,,,,,,,,,,,,,,,,,,,,,08:59,,,,,,,,,,08:32,08:51,,,,,,,,,,,,,,08:44,,,,,,08:34,,,,,,,,08:54,,,,,,,,,,,,,,,,,,
CR_Down_97605,,,,,,,,,,,,,,,,08:49,,08:41,,,08:51,,,08:53,,08:59,,,,,,,,,,,,,,,,,,,,,,,,,,,,,,,09:10,,,,,,,,,,08:44,09:03,,,,,,,,,,,,,,08:56,,,,,,08:46,,,,,,,,09:06,,,,,,,,,,,,,,,,,,
CR_Down_97607,,,,,,,,,,,,,,,,09:01,,08:53,,,09:03,,,09:05,,09:11,,,,,,,,,,,,,,,,,,,,,,,,,,,,,,,09:21,,,,,,,,,,08:56,09:14,,,,,,,,,,,,,,09:08,,,,,,08:58,,,,,,,,09:17,,,,,,,,,,,,,,,,,,
CR_Down_97609,,,,,,,,,,,,,,,,09:20,,09:12,,,09:22,,,09:24,,09:30,,,,,,,,,,,,,,,,,,,,,,,,,,,,,,,09:40,,,,,,,,,,09:15,09:33,,,,,,,,,,,,,,09:27,,,,,,09:17,,,,,,,,09:36,,,,,,,,,,,,,,,,,,
CR_Down_97611,,,,,,,,,,,,,,,,09:31,,09:23,,,09:33,,,09:35,,09:41,,,,,,,,,,,,,,,,,,,,,,,,,,,,,,,09:51,,,,,,,,,,09:26,09:44,,,,,,,,,,,,,,09:38,,,,,,09:28,,,,,,,,09:47,,,,,,,,,,,,,,,,,,
CR_Down_97613,,,,,,,,,,,,,,,,09:53,,09:45,,,09:55,,,09:57,,10:03,,,,,,,,,,,,,,,,,,,,,,,,,,,,,,,10:13,,,,,,,,,,09:48,10:06,,,,,,,,,,,,,,10:00,,,,,,09:50,,,,,,,,10:09,,,,,,,,,,,,,,,,,,
CR_Down_97615,,,,,,,,,,,,,,,,10:08,,10:00,,,10:10,,,10:12,,10:18,,,,,,,,,,,,,,,,,,,,,,,,,,,,,,,10:28,,,,,,,,,,10:03,10:21,,,,,,,,,,,,,,10:15,,,,,,10:05,,,,,,,,10:24,,,,,,,,,,,,,,,,,,
CR_Down_97617,,,,,,,,,,,,,,,,10:38,,10:30,,,10:40,,,10:42,,10:52,,,,,,,,,,,,,,,,,,,,,,,,,,,,,,,11:02,,,,,,,,,,10:33,10:55,,,,,,,,,,,,,,10:47,,,,,,10:35,,,,,,,,10:58,,,,,,,,,,,,,,,,,,
CR_Down_97619,,,,,,,,,,,,,,,,10:52,,10:44,,,10:54,,,10:56,,11:02,,,,,,,,,,,,,,,,,,,,,,,,,,,,,,,11:13,,,,,,,,,,10:47,11:06,,,,,,,,,,,,,,10:59,,,,,,10:49,,,,,,,,11:09,,,,,,,,,,,,,,,,,,
CR_Down_97621,,,,,,,,,,,,,,,,11:08,,11:00,,,11:10,,,11:12,,11:19,,,,,,,,,,,,,,,,,,,,,,,,,,,,,,,11:29,,,,,,,,,,11:03,11:22,,,,,,,,,,,,,,11:15,,,,,,11:05,,,,,,,,11:25,,,,,,,,,,,,,,,,,,
CR_Down_97623,,,,,,,,,,,,,,,,11:20,,11:12,,,11:22,,,11:24,,11:30,,,,,,,,,,,,,,,,,,,,,,,,,,,,,,,11:40,,,,,,,,,,11:15,11:33,,,,,,,,,,,,,,11:27,,,,,,11:17,,,,,,,,11:36,,,,,,,,,,,,,,,,,,
CR_Down_97625,,,,,,,,,,,,,,,,16:51,,16:43,,,16:53,,,16:55,,17:01,,,,,,,,,,,,,,,,,,,,,,,,,,,,,,,17:11,,,,,,,,,,16:46,17:04,,,,,,,,,,,,,,16:58,,,,,,16:48,,,,,,,,17:07,,,,,,,,,,,,,,,,,,
CR_Down_97627,,,,,,,,,,,,,,,,17:36,,17:28,,,17:38,,,17:40,,17:46,,,,,,,,,,,,,,,,,,,,,,,,,,,,,,,17:56,,,,,,,,,,17:31,17:49,,,,,,,,,,,,,,17:43,,,,,,17:33,,,,,,,,17:52,,,,,,,,,,,,,,,,,,
CR_Down_97629,,,,,,,,,,,,,,,,17:52,,17:44,,,17:54,,,17:56,,18:02,,,,,,,,,,,,,,,,,,,,,,,,,,,,,,,18:12,,,,,,,,,,17:47,18:05,,,,,,,,,,,,,,17:59,,,,,,17:49,,,,,,,,18:08,,,,,,,,,,,,,,,,,,
CR_Down_97631,,,,,,,,,,,,,,,,18:30,,18:22,,,18:32,,,18:34,,18:40,,,,,,,,,,,,,,,,,,,,,,,,,,,,,,,18:50,,,,,,,,,,18:25,18:43,,,,,,,,,,,,,,18:37,,,,,,18:27,,,,,,,,18:46,,,,,,,,,,,,,,,,,,
CR_Down_97633,,,,,,,,,,,,,,,,18:57,,18:49,,,18:59,,,19:01,,19:07,,,,,,,,,,,,,,,,,,,,,,,,,,,,,,,19:17,,,,,,,,,,18:52,19:10,,,,,,,,,,,,,,19:04,,,,,,18:54,,,,,,,,19:13,,,,,,,,,,,,,,,,,,
CR_Down_97635,,,,,,,,,,,,,,,,20:49,,20:41,,,20:51,,,20:53,,20:59,,,,,,,,,,,,,,,,,,,,,,,,,,,,,,,21:10,,,,,,,,,,20:44,21:03,,,,,,,,,,,,,,20:56,,,,,,20:46,,,,,,,,21:06,,,,,,,,,,,,,,,,,,
CR_Down_97637,,,,,,,,,,,,,,,,21:44,,21:36,,,21:46,,,21:48,,21:54,,,,,,,,,,,,,,,,,,,,,,,,,,,,,,,22:04,,,,,,,,,,21:39,21:57,,,,,,,,,,,,,,21:51,,,,,,21:41,,,,,,,,22:00,,,,,,,,,,,,,,,,,,
CR_Down_97639,,,,,,,,,,,,,,,,22:04,,21:56,,,22:06,,,22:08,,22:14,,,,,,,,,,,,,,,,,,,,,,,,,,,,,,,22:25,,,,,,,,,,21:59,22:17,,,,,,,,,,,,,,22:11,,,,,,22:01,,,,,,,,22:20,,,,,,,,,,,,,,,,,,
CR_Down_97641,,,,,,,,,,,,,,,,22:39,,22:31,,,22:41,,,22:43,,22:49,,,,,,,,,,,,,,,,,,,,,,,,,,,,,,,23:00,,,,,,,,,,22:34,22:53,,,,,,,,,,,,,,22:46,,,,,,22:36,,,,,,,,22:56,,,,,,,,,,,,,,,,,,
CR_Down_97643,,,,,,,,,,,,,,,,23:02,,22:54,,,23:04,,,23:06,,23:12,,,,,,,,,,,,,,,,,,,,,,,,,,,,,,,23:22,,,,,,,,,,22:57,23:15,,,,,,,,,,,,,,23:09,,,,,,22:59,,,,,,,,23:18,,,,,,,,,,,,,,,,,,
CR_Down_97645,,,,,,,,,,,,,,,,23:12,,23:04,,,23:14,,,23:16,,23:22,,,,,,,,,,,,,,,,,,,,,,,,,,,,,,,23:33,,,,,,,,,,23:07,23:25,,,,,,,,,,,,,,23:19,,,,,,23:09,,,,,,,,23:28,,,,,,,,,,,,,,,,,,
CR_Down_97647,,,,,,,,,,,,,,,,23:31,,23:23,,,23:33,,,23:35,,23:41,,,,,,,,,,,,,,,,,,,,,,,,,,,,,,,23:51,,,,,,,,,,23:26,23:44,,,,,,,,,,,,,,23:38,,,,,,23:28,,,,,,,,23:47,,,,,,,,,,,,,,,,,,
CR_Down_97649,,,,,,,,,,,,,,,,23:42,,23:34,,,23:44,,,23:46,,23:52,,,,,,,,,,,,,,,,,,,,,,,,,,,,,,,,,,,,,,,,,23:37,23:55,,,,,,,,,,,,,,23:49,,,,,,23:39,,,,,,,,23:58,,,,,,,,,,,,,,,,,,
CR_Down_97651,,,,,,,,,,,,,,,,,,,,,,,,,,00:16,,,,,,,,,,,,,,,,,,,,,,,,,,,,,,,00:27,,,,,,,,,,,,,,,,,,,,,,,,,,,,,,,,,,,,,,,,,,,,,,,,,,,,,,,,,
CR_Up_95002,,,05:59,,,,,,,05:52,,,,,05:29,07:08,,07:18,,,,,,,,07:01,,,06:23,,04:58,06:18,,,06:49,,,,,,,,06:12,,,05:20,,05:01,,,,,,04:50,,,06:53,,04:54,,,,,,,,,,,,06:38,,,,,,,05:36,,05:08,,,,,,,,,,,,,,,05:40,,,,,06:34,,,06:03,,,05:44,,,,,,,,06:06
CR_Up_95004,,,07:21,,,,,,,07:14,,,,,06:51,08:29,,08:40,,,,,,,,08:23,,,,,06:24,07:40,,,08:11,,,,,,,,07:34,,,06:42,,06:27,,,,,,06:16,,,08:15,,06:20,,,,,,,,,,,,07:59,,,,,,,06:58,,06:34,,,,,,,,,,,,,,,07:02,,,,,07:55,,,07:25,,,07:06,,,,,,,,07:28
CR_Up_95006,,,09:45,,,,,,,09:38,,,,,09:15,10:55,,11:03,,,,,,,,10:49,,,,,08:48,10:04,,,10:37,,,,,,,,09:58,,,09:06,,08:51,,,,,,08:40,,,10:41,,08:44,,,,,,,,,,,,10:24,,,,,,,09:22,,08:58,,,,,,,,,,,,,,,09:26,,,,,10:20,,,09:49,,,09:30,,,,,,,,09:52
CR_Up_95008,,,14:53,,,,,,,14:46,,,,,14:23,16:01,,16:14,,,,,,,,15:53,,,,,13:56,15:12,,,15:41,,,,,,,,15:06,,,14:14,,13:59,,,,,,13:48,,,15:45,,13:52,,,,,,,,,,,,,,,,,,,14:30,,14:06,,,,,,,,,,,,,,,14:34,,,,,15:27,,,14:57,,,14:38,,,,,,,,15:00
CR_Up_95010,,,17:36,,,,,,,17:29,,,,,17:06,18:42,,18:51,,,,,,,,18:36,,,,,16:38,17:56,,,18:25,,,,,,,,17:50,,,16:57,,16:41,,,,,,16:30,,,18:29,,16:34,,,,,,,,,,,,,,,,,,,17:13,,16:48,,,,,,,,,,,,,,,17:17,,,,,18:11,,,17:41,,,17:21,,,,,,,,17:44
CR_Up_95012,,,19:07,,,,,,,19:00,,,19:50,,18:37,20:16,,20:24,,,,,,,,20:10,,,,,18:10,19:27,,,19:58,,,,,,,,19:21,,,18:28,,18:13,,,,,,18:02,,,20:02,,18:06,,,,,,,,,,,,,,,,,,,18:44,,18:20,,,,,,,,,,,,,,,18:48,,,,,19:42,,,19:11,,,18:52,,,,,,,,19:14
CR_Up_95102,,,05:32,,,,,,,05:25,,,,,05:02,06:40,,06:51,,,,,,,,06:31,,,,,,05:51,,,06:18,,,,,,,,05:45,,,04:53,,,,,,,,,,,06:22,,,,,,,,,,,06:26,,,06:09,,,,,,,05:09,,,,06:34,,,,,,,,,,,,,05:13,,,,,06:06,,,05:36,,,05:17,,,,,,,,05:39
CR_Up_95104,,,06:29,,,,,,,06:22,,,,,05:59,07:37,,07:45,,,,,,,,07:31,,,06:52,,,06:47,,,07:19,,,,,,,,06:41,,,05:50,,,,,,,,,,,07:23,,,,,,,,,,,,,,07:07,,,,,,,06:06,,,,,,,,,,,,,,,,,06:10,,,,,07:03,,,06:33,,,06:14,,,,,07:15,,,06:36
CR_Up_95106,,,07:13,,,,,,,07:06,,,,,06:42,08:21,,08:29,,,,,,,,08:15,,,,,,07:32,,,08:03,,,,,,,,07:26,,,06:33,,,,,,,,,,,08:07,,,,,,,,,,,,,,07:51,,,,,,,06:49,,,,,,,,,,,,,,,,,06:53,,,,,07:47,,,07:17,,,06:57,,,,,,,,07:20
CR_Up_95108,,,07:40,,,,,,,07:33,,,,,07:09,08:48,,08:58,,,,,,,,08:42,,,,,,07:59,,,,,,,,,,,07:53,,,07:00,,,,,,,,,,,08:34,,,,,,,,,,,,,,08:18,,,,,,,07:16,,,,,,,,,,,,,,,,,07:20,,,,,08:14,,,07:44,,,07:24,,,,,08:26,,,07:47
CR_Up_95110,,,07:58,,,,,,,07:51,,,08:40,,07:28,09:06,,09:15,,,,,,,,09:00,,,,,,08:16,,,08:48,,,,,,,,08:10,,,07:19,,,,,,,,,,,08:52,,,,,,,,,,,08:57,,,,,,,,,,07:35,,,,,,,,,,,,,,,,,07:39,,,,,08:32,,,08:02,,,07:43,,,,,,,,08:05
CR_Up_95112,,,08:32,,,,,,,08:25,,,,,08:01,09:41,,09:51,,,,,,,,09:35,,,,,,08:52,,,09:23,,,,,,,,08:46,,,07:52,,,,,,,,,,,09:27,,,,,,,,,,,,,,,,,,,,,08:08,,,,,,,,,,,,,,,,,08:12,,,,,09:07,,,08:36,,,08:16,,,,,,,,08:39
CR_Up_95114,,,09:06,,,,,,,08:59,,,,,08:36,10:20,,10:29,,,,,,,,10:14,,,,,,09:25,,,09:58,,,,,,,,09:19,,,08:27,,,,,,,,,,,10:03,,,,,,,,,,,,,,,,,,,,,08:43,,,,,,,,,,,,,,,,,08:47,,,,,09:43,,,09:10,,,08:51,,,,,,,,09:13
CR_Up_95116,,,10:25,,,,,,,10:18,,,,,09:54,11:35,,11:44,,,,,,,,11:29,,,10:51,,,10:46,,,11:17,,,,,,,,10:39,,,09:45,,,,,,,,,,,11:21,,,,,,,,,,,,,,11:07,,,,,,,10:01,,,,,,,,,,,,,,,,,10:05,,,,,11:03,,,10:29,,,10:09,,,,,,,,10:32
CR_Up_95118,,,11:22,,,,,,,11:15,,,,,10:52,12:35,,12:44,,,,,,,,12:29,,,,,,11:43,,,12:15,,,,,,,,11:36,,,10:43,,,,,,,,,,,12:20,,,,,,,,,,,,,,,,,,,,,10:59,,,,,,,,,,,,,,,,,11:03,,,,,11:59,,,11:27,,,11:07,,,,,,,,11:30
CR_Up_95120,,,11:58,,,,,,,11:51,,,,,11:28,13:06,,13:15,,,,,,,,13:00,,,12:22,,,12:17,,,12:48,,,,,,,,12:11,,,11:19,,,,,,,,,,,12:52,,,,,,,,,,,,,,,,,,,,,11:35,,,,,,,,,,,,,,,,,11:39,,,,,12:33,,,12:02,,,11:43,,,,,,,,12:05
CR_Up_95122,,,12:39,,,,,,,12:32,,,,,12:09,13:50,,13:59,,,,,,,,13:44,,,13:04,,,12:59,,,13:32,,,,,,,,12:52,,,12:00,,,,,,,,,,,13:36,,,,,,,,,,,,,,13:20,,,,,,,12:16,,,,,,,,,,,,,,,,,12:20,,,,,13:16,,,12:43,,,12:24,,,,,,,,12:46
CR_Up_95124,,,13:02,,,,,,,12:55,,,,,12:32,14:11,,14:20,,,,,,,,14:05,,,13:27,,,13:22,,,13:53,,,,,,,,13:16,,,12:23,,,,,,,,,,,13:57,,,,,,,,,,,,,,,,,,,,,12:39,,,,,,,,,,,,,,,,,12:43,,,,,13:38,,,13:06,,,12:47,,,,,,,,13:09
CR_Up_95126,,,13:39,,,,,,,13:32,,,,,13:09,14:47,,14:55,,,,,,,,14:41,,,,,,14:00,,,14:29,,,,,,,,13:53,,,13:00,,,,,,,,,,,14:33,,,,,,,,,,,,,,,,,,,,,13:16,,,,,,,,,,,,,,,,,13:20,,,,,14:15,,,13:44,,,13:24,,,,,,,,13:47
CR_Up_95128,,,14:34,,,,,,,14:27,,,,,14:04,15:45,,15:55,,,,,,,,15:38,,,,,,14:54,,,15:26,,,,,,,,14:47,,,13:55,,,,,,,,,,,15:30,,,,,,,,,,,,,,,,,,,,,14:11,,,,,,,,,,,,,,,,,14:15,,,,,15:11,,,14:38,,,14:19,,,,,,,,14:41
CR_Up_95130,,,16:05,,,,,,,15:58,,,,,15:35,17:17,,17:26,,,,,,,,17:08,,,,,,16:24,,,16:56,,,,,,,,16:18,,,15:26,,,,,,,,,,,17:00,,,,,,,,,,,,,,16:44,,,,,,,15:42,,,,,,,,,,,,,,,,,15:46,,,,,16:40,,,16:09,,,15:50,,,,,,,,16:12
CR_Up_95132,,,16:39,,,,,,,16:32,,,,,16:09,17:48,,17:57,,,,,,,,17:42,,,,,,17:00,,,17:30,,,,,,,,16:54,,,16:00,,,,,,,,,,,17:34,,,,,,,,,,,,,,17:19,,,,,,,16:16,,,,,,,,,,,,,,,,,16:20,,,,,17:15,,,16:43,,,16:24,,,,,,,,16:46
CR_Up_95134,,,18:12,,,,,,,18:05,,,,,17:42,19:20,,19:28,,,,,,,,19:14,,,,,,18:32,,,19:02,,,,,,,,18:25,,,17:33,,,,,,,,,,,19:06,,,,,,,,,,,,,,,,,,,,,17:49,,,,,,,,,,,,,,,,,17:53,,,,,18:47,,,18:16,,,17:57,,,,,,,,18:19
CR_Up_95136,,,18:35,,,,,,,18:28,,,,,18:05,19:46,,19:56,,,,,,,,19:40,,,,,,18:57,,,19:27,,,,,,,,18:49,,,17:56,,,,,,,,,,,19:31,,,,,,,,,,,,,,,,,,,,,18:12,,,,,,,,,,,,,,,,,18:16,,,,,19:12,,,18:40,,,18:20,,,,,,,,18:43
CR_Up_95138,,,19:19,,,,,,,19:12,,,,,18:49,20:32,,20:41,,,,,,,,20:23,,,,,,19:39,,,20:11,,,,,,,,19:32,,,18:40,,,,,,,,,,,20:15,,,,,,,,,,,,,,,,,,,,,18:56,,,,,,,,,,,,,,,,,19:00,,,,,19:54,,,19:23,,,19:04,,,,,20:07,,,19:26
CR_Up_95140,,,20:22,,,,,,,20:15,,,,,19:52,21:30,,21:39,,,,,,,,21:24,,,,,,20:42,,,21:12,,,,,,,,20:35,,,19:43,,,,,,,,,,,21:16,,,,,,,,,,,,,,,,,,,,,19:59,,,,,,,,,,,,,,,,,20:03,,,,,20:57,,,20:26,,,20:07,,,,,,,,20:29
CR_Up_95142,,,21:18,,,,,,,21:10,,,,,20:47,22:28,,22:41,,,,,,,,22:22,,,,,,21:40,,,22:09,,,,,,,,21:33,,,20:38,,,,,,,,,,,22:13,,,,,,,,,,,,,,21:59,,,,,,,20:54,,,,,,,,,,,,,,,,,20:58,,,,,21:55,,,21:23,,,21:02,,,,,,,,21:26
CR_Up_95144,,,21:49,,,,,,,21:42,,,,,21:19,22:55,,23:04,,,,,,,,22:49,,,,,,22:08,,,22:37,,,,,,,,22:02,,,21:10,,,,,,,,,,,22:41,,,,,,,,,,,,,,22:28,,,,,,,21:26,,,,,,,,,,,,,,,,,21:30,,,,,22:24,,,21:53,,,21:34,,,,,,,,21:56
CR_Up_95146,,,22:42,,,,,,,22:35,,,,,22:12,23:50,,23:59,,,,,,,,23:43,,,23:05,,,23:00,,,23:29,,,,,,,,22:54,,,22:03,,,,,,,,,,,23:33,,,,,,,,,,,,,,,,,,,,,22:19,,,,,,,,,,,,,,,,,22:23,,,,,23:15,,,22:46,,,22:27,,,,,,,,22:49
CR_Up_95202,,,07:00,,,,,,,06:52,,,,,,08:07,,08:16,,,,,,,,08:01,,,,,,07:18,,,07:49,,,,,,,,07:12,,,,,,,,,,,,,,07:53,,,,,,,,,,,,,,,,,,,,,,,,,,,,,,,,,,,,,,,,,,,07:33,,,07:04,,,,,,,,,,,07:07
CR_Up_95204,,,08:18,,,,,,,08:10,,,,,,09:25,,09:33,,,,,,,,09:19,,,,,,08:36,,,09:07,,,,,,,,08:30,,,,,,,,,,,,,,09:11,,,,,,,,,,,,,,08:55,,,,,,,,,,,,,,,,,,,,,,,,,,,,,08:51,,,08:22,,,,,,,,09:03,,,08:25
CR_Up_95206,,,08:54,,,,,,,08:45,,,,,,10:05,,10:13,,,,,,,,09:59,,,09:18,,,09:13,,,09:46,,,,,,,,09:06,,,,,,,,,,,,,,09:50,,,,,,,,,,,,,,,,,,,,,,,,,,,,,,,,,,,,,,,,,,,09:29,,,08:58,,,,,,,,,,,09:01
CR_Up_95208,,,09:37,,,,,,,09:29,,,10:22,,,10:49,,10:57,,,,,,,,10:43,,,,,,09:58,,,10:30,,,,,,,,09:50,,,,,,,,,,,,,,10:34,,,,,,,,,,,,,,,,,,,,,,,,,,,,,,,,,,,,,,,,,,,10:13,,,09:41,,,,,,,,,,,09:44
CR_Up_95210,,,10:51,,,,,,,10:42,,,,,,12:03,,12:12,,,,,,,,11:55,,,11:17,,,11:12,,,11:43,,,,,,,,11:05,,,,00:00,,,,,,,,,,11:47,,,,,,,,,,,,,,,,,,,,,,,,,,,,,,,,,,,,,,,,,,,11:29,,,10:55,,,,,,,,,,,10:58
CR_Up_95212,,,12:24,,,,,,,12:15,,,,,,13:33,,13:42,,,,,,,,13:27,,,,,,12:43,,,13:15,,,,,,,,12:37,,,,,,,,,,,,,,13:19,,,,,,,,,,,,,,,,,,,,,,,,,,,,,,,,,,,,,,,,,,,13:00,,,12:28,,,,,,,,,,,12:31
CR_Up_95214,,,12:36,,,,,,,12:27,,,,,,,,,,,,,,,,13:38,,,,,,12:54,,,13:25,,,,,,,,12:48,,,,,,,,,,,,,,13:29,,,,,,,,,,,,,,,,,,,,,,,,,,,,,,,,,,,,,,,,,,,13:10,,,,,,,,,,,,,,
CR_Up_95216,,,13:31,,,,,,,13:22,,,,,,14:40,,14:49,,,,,,,,14:35,,,13:56,,,13:51,,,14:23,,,,,,,,13:44,,,,,,,,,,,,,,14:27,,,,,,,,,,,,,,14:11,,,,,,,,,,,,,,,,,,,,,,,,,,,,,14:07,,,13:35,,,,,,,,,,,13:38
CR_Up_95218,,,13:56,,,,,,,13:48,,,,,,,,,,,,,,,,14:59,,,,,,14:15,,,14:46,,,,,,,,14:09,,,,,,,,,,,,,,14:51,,,,,,,,,,,,,,,,,,,,,,,,,,,,,,,,,,,,,,,,,,,14:30,,,,,,,,,,,,,,
CR_Up_95220,,,14:19,,,,,,,14:11,,,,,,15:26,,15:35,,,,,,,,15:20,,,,,,14:37,,,15:08,,,,,,,,14:31,,,,,,,,,,,,,,15:12,,,,,,,,,,,,,,14:56,,,,,,,,,,,,,,,,,,,,,,,,,,,,,14:52,,,14:23,,,,,,,,,,,14:26
CR_Up_95222,,,15:05,,,,,,,14:57,,,,,,16:12,,16:23,,,,,,,,16:06,,,,,,15:23,,,15:54,,,,,,,,15:17,,,,,,,,,,,,,,15:58,,,,,,,,,,,,,,15:42,,,,,,,,,,,,,,,,,,,,,,,,,,,,,15:38,,,15:09,,,,,,,,,,,15:12
CR_Up_95224,,,15:40,,,,,,,15:32,,,16:21,,,16:47,,16:56,,,,,,,,16:41,,,,,,15:58,,,16:29,,,,,,,,15:52,,,,,,,,,,,,,,16:33,,,,,,,,,,,,,,,,,,,,,,,,,,,,,,,,,,,,,,,,,,,16:13,,,15:44,,,,,,,,,,,15:47
CR_Up_95226,,,15:55,,,,,,,15:47,,,,,,17:03,,17:13,,,,,,,,16:57,,,,,,16:13,,,16:45,,,,,,,,16:07,,,,,,,,,,,,,,16:49,,,,,,,,,,,,,,16:32,,,,,,,,,,,,,,,,,,,,,,,,,,,,,16:28,,,15:59,,,,,,,,,,,16:02
CR_Up_95228,,,16:26,,,,,,,16:18,,,,,,17:33,,17:41,,,,,,,,17:27,,,,,,16:45,,,17:15,,,,,,,,16:38,,,,,,,,,,,,,,17:19,,,,,,,,,,,,,,17:04,,,,,,,,,,,,,,,,,,,,,,,,,,,,,17:00,,,16:30,,,,,,,,,,,16:33
CR_Up_95230,,,16:56,,,,,,,16:47,,,,,,18:01,,18:10,,,,,,,,17:55,,,,,,17:15,,,17:43,,,,,,,,17:09,,,,,,,,,,,,,,17:47,,,,,,,,,,,,,,,,,,,,,,,,,,,,,,,,,,,,,,,,,,,17:30,,,17:00,,,,,,,,,,,17:03
CR_Up_95232,,,17:08,,,,,,,17:00,,,,,,18:13,,18:21,,,,,,,,18:07,,,17:31,,,17:26,,,17:56,,,,,,,,17:20,,,,,,,,,,,,,,18:00,,,,,,,,,,,,,,17:45,,,,,,,,,,,,,,,,,,,,,,,,,,,,,17:41,,,17:12,,,,,,,,,,,17:15
CR_Up_95234,,,17:24,,,,,,,17:16,,,,,,18:30,,18:38,,,,,,,,18:24,,,,,,17:42,,,18:13,,,,,,,,17:36,,,,,,,,,,,,,,18:17,,,,,,,,,,,,,,18:01,,,,,,,,,,,,,,,,,,,,,,,,,,,,,17:57,,,17:28,,,,,,,,,,,17:31
CR_Up_95236,,,18:25,,,,,,,18:17,,,19:08,,,19:34,,19:44,,,,,,,,19:28,,,,,,18:43,,,19:15,,,,,,,,18:37,,,,,,,,,,,,,,19:20,,,,,,,,,,,,,,,,,,,,,,,,,,,,,,,,,,,,,,,,,,,19:00,,,18:29,,,,,,,,,,,18:32
CR_Up_95238,,,19:03,,,,,,,18:55,,,,,,20:09,,20:18,,,,,,,,20:03,,,,,,19:21,,,19:51,,,,,,,,19:15,,,,,,,,,,,,,,19:55,,,,,,,,,,,,,,19:40,,,,,,,,,,,,,,,,,,,,,,,,,,,,,19:36,,,19:07,,,,,,,,,,,19:10
CR_Up_95240,,,19:42,,,,,,,19:34,,,,,,20:50,,20:59,,,,,,,,20:44,,,,,,20:02,,,20:32,,,,,,,,19:55,,,,,,,,,,,,,,20:36,,,,,,,,,,,,,,,,,,,,,,,,,,,,,,,,,,,,,,,,,,,20:17,,,19:46,,,,,,,,,,,19:49
CR_Up_95242,,,20:11,,,,,,,20:03,,,,,,21:21,,21:32,,,,,,,,21:13,,,,,,20:29,,,21:00,,,,,,,,20:23,,,,,,,,,,,,,,21:04,,,,,,,,,,,,,,20:48,,,,,,,,,,,,,,,,,,,,,,,,,,,,,20:44,,,20:15,,,,,,,,,,,20:18
CR_Up_95244,,,20:54,,,,,,,20:46,,,,,,22:02,,22:11,,,,,,,,21:55,,,,,,21:15,,,21:43,,,,,,,,21:08,,,,,,,,,,,,,,21:47,,,,,,,,,,,,,,,,,,,,,,,,,,,,,,,,,,,,,,,,,,,21:30,,,20:58,,,,,,,,,,,21:01
CR_Up_95246,,,21:45,,,,,,,21:37,,,,,,22:52,,23:01,,,,,,,,22:44,,,,,,22:03,,,22:32,,,,,,,,21:57,,,,,,,,,,,,,,22:36,,,,,,,,,,,,,,22:23,,,,,,,,,,,,,,,,,,,,,,,,,,,,,22:19,,,21:49,,,,,,,,,,,21:52
CR_Up_95248,,,22:05,,,,,,,21:58,,,,,,23:17,,23:27,,,,,,,,23:10,,,,,,22:28,,,22:58,,,,,,,,22:21,,,,,,,,,,,,,,23:02,,,,,,,,,,,,,,22:48,,,,,,,,,,,,,,,,,,,,,,,,,,,,,22:44,,,22:10,,,,,,,,,,,22:13
CR_Up_95302,,,07:17,,,,,,,,,,,,,08:25,,08:36,,,,,,,,08:19,,,,,,07:36,,,,,,,,,,,07:30,,,,,,,,,,,,,,08:11,,,,,,,,,,,,,,,,,,,,,,,,,,,,,,,,,,,,,,,,,,,07:51,,,07:22,,,,,,,,08:03,,,07:25
CR_Up_95304,,,07:35,,,,,,,,,,08:18,,,08:44,,08:54,,,,,,,,08:38,,,,,,07:55,,,08:26,,,,,,,,07:49,,,,,,,,,,,,,,08:30,,,,,,,,,,,,,,,,,,,,,,,,,,,,,,,,,,,,,,,,,,,08:10,,,07:40,,,,,,,,,,,07:43
CR_Up_95306,,,07:51,,,,,,,,,,08:34,,,09:00,,09:09,,,,,,,,08:54,,,,,,08:10,,,08:42,,,,,,,,08:04,,,,,,,,,,,,,,08:46,,,,,,,,,,,,,,,,,,,,,,,,,,,,,,,,,,,,,,,,,,,08:26,,,07:56,,,,,,,,,,,07:59
CR_Up_95308,,,08:10,,,,,,,,,,,,,09:18,,09:26,,,,,,,,09:12,,,,,,08:29,,,,,,,,,,,08:23,,,,,,,,,,,,,,09:04,,,,,,,,,,,,,,08:48,,,,,,,,,,,,,,,,,,,,,,,,,,,,,08:44,,,08:15,,,,,,,,08:56,,,08:18
CR_Up_95310,,,08:27,,,,,,,,,,09:09,,,09:35,,09:44,,,,,,,,09:29,,,,,,08:46,,,09:17,,,,,,,08:56,08:40,,,,,,,,,,,,,,09:21,,,,,,,,,,,,,,,,,,,,,,,,,,,,,,,,,,,,,,,,,,,09:01,,,08:32,,,,,,,,,,,08:35
CR_Up_95312,,,08:49,,,,,,,,,,09:34,,,10:01,,10:10,,,,,,,,09:55,,,09:13,,,09:08,,,09:42,,,,,,,,09:02,,,,,,,,,,,,,,09:46,,,,,,,,,,,,,,,,,,,,,,,,,,,,,,,,,,,,,,,,,,,09:25,,,08:54,,,,,,,,,,,08:57
CR_Up_95314,,,09:52,,,,,,,,,,,,,11:01,,11:10,,,,,,,,10:55,,,10:18,,,10:13,,,10:43,,,,,,,,10:06,,,,,,,,,,,,,,10:47,,,,,,,,,,,,,,,,,,,,,,,,,,,,,,,,,,,,,,,,,,,10:29,,,09:57,,,,,,,,,,,10:00
CR_Up_95316,,,10:15,,,,,,,,,,,,,11:24,,11:33,,,,,,,,11:18,,,,,,10:34,,,11:06,,,,,,,,10:28,,,,,,,,,,,,,,11:10,,,,,,,,,,,,,,,,,,,,,,,,,,,,,,,,,,,,,,,,,,,10:50,,,10:20,,,,,,,,,,,10:23
CR_Up_95318,,,11:38,,,,,,,,,,,,,,,,,,,,,,,12:36,,,,,,11:58,,,12:24,,,,,,,,11:52,,,,,,,,,,,,,,12:28,,,,,,,,,,,,,,,,,,,,,,,,,,,,,,,,,,,,,,,,,,,12:14,,,,,,,,,,,,,,
CR_Up_95320,,,14:24,,,,,,,,,,,,,15:33,,15:41,,,,,,,,15:27,,,14:49,,,14:44,,,15:15,,,,,,,,14:37,,,,,,,,,,,,,,15:19,,,,,,,,,,,,,,,,,,,,,,,,,,,,,,,,,,,,,,,,,,,15:00,,,14:29,,,,,,,,,,,14:32
CR_Up_95322,,,14:45,,,,,,,,,,,,,15:57,,16:09,,,,,,,,15:50,,,,,,15:05,,,15:38,,,,,,,,14:58,,,,,,,,,,,,,,15:42,,,,,,,,,,,,,,15:26,,,,,,,,,,,,,,,,,,,,,,,,,,,,,15:22,,,14:50,,,,,,,,,,,14:53
CR_Up_95324,,,15:12,,,,,,,,,,15:54,,,16:20,,16:31,,,,,,,,16:14,,,,,,15:31,,,16:02,,,,,,,,15:25,,,,,,,,,,,,,,16:06,,,,,,,,,,,,,,,,,,,,,,,,,,,,,,,,,,,,,,,,,,,15:46,,,15:17,,,,,,,,,,,15:20
CR_Up_95326,,,16:21,,,,,,,,,,17:03,,,17:29,,17:37,,,,,,,,17:23,,,,,,16:40,,,17:11,,,,,,,,16:34,,,,,,,,,,,,,,17:15,,,,,,,,,,,,,,,,,,,,,,,,,,,,,,,,,,,,,,,,,,,16:55,,,16:26,,,,,,,,,,,16:29
CR_Up_95328,,,16:45,,,,,,,,,,,,,,,,,,,,,,,17:45,,,,,,17:04,,,17:33,,,,,,,,16:58,,,,,,,,,,,,,,17:37,,,,,,,,,,,,,,,,,,,,,,,,,,,,,,,,,,,,,,,,,,,17:19,,,,,,,,,,,,,,
CR_Up_95330,,,17:32,,,,,,,,,,,,,18:38,,18:46,,,,,,,,18:32,,,,,,17:51,,,18:21,,,,,,,,17:45,,,,,,,,,,,,,,18:25,,,,,,,,,,,,,,18:10,,,,,,,,,,,,,,,,,,,,,,,,,,,,,18:06,,,17:37,,,,,,,,,,,17:40
CR_Up_95332,,,17:49,,,,,,,,,,,,,18:59,,19:11,,,,,,,,18:53,,,,,,18:12,,,,,,,,,,,18:05,,,,,,,,,,,,,,18:45,,,,,,,,,,,,,,18:31,,,,,,,,,,,,,,,,,,,,,,,,,,,,,18:27,,,17:55,,,,,,,,18:38,,,17:58
CR_Up_95334,,,18:03,,,,,,,,,,,,,,,,,,,,,,,19:08,,,,,,18:25,,,18:56,,,,,,,,18:18,,,,,,,,,,,,,,19:00,,,,,,,,,,,,,,,,,,,,,,,,,,,,,,,,,,,,,,,,,,,18:41,,,,,,,,,,,,,,
CR_Up_95336,,,18:30,,,,,,,,,,,,,,,,,,,,,,,19:32,,,,,,18:49,,,19:20,,,,,,,,18:43,,,,,,,,,,,,,,19:24,,,,,,,,,,,,,,,,,,,,,,,,,,,,,,,,,,,,,,,,,,,19:04,,,,,,,,,,,,,,
CR_Up_95338,,,19:12,,,,,,,,,,,,,,,,,,,,,,,20:16,,,19:37,,,19:32,,,,,,,,,,,19:25,,,,,,,,,,,,,,20:08,,,,,,,,,,,,,,,,,,,,,,,,,,,,,,,,,,,,,,,,,,,19:48,,,,,,,,,,,,,,
CR_Up_95340,,,20:05,,,,,,,,,,20:51,,,21:17,,21:27,,,,,,,,21:09,,,,,,20:25,,,20:57,,,,,,,,20:19,,,,,,,,,,,,,,21:01,,,,,,,,,,,,,,,,,,,,,,,,,,,,,,,,,,,,,,,,,,,20:40,,,20:10,,,,,,,,,,,20:13
CR_Up_95342,,,20:50,,,,,,,,,,,,,21:58,,22:07,,,,,,,,21:51,,,,,,21:11,,,21:39,,,,,,,,21:04,,,,,,,,,,,,,,21:43,,,,,,,,,,,,,,,,,,,,,,,,,,,,,,,,,,,,,,,,,,,21:26,,,20:55,,,,,,,,,,,20:58
CR_Up_95344,,,21:07,,,,,,,,,,,,,22:19,,22:28,,,,,,,,22:11,,,,,,21:29,,,21:59,,,,,,,,21:21,,,,,,,,,,,,,,22:03,,,,,,,,,,,,,,,,,,,,,,,,,,,,,,,,,,,,,,,,,,,21:44,,,21:12,,,,,,,,,,,21:15
CR_Up_95402,,,,07:13,,06:47,06:37,,,,,,07:51,,,08:17,,08:25,,,,,,,,08:11,,,07:33,,,07:28,,,07:59,,,,,,,,07:22,,,,06:10,,07:00,,,06:27,,,,,08:03,,,,,,,,,,,,,,,,,,,,,,,,,,,,,,,,,,,,,07:16,,,,,,07:43,,07:07,,,,,,,06:53,,,,,
CR_Up_95404,,,,08:03,,07:35,07:24,,,,,,,,,09:10,,09:18,,,,,,,,09:04,,,,,,08:20,,,08:52,,,,,,,,08:14,,,,06:57,,07:50,,,07:14,,,,,08:56,,,,,,,,,,,,,,08:40,,,,,,,,,,,,,,,,,,,,,,,08:07,,,,,,08:36,,07:57,,,,,,,07:43,,,,,
CR_Up_95406,,,,08:25,,07:59,07:49,,,,,,,,,09:32,,09:40,,,,,,,,09:26,,,08:46,,,08:42,,,,,,,,,,,08:36,,,,07:22,,08:12,,,07:39,,,,,09:18,,,,,,,,,,,,,,09:02,,,,,,,,,,,,,,,,,,,,,,,08:29,,,,,,08:58,,08:19,,,,,,,08:05,,09:10,,,
CR_Up_95408,,,,09:21,,08:55,08:45,,,,,,,,,10:41,,10:50,,,,,,,,10:35,,,09:49,,,09:41,,,10:22,,,,,,,09:59,09:32,,,,08:18,,09:08,,,08:35,,,,09:44,10:26,,,,,,,,,,,,,,10:10,,,09:53,,,,,,,,,,,,,,,,,,,,09:24,,,,,09:38,10:05,,09:15,,,,,,,09:01,,,,,
CR_Up_95410,,,,11:21,,10:55,10:45,,,,,,,,,12:32,,12:40,,,,,,,,12:26,,,11:43,,,11:38,,,12:12,,,,,,,,11:31,,,,10:18,,11:08,,,10:35,,,,,12:17,,,,,,,,,,,,,,11:59,,,,,,,,,,,,,,,,,,,,,,,11:24,,,,,,11:55,,11:15,,,,,,,11:01,,,,,
CR_Up_95412,,,,12:13,,11:47,11:37,,,,,,,,,13:15,,13:25,,,,,,,,13:09,,,,,,12:28,,,12:57,,,,,,,,12:22,,,,11:10,,12:00,,,11:27,,,,,13:01,,,,,,,,,,,,,,12:47,,,,,,,,,,,,,,,,,,,,,,,12:16,,,,,,12:43,,12:07,,,,,,,11:53,,,,,
CR_Up_95414,,,,13:22,,12:56,12:46,,,,,,,,,14:29,,14:38,,,,,,,,14:23,,,13:43,,,13:38,,,14:11,,,,,,,,13:32,,,,12:19,,13:09,,,12:36,,,,,14:15,,,,,,,,,,,,,,,,,,,,,,,,,,,,,,,,,,,,,13:25,,,,,,13:55,,13:16,,,,,,,13:02,,,,,
CR_Up_95416,,,,14:34,,14:08,13:58,,,,,,,,,15:41,,15:49,,,,,,,,15:35,,,14:56,,,14:51,,,15:23,,,,,,,,14:44,,,,13:31,,14:21,,,13:48,,,,,15:27,,,,,,,,,,,,,,,,,,,,,,,,,,,,,,,,,,,,,14:37,,,,,,15:08,,14:28,,,,,,,14:14,,,,,
CR_Up_95418,,,,15:45,,15:18,15:09,,,,,,16:27,,,16:54,,17:02,,,,,,,,16:48,,,16:08,,,16:03,,,16:36,,,,,,,,15:56,,,,14:42,,15:31,,,14:59,,,,,16:40,,,,,,,,,,,,,,,,,,,,,,,,,,,,,,,,,,,,,15:49,,,,,,16:19,,15:39,,,,,,,15:24,,,,,
CR_Up_95420,,,,16:38,,16:12,16:02,,,,,,,,,17:43,,17:51,,,,,,,,17:37,,,17:00,,,16:55,,,17:25,,,,,,,,16:48,,,,15:35,,16:25,,,15:52,,,,,17:29,,,,,,,,,,,,,,,,,,,,,,,,,,,,,,,,,,,,,16:41,,,,,,17:10,,16:32,,,,,,,16:18,,,,,
CR_Up_95422,,,,17:20,,16:54,16:43,,,,,,17:59,,,18:24,,18:34,,,,,,,,18:18,,,,,,17:36,,,18:07,,,,,,,,17:30,,,,16:16,,17:07,,,16:33,,,,,18:11,,,,,,,,,,,,,,,,,,,,,,,,,,,,,,,,,,,,,17:23,,,,,,17:52,,17:14,,,,,,,17:00,,,,,
CR_Up_95424,,,,18:05,,17:39,17:29,,,,,,,,,19:10,,19:19,,,,,,,,19:04,,,18:26,,,18:21,,,18:52,,,,,,,,18:14,,,,17:02,,17:52,,,17:19,,,,,18:56,,,,,,,,,,,,,,18:41,,,,,,,,,,,,,,,,,,,,,,,18:08,,,,,,18:37,,17:59,,,,,,,17:45,,,,,
CR_Up_95426,,,,19:20,,18:54,18:44,,,,,,19:59,,,20:26,,20:35,,,,,,,,20:19,,,,,,19:36,,,20:07,,,,,,,,19:29,,,,18:17,,19:07,,,18:34,,,,,20:11,,,,,,,,,,,,,,,,,,,,,,,,,,,,,,,,,,,,,19:23,,,,,,19:51,,19:14,,,,,,,19:00,,,,,
CR_Up_95428,,,,21:18,,20:52,20:42,,,,,,,,,22:24,,22:35,,,,,,,,22:18,,,,,,21:34,,,22:06,,,,,,,,21:26,,,,20:15,,21:05,,,20:32,,,,,22:10,,,,,,,,,,,,,,21:54,,,,,,,,,,,,,,,,,,,,,,,21:21,,,,,,21:50,,21:12,,,,,,,20:58,,,,,
CR_Up_95430,,,,22:23,,21:57,21:48,,,,,,,,,23:30,,23:38,,,,,,,,23:24,,,,,,22:41,,,23:12,,,,,,,,22:33,,,,21:21,,22:10,,,21:38,,,,,23:16,,,,,,,,,,,,,,23:02,,,,,,,,,,,,,,,,,,,,,,,22:26,,,,,,22:58,,22:17,,,,,,,22:03,,,,,
CR_Up_95502,,,,07:56,,07:28,,,,,,,,,,09:03,,09:12,,,,,,,,08:57,,,,,,08:13,,,08:45,,,,,,,,08:07,,,,,,07:43,,,,,,,,08:49,,,,,,,,,,,,,,08:33,,,,,,,,,,,,,,,,,,,,,,,08:00,,,,,,08:29,,07:50,,,,,,,07:36,,,,,
CR_Up_95504,,,,08:59,,08:30,,,,,,,09:40,,,10:08,,10:16,,,,,,,,10:02,,,,,,09:16,,,09:49,,,,,,,,09:09,,,,,,08:46,,,,,,,,09:53,,,,,,,,,,,,,,,,,09:23,,,,,,,,,,,,,,,,,,,,09:02,,,,,,09:32,,08:53,,,,,,,08:39,,,,,
CR_Up_95506,,,,15:30,,15:02,,,,,,,,,,16:36,,16:44,,,,,,,,16:30,,,,,,15:47,,,16:18,,,,,,,,15:40,,,,,,15:17,,,,,,,,16:22,,,,,,,,,,,,,,,,,,,,,,,,,,,,,,,,,,,,,15:33,,,,,,16:02,,15:24,,,,,,,15:10,,,,,
CR_Up_95508,,,,16:11,,15:43,,,,,,,,,,17:20,,17:30,,,,,,,,17:13,,,,,,16:29,,,17:01,,,,,,,,16:21,,,,,,15:58,,,,,,,,17:05,,,,,,,,,,,,,,16:49,,,,,,,,,,,,,,,,,,,,,,,16:14,,,,,,16:45,,16:05,,,,,,,15:51,,,,,
CR_Up_95510,,,,17:04,,16:36,,,,,,,17:41,,,18:05,,18:14,,,,,,,,17:59,,,,,,17:19,,,17:48,,,,,,,,17:12,,,,,,16:51,,,,,,,,17:52,,,,,,,,,,,,,,,,,,,,,,,,,,,,,,,,,,,,,17:07,,,,,,17:34,,16:58,,,,,,,16:44,,,,,
CR_Up_95512,,,,18:18,,17:50,,,,,,,,,,19:24,,19:33,,,,,,,,19:18,,,18:40,,,18:35,,,19:06,,,,,,,,18:28,,,,,,18:05,,,,,,,,19:10,,,,,,,,,,,,,,18:55,,,,,,,,,,,,,,,,,,,,,,,18:21,,,,,,18:51,,18:12,,,,,,,17:58,,,,,
CR_Up_95514,,,,19:38,,19:10,,,,,,,,,,20:43,,20:55,,,,,,,,20:37,,,,,,19:54,,,20:25,,,,,,,,19:47,,,,,,19:25,,,,,,,,20:29,,,,,,,,,,,,,,20:13,,,,,,,,,,,,,,,,,,,,,,,19:41,,,,,,20:09,,19:32,,,,,,,19:18,,,,,
CR_Up_95516,,,,21:01,,20:33,,,,,,,,,,22:11,,22:20,,,,,,,,22:03,,,21:25,,,21:20,,,21:51,,,,,,,,21:12,,,,,,20:48,,,,,,,,21:55,,,,,,,,,,,,,,21:39,,,,,,,,,,,,,,,,,,,,,,,21:04,,,,,,21:35,,20:55,,,,,,,20:41,,,,,
CR_Up_95602,,,,07:27,,,,,,,,,,,,08:33,,08:47,,,,,,,,08:27,,,,,,07:44,,,08:15,,,,,,,,07:37,,,,,,,,,,,,,,08:19,,,,,,,,,,,,,,08:03,,,,,,,,,,,,,,,,,,,,,,,07:31,,,,,,07:59,,07:21,,,,,,,,,,,,
CR_Up_95604,,,,09:10,,,,,,,,,10:00,,,10:26,,10:34,,,,,,,,10:20,,,09:36,,,09:28,,,10:08,,,,,,,09:46,09:20,,,,,,,,,,,,,09:31,10:12,,,,,,,,,,,,,,,,,09:40,,,,,,,,,,,,,,,,,,,,09:13,,,,,09:25,09:51,,09:04,,,,,,,,,,,,
CR_Up_95606,,,,10:51,,,,,,,,,,,,11:59,,12:08,,,,,,,,11:51,,,,,,11:09,,,11:39,,,,,,,,11:02,,,,,,,,,,,,,,11:43,,,,,,,,,,,,,,,,,,,,,,,,,,,,,,,,,,,,,10:55,,,,,,11:25,,10:45,,,,,,,,,,,,
CR_Up_95608,,,,16:04,,,,,,,,,,,,17:14,,17:22,,,,,,,,17:05,,,,,,16:21,,,16:53,,,,,,,,16:15,,,,,,,,,,,,,,16:57,,,,,,,,,,,,,,16:41,,,,,,,,,,,,,,,,,,,,,,,16:07,,,,,,16:37,,15:58,,,,,,,,,,,,
CR_Up_95610,,,,16:53,,,,,,,,,,,,17:55,,18:06,,,,,,,,17:49,,,,,,17:09,,,17:37,,,,,,,,17:03,,,,,,,,,,,,,,17:41,,,,,,,,,,,,,,,,,,,,,,,,,,,,,,,,,,,,,16:57,,,,,,17:24,,16:47,,,,,,,,,,,,
CR_Up_95612,,,,17:13,,,,,,,,,,,,18:16,,18:26,,,,,,,,18:10,,,,,,17:29,,,17:59,,,,,,,,17:23,,,,,,,,,,,,,,18:03,,,,,,,,,,,,,,,,,,,,,,,,,,,,,,,,,,,,,17:17,,,,,,17:44,,17:07,,,,,,,,,,,,
CR_Up_95614,,,,17:42,,,,,,,,,,,,18:45,,18:54,,,,,,,,18:39,,,,,,17:59,,,18:28,,,,,,,,17:53,,,,,,,,,,,,,,18:32,,,,,,,,,,,,,,,,,,,,,,,,,,,,,,,,,,,,,17:46,,,,,,18:14,,17:36,,,,,,,,,,,,
CR_Up_95616,,,,18:36,,,,,,,,,,,,19:43,,19:52,,,,,,,,19:37,,,,,,18:53,,,,,,,,,,,18:46,,,,,,,,,,,,,,19:28,,,,,,,,,,,,,,19:12,,,,,,,,,,,,,,,,,,,,,,,18:40,,,,,,19:08,,18:30,,,,,,,,,19:21,,,
CR_Up_95702,,,,,,,,,,,,,,,,07:29,,07:39,,,,,,,,07:24,,,,,,06:37,,,07:11,,,,,,,,06:32,,,,,,,,,,,,,,07:15,,,,,,,,,,,,,,,,,,,,,,,,,,,,,,,,,,,,,,,,,,,06:55,,,,,,,,,,,,,,
CR_Up_95704,,,,,,,,,,,,,,,,08:14,,08:26,,,,,,,,08:08,,,,,,07:25,,,07:56,,,,,,,,07:18,,,,,,,,,,,,,,08:00,,,,,,,,,,,,,,07:44,,,,,,,,,,,,,,,,,,,,,,,,,,,,,07:40,,,,,,,,,,,,,,
CR_Up_95706,,,,,,,,,,,,,,,,,,,,,,,,,,08:30,,,07:43,,,07:35,,,08:18,,,,,,,,07:26,,,,,,,,,,,,,,08:22,,,,,,,,,,,,,,,,,,,,,,,,,,,,,,,,,,,,,,,,,,,08:02,,,,,,,,,,,,,,
CR_Up_95708,,,,,,,,,,,,,,,,08:53,,09:03,,,,,,,,08:46,,,07:59,,,07:51,,,,,,,,,,08:09,07:42,,,,,,,,,,,,,07:54,08:38,,,,,,,,,,,,,,08:22,,,08:03,,,,,,,,,,,,,,,,,,,,,,,,,07:48,08:16,,,,,,,,,,,08:30,,,
CR_Up_95710,,,,,,,,,,,,,08:56,,,09:22,,09:30,,,,,,,,09:16,,,08:31,,,08:23,,,09:04,,,,,,,08:41,08:14,,,,,,,,,,,,,08:26,09:08,,,,,,,,,,,,,,,,,08:35,,,,,,,,,,,,,,,,,,,,,,,,,08:20,08:47,,,,,,,,,,,,,,
CR_Up_95712,,,,,,,,,,,,,,,,09:29,,09:37,,,,,,,,09:23,,,,,,08:39,,,09:11,,,,,,,,08:33,,,,,,,,,,,,,,09:15,,,,,,,,,,,,,,08:58,,,,,,,,,,,,,,,,,,,,,,,,,,,,,08:54,,,,,,,,,,,,,,
CR_Up_95714,,,,,,,,,,,,,,,,09:50,,09:59,,,,,,,,09:44,,,,,,08:59,,,09:32,,,,,,,,08:54,,,,,,,,,,,,,,09:36,,,,,,,,,,,,,,09:20,,,,,,,,,,,,,,,,,,,,,,,,,,,,,09:16,,,,,,,,,,,,,,
CR_Up_95716,,,,,,,,,,,,,,,,09:54,,10:03,,,,,,,,09:48,,,09:03,,,08:55,,,09:36,,,,,,,09:13,08:46,,,,,,,,,,,,,08:58,09:40,,,,,,,,,,,,,,09:23,,,09:07,,,,,,,,,,,,,,,,,,,,,,,,,08:52,09:19,,,,,,,,,,,09:32,,,
CR_Up_95718,,,,,,,,,,,,,,,,10:11,,10:20,,,,,,,,10:05,,,09:19,,,09:11,,,09:52,,,,,,,09:29,09:02,,,,,,,,,,,,,09:14,09:56,,,,,,,,,,,,,,09:40,,,09:23,,,,,,,,,,,,,,,,,,,,,,,,,09:08,09:35,,,,,,,,,,,,,,
CR_Up_95720,,,,,,,,,,,,,,,,,,,,,,,,,,10:40,,,,,,09:55,,,10:27,,,,,,,,09:47,,,,,,,,,,,,,,10:31,,,,,,,,,,,,,,,,,,,,,,,,,,,,,,,,,,,,,,,,,,,10:10,,,,,,,,,,,,,,
CR_Up_95722,,,,,,,,,,,,,,,,10:52,,11:00,,,,,,,,10:46,,,10:00,,,09:52,,,,,,,,,,10:10,09:43,,,,,,,,,,,,,09:55,10:38,,,,,,,,,,,,,,10:20,,,10:04,,,,,,,,,,,,,,,,,,,,,,,,,09:49,10:16,,,,,,,,,,,10:29,,,
CR_Up_95724,,,,,,,,,,,,,,,,,,,,,,,,,,10:52,,,,,,10:07,,,10:40,,,,,,,,10:02,,,,,,,,,,,,,,10:44,,,,,,,,,,,,,,,,,,,,,,,,,,,,,,,,,,,,,,,,,,,10:23,,,,,,,,,,,,,,
CR_Up_95726,,,,,,,,,,,,,,,,,,,,,,,,,,12:15,,,11:34,,,11:29,,,12:01,,,,,,,,11:22,,,,,,,,,,,,,,12:05,,,,,,,,,,,,,,,,,,,,,,,,,,,,,,,,,,,,,,,,,,,11:45,,,,,,,,,,,,,,
CR_Up_95728,,,,,,,,,,,,,,,,12:38,,12:48,,,,,,,,12:32,,,,,,11:53,,,12:20,,,,,,,,11:46,,,,,,,,,,,,,,12:24,,,,,,,,,,,,,,,,,,,,,,,,,,,,,,,,,,,,,,,,,,,12:09,,,,,,,,,,,,,,
CR_Up_95730,,,,,,,,,,,,,,,,14:32,,14:41,,,,,,,,14:26,,,,,,13:42,,,14:14,,,,,,,,13:36,,,,,,,,,,,,,,14:18,,,,,,,,,,,,,,,,,,,,,,,,,,,,,,,,,,,,,,,,,,,13:58,,,,,,,,,,,,,,
CR_Up_95732,,,,,,,,,,,,,,,,14:58,,15:08,,,,,,,,14:52,,,,,,14:09,,,14:40,,,,,,,,14:02,,,,,,,,,,,,,,14:44,,,,,,,,,,,,,,,,,,,,,,,,,,,,,,,,,,,,,,,,,,,14:24,,,,,,,,,,,,,,
CR_Up_95734,,,,,,,,,,,,,,,,,,,,,,,,,,17:20,,,,,,16:36,,,17:08,,,,,,,,16:28,,,,,,,,,,,,,,17:12,,,,,,,,,,,,,,,,,,,,,,,,,,,,,,,,,,,,,,,,,,,16:52,,,,,,,,,,,,,,
CR_Up_95736,,,,,,,,,,,,,,,,17:38,,17:46,,,,,,,,17:32,,,,,,16:50,,,17:20,,,,,,,,16:42,,,,,,,,,,,,,,17:24,,,,,,,,,,,,,,17:09,,,,,,,,,,,,,,,,,,,,,,,,,,,,,17:05,,,,,,,,,,,,,,
CR_Up_95738,,,,,,,,,,,,,,,,18:21,,18:30,,,,,,,,18:15,,,,,,17:33,,,18:04,,,,,,,,17:27,,,,,,,,,,,,,,18:08,,,,,,,,,,,,,,,,,,,,,,,,,,,,,,,,,,,,,,,,,,,17:49,,,,,,,,,,,,,,
CR_Up_95740,,,,,,,,,,,,,,,,18:34,,18:42,,,,,,,,18:28,,,,,,17:47,,,18:17,,,,,,,,17:39,,,,,,,,,,,,,,18:21,,,,,,,,,,,,,,18:06,,,,,,,,,,,,,,,,,,,,,,,,,,,,,18:02,,,,,,,,,,,,,,
CR_Up_95742,,,,,,,,,,,,,,,,19:17,,19:25,,,,,,,,19:11,,,,,,18:29,,,18:59,,,,,,,,18:22,,,,,,,,,,,,,,19:03,,,,,,,,,,,,,,,,,,,,,,,,,,,,,,,,,,,,,,,,,,,18:44,,,,,,,,,,,,,,
CR_Up_95744,,,,,,,,,,,,,,,,19:31,,19:40,,,,,,,,19:25,,,18:42,,,18:34,,,,,,,,,,18:52,18:25,,,,,,,,,,,,,18:37,19:17,,,,,,,,,,,,,,19:01,,,18:46,,,,,,,,,,,,,,,,,,,,,,,,,18:31,18:57,,,,,,,,,,,19:09,,,
CR_Up_95746,,,,,,,,,,,,,,,,,,,,,,,,,,21:30,,,,,,20:48,,,21:17,,,,,,,,20:41,,,,,,,,,,,,,,21:22,,,,,,,,,,,,,,,,,,,,,,,,,,,,,,,,,,,,,,,,,,,21:04,,,,,,,,,,,,,,
CR_Up_95748,,,,,,,,,,,,,,,,00:12,,00:22,,,,,,,,00:06,,,,,,23:22,,,23:54,,,,,,,,23:15,,,,,,,,,,,,,,23:58,,,,,,,,,,,,,,,,,,,,,,,,,,,,,,,,,,,,,,,,,,,23:40,,,,,,,,,,,,,,
CR_Up_95802,,,,,,,,,,,,,06:38,,,07:03,,07:14,,,,,,,,06:57,,,,,,06:14,,,06:45,,,,,,,,,,,,,,,,,,,,,,06:49,,,,,,,,,,,,,,,,,,,,,,,,,,,,,,,,,,,,,,,,,,,06:30,,,,,,,,,,,,,,
CR_Up_95804,,,,,,,,,,,,,08:47,,,09:13,,09:21,,,,,,,,09:07,,,08:23,,,08:14,,,08:55,,,,,,,08:33,,,,,,,,,,,,,,08:18,08:59,,,,,,,,,,,,,,,,,08:27,,,,,,,,,,,,,,,,,,,,,,,,,,08:39,,,,,,,,,,,,,,
CR_Up_95902,,,,,,,,,,,,,,,,05:40,,05:52,,,,,,,,05:33,,,,,,,,,05:21,,,,,,,,,,,,,,,,,,,,,,05:25,,,,,,,,,,,,,,05:13,,,,,,,,,,,,,,,,,,,,,,,,,,,,,05:08,,,,,,,,,,,,,,
CR_Up_95904,,,,,,,,,,,,,,,,08:41,,08:50,,,,,,,,08:33,,,,,,,,,,,,,,,,,,,,,,,,,,,,,,,08:26,,,,,,,,,,,,,,08:10,,,,,,,,,,,,,,,,,,,,,,,,,,,,,08:05,,,,,,,,,,,08:18,,,
CR_Up_95906,,,,,,,,,,,,,,,,08:56,,09:05,,,,,,,,08:50,,,,,,,,,,,,,,,,,,,,,,,,,,,,,,,08:42,,,,,,,,,,,,,,08:26,,,,,,,,,,,,,,,,,,,,,,,,,,,,,08:20,,,,,,,,,,,08:34,,,
CR_Up_95908,,,,,,,,,,,,,,,,09:38,,09:47,,,,,,,,09:32,,,,,,,,,09:20,,,,,,,,,,,,,,,,,,,,,,09:24,,,,,,,,,,,,,,09:09,,,,,,,,,,,,,,,,,,,,,,,,,,,,,09:03,,,,,,,,,,,,,,
CR_Up_95910,,,,,,,,,,,,,,,,10:30,,10:40,,,,,,,,10:24,,,,,,,,,10:11,,,,,,,,,,,,,,,,,,,,,,10:15,,,,,,,,,,,,,,09:59,,,,,,,,,,,,,,,,,,,,,,,,,,,,,09:54,,,,,,,,,,,,,,
CR_Up_95912,,,,,,,,,,,,,,,,11:20,,11:29,,,,,,,,11:14,,,,,,,,,11:03,,,,,,,,,,,,,,,,,,,,,,11:07,,,,,,,,,,,,,,10:52,,,,,,,,,,,,,,,,,,,,,,,,,,,,,10:46,,,,,,,,,,,,,,
CR_Up_95914,,,,,,,,,,,,,,,,15:37,,15:45,,,,,,,,15:31,,,,,,,,,15:19,,,,,,,,,,,,,,,,,,,,,,15:23,,,,,,,,,,,,,,,,,,,,,,,,,,,,,,,,,,,,,,,,,,,15:03,,,,,,,,,,,,,,
CR_Up_96002,,,,,,,,,,,,,,,,,,,,,,,,,,,,,,,,,,,,,,,,,,,,,,00:55,,,,,,,,00:30,,,,,,,,,,,,,,,,,,,,,,,,,,,,,,,,,,,,,,,,,,,,,,,,,,,,,,,,,,,,
CR_Up_96004,,,,,,,,,,,,,,,,,,,,,,,,,,,,,,,,,,,,,,,,,,,,,,05:35,,,,,,,,05:10,,,,,,,,,,,,,,,,,,,,,,,,,,,,,,,,,,,,,,,,,,,,,,,,,,,,,,,,,,,,
CR_Up_96006,,,,,,,,,,,,,,,,,,,,,,,,,,,,,,,,,,,,,,,,,,,,,,07:45,,,,,,,,07:20,,,,,,,,,,,,,,,,,,,,,,,,,,,,,,,,,,,,,,,,,,,,,,,,,,,,,,,,,,,,
CR_Up_96008,,,,,,,,,,,,,,,,,,,,,,,,,,,,,,,,,,,,,,,,,,,,,,10:25,,,,,,,,10:00,,,,,,,,,,,,,,,,,,,,,,,,,,,,,,,,,,,,,,,,,,,,,,,,,,,,,,,,,,,,
CR_Up_96010,,,,,,,,,,,,,,,,,,,,,,,,,,,,,,,,,,,,,,,,,,,,,,11:45,,,,,,,,11:20,,,,,,,,,,,,,,,,,,,,,,,,,,,,,,,,,,,,,,,,,,,,,,,,,,,,,,,,,,,,
CR_Up_96012,,,,,,,,,,,,,,,,,,,,,,,,,,,,,,,,,,,,,,,,,,,,,,13:05,,,,,,,,12:40,,,,,,,,,,,,,,,,,,,,,,,,,,,,,,,,,,,,,,,,,,,,,,,,,,,,,,,,,,,,
CR_Up_96014,,,,,,,,,,,,,,,,,,,,,,,,,,,,,,,,,,,,,,,,,,,,,,15:20,,,,,,,,14:55,,,,,,,,,,,,,,,,,,,,,,,,,,,,,,,,,,,,,,,,,,,,,,,,,,,,,,,,,,,,
CR_Up_96016,,,,,,,,,,,,,,,,,,,,,,,,,,,,,,,,,,,,,,,,,,,,,,20:28,,,,,,,,20:03,,,,,,,,,,,,,,,,,,,,,,,,,,,,,,,,,,,,,,,,,,,,,,,,,,,,,,,,,,,,
CR_Up_96018,,,,,,,,,,,,,,,,,,,,,,,,,,,,,,,,,,,,,,,,,,,,,,21:34,,,,,,,,21:09,,,,,,,,,,,,,,,,,,,,,,,,,,,,,,,,,,,,,,,,,,,,,,,,,,,,,,,,,,,,
CR_Up_96020,,,23:21,,,,,,,23:14,,,00:19,,,00:56,,01:05,,,00:54,,,00:52,,00:46,,,23:53,,,23:45,,,00:29,,,,,,,00:03,23:36,,00:22,22:41,,,,,,,,22:15,,,00:35,,,,,,,,,,01:02,00:42,,,00:13,,,,00:16,,,,,,,00:49,,,,,,00:59,,,,,,,,00:39,,,,00:09,,,,,,,,,,00:32,00:25,,,
CR_Up_96022,,,,,,,,,,,,,,,,,,,,,,,,,,,,,,,,,,,,,,,,,,,,,,23:45,,,,,,,,23:20,,,,,,,,,,,,,,,,,,,,,,,,,,,,,,,,,,,,,,,,,,,,,,,,,,,,,,,,,,,,
CR_Up_96102,,,03:10,,,,,,,03:03,,,04:10,,02:39,04:47,,04:56,,,04:45,,,04:43,,04:37,,,03:42,,,03:34,,,04:20,,,,,,,03:55,03:23,,04:13,02:30,,,,,,,,,,03:38,04:26,,,,,,,,,,04:53,04:33,,,04:04,,,03:48,04:07,,,02:46,,,,04:40,,,,,,04:50,,,,,,,02:50,04:30,,,03:30,04:00,,,03:14,,,02:54,,,,04:23,04:16,,,03:17
CR_Up_96104,,,04:14,,,,,,,04:07,,,05:10,,03:44,05:47,,05:56,,,05:45,,,05:43,,05:37,,,04:45,,,04:37,,,05:20,,,,,,,04:55,04:27,,05:13,03:35,,,,,,,,,,04:40,05:26,,,,,,,,,,05:53,05:33,,,05:04,,,04:49,05:07,,,03:51,,,,05:40,,,,,,05:50,,,,,,,03:55,05:30,,,04:34,05:00,,,04:18,,,03:59,,,,05:23,05:16,,,04:21
CR_Up_96106,,,05:07,,,,,,,05:00,,,06:02,,04:36,06:39,,06:48,,,06:37,,,06:35,,06:29,,,05:37,,,05:29,,,06:12,,,,,,,05:47,05:20,,06:05,04:27,,,,,,,,,,05:32,06:18,,,,,,,,,,06:45,06:25,,,05:56,,,05:41,05:59,,,04:43,,,,06:32,,,,,,06:42,,,,,,,04:47,06:22,,,05:26,05:52,,,05:11,,,04:51,,,,06:15,06:08,,,05:14
CR_Up_96108,,,14:06,,,,,,,13:59,,,,,,,,,,,,,,,,,,,14:38,,,14:30,,,,,,,,,,,14:20,,,13:27,,,,,,,,,,,,,,,,,,,,,,,,,,,,,,,,,,,,,,,,,,,,,,,,,,,,,,14:53,,,,,,,,,,,,,,
CR_Up_96110,,,22:22,,,,,,,22:15,,,,,,,,00:06,,,,,,,,23:46,,,22:52,,,22:44,,,23:29,,,,,,,,22:34,,,21:43,,,,,,,,,,,23:35,,,,,,,,,,00:02,,,,,,,,,,,,,,,,,,,,,,,,,,,,,,,,,23:07,,,,,,,,,,,,,,
CR_Up_96202,,,05:47,,,,,,,05:40,,,06:42,,,07:19,,07:28,,,07:17,,,07:15,,07:09,,,06:17,,,06:09,,,06:52,,,,,,,06:27,05:59,,06:45,,,,,,,,,,,06:12,06:58,,,,,,,,,,07:25,07:05,,,06:36,,,06:21,06:39,,,,,,,07:12,,,,,,07:22,,,,,,,,07:02,,,06:06,06:32,,,05:51,,,,,,,06:55,06:48,,,05:54
CR_Up_96204,,,06:22,,,,,,,06:15,,,07:18,,,07:55,,08:04,,,07:53,,,07:51,,07:45,,,06:53,,,06:45,,,07:28,,,,,,,07:03,06:35,,07:21,,,,,,,,,,,06:48,07:34,,,,,,,,,,08:01,07:41,,,07:12,,,06:57,07:15,,,,,,,07:48,,,,,,07:58,,,,,,,,07:38,,,06:42,07:08,,,06:26,,,,,,,07:31,07:24,,,06:29
CR_Up_96206,,,06:53,,,,,,,06:46,,,07:48,,,08:25,,08:34,,,08:23,,,08:21,,08:15,,,07:22,,,07:14,,,07:58,,,,,,,07:32,07:05,,07:51,,,,,,,,,,,07:17,08:04,,,,,,,,,,08:31,08:11,,,07:42,,,07:26,07:45,,,,,,,08:18,,,,,,08:28,,,,,,,,08:08,,,07:11,07:37,,,06:57,,,,,,,08:01,07:54,,,07:00
CR_Up_96208,,,08:05,,,,,,,07:56,,,,,,,,,,,,,,,,,,,08:34,,,08:26,,,,,,,,,,,08:17,,,,,,,,,,,,,,,,,,,,,,,,,,,,,,,,,,,,,,,,,,,,,,,,,,,,,,,,,08:49,,,,,,,,,,,,,,
CR_Up_96210,,,09:01,,,,,,,08:52,,,09:57,,,10:34,,10:44,,,10:32,,,10:30,,10:24,,,09:31,,,09:23,,,10:07,,,,,,,09:41,09:13,,10:00,,,,,,,,,,,09:26,10:13,,,,,,,,,,10:40,10:20,,,09:51,,,09:35,09:54,,,,,,,10:27,,,,,,10:37,,,,,,,,10:17,,,09:20,09:46,,,09:05,,,,,,,10:10,10:03,,,09:08
CR_Up_96212,,,10:35,,,,,,,10:26,,,11:29,,,12:06,,12:15,,,12:04,,,12:02,,11:56,,,11:04,,,10:56,,,11:39,,,,,,,11:14,10:47,,11:32,,,,,,,,,,,10:59,11:45,,,,,,,,,,12:12,11:52,,,11:23,,,11:08,11:26,,,,,,,11:59,,,,,,12:09,,,,,,,,11:49,,,10:53,11:19,,,10:39,,,,,,,11:42,11:35,,,10:42
CR_Up_96214,,,11:09,,,,,,,10:58,,,12:11,,,12:48,,12:57,,,12:46,,,12:44,,12:38,,,11:43,,,11:35,,,12:21,,,,,,,11:53,11:25,,12:14,,,,,,,,,,,11:38,12:27,,,,,,,,,,12:54,12:34,,,12:05,,,11:47,12:08,,,,,,,12:41,,,,,,12:51,,,,,,,,12:31,,,11:32,11:59,,,11:14,,,,,,,12:24,12:17,,,11:17
CR_Up_96216,,,11:34,,,,,,,11:25,,,12:33,,,13:10,,13:19,,,13:08,,,13:06,,13:00,,,12:06,,,11:58,,,12:43,,,,,,,12:16,11:47,,12:36,,,,,,,,,,,12:01,12:49,,,,,,,,,,13:16,12:56,,,12:27,,,12:10,12:30,,,,,,,13:03,,,,,,13:13,,,,,,,,12:53,,,11:54,12:22,,,11:38,,,,,,,12:46,12:39,,,11:41
CR_Up_96218,,,11:49,,,,,,,11:41,,,12:48,,,13:25,,13:34,,,13:23,,,13:21,,13:15,,,12:21,,,12:12,,,12:58,,,,,,,12:31,12:01,,12:51,,,,,,,,,,,12:16,13:04,,,,,,,,,,13:31,13:11,,,12:42,,,12:25,12:45,,,,,,,13:18,,,,,,13:28,,,,,,,,13:08,,,12:08,12:37,,,11:53,,,,,,,13:01,12:54,,,11:56
CR_Up_96220,,,12:08,,,,,,,12:00,,,13:04,,,13:41,,13:50,,,13:39,,,13:37,,13:31,,,12:38,,,12:30,,,13:14,,,,,,,12:48,12:20,,13:07,,,,,,,,,,,12:33,13:20,,,,,,,,,,13:47,13:27,,,12:58,,,12:42,13:01,,,,,,,13:34,,,,,,13:44,,,,,,,,13:24,,,12:27,12:53,,,12:12,,,,,,,13:17,13:10,,,12:15
CR_Up_96222,,,20:30,,,,,,,20:22,,,21:29,,,22:06,,22:15,,,22:04,,,22:02,,21:56,,,21:03,,,20:55,,,21:39,,,,,,,21:13,20:46,,21:32,,,,,,,,,,,20:58,21:45,,,,,,,,,,22:12,21:52,,,21:23,,,21:07,21:26,,,,,,,21:59,,,,,,22:09,,,,,,,,21:49,,,20:52,21:18,,,20:34,,,,,,,21:42,21:35,,,20:37
CR_Up_96224,,,21:14,,,,,,,21:06,,,22:11,,,22:48,,22:57,,,22:46,,,22:44,,22:38,,,21:45,,,21:37,,,22:21,,,,,,,21:55,21:27,,22:14,,,,,,,,,,,21:40,22:27,,,,,,,,,,22:54,22:34,,,22:05,,,21:49,22:08,,,,,,,22:41,,,,,,22:51,,,,,,,,22:31,,,21:34,22:00,,,21:19,,,,,,,22:24,22:17,,,21:22
CR_Up_96226,,,22:48,,,,,,,22:40,,,,,,,,,,,,,,,,,,,23:17,,,23:09,,,23:53,,,,,,,,23:00,,,,,,,,,,,,,,23:59,,,,,,,,,,,,,,,,,,,,,,,,,,,,,,,,,,,,,,,,,,,23:32,,,,,,,,,,,,,,
CR_Up_96228,,,23:13,,,,,,,23:04,,,,,,,,,,,,,,,,,,,23:44,,,23:36,,,,,,,,,,,23:26,,,,,,,,,,,,,,,,,,,,,,,,,,,,,,,,,,,,,,,,,,,,,,,,,,,,,,,,,23:59,,,,,,,,,,,,,,
CR_Up_96230,,,23:37,,,,,,,23:29,,,00:34,,,01:11,,01:20,,,01:09,,,01:07,,01:02,,,00:09,,,00:01,,,00:45,,,,,,,00:19,23:52,,00:37,,,,,,,,,,,00:04,00:51,,,,,,,,,,01:17,00:59,,,00:28,,,00:13,00:31,,,,,,,01:04,,,,,,01:14,,,,,,,,00:55,,,,00:24,,,,,,,,,,00:48,00:40,,,
CR_Up_96302,,,03:43,,,,,,,,,,04:38,,,05:15,,05:24,,,05:13,,,05:11,,05:05,,,04:13,,,04:05,,,04:48,,,,,,,04:23,03:57,,04:41,,,,,,,,,,,04:08,04:54,,,,,,,,,,05:21,05:01,,,04:32,,,04:17,04:35,,,,,,,05:08,,,,,,05:18,,,,,,,,04:58,,,04:02,04:28,,,03:48,,,,,,,04:51,04:44,,,03:51
CR_Up_96304,,,04:08,,,,,,,,,,05:04,,,05:41,,05:50,,,05:39,,,05:37,,05:31,,,04:39,,,04:31,,,05:14,,,,,,,04:49,04:21,,05:07,,,,,,,,,,,04:34,05:20,,,,,,,,,,05:47,05:27,,,04:58,,,04:43,05:01,,,,,,,05:34,,,,,,05:44,,,,,,,,05:24,,,04:28,04:54,,,04:13,,,,,,,05:17,05:10,,,04:16
CR_Up_96306,,,04:55,,,,,,,,,,05:51,,,06:28,,06:38,,,06:26,,,06:24,,06:18,,,05:25,,,05:17,,,06:01,,,,,,,05:35,05:09,,05:54,,,,,,,,,,,05:20,06:07,,,,,,,,,,06:34,06:14,,,05:45,,,05:29,05:48,,,,,,,06:21,,,,,,06:31,,,,,,,,06:11,,,05:14,05:40,,,05:00,,,,,,,06:04,05:57,,,05:03
CR_Up_96308,,,05:18,,,,,,,,,,06:14,,,06:51,,07:00,,,06:49,,,06:47,,06:41,,,05:49,,,05:41,,,06:24,,,,,,,05:59,05:31,,06:17,,,,,,,,,,,05:44,06:30,,,,,,,,,,06:57,06:37,,,06:08,,,05:53,06:11,,,,,,,06:44,,,,,,06:54,,,,,,,,06:34,,,05:38,06:04,,,05:23,,,,,,,06:27,06:20,,,05:26
CR_Up_96310,,,06:10,,,,,,,,,,07:06,,,07:43,,07:52,,,07:41,,,07:39,,07:33,,,06:41,,,06:33,,,07:16,,,,,,,06:51,06:23,,07:09,,,,,,,,,,,06:36,07:22,,,,,,,,,,07:49,07:29,,,07:00,,,06:45,07:03,,,,,,,07:36,,,,,,07:46,,,,,,,,07:26,,,06:30,06:56,,,06:15,,,,,,,07:19,07:12,,,06:18
CR_Up_96312,,,11:03,,,,,,,,,,12:01,,,12:38,,12:48,,,12:36,,,12:34,,12:28,,,11:35,,,11:27,,,12:11,,,,,,,11:45,11:19,,12:04,,,,,,,,,,,11:30,12:17,,,,,,,,,,12:44,12:24,,,11:55,,,11:39,11:58,,,,,,,12:31,,,,,,12:41,,,,,,,,12:21,,,11:24,11:50,,,11:08,,,,,,,12:14,12:07,,,11:11
CR_Up_96314,,,11:17,,,,,,,,,,12:16,,,12:53,,13:02,,,12:51,,,12:49,,12:43,,,11:49,,,11:41,,,12:26,,,,,,,11:59,11:31,,12:19,,,,,,,,,,,11:44,12:32,,,,,,,,,,12:59,12:39,,,12:10,,,11:53,12:13,,,,,,,12:46,,,,,,12:56,,,,,,,,12:36,,,11:38,12:05,,,11:22,,,,,,,12:29,12:22,,,11:25
CR_Up_96316,,,12:03,,,,,,,,,,13:00,,,13:37,,13:46,,,13:35,,,13:33,,13:27,,,12:34,,,12:26,,,13:10,,,,,,,12:44,12:16,,13:03,,,,,,,,,,,12:29,13:16,,,,,,,,,,13:43,13:23,,,12:54,,,12:38,12:57,,,,,,,13:30,,,,,,13:40,,,,,,,,13:20,,,12:23,12:49,,,12:08,,,,,,,13:13,13:06,,,12:11
CR_Up_96318,,,12:19,,,,,,,,,,13:13,,,13:50,,13:59,,,13:48,,,13:46,,13:40,,,12:48,,,12:40,,,13:23,,,,,,,12:58,12:32,,13:16,,,,,,,,,,,12:43,13:29,,,,,,,,,,13:56,13:36,,,13:07,,,12:52,13:10,,,,,,,13:43,,,,,,13:53,,,,,,,,13:33,,,12:37,13:03,,,12:24,,,,,,,13:26,13:19,,,12:27
CR_Up_96320,,,12:50,,,,,,,,,,13:47,,,14:24,,14:33,,,14:22,,,14:20,,14:14,,,13:21,,,13:13,,,13:57,,,,,,,13:31,13:04,,13:50,,,,,,,,,,,13:16,14:03,,,,,,,,,,14:30,14:10,,,13:41,,,13:25,13:44,,,,,,,14:17,,,,,,14:27,,,,,,,,14:07,,,13:10,13:36,,,12:55,,,,,,,14:00,13:53,,,12:58
CR_Up_96322,,,13:35,,,,,,,,,,14:31,,,15:08,,15:17,,,15:06,,,15:04,,14:58,,,14:05,,,13:57,,,14:41,,,,,,,14:15,13:48,,14:34,,,,,,,,,,,14:00,14:47,,,,,,,,,,15:14,14:54,,,14:25,,,14:09,14:28,,,,,,,15:01,,,,,,15:11,,,,,,,,14:51,,,13:54,14:20,,,13:40,,,,,,,14:44,14:37,,,13:43
CR_Up_96324,,,14:00,,,,,,,,,,15:00,,,15:37,,15:47,,,15:35,,,15:33,,15:27,,,14:34,,,14:26,,,15:10,,,,,,,14:44,14:15,,15:03,,,,,,,,,,,14:29,15:16,,,,,,,,,,15:43,15:23,,,14:54,,,14:38,14:57,,,,,,,15:30,,,,,,15:40,,,,,,,,15:20,,,14:23,14:49,,,14:05,,,,,,,15:13,15:06,,,14:08
CR_Up_96326,,,19:37,,,,,,,,,,20:37,,,21:14,,21:24,,,21:12,,,21:10,,21:04,,,20:10,,,20:01,,,20:47,,,,,,,20:20,19:51,,20:40,,,,,,,,,,,20:05,20:53,,,,,,,,,,21:20,21:00,,,20:31,,,20:14,20:34,,,,,,,21:07,,,,,,21:17,,,,,,,,20:57,,,19:58,20:26,,,19:42,,,,,,,20:50,20:43,,,19:45
CR_Up_96328,,,21:35,,,,,,,,,,22:30,,,23:08,,23:18,,,23:05,,,23:03,,22:57,,,22:05,,,21:57,,,22:40,,,,,,,22:15,21:48,,22:33,,,,,,,,,,,22:00,22:46,,,,,,,,,,23:14,22:53,,,22:24,,,22:09,22:27,,,,,,,23:00,,,,,,23:11,,,,,,,,22:50,,,21:54,22:20,,,21:40,,,,,,,22:43,22:36,,,21:43
CR_Up_96330,,,22:01,,,,,,,,,,22:57,,,23:35,,23:44,,,23:32,,,23:30,,23:24,,,22:31,,,22:23,,,23:07,,,,,,,22:41,22:14,,23:00,,,,,,,,,,,22:26,23:13,,,,,,,,,,23:41,23:20,,,22:51,,,22:35,22:54,,,,,,,23:27,,,,,,23:38,,,,,,,,23:17,,,22:20,22:46,,,22:06,,,,,,,23:10,23:03,,,22:09
CR_Up_96332,,,22:15,,,,,,,,,,,,,,,,,,,,,,,23:42,,,22:48,,,22:39,,,23:25,,,,,,,,22:29,,,,,,,,,,,,,,23:31,,,,,,,,,,,,,,,,,,,,,,,,,,,,,,,,,,,,,,,,,,,23:03,,,,,,,,,,,,,,
CR_Up_96402,,,,04:54,,04:28,04:18,,,,,,05:44,,,06:21,,06:30,,,06:19,,,06:17,,06:11,,,05:19,,,05:11,,,05:54,,,,,,,05:29,05:03,,05:47,,03:51,,04:41,,,04:08,,,,05:14,06:00,,,,,,,,,,06:27,06:07,,,05:38,,,05:23,05:41,,,,,,,06:14,,,,,,06:24,,,,,,04:57,,06:04,,,05:08,05:34,,04:48,,,,,,,04:34,05:57,05:50,,,
CR_Up_96404,,,,06:02,,05:36,05:26,,,,,,06:52,,,07:29,,07:38,,,07:27,,,07:25,,07:19,,,06:27,,,06:19,,,07:02,,,,,,,06:37,06:11,,06:55,,04:59,,05:49,,,05:16,,,,06:22,07:08,,,,,,,,,,07:35,07:15,,,06:46,,,06:31,06:49,,,,,,,07:22,,,,,,07:32,,,,,,06:05,,07:12,,,06:16,06:42,,05:56,,,,,,,05:42,07:05,06:58,,,
CR_Up_96406,,,,,,22:36,,,,,,,,,,00:36,,00:45,,,00:34,,,00:32,,00:27,,,23:33,,,23:25,,,00:10,,,,,,,,23:15,,00:02,,22:00,,,,,,,,,,00:16,,,,,,,,,,00:42,00:24,,,,,,,,,,,,,,00:29,,,,,,00:39,,,,,,,,00:20,,,,23:49,,22:57,,,,,,,,00:13,00:05,,,
CR_Up_96502,,,,06:40,,06:11,,,,,,,07:35,,,08:13,,08:22,,,08:11,,,08:09,,08:03,,,07:09,,,07:01,,,07:45,,,,,,,07:19,06:51,,07:38,,,,06:27,,,,,,,07:04,07:51,,,,,,,,,,08:19,07:58,,,07:29,,,07:13,07:32,,,,,,,08:06,,,,,,08:16,,,,,,06:43,,07:55,,,06:58,07:24,,06:34,,,,,,,06:20,07:48,07:41,,,
CR_Up_96504,,,,07:37,,07:08,,,,,,,08:29,,,09:06,,09:15,,,09:04,,,09:01,,08:55,,,08:03,,,07:55,,,08:39,,,,,,,08:13,07:47,,08:32,,,,07:24,,,,,,,07:58,08:45,,,,,,,,,,09:12,08:52,,,08:23,,,08:07,08:26,,,,,,,08:58,,,,,,09:09,,,,,,07:40,,08:49,,,07:52,08:18,,07:31,,,,,,,07:17,08:42,08:35,,,
CR_Up_96506,,,,,,08:47,,,,,,,,,,,,,,,,,,,,,,,09:42,,,09:34,,,,,,,,,,,09:26,,,,,,,,,,,,,,,,,,,,,,,,,,,,,,,,,,,,,,,,,,,,,,,,,,,,,,,,,09:57,,09:10,,,,,,,,,,,,
CR_Up_96508,,,,09:46,,09:18,,,,,,,10:38,,,11:15,,11:24,,,11:13,,,11:11,,11:05,,,10:12,,,10:03,,,10:48,,,,,,,10:22,09:55,,10:41,,,,09:33,,,,,,,10:07,10:54,,,,,,,,,,11:21,11:01,,,10:32,,,10:16,10:35,,,,,,,11:08,,,,,,11:18,,,,,,09:49,,10:58,,,10:00,10:27,,09:40,,,,,,,09:26,10:51,10:44,,,
CR_Up_96510,,,,10:31,,10:03,,,,,,,11:21,,,11:58,,12:07,,,11:56,,,11:54,,11:48,,,10:56,,,10:48,,,11:31,,,,,,,11:06,10:40,,11:24,,,,10:19,,,,,,,10:51,11:37,,,,,,,,,,12:04,11:44,,,11:15,,,11:00,11:18,,,,,,,11:51,,,,,,12:01,,,,,,10:34,,11:41,,,10:45,11:11,,10:25,,,,,,,10:12,11:34,11:27,,,
CR_Up_96512,,,,11:44,,11:16,,,,,,,12:40,,,13:17,,13:26,,,13:15,,,13:13,,13:07,,,12:13,,,12:05,,,12:50,,,,,,,12:23,11:54,,12:43,,,,11:31,,,,,,,12:08,12:56,,,,,,,,,,13:23,13:03,,,12:34,,,12:17,12:37,,,,,,,13:10,,,,,,13:20,,,,,,11:47,,13:00,,,12:01,12:29,,11:38,,,,,,,11:24,12:53,12:46,,,
CR_Up_96514,,,,,,13:16,,,,,,,,,,,,,,,,,,,,,,,14:09,,,14:01,,,,,,,,,,,13:52,,,,,,,,,,,,,,,,,,,,,,,,,,,,,,,,,,,,,,,,,,,,,,,,,,,,,,,,,14:24,,13:38,,,,,,,,,,,,
CR_Up_96516,,,,18:43,,18:15,,,,,,,19:37,,,20:17,,20:26,,,20:15,,,20:11,,20:04,,,19:11,,,19:03,,,19:47,,,,,,,19:21,18:54,,19:40,,,,18:30,,,,,,,19:06,19:53,,,,,,,,,,20:23,20:00,,,19:31,,,19:15,19:34,,,,,,,20:07,,,,,,20:20,,,,,,18:46,,19:57,,,19:00,19:26,,18:37,,,,,,,18:23,19:50,19:43,,,
CR_Up_96518,,,,20:10,,19:42,,,,,,,21:05,,,21:42,,21:52,,,21:40,,,21:38,,21:32,,,20:38,,,20:30,,,21:15,,,,,,,20:48,20:21,,21:08,,,,19:57,,,,,,,20:33,21:21,,,,,,,,,,21:48,21:28,,,20:59,,,20:42,21:02,,,,,,,21:35,,,,,,21:45,,,,,,20:13,,21:25,,,20:27,20:53,,20:04,,,,,,,19:50,21:18,21:11,,,
CR_Up_96520,,,,,,22:10,,,,,,,,,,00:11,,00:20,,,00:09,,,00:07,,00:01,,,23:08,,,23:00,,,23:44,,,,,,,,22:52,,,,,,,,,,,,,,23:50,,,,,,,,,,00:17,,,,,,,,,,,,,,,00:04,,,,,,00:14,,,,,,,,,,,,23:23,,22:33,,,,,,,,,,,,
CR_Up_96522,,,,,,23:08,,,,,,,,,,,,,,,,,,,,,,,00:01,,,23:53,,,,,,,,,,,23:43,,,,,,,,,,,,,,,,,,,,,,,,,,,,,,,,,,,,,,,,,,,,,,,,,,,,,,,,,00:16,,23:29,,,,,,,,,,,,
CR_Up_96602,,,,04:02,,,,,,,,,04:54,,,05:31,,05:40,,,05:29,,,05:27,,05:21,,,04:29,,,04:21,,,05:04,,,,,,,04:39,04:12,,04:57,,,,,,,,,,,04:24,05:10,,,,,,,,,,05:37,05:17,,,04:48,,,04:33,04:51,,,,,,,05:24,,,,,,05:34,,,,,,04:06,,05:14,,,04:18,04:44,,03:56,,,,,,,,05:07,05:00,,,
CR_Up_96604,,,,04:38,,,,,,,,,05:29,,,06:06,,06:15,,,06:04,,,06:02,,05:56,,,05:04,,,04:56,,,05:39,,,,,,,05:14,04:48,,05:32,,,,,,,,,,,04:59,05:45,,,,,,,,,,06:12,05:52,,,05:23,,,05:08,05:26,,,,,,,05:59,,,,,,06:09,,,,,,04:42,,05:49,,,04:53,05:19,,04:32,,,,,,,,05:42,05:35,,,
CR_Up_96606,,,,05:17,,,,,,,,,06:10,,,06:47,,06:56,,,06:45,,,06:43,,06:37,,,05:45,,,05:37,,,06:20,,,,,,,05:55,05:28,,06:13,,,,,,,,,,,05:40,06:26,,,,,,,,,,06:53,06:33,,,06:04,,,05:49,06:07,,,,,,,06:40,,,,,,06:50,,,,,,05:21,,06:30,,,05:34,06:00,,05:11,,,,,,,,06:23,06:16,,,
CR_Up_96608,,,,05:40,,,,,,,,,06:34,,,07:11,,07:20,,,07:09,,,07:07,,07:01,,,06:09,,,06:00,,,06:44,,,,,,,06:19,05:50,,06:37,,,,,,,,,,,06:04,06:50,,,,,,,,,,07:17,06:57,,,06:28,,,06:13,06:31,,,,,,,07:04,,,,,,07:14,,,,,,05:44,,06:54,,,05:56,06:24,,05:34,,,,,,,,06:47,06:40,,,
CR_Up_96610,,,,06:19,,,,,,,,,07:10,,,07:47,,07:56,,,07:45,,,07:43,,07:37,,,06:45,,,06:37,,,07:20,,,,,,,06:55,06:29,,07:13,,,,,,,,,,,06:40,07:26,,,,,,,,,,07:53,07:33,,,07:04,,,06:49,07:07,,,,,,,07:40,,,,,,07:50,,,,,,06:23,,07:30,,,06:34,07:00,,06:13,,,,,,,,07:23,07:16,,,
CR_Up_96612,,,,06:52,,,,,,,,,07:44,,,08:21,,08:31,,,08:19,,,08:17,,08:11,,,07:18,,,07:10,,,07:54,,,,,,,07:28,07:02,,07:47,,,,,,,,,,,07:13,08:00,,,,,,,,,,08:27,08:07,,,07:38,,,07:22,07:41,,,,,,,08:14,,,,,,08:24,,,,,,06:56,,08:04,,,07:07,07:33,,06:46,,,,,,,,07:57,07:50,,,
CR_Up_96614,,,,07:51,,,,,,,,,08:44,,,09:21,,09:30,,,09:19,,,09:17,,09:11,,,08:18,,,08:10,,,08:54,,,,,,,08:28,08:01,,08:47,,,,,,,,,,,08:13,09:00,,,,,,,,,,09:27,09:07,,,08:38,,,08:22,08:41,,,,,,,09:14,,,,,,09:24,,,,,,07:55,,09:04,,,08:07,08:33,,07:45,,,,,,,,08:57,08:50,,,
CR_Up_96616,,,,,,,,,,,,,,,,,,,,,,,,,,09:37,,,08:42,,,08:34,,,09:19,,,,,,,,08:25,,,,,,,,,,,,,,09:26,,,,,,,,,,,,,,,,,,,,,,,,,,,,,,,,,,,,,,,,,,,08:57,,08:09,,,,,,,,,,,,
CR_Up_96618,,,,08:40,,,,,,,,,09:32,,,10:09,,10:18,,,10:07,,,10:05,,09:59,,,09:07,,,08:59,,,09:42,,,,,,,09:17,08:51,,09:35,,,,,,,,,,,09:02,09:48,,,,,,,,,,10:15,09:55,,,09:26,,,09:11,09:29,,,,,,,10:02,,,,,,10:12,,,,,,08:44,,09:52,,,08:56,09:22,,08:33,,,,,,,,09:45,09:38,,,
CR_Up_96620,,,,,,,,,,,,,,,,,,,,,,,,,,11:19,,,10:26,,,10:18,,,11:02,,,,,,,,10:09,,,,,,,,,,,,,,11:08,,,,,,,,,,,,,,,,,,,,,,,,,,,,,,,,,,,,,,,,,,,10:41,,09:53,,,,,,,,,,,,
CR_Up_96622,,,,10:26,,,,,,,,,11:17,,,11:54,,12:03,,,11:52,,,11:50,,11:44,,,10:52,,,10:44,,,11:27,,,,,,,11:02,10:36,,11:20,,,,,,,,,,,10:47,11:33,,,,,,,,,,12:00,11:40,,,11:11,,,10:56,11:14,,,,,,,11:47,,,,,,11:57,,,,,,10:30,,11:37,,,10:41,11:07,,10:20,,,,,,,,11:30,11:23,,,
CR_Up_96624,,,,11:04,,,,,,,,,11:57,,,12:34,,12:44,,,12:32,,,12:30,,12:24,,,11:31,,,11:23,,,12:07,,,,,,,11:41,11:15,,12:00,,,,,,,,,,,11:26,12:13,,,,,,,,,,12:40,12:20,,,11:51,,,11:35,11:54,,,,,,,12:27,,,,,,12:37,,,,,,11:08,,12:17,,,11:20,11:46,,10:58,,,,,,,,12:10,12:03,,,
CR_Up_96626,,,,11:24,,,,,,,,,12:19,,,12:56,,13:05,,,12:54,,,12:52,,12:46,,,11:52,,,11:44,,,12:29,,,,,,,12:02,11:35,,12:22,,,,,,,,,,,11:47,12:35,,,,,,,,,,13:02,12:42,,,12:13,,,11:56,12:16,,,,,,,12:49,,,,,,12:59,,,,,,11:28,,12:39,,,11:41,12:08,,11:18,,,,,,,,12:32,12:25,,,
CR_Up_96628,,,,12:00,,,,,,,,,12:56,,,13:33,,13:42,,,13:31,,,13:29,,13:23,,,12:29,,,12:20,,,13:06,,,,,,,12:39,12:10,,12:59,,,,,,,,,,,12:24,13:12,,,,,,,,,,13:39,13:19,,,12:50,,,12:33,12:53,,,,,,,13:26,,,,,,13:36,,,,,,12:04,,13:16,,,12:16,12:45,,11:54,,,,,,,,13:09,13:02,,,
CR_Up_96630,,,,12:27,,,,,,,,,13:18,,,13:55,,14:04,,,13:53,,,13:51,,13:45,,,12:53,,,12:45,,,13:28,,,,,,,13:03,12:37,,13:21,,,,,,,,,,,12:48,13:34,,,,,,,,,,14:01,13:41,,,13:12,,,12:57,13:15,,,,,,,13:48,,,,,,13:58,,,,,,12:31,,13:38,,,12:42,13:08,,12:21,,,,,,,,13:31,13:24,,,
CR_Up_96632,,,,12:50,,,,,,,,,13:43,,,14:20,,14:29,,,14:18,,,14:16,,14:10,,,13:17,,,13:09,,,13:53,,,,,,,13:27,13:00,,13:46,,,,,,,,,,,13:12,13:59,,,,,,,,,,14:26,14:06,,,13:37,,,13:21,13:40,,,,,,,14:13,,,,,,14:23,,,,,,12:54,,14:03,,,13:06,13:32,,12:44,,,,,,,,13:56,13:49,,,
CR_Up_96634,,,,13:04,,,,,,,,,13:55,,,14:32,,14:41,,,14:30,,,14:28,,14:22,,,13:30,,,13:22,,,14:05,,,,,,,13:40,13:14,,13:58,,,,,,,,,,,13:25,14:11,,,,,,,,,,14:38,14:18,,,13:49,,,13:34,13:52,,,,,,,14:25,,,,,,14:35,,,,,,13:08,,14:15,,,13:19,13:45,,12:58,,,,,,,,14:08,14:01,,,
CR_Up_96636,,,,13:26,,,,,,,,,14:18,,,14:55,,15:04,,,14:53,,,14:51,,14:45,,,13:52,,,13:44,,,14:28,,,,,,,14:02,13:35,,14:21,,,,,,,,,,,13:47,14:34,,,,,,,,,,15:01,14:41,,,14:12,,,13:56,14:15,,,,,,,14:48,,,,,,14:58,,,,,,13:29,,14:38,,,13:41,14:07,,13:20,,,,,,,,14:31,14:24,,,
CR_Up_96638,,,,13:57,,,,,,,,,14:50,,,15:27,,15:36,,,15:25,,,15:23,,15:17,,,14:24,,,14:16,,,15:00,,,,,,,14:34,14:08,,14:53,,,,,,,,,,,14:19,15:06,,,,,,,,,,15:33,15:13,,,14:44,,,14:28,14:47,,,,,,,15:20,,,,,,15:30,,,,,,14:01,,15:10,,,14:13,14:39,,13:51,,,,,,,,15:03,14:56,,,
CR_Up_96640,,,,14:50,,,,,,,,,15:42,,,16:19,,16:29,,,16:17,,,16:15,,16:09,,,15:16,,,15:08,,,15:52,,,,,,,15:26,15:00,,15:45,,,,,,,,,,,15:11,15:58,,,,,,,,,,16:25,16:05,,,15:36,,,15:20,15:39,,,,,,,16:12,,,,,,16:22,,,,,,14:54,,16:02,,,15:05,15:31,,14:44,,,,,,,,15:55,15:48,,,
CR_Up_96642,,,,15:14,,,,,,,,,16:06,,,16:43,,16:52,,,16:41,,,16:39,,16:33,,,15:40,,,15:32,,,16:16,,,,,,,15:50,15:24,,16:09,,,,,,,,,,,15:35,16:22,,,,,,,,,,16:49,16:29,,,16:00,,,15:44,16:03,,,,,,,16:36,,,,,,16:46,,,,,,15:18,,16:26,,,15:29,15:55,,15:08,,,,,,,,16:19,16:12,,,
CR_Up_96644,,,,15:41,,,,,,,,,16:34,,,17:11,,17:20,,,17:09,,,17:07,,17:01,,,16:08,,,16:00,,,16:44,,,,,,,16:18,15:51,,16:37,,,,,,,,,,,16:03,16:50,,,,,,,,,,17:17,16:57,,,16:28,,,16:12,16:31,,,,,,,17:04,,,,,,17:14,,,,,,15:45,,16:54,,,15:57,16:23,,15:35,,,,,,,,16:47,16:40,,,
CR_Up_96646,,,,,,,,,,,,,,,,,,,,,,,,,,,,,19:34,,,19:25,,,,,,,,,,,19:17,,,,,,,,,,,,,,,,,,,,,,,,,,,,,,,,,,,,,,,,,,,,,,,,,,,,,,,,,19:49,,19:01,,,,,,,,,,,,
CR_Up_96648,,,,19:51,,,,,,,,,20:48,,,21:25,,21:35,,,21:23,,,21:21,,21:15,,,20:22,,,20:14,,,20:58,,,,,,,20:32,20:03,,20:51,,,,,,,,,,,20:17,21:04,,,,,,,,,,21:31,21:11,,,20:42,,,20:26,20:45,,,,,,,21:18,,,,,,21:28,,,,,,19:55,,21:08,,,20:10,20:37,,19:45,,,,,,,,21:01,20:54,,,
CR_Up_96650,,,,20:23,,,,,,,,,21:17,,,21:54,,22:03,,,21:52,,,21:50,,21:44,,,20:51,,,20:43,,,21:27,,,,,,,21:01,20:34,,21:20,,,,,,,,,,,20:46,21:33,,,,,,,,,,22:00,21:40,,,21:11,,,20:55,21:14,,,,,,,21:47,,,,,,21:57,,,,,,20:27,,21:37,,,20:40,21:06,,20:14,,,,,,,,21:30,21:23,,,
CR_Up_96652,,,,20:43,,,,,,,,,21:40,,,22:18,,22:28,,,22:16,,,22:13,,22:07,,,21:13,,,21:05,,,21:50,,,,,,,21:24,20:55,,21:43,,,,,,,,,,,21:08,21:56,,,,,,,,,,22:24,22:03,,,21:34,,,21:18,21:37,,,,,,,22:10,,,,,,22:21,,,,,,20:47,,22:00,,,21:02,21:29,,20:37,,,,,,,,21:53,21:46,,,
CR_Up_96654,,,,21:06,,,,,,,,,21:58,,,22:35,,22:45,,,22:33,,,22:31,,22:25,,,21:32,,,21:24,,,22:08,,,,,,,21:42,21:16,,22:01,,,,,,,,,,,21:27,22:14,,,,,,,,,,22:41,22:21,,,21:52,,,21:36,21:55,,,,,,,22:28,,,,,,22:38,,,,,,21:10,,22:18,,,21:21,21:47,,21:00,,,,,,,,22:11,22:04,,,
CR_Up_96656,,,,21:30,,,,,,,,,22:23,,,23:00,,23:09,,,22:58,,,22:56,,22:50,,,21:57,,,21:49,,,22:33,,,,,,,22:07,21:40,,22:26,,,,,,,,,,,21:52,22:39,,,,,,,,,,23:06,22:46,,,22:17,,,22:01,22:20,,,,,,,22:53,,,,,,23:03,,,,,,21:34,,22:43,,,21:46,22:12,,21:24,,,,,,,,22:36,22:29,,,
CR_Up_96658,,,,22:12,,,,,,,,,23:05,,,23:43,,23:53,,,23:40,,,23:38,,23:32,,,22:39,,,22:31,,,23:15,,,,,,,22:49,22:22,,23:08,,,,,,,,,,,22:34,23:21,,,,,,,,,,23:49,23:28,,,22:59,,,22:43,23:02,,,,,,,23:35,,,,,,23:46,,,,,,22:16,,23:25,,,22:28,22:54,,22:06,,,,,,,,23:18,23:11,,,
CR_Up_96660,,,,,,,,,,,,,,,,,,,,,,,,,,,,,23:01,,,22:53,,,,,,,,,,,22:42,,,,,,,,,,,,,,,,,,,,,,,,,,,,,,,,,,,,,,,,,,,,,,,,,,,,,,,,,23:16,,22:25,,,,,,,,,,,,
CR_Up_96662,,,,,,,,,,,,,,,,,,,,,,,,,,,,,23:47,,,23:39,,,,,,,,,,,23:30,,,,,,,,,,,,,,,,,,,,,,,,,,,,,,,,,,,,,,,,,,,,,,,,,,,,,,,,,,,23:14,,,,,,,,,,,,
CR_Up_97002,,,,,,,,,,,,,05:21,,,05:58,,06:07,,,05:56,,,05:54,,05:48,,,04:56,,,04:48,,,05:31,,,,,,,05:06,04:39,,05:24,,,,,,,,,,,04:51,05:37,,,,,,,,,,06:04,05:44,,,05:15,,,05:00,05:18,,,,,,,05:51,,,,,,06:01,,,,,,,,05:41,,,04:45,05:11,,,,,,,,,,05:34,05:27,,,
CR_Up_97006,,,,,,,,,,,,,06:22,,,06:59,,07:08,,,06:57,,,06:55,,06:49,,,05:57,,,05:49,,,06:32,,,,,,,06:07,05:39,,06:25,,,,,,,,,,,05:52,06:38,,,,,,,,,,07:05,06:45,,,06:16,,,06:01,06:19,,,,,,,06:52,,,,,,07:02,,,,,,,,06:42,,,05:46,06:12,,,,,,,,,,06:35,06:28,,,
CR_Up_97008,,,,,,,,,,,,,06:26,,,07:03,,07:12,,,07:01,,,06:59,,06:53,,,06:01,,,05:53,,,06:36,,,,,,,06:11,05:43,,06:29,,,,,,,,,,,05:56,06:42,,,,,,,,,,07:09,06:49,,,06:20,,,06:05,06:23,,,,,,,06:56,,,,,,07:06,,,,,,,,06:46,,,05:50,06:16,,,,,,,,,,06:39,06:32,,,
CR_Up_97010,,,,,,,,,,,,,06:46,,,07:23,,07:32,,,07:21,,,07:19,,07:13,,,06:21,,,06:13,,,06:56,,,,,,,06:31,06:03,,06:49,,,,,,,,,,,06:16,07:02,,,,,,,,,,07:29,07:09,,,06:40,,,06:25,06:43,,,,,,,07:16,,,,,,07:26,,,,,,,,07:06,,,06:10,06:36,,,,,,,,,,06:59,06:52,,,
CR_Up_97012,,,,,,,,,,,,,06:56,,,07:33,,07:42,,,07:31,,,07:29,,07:23,,,06:31,,,06:23,,,07:06,,,,,,,06:41,06:14,,06:59,,,,,,,,,,,06:26,07:12,,,,,,,,,,07:39,07:19,,,06:50,,,06:35,06:53,,,,,,,07:26,,,,,,07:36,,,,,,,,07:16,,,06:20,06:46,,,,,,,,,,07:09,07:02,,,
CR_Up_97014,,,,,,,,,,,,,07:26,,,08:03,,08:12,,,08:01,,,07:59,,07:53,,,07:01,,,06:53,,,07:36,,,,,,,07:11,06:43,,07:29,,,,,,,,,,,06:56,07:42,,,,,,,,,,08:09,07:49,,,07:20,,,07:05,07:23,,,,,,,07:56,,,,,,08:06,,,,,,,,07:46,,,06:50,07:16,,,,,,,,,,07:39,07:32,,,
CR_Up_97016,,,,,,,,,,,,,,,,,,,,,,,,,,07:58,,,07:05,,,06:57,,,07:41,,,,,,,,06:47,,,,,,,,,,,,,,07:47,,,,,,,,,,,,,,,,,,,,,,,,,,,,,,,,,,,,,,,,,,,07:20,,,,,,,,,,,,,,
CR_Up_97018,,,,,,,,,,,,,,,,,,,,,,,,,,08:07,,,07:12,,,07:04,,,07:49,,,,,,,,06:54,,,,,,,,,,,,,,07:55,,,,,,,,,,,,,,,,,,,,,,,,,,,,,,,,,,,,,,,,,,,07:28,,,,,,,,,,,,,,
CR_Up_97020,,,,,,,,,,,,,,,,,,,,,,,,,,08:19,,,07:26,,,07:18,,,08:02,,,,,,,,07:09,,,,,,,,,,,,,,08:08,,,,,,,,,,,,,,,,,,,,,,,,,,,,,,,,,,,,,,,,,,,07:41,,,,,,,,,,,,,,
CR_Up_97022,,,,,,,,,,,,,07:59,,,08:36,,08:45,,,08:34,,,08:32,,08:26,,,07:32,,,07:24,,,08:09,,,,,,,07:42,07:15,,08:02,,,,,,,,,,,07:27,08:15,,,,,,,,,,08:42,08:22,,,07:53,,,07:36,07:56,,,,,,,08:29,,,,,,08:39,,,,,,,,08:19,,,07:21,07:47,,,,,,,,,,08:12,08:05,,,
CR_Up_97024,,,,,,,,,,,,,08:07,,,08:44,,08:53,,,08:42,,,08:40,,08:34,,,07:40,,,07:32,,,08:17,,,,,,,07:50,07:21,,08:10,,,,,,,,,,,07:35,08:23,,,,,,,,,,08:50,08:30,,,08:01,,,07:44,08:04,,,,,,,08:37,,,,,,08:47,,,,,,,,08:27,,,07:27,07:55,,,,,,,,,,08:20,08:13,,,
CR_Up_97026,,,,,,,,,,,,,08:17,,,08:56,,09:05,,,08:53,,,08:50,,08:44,,,07:51,,,07:43,,,08:27,,,,,,,08:01,07:34,,08:20,,00:00,,,,,,,,,07:46,08:33,,,,,,,,,,09:02,08:40,,,08:11,,,07:55,08:14,,,,,,,08:47,,,,,,08:59,,,,,,,,08:37,,,07:40,08:06,,,,,,,,,,08:30,08:23,,,
CR_Up_97028,,,,,,,,,,,,,,,,,,,,,,,,,,09:00,,,08:07,,,07:59,,,08:43,,,,,,,,07:50,,,,,,,,,,,,,,08:49,,,,,,,,,,,,,,,,,,,,,,,,,,,,,,,,,,,,,,,,,,,08:22,,,,,,,,,,,,,,
CR_Up_97030,,,,,,,,,,,,,08:40,,,09:17,,09:26,,,09:15,,,09:13,,09:07,,,08:14,,,08:06,,,08:50,,,,,,,08:24,07:57,,08:43,,,,,,,,,,,08:09,08:56,,,,,,,,,,09:23,09:03,,,08:34,,,08:18,08:37,,,,,,,09:10,,,,,,09:20,,,,,,,,09:00,,,08:03,08:29,,,,,,,,,,08:53,08:46,,,
CR_Up_97032,,,,,,,,,,,,,08:53,,,09:29,,09:38,,,09:27,,,09:25,,09:19,,,08:26,,,08:18,,,09:02,,,,,,,08:36,08:09,,08:56,,,,,,,,,,,08:21,09:08,,,,,,,,,,09:35,09:15,,,08:47,,,08:30,08:50,,,,,,,09:22,,,,,,09:32,,,,,,,,09:12,,,08:15,08:42,,,,,,,,,,09:05,08:59,,,
CR_Up_97034,,,,,,,,,,,,,09:03,,,09:40,,09:49,,,09:38,,,09:36,,09:30,,,08:38,,,08:30,,,09:13,,,,,,,08:48,08:20,,09:06,,,,,,,,,,,08:33,09:19,,,,,,,,,,09:46,09:26,,,08:57,,,08:42,09:00,,,,,,,09:33,,,,,,09:43,,,,,,,,09:23,,,08:27,08:53,,,,,,,,,,09:16,09:09,,,
CR_Up_97036,,,,,,,,,,,,,,,,,,,,,,,,,,,,,08:53,,,08:45,,,,,,,,,,,08:36,,,,,,,,,,,,,,,,,,,,,,,,,,,,,,,,,,,,,,,,,,,,,,,,,,,,,,,,,09:08,,,,,,,,,,,,,,
CR_Up_97038,,,,,,,,,,,,,,,,,,,,,,,,,,10:17,,,09:23,,,09:15,,,09:59,,,,,,,,09:07,,,,,,,,,,,,,,10:06,,,,,,,,,,,,,,,,,,,,,,,,,,,,,,,,,,,,,,,,,,,09:38,,,,,,,,,,,,,,
CR_Up_97040,,,,,,,,,,,,,10:06,,,10:43,,10:52,,,10:41,,,10:39,,10:33,,,09:39,,,09:31,,,10:16,,,,,,,09:49,09:23,,10:09,,,,,,,,,,,09:34,10:22,,,,,,,,,,10:49,10:29,,,10:00,,,09:43,10:03,,,,,,,10:36,,,,,,10:46,,,,,,,,10:26,,,09:28,09:54,,,,,,,,,,10:19,10:12,,,
CR_Up_97042,,,,,,,,,,,,,10:12,,,10:49,,11:00,,,10:47,,,10:45,,10:39,,,09:45,,,09:37,,,10:22,,,,,,,09:55,09:29,,10:15,,,,,,,,,,,09:40,10:28,,,,,,,,,,10:55,10:35,,,10:06,,,09:49,10:09,,,,,,,10:42,,,,,,10:52,,,,,,,,10:32,,,09:34,10:00,,,,,,,,,,10:25,10:18,,,
CR_Up_97044,,,,,,,,,,,,,10:34,,,11:11,,11:20,,,11:09,,,11:07,,11:01,,,10:08,,,09:59,,,10:44,,,,,,,10:18,09:50,,10:37,,,,,,,,,,,10:03,10:50,,,,,,,,,,11:17,10:57,,,10:28,,,10:12,10:31,,,,,,,11:04,,,,,,11:14,,,,,,,,10:54,,,09:56,10:23,,,,,,,,,,10:47,10:40,,,
CR_Up_97046,,,,,,,,,,,,,10:59,,,11:36,,11:45,,,11:34,,,11:32,,11:26,,,10:32,,,10:24,,,11:09,,,,,,,10:42,10:15,,11:02,,,,,,,,,,,10:27,11:15,,,,,,,,,,11:42,11:22,,,10:53,,,10:36,10:56,,,,,,,11:29,,,,,,11:39,,,,,,,,11:19,,,10:21,10:48,,,,,,,,,,11:12,11:05,,,
CR_Up_97048,,,,,,,,,,,,,11:08,,,11:45,,11:54,,,11:43,,,11:41,,11:35,,,10:42,,,10:34,,,11:18,,,,,,,10:52,10:25,,11:11,,,,,,,,,,,10:37,11:24,,,,,,,,,,11:51,11:31,,,11:02,,,10:46,11:05,,,,,,,11:38,,,,,,11:48,,,,,,,,11:28,,,10:31,10:58,,,,,,,,,,11:21,11:14,,,
CR_Up_97050,,,,,,,,,,,,,,,,,,,,,,,,,,,,,11:00,,,10:52,,,11:35,,,,,,,,10:43,,,,,,,,,,,,,,11:41,,,,,,,,,,,,,,,,,,,,,,,,,,,,,,,,,,,,,,,,,,,11:15,,,,,,,,,,,,,,
CR_Up_97052,,,,,,,,,,,,,,,,,,,,,,,,,,12:00,,,11:08,,,11:00,,,11:43,,,,,,,,10:50,,,,,,,,,,,,,,11:49,,,,,,,,,,,,,,,,,,,,,,,,,,,,,,,,,,,,,,,,,,,11:23,,,,,,,,,,,,,,
CR_Up_97054,,,,,,,,,,,,,,,,,,,,,,,,,,,,,11:19,,,11:11,,,,,,,,,,,11:02,,,,,,,,,,,,,,,,,,,,,,,,,,,,,,,,,,,,,,,,,,,,,,,,,,,,,,,,,11:34,,,,,,,,,,,,,,
CR_Up_97056,,,,,,,,,,,,,,,,,,,,,,,,,,12:20,,,11:27,,,11:19,,,12:03,,,,,,,,11:10,,,,,,,,,,,,,,12:09,,,,,,,,,,,,,,,,,,,,,,,,,,,,,,,,,,,,,,,,,,,11:42,,,,,,,,,,,,,,
CR_Up_97058,,,,,,,,,,,,,,,,,,,,,,,,,,,,,11:40,,,11:32,,,,,,,,,,,11:22,,,,,,,,,,,,,,,,,,,,,,,,,,,,,,,,,,,,,,,,,,,,,,,,,,,,,,,,,11:55,,,,,,,,,,,,,,
CR_Up_97060,,,,,,,,,,,,,,,,,,,,,,,,,,12:55,,,12:01,,,11:53,,,12:38,,,,,,,,11:42,,,,,,,,,,,,,,12:44,,,,,,,,,,,,,,,,,,,,,,,,,,,,,,,,,,,,,,,,,,,12:17,,,,,,,,,,,,,,
CR_Up_97062,,,,,,,,,,,,,12:36,,,13:13,,13:22,,,13:11,,,13:09,,13:03,,,12:09,,,12:01,,,12:46,,,,,,,12:19,11:50,,12:39,,,,,,,,,,,12:04,12:52,,,,,,,,,,13:19,12:59,,,12:30,,,12:13,12:33,,,,,,,13:06,,,,,,13:16,,,,,,,,12:56,,,11:57,12:25,,,,,,,,,,12:49,12:42,,,
CR_Up_97064,,,,,,,,,,,,,,,,,,,,,,,,,,13:19,,,12:25,,,12:16,,,13:02,,,,,,,,12:05,,,,,,,,,,,,,,13:08,,,,,,,,,,,,,,,,,,,,,,,,,,,,,,,,,,,,,,,,,,,12:41,,,,,,,,,,,,,,
CR_Up_97066,,,,,,,,,,,,,,,,,,,,,,,,,,,,,12:42,,,12:34,,,,,,,,,,,12:24,,,,,,,,,,,,,,,,,,,,,,,,,,,,,,,,,,,,,,,,,,,,,,,,,,,,,,,,,12:57,,,,,,,,,,,,,,
CR_Up_97068,,,,,,,,,,,,,13:22,,,13:59,,14:08,,,13:57,,,13:55,,13:49,,,12:57,,,12:49,,,13:32,,,,,,,13:07,12:40,,13:25,,,,,,,,,,,12:52,13:38,,,,,,,,,,14:05,13:45,,,13:16,,,13:01,13:19,,,,,,,13:52,,,,,,14:02,,,,,,,,13:42,,,12:46,13:12,,,,,,,,,,13:35,13:28,,,
CR_Up_97070,,,,,,,,,,,,,13:35,,,14:12,,14:21,,,14:10,,,14:08,,14:02,,,13:10,,,13:02,,,13:45,,,,,,,13:20,12:53,,13:38,,,,,,,,,,,13:05,13:51,,,,,,,,,,14:18,13:58,,,13:29,,,13:14,13:32,,,,,,,14:05,,,,,,14:15,,,,,,,,13:55,,,12:59,13:25,,,,,,,,,,13:48,13:41,,,
CR_Up_97072,,,,,,,,,,,,,,,,,,,,,,,,,,,,,13:25,,,13:17,,,,,,,,,,,13:09,,,,,,,,,,,,,,,,,,,,,,,,,,,,,,,,,,,,,,,,,,,,,,,,,,,,,,,,,13:40,,,,,,,,,,,,,,
CR_Up_97074,,,,,,,,,,,,,,,,,,,,,,,,,,,,,13:36,,,13:28,,,14:11,,,,,,,,13:19,,,,,,,,,,,,,,14:17,,,,,,,,,,,,,,,,,,,,,,,,,,,,,,,,,,,,,,,,,,,13:51,,,,,,,,,,,,,,
CR_Up_97076,,,,,,,,,,,,,14:10,,,14:47,,14:57,,,14:45,,,14:43,,14:37,,,13:45,,,13:37,,,14:20,,,,,,,13:55,13:28,,14:13,,,,,,,,,,,13:40,14:26,,,,,,,,,,14:53,14:33,,,14:04,,,13:49,14:07,,,,,,,14:40,,,,,,14:50,,,,,,,,14:30,,,13:34,14:00,,,,,,,,,,14:23,14:16,,,
CR_Up_97078,,,,,,,,,,,,,14:27,,,15:04,,15:13,,,15:02,,,15:00,,14:54,,,14:01,,,13:52,,,14:37,,,,,,,14:11,13:43,,14:30,,,,,,,,,,,13:56,14:43,,,,,,,,,,15:10,14:50,,,14:21,,,14:05,14:24,,,,,,,14:57,,,,,,15:07,,,,,,,,14:47,,,13:49,14:16,,,,,,,,,,14:40,14:33,,,
CR_Up_97080,,,,,,,,,,,,,14:38,,,15:15,,15:24,,,15:13,,,15:11,,15:05,,,14:12,,,14:04,,,14:48,,,,,,,14:22,13:55,,14:41,,,,,,,,,,,14:07,14:54,,,,,,,,,,15:21,15:01,,,14:32,,,14:16,14:35,,,,,,,15:08,,,,,,15:18,,,,,,,,14:58,,,14:01,14:28,,,,,,,,,,14:51,14:44,,,
CR_Up_97082,,,,,,,,,,,,,,,,,,,,,,,,,,15:14,,,14:21,,,14:13,,,14:57,,,,,,,,14:04,,,,,,,,,,,,,,15:03,,,,,,,,,,,,,,,,,,,,,,,,,,,,,,,,,,,,,,,,,,,14:36,,,,,,,,,,,,,,
CR_Up_97084,,,,,,,,,,,,,14:54,,,15:31,,15:41,,,15:29,,,15:27,,15:21,,,14:28,,,14:20,,,15:04,,,,,,,14:38,14:11,,14:57,,,,,,,,,,,14:23,15:10,,,,,,,,,,15:37,15:17,,,14:48,,,14:32,14:51,,,,,,,15:24,,,,,,15:34,,,,,,,,15:14,,,14:17,14:43,,,,,,,,,,15:07,15:00,,,
CR_Up_97086,,,,,,,,,,,,,15:09,,,15:46,,15:55,,,15:44,,,15:42,,15:36,,,14:43,,,14:35,,,15:19,,,,,,,14:53,14:25,,15:12,,,,,,,,,,,14:38,15:25,,,,,,,,,,15:52,15:32,,,15:03,,,14:47,15:06,,,,,,,15:39,,,,,,15:49,,,,,,,,15:29,,,14:32,14:58,,,,,,,,,,15:22,15:15,,,
CR_Up_97088,,,,,,,,,,,,,15:16,,,15:53,,16:02,,,15:51,,,15:49,,15:43,,,14:50,,,14:42,,,15:26,,,,,,,15:00,14:33,,15:19,,,,,,,,,,,14:45,15:32,,,,,,,,,,15:59,15:39,,,15:10,,,14:54,15:13,,,,,,,15:46,,,,,,15:56,,,,,,,,15:36,,,14:39,15:05,,,,,,,,,,15:29,15:22,,,
CR_Up_97090,,,,,,,,,,,,,15:24,,,16:01,,16:11,,,15:59,,,15:57,,15:51,,,14:58,,,14:50,,,15:34,,,,,,,15:08,14:41,,15:27,,,,,,,,,,,14:53,15:40,,,,,,,,,,16:07,15:47,,,15:18,,,15:02,15:21,,,,,,,15:54,,,,,,16:04,,,,,,,,15:44,,,14:47,15:13,,,,,,,,,,15:37,15:30,,,
CR_Up_97092,,,,,,,,,,,,,15:52,,,16:29,,16:38,,,16:27,,,16:25,,16:19,,,15:27,,,15:19,,,16:02,,,,,,,15:37,15:10,,15:55,,,,,,,,,,,15:22,16:08,,,,,,,,,,16:35,16:15,,,15:46,,,15:31,15:49,,,,,,,16:22,,,,,,16:32,,,,,,,,16:12,,,15:16,15:42,,,,,,,,,,16:05,15:58,,,
CR_Up_97094,,,,,,,,,,,,,,,,,,,,,,,,,,,,,15:31,,,15:23,,,,,,,,,,,15:14,,,,,,,,,,,,,,,,,,,,,,,,,,,,,,,,,,,,,,,,,,,,,,,,,,,,,,,,,15:46,,,,,,,,,,,,,,
CR_Up_97096,,,,,,,,,,,,,16:15,,,16:53,,17:04,,,16:51,,,16:49,,16:42,,,15:48,,,15:39,,,16:25,,,,,,,15:58,15:30,,16:18,,,,,,,,,,,15:43,16:31,,,,,,,,,,16:59,16:38,,,16:09,,,15:52,16:12,,,,,,,16:46,,,,,,16:56,,,,,,,,16:35,,,15:36,16:03,,,,,,,,,,16:28,16:21,,,
CR_Up_97098,,,,,,,,,,,,,16:21,,,17:01,,17:12,,,16:59,,,16:57,,16:49,,,15:54,,,15:46,,,16:31,,,,,,,16:04,15:37,,16:24,,,,,,,,,,,15:49,16:38,,,,,,,,,,17:07,16:45,,,16:15,,,15:58,16:18,,,,,,,16:53,,,,,,17:04,,,,,,,,16:42,,,15:43,16:09,,,,,,,,,,16:35,16:27,,,
CR_Up_97100,,,,,,,,,,,,,,,,,,,,,,,,,,16:57,,,16:04,,,15:56,,,16:40,,,,,,,,15:47,,,,,,,,,,,,,,16:46,,,,,,,,,,,,,,,,,,,,,,,,,,,,,,,,,,,,,,,,,,,16:19,,,,,,,,,,,,,,
CR_Up_97102,,,,,,,,,,,,,,,,,,,,,,,,,,,,,16:15,,,16:07,,,,,,,,,,,15:58,,,,,,,,,,,,,,,,,,,,,,,,,,,,,,,,,,,,,,,,,,,,,,,,,,,,,,,,,16:30,,,,,,,,,,,,,,
CR_Up_97104,,,,,,,,,,,,,16:46,,,17:22,,17:32,,,17:20,,,17:18,,17:12,,,16:20,,,16:12,,,16:56,,,,,,,16:30,16:04,,16:49,,,,,,,,,,,16:15,17:02,,,,,,,,,,17:28,17:09,,,16:40,,,16:24,16:43,,,,,,,17:15,,,,,,17:25,,,,,,,,17:06,,,16:09,16:35,,,,,,,,,,16:59,16:52,,,
CR_Up_97106,,,,,,,,,,,,,16:51,,,17:27,,17:37,,,17:25,,,17:23,,17:17,,,16:26,,,16:18,,,17:01,,,,,,,16:36,16:10,,16:54,,,,,,,,,,,16:21,17:07,,,,,,,,,,17:33,17:14,,,16:45,,,16:30,16:48,,,,,,,17:20,,,,,,17:30,,,,,,,,17:11,,,16:15,16:41,,,,,,,,,,17:04,16:57,,,
CR_Up_97108,,,,,,,,,,,,,,,,,,,,,,,,,,17:26,,,16:34,,,16:26,,,17:09,,,,,,,,16:17,,,,,,,,,,,,,,17:15,,,,,,,,,,,,,,,,,,,,,,,,,,,,,,,,,,,,,,,,,,,16:49,,,,,,,,,,,,,,
CR_Up_97110,,,,,,,,,,,,,17:07,,,17:43,,17:53,,,17:41,,,17:39,,17:33,,,16:41,,,16:33,,,17:17,,,,,,,16:51,16:24,,17:10,,,,,,,,,,,16:36,17:23,,,,,,,,,,17:49,17:30,,,17:01,,,16:45,17:04,,,,,,,17:36,,,,,,17:46,,,,,,,,17:27,,,16:30,16:56,,,,,,,,,,17:20,17:13,,,
CR_Up_97112,,,,,,,,,,,,,,,,,,,,,,,,,,,,,16:56,,,16:47,,,,,,,,,,,16:38,,,,,,,,,,,,,,,,,,,,,,,,,,,,,,,,,,,,,,,,,,,,,,,,,,,,,,,,,17:11,,,,,,,,,,,,,,
CR_Up_97114,,,,,,,,,,,,,,,,,,,,,,,,,,18:06,,,17:13,,,17:05,,,17:50,,,,,,,,16:57,,,,,,,,,,,,,,17:56,,,,,,,,,,,,,,,,,,,,,,,,,,,,,,,,,,,,,,,,,,,17:28,,,,,,,,,,,,,,
CR_Up_97116,,,,,,,,,,,,,17:57,,,18:35,,18:45,,,18:33,,,18:31,,18:25,,,17:30,,,17:22,,,18:07,,,,,,,17:40,17:13,,18:00,,,,,,,,,,,17:25,18:14,,,,,,,,,,18:41,18:21,,,17:51,,,17:34,17:54,,,,,,,18:28,,,,,,18:38,,,,,,,,18:18,,,17:19,17:45,,,,,,,,,,18:10,18:03,,,
CR_Up_97118,,,,,,,,,,,,,18:12,,,18:50,,18:59,,,18:48,,,18:46,,18:40,,,17:45,,,17:37,,,18:22,,,,,,,17:55,17:27,,18:15,,,,,,,,,,,17:40,18:29,,,,,,,,,,18:56,18:36,,,18:06,,,17:49,18:09,,,,,,,18:43,,,,,,18:53,,,,,,,,18:33,,,17:34,18:00,,,,,,,,,,18:25,18:18,,,
CR_Up_97120,,,,,,,,,,,,,18:23,,,19:01,,19:10,,,18:59,,,18:57,,18:51,,,17:55,,,17:47,,,18:33,,,,,,,18:05,17:37,,18:26,,,,,,,,,,,17:50,18:40,,,,,,,,,,19:07,18:47,,,18:17,,,17:59,18:20,,,,,,,18:54,,,,,,19:04,,,,,,,,18:44,,,17:44,18:11,,,,,,,,,,18:36,18:29,,,
CR_Up_97122,,,,,,,,,,,,,18:44,,,19:21,,19:30,,,19:19,,,19:17,,19:11,,,18:18,,,18:10,,,18:54,,,,,,,18:28,18:00,,18:47,,,,,,,,,,,18:13,19:00,,,,,,,,,,19:27,19:07,,,18:38,,,18:22,18:41,,,,,,,19:14,,,,,,19:24,,,,,,,,19:04,,,18:07,18:33,,,,,,,,,,18:57,18:50,,,
CR_Up_97124,,,,,,,,,,,,,,,,,,,,,,,,,,,,,18:25,,,18:17,,,,,,,,,,,18:08,,,,,,,,,,,,,,,,,,,,,,,,,,,,,,,,,,,,,,,,,,,,,,,,,,,,,,,,,18:39,,,,,,,,,,,,,,
CR_Up_97126,,,,,,,,,,,,,19:04,,,19:41,,19:50,,,19:39,,,19:37,,19:31,,,18:38,,,18:30,,,19:14,,,,,,,18:48,18:21,,19:07,,,,,,,,,,,18:34,19:20,,,,,,,,,,19:47,19:27,,,18:58,,,18:42,19:01,,,,,,,19:34,,,,,,19:44,,,,,,,,19:24,,,18:27,18:53,,,,,,,,,,19:17,19:10,,,
CR_Up_97128,,,,,,,,,,,,,19:16,,,19:53,,20:02,,,19:51,,,19:49,,19:43,,,18:51,,,18:43,,,19:26,,,,,,,19:01,18:34,,19:19,,,,,,,,,,,18:46,19:32,,,,,,,,,,19:59,19:39,,,19:10,,,18:55,19:13,,,,,,,19:46,,,,,,19:56,,,,,,,,19:36,,,18:40,19:06,,,,,,,,,,19:29,19:22,,,
CR_Up_97130,,,,,,,,,,,,,,,,,,,,,,,,,,,,,18:57,,,18:49,,,,,,,,,,,18:40,,,,,,,,,,,,,,,,,,,,,,,,,,,,,,,,,,,,,,,,,,,,,,,,,,,,,,,,,19:12,,,,,,,,,,,,,,
CR_Up_97132,,,,,,,,,,,,,,,,,,,,,,,,,,,,,19:05,,,18:57,,,19:40,,,,,,,,18:48,,,,,,,,,,,,,,19:46,,,,,,,,,,,,,,,,,,,,,,,,,,,,,,,,,,,,,,,,,,,19:20,,,,,,,,,,,,,,
CR_Up_97134,,,,,,,,,,,,,19:33,,,20:13,,20:22,,,20:11,,,20:07,,20:00,,,19:08,,,19:00,,,19:43,,,,,,,19:18,18:51,,19:36,,,,,,,,,,,19:03,19:49,,,,,,,,,,20:19,19:56,,,19:27,,,19:12,19:30,,,,,,,20:03,,,,,,20:16,,,,,,,,19:53,,,18:57,19:23,,,,,,,,,,19:46,19:39,,,
CR_Up_97136,,,,,,,,,,,,,,,,,,,,,,,,,,,,,19:15,,,19:07,,,,,,,,,,,18:58,,,,,,,,,,,,,,,,,,,,,,,,,,,,,,,,,,,,,,,,,,,,,,,,,,,,,,,,,19:30,,,,,,,,,,,,,,
CR_Up_97138,,,,,,,,,,,,,19:46,,,20:23,,20:34,,,20:21,,,20:19,,20:13,,,19:20,,,19:11,,,19:56,,,,,,,19:30,19:02,,19:49,,,,,,,,,,,19:15,20:02,,,,,,,,,,20:29,20:09,,,19:40,,,19:24,19:43,,,,,,,20:16,,,,,,20:26,,,,,,,,20:06,,,19:08,19:35,,,,,,,,,,19:59,19:52,,,
CR_Up_97140,,,,,,,,,,,,,,,,,,,,,,,,,,20:20,,,19:27,,,19:18,,,20:03,,,,,,,,19:08,,,,,,,,,,,,,,20:09,,,,,,,,,,,,,,,,,,,,,,,,,,,,,,,,,,,,,,,,,,,19:42,,,,,,,,,,,,,,
CR_Up_97142,,,,,,,,,,,,,19:57,,,20:35,,20:44,,,20:32,,,20:30,,20:24,,,19:31,,,19:22,,,20:07,,,,,,,19:41,19:12,,20:00,,,,,,,,,,,19:26,20:13,,,,,,,,,,20:41,20:20,,,19:51,,,19:35,19:54,,,,,,,20:27,,,,,,20:38,,,,,,,,20:17,,,19:19,19:46,,,,,,,,,,20:10,20:03,,,
CR_Up_97144,,,,,,,,,,,,,20:09,,,20:46,,20:56,,,20:44,,,20:42,,20:36,,,19:43,,,19:35,,,20:19,,,,,,,19:53,19:26,,20:12,,,,,,,,,,,19:38,20:25,,,,,,,,,,20:52,20:32,,,20:03,,,19:47,20:06,,,,,,,20:39,,,,,,20:49,,,,,,,,20:29,,,19:32,19:58,,,,,,,,,,20:22,20:15,,,
CR_Up_97146,,,,,,,,,,,,,,,,,,,,,,,,,,20:47,,,19:55,,,19:47,,,20:30,,,,,,,,19:38,,,,,,,,,,,,,,20:36,,,,,,,,,,,,,,,,,,,,,,,,,,,,,,,,,,,,,,,,,,,20:10,,,,,,,,,,,,,,
CR_Up_97148,,,,,,,,,,,,,20:29,,,21:06,,21:16,,,21:04,,,21:02,,20:56,,,20:02,,,19:54,,,20:39,,,,,,,20:12,19:45,,20:32,,,,,,,,,,,19:57,20:45,,,,,,,,,,21:12,20:52,,,20:22,,,20:06,20:25,,,,,,,20:59,,,,,,21:09,,,,,,,,20:49,,,19:51,20:17,,,,,,,,,,20:42,20:35,,,
CR_Up_97150,,,,,,,,,,,,,,,,,,,,,,,,,,,,,20:06,,,19:57,,,,,,,,,,,19:48,,,,,,,,,,,,,,,,,,,,,,,,,,,,,,,,,,,,,,,,,,,,,,,,,,,,,,,,,20:21,,,,,,,,,,,,,,
CR_Up_97152,,,,,,,,,,,,,20:41,,,21:18,,21:28,,,21:16,,,21:14,,21:08,,,20:15,,,20:07,,,20:51,,,,,,,20:25,19:56,,20:44,,,,,,,,,,,20:10,20:57,,,,,,,,,,21:24,21:04,,,20:35,,,20:19,20:38,,,,,,,21:11,,,,,,21:21,,,,,,,,21:01,,,20:03,20:30,,,,,,,,,,20:54,20:47,,,
CR_Up_97154,,,,,,,,,,,,,,,,,,,,,,,,,,21:22,,,20:28,,,20:20,,,21:05,,,,,,,,20:10,,,,,,,,,,,,,,21:11,,,,,,,,,,,,,,,,,,,,,,,,,,,,,,,,,,,,,,,,,,,20:43,,,,,,,,,,,,,,
CR_Up_97156,,,,,,,,,,,,,21:13,,,21:50,,22:00,,,21:48,,,21:46,,21:40,,,20:46,,,20:38,,,21:23,,,,,,,20:56,20:29,,21:16,,,,,,,,,,,20:41,21:29,,,,,,,,,,21:56,21:36,,,21:07,,,20:50,21:10,,,,,,,21:43,,,,,,21:53,,,,,,,,21:33,,,20:35,21:01,,,,,,,,,,21:26,21:19,,,
CR_Up_97158,,,,,,,,,,,,,21:21,,,21:58,,22:08,,,21:56,,,21:54,,21:48,,,20:55,,,20:47,,,21:31,,,,,,,21:05,20:38,,21:24,,,,,,,,,,,20:50,21:37,,,,,,,,,,22:04,21:44,,,21:15,,,20:59,21:18,,,,,,,21:51,,,,,,22:01,,,,,,,,21:41,,,20:44,21:10,,,,,,,,,,21:34,21:27,,,
CR_Up_97160,,,,,,,,,,,,,,,,,,,,,,,,,,21:52,,,21:00,,,20:52,,,21:35,,,,,,,,20:43,,,,,,,,,,,,,,21:41,,,,,,,,,,,,,,,,,,,,,,,,,,,,,,,,,,,,,,,,,,,21:15,,,,,,,,,,,,,,
CR_Up_97162,,,,,,,,,,,,,,,,,,,,,,,,,,,,,21:09,,,21:00,,,,,,,,,,,20:50,,,,,,,,,,,,,,,,,,,,,,,,,,,,,,,,,,,,,,,,,,,,,,,,,,,,,,,,,21:24,,,,,,,,,,,,,,
CR_Up_97164,,,,,,,,,,,,,,,,,,,,,,,,,,,,,21:21,,,21:13,,,21:57,,,,,,,,21:04,,,,,,,,,,,,,,22:03,,,,,,,,,,,,,,,,,,,,,,,,,,,,,,,,,,,,,,,,,,,21:36,,,,,,,,,,,,,,
CR_Up_97166,,,,,,,,,,,,,,,,,,,,,,,,,,22:29,,,21:36,,,21:28,,,22:12,,,,,,,,21:19,,,,,,,,,,,,,,22:18,,,,,,,,,,,,,,,,,,,,,,,,,,,,,,,,,,,,,,,,,,,21:51,,,,,,,,,,,,,,
CR_Up_97168,,,,,,,,,,,,,22:19,,,22:56,,23:05,,,22:54,,,22:52,,22:46,,,21:53,,,21:45,,,22:29,,,,,,,22:03,21:36,,22:22,,,,,,,,,,,21:48,22:35,,,,,,,,,,23:02,22:42,,,22:13,,,21:57,22:16,,,,,,,22:49,,,,,,22:59,,,,,,,,22:39,,,21:42,22:08,,,,,,,,,,22:32,22:25,,,
CR_Up_97170,,,,,,,,,,,,,22:43,,,23:20,,23:30,,,23:18,,,23:16,,23:10,,,22:18,,,22:10,,,22:53,,,,,,,22:28,21:59,,22:46,,,,,,,,,,,22:13,22:59,,,,,,,,,,23:26,23:06,,,22:37,,,22:22,22:40,,,,,,,23:13,,,,,,23:23,,,,,,,,23:03,,,22:06,22:33,,,,,,,,,,22:56,22:49,,,
CR_Up_97172,,,,,,,,,,,,,22:49,,,23:27,,23:36,,,23:24,,,23:22,,23:16,,,22:23,,,22:15,,,22:59,,,,,,,22:33,22:06,,22:52,,,,,,,,,,,22:18,23:05,,,,,,,,,,23:33,23:12,,,22:43,,,22:27,22:46,,,,,,,23:19,,,,,,23:30,,,,,,,,23:09,,,22:12,22:38,,,,,,,,,,23:02,22:55,,,
CR_Up_97174,,,,,,,,,,,,,23:10,,,23:48,,23:58,,,23:45,,,23:43,,23:37,,,22:44,,,22:35,,,23:20,,,,,,,22:54,22:26,,23:13,,,,,,,,,,,22:39,23:26,,,,,,,,,,23:54,23:33,,,23:04,,,22:48,23:07,,,,,,,23:40,,,,,,23:51,,,,,,,,23:30,,,22:32,22:59,,,,,,,,,,23:23,23:16,,,
CR_Up_97176,,,,,,,,,,,,,,,,,,,,,,,,,,,,,23:13,,,23:04,,,23:49,,,,,,,,22:56,,,,,,,,,,,,,,23:55,,,,,,,,,,,,,,,,,,,,,,,,,,,,,,,,,,,,,,,,,,,23:28,,,,,,,,,,,,,,
CR_Up_97178,,,,,,,,,,,,,,,,,,,,,,,,,,,,,23:20,,,23:12,,,,,,,,,,,23:04,,,,,,,,,,,,,,,,,,,,,,,,,,,,,,,,,,,,,,,,,,,,,,,,,,,,,,,,,23:35,,,,,,,,,,,,,,
CR_Up_97180,,,,,,,,,,,,,,,,,,,,,,,,,,,,,23:35,,,23:27,,,,,,,,,,,23:19,,,,,,,,,,,,,,,,,,,,,,,,,,,,,,,,,,,,,,,,,,,,,,,,,,,,,,,,,23:50,,,,,,,,,,,,,,
CR_Up_97182,,,,,,,,,,,,,,,,,,,,,,,,,,,,,00:05,,,23:57,,,,,,,,,,,23:47,,,,,,,,,,,,,,,,,,,,,,,,,,,,,,,,,,,,,,,,,,,,,,,,,,,,,,,,,00:20,,,,,,,,,,,,,,
CR_Up_97202,,,,,,,,,,,,,06:30,,,07:07,,07:16,,,07:05,,,07:03,,06:57,,,06:05,,,05:56,,,06:40,,,,,,,06:15,,,06:33,,,,,,,,,,,06:00,06:46,,,,,,,,,,07:13,06:53,,,06:24,,,06:09,06:27,,,,,,,07:00,,,,,,07:10,,,,,,,,06:50,,,,06:20,,,,,,,,,,06:43,06:36,,,
CR_Up_97204,,,,,,,,,,,,,08:03,,,08:40,,08:49,,,08:38,,,08:36,,08:30,,,07:37,,,07:29,,,08:13,,,,,,,07:47,,,08:06,,,,,,,,,,,07:32,08:19,,,,,,,,,,08:46,08:26,,,07:57,,,07:41,08:00,,,,,,,08:33,,,,,,08:43,,,,,,,,08:23,,,,07:52,,,,,,,,,,08:16,08:09,,,
CR_Up_97206,,,,,,,,,,,,,08:22,,,09:00,,09:09,,,08:58,,,08:55,,08:49,,,07:56,,,07:47,,,08:32,,,,,,,08:06,,,08:25,,,,,,,,,,,07:51,08:38,,,,,,,,,,09:06,08:45,,,08:16,,,08:00,08:19,,,,,,,08:52,,,,,,09:03,,,,,,,,08:42,,,,08:11,,,,,,,,,,08:35,08:28,,,
CR_Up_97208,,,,,,,,,,,,,09:17,,,09:54,,10:03,,,09:52,,,09:50,,09:44,,,08:50,,,08:41,,,09:27,,,,,,,09:00,,,09:20,,,,,,,,,,,08:45,09:33,,,,,,,,,,10:00,09:40,,,09:11,,,08:54,09:14,,,,,,,09:47,,,,,,09:57,,,,,,,,09:37,,,,09:05,,,,,,,,,,09:30,09:23,,,
CR_Up_97210,,,,,,,,,,,,,09:38,,,10:17,,10:26,,,10:15,,,10:13,,10:07,,,09:12,,,09:04,,,09:49,,,,,,,09:22,,,09:41,,,,,,,,,,,09:07,09:56,,,,,,,,,,10:23,10:03,,,09:32,,,09:16,09:35,,,,,,,10:10,,,,,,10:20,,,,,,,,10:00,,,,09:27,,,,,,,,,,09:53,09:44,,,
CR_Up_97212,,,,,,,,,,,,,,,,,,,,,,,,,,10:49,,,09:56,,,09:47,,,10:32,,,,,,,,,,,,,,,,,,,,,,10:38,,,,,,,,,,,,,,,,,,,,,,,,,,,,,,,,,,,,,,,,,,,10:11,,,,,,,,,,,,,,
CR_Up_97214,,,,,,,,,,,,,11:14,,,11:51,,12:00,,,11:49,,,11:47,,11:41,,,10:49,,,10:40,,,11:24,,,,,,,10:59,,,11:17,,,,,,,,,,,10:44,11:30,,,,,,,,,,11:57,11:37,,,11:08,,,10:53,11:11,,,,,,,11:44,,,,,,11:54,,,,,,,,11:34,,,,11:04,,,,,,,,,,11:27,11:20,,,
CR_Up_97216,,,,,,,,,,,,,11:41,,,12:18,,12:27,,,12:16,,,12:14,,12:08,,,11:15,,,11:06,,,11:51,,,,,,,11:25,,,11:44,,,,,,,,,,,11:10,11:57,,,,,,,,,,12:24,12:04,,,11:35,,,11:19,11:38,,,,,,,12:11,,,,,,12:21,,,,,,,,12:01,,,,11:30,,,,,,,,,,11:54,11:47,,,
CR_Up_97218,,,,,,,,,,,,,12:24,,,13:01,,13:10,,,12:59,,,12:57,,12:51,,,11:57,,,11:48,,,12:34,,,,,,,12:07,,,12:27,,,,,,,,,,,11:52,12:40,,,,,,,,,,13:07,12:47,,,12:18,,,12:01,12:21,,,,,,,12:54,,,,,,13:04,,,,,,,,12:44,,,,12:13,,,,,,,,,,12:37,12:30,,,
CR_Up_97220,,,,,,,,,,,,,12:44,,,13:21,,13:30,,,13:19,,,13:17,,13:11,,,12:17,,,12:08,,,12:54,,,,,,,12:27,,,12:47,,,,,,,,,,,12:12,13:00,,,,,,,,,,13:27,13:07,,,12:38,,,12:21,12:41,,,,,,,13:14,,,,,,13:24,,,,,,,,13:04,,,,12:33,,,,,,,,,,12:57,12:50,,,
CR_Up_97222,,,,,,,,,,,,,13:30,,,14:07,,14:16,,,14:05,,,14:03,,13:57,,,13:05,,,12:56,,,13:40,,,,,,,13:15,,,13:33,,,,,,,,,,,13:00,13:46,,,,,,,,,,14:13,13:53,,,13:24,,,13:09,13:27,,,,,,,14:00,,,,,,14:10,,,,,,,,13:50,,,,13:20,,,,,,,,,,13:43,13:36,,,
CR_Up_97224,,,,,,,,,,,,,14:06,,,14:43,,14:52,,,14:41,,,14:39,,14:33,,,13:41,,,13:32,,,14:16,,,,,,,13:51,,,14:09,,,,,,,,,,,13:36,14:22,,,,,,,,,,14:49,14:29,,,14:00,,,13:45,14:03,,,,,,,14:36,,,,,,14:46,,,,,,,,14:26,,,,13:56,,,,,,,,,,14:19,14:12,,,
CR_Up_97226,,,,,,,,,,,,,,,,,,,,,,,,,,14:50,,,13:57,,,13:48,,,14:33,,,,,,,,,,,,,,,,,,,,,,14:39,,,,,,,,,,,,,,,,,,,,,,,,,,,,,,,,,,,,,,,,,,,14:12,,,,,,,,,,,,,,
CR_Up_97228,,,,,,,,,,,,,14:43,,,15:20,,15:30,,,15:18,,,15:16,,15:10,,,14:17,,,14:08,,,14:53,,,,,,,14:27,,,14:46,,,,,,,,,,,14:12,14:59,,,,,,,,,,15:26,15:06,,,14:37,,,14:21,14:40,,,,,,,15:13,,,,,,15:23,,,,,,,,15:03,,,,14:32,,,,,,,,,,14:56,14:49,,,
CR_Up_97230,,,,,,,,,,,,,15:30,,,16:07,,16:17,,,16:05,,,16:03,,15:57,,,15:04,,,14:56,,,15:40,,,,,,,15:14,,,15:33,,,,,,,,,,,14:59,15:46,,,,,,,,,,16:13,15:53,,,15:24,,,15:08,15:27,,,,,,,16:00,,,,,,16:10,,,,,,,,15:50,,,,15:19,,,,,,,,,,15:43,15:36,,,
CR_Up_97232,,,,,,,,,,,,,16:10,,,16:47,,16:56,,,16:45,,,16:43,,16:37,,,15:44,,,15:35,,,16:20,,,,,,,15:54,,,16:13,,,,,,,,,,,15:39,16:26,,,,,,,,,,16:53,16:33,,,16:04,,,15:48,16:07,,,,,,,16:40,,,,,,16:50,,,,,,,,16:30,,,,15:59,,,,,,,,,,16:23,16:16,,,
CR_Up_97234,,,,,,,,,,,,,17:14,,,17:50,,18:00,,,17:48,,,17:46,,17:40,,,16:47,,,16:38,,,17:24,,,,,,,16:57,,,17:17,,,,,,,,,,,16:42,17:30,,,,,,,,,,17:56,17:37,,,17:08,,,16:51,17:11,,,,,,,17:43,,,,,,17:53,,,,,,,,17:34,,,,17:02,,,,,,,,,,17:27,17:20,,,
CR_Up_97236,,,,,,,,,,,,,17:29,,,18:05,,18:14,,,18:03,,,18:01,,17:55,,,17:04,,,16:55,,,17:39,,,,,,,17:14,,,17:32,,,,,,,,,,,16:59,17:45,,,,,,,,,,18:11,17:52,,,17:23,,,17:08,17:26,,,,,,,17:58,,,,,,18:08,,,,,,,,17:49,,,,17:19,,,,,,,,,,17:42,17:35,,,
CR_Up_97238,,,,,,,,,,,,,17:47,,,18:24,,18:33,,,18:22,,,18:20,,18:14,,,17:22,,,17:13,,,17:57,,,,,,,17:32,,,17:50,,,,,,,,,,,17:17,18:03,,,,,,,,,,18:30,18:10,,,17:41,,,17:26,17:44,,,,,,,18:17,,,,,,18:27,,,,,,,,18:07,,,,17:37,,,,,,,,,,18:00,17:53,,,
CR_Up_97240,,,,,,,,,,,,,,,,,,,,,,,,,,18:35,,,17:41,,,17:32,,,18:18,,,,,,,,,,,,,,,,,,,,,,18:24,,,,,,,,,,,,,,,,,,,,,,,,,,,,,,,,,,,,,,,,,,,17:56,,,,,,,,,,,,,,
CR_Up_97242,,,,,,,,,,,,,18:32,,,19:09,,19:18,,,19:07,,,19:05,,18:59,,,18:06,,,17:58,,,18:42,,,,,,,18:16,,,18:35,,,,,,,,,,,18:01,18:48,,,,,,,,,,19:15,18:55,,,18:26,,,18:10,18:29,,,,,,,19:02,,,,,,19:12,,,,,,,,18:52,,,,18:21,,,,,,,,,,18:45,18:38,,,
CR_Up_97244,,,,,,,,,,,,,18:55,,,19:32,,19:41,,,19:30,,,19:28,,19:22,,,18:29,,,18:20,,,19:05,,,,,,,18:39,,,18:58,,,,,,,,,,,18:24,19:11,,,,,,,,,,19:38,19:18,,,18:49,,,18:33,18:52,,,,,,,19:25,,,,,,19:35,,,,,,,,19:15,,,,18:44,,,,,,,,,,19:08,19:01,,,
CR_Up_97246,,,,,,,,,,,,,,,,,,,,,,,,,,19:39,,,18:46,,,18:37,,,19:22,,,,,,,,,,,,,,,,,,,,,,19:28,,,,,,,,,,,,,,,,,,,,,,,,,,,,,,,,,,,,,,,,,,,19:01,,,,,,,,,,,,,,
CR_Up_97248,,,,,,,,,,,,,19:26,,,20:03,,20:12,,,20:01,,,19:59,,19:53,,,19:01,,,18:52,,,19:36,,,,,,,19:11,,,19:29,,,,,,,,,,,18:56,19:42,,,,,,,,,,20:09,19:49,,,19:20,,,19:05,19:23,,,,,,,19:56,,,,,,20:06,,,,,,,,19:46,,,,19:16,,,,,,,,,,19:39,19:32,,,
CR_Up_97250,,,,,,,,,,,,,20:04,,,20:42,,20:52,,,20:39,,,20:37,,20:31,,,19:38,,,19:28,,,20:14,,,,,,,19:48,,,20:07,,,,,,,,,,,19:33,20:20,,,,,,,,,,20:48,20:27,,,19:58,,,19:42,20:01,,,,,,,20:34,,,,,,20:45,,,,,,,,20:24,,,,19:53,,,,,,,,,,20:17,20:10,,,
CR_Up_97252,,,,,,,,,,,,,20:25,,,21:03,,21:12,,,21:00,,,20:58,,20:52,,,19:59,,,19:50,,,20:35,,,,,,,20:09,,,20:28,,,,,,,,,,,19:54,20:41,,,,,,,,,,21:09,20:48,,,20:19,,,20:03,20:22,,,,,,,20:55,,,,,,21:06,,,,,,,,20:45,,,,20:14,,,,,,,,,,20:38,20:31,,,
CR_Up_97254,,,,,,,,,,,,,20:59,,,21:36,,21:45,,,21:34,,,21:32,,21:26,,,20:32,,,20:23,,,21:09,,,,,,,20:42,,,21:02,,,,,,,,,,,20:27,21:15,,,,,,,,,,21:42,21:22,,,20:53,,,20:36,20:56,,,,,,,21:29,,,,,,21:39,,,,,,,,21:19,,,,20:47,,,,,,,,,,21:12,21:05,,,
CR_Up_97256,,,,,,,,,,,,,21:09,,,21:46,,21:56,,,21:44,,,21:42,,21:36,,,20:42,,,20:33,,,21:19,,,,,,,20:52,,,21:12,,,,,,,,,,,20:37,21:25,,,,,,,,,,21:52,21:32,,,21:03,,,20:46,21:06,,,,,,,21:39,,,,,,21:49,,,,,,,,21:29,,,,20:57,,,,,,,,,,21:22,21:15,,,
CR_Up_97258,,,,,,,,,,,,,21:44,,,22:22,,22:32,,,22:19,,,22:17,,22:11,,,21:17,,,21:08,,,21:54,,,,,,,21:27,,,21:47,,,,,,,,,,,21:12,22:00,,,,,,,,,,22:28,22:07,,,21:38,,,21:21,21:41,,,,,,,22:14,,,,,,22:25,,,,,,,,22:04,,,,21:33,,,,,,,,,,21:57,21:50,,,
CR_Up_97260,,,,,,,,,,,,,22:35,,,23:12,,23:22,,,23:10,,,23:08,,23:02,,,22:09,,,22:00,,,22:45,,,,,,,22:19,,,22:38,,,,,,,,,,,22:04,22:51,,,,,,,,,,23:18,22:58,,,22:29,,,22:13,22:32,,,,,,,23:05,,,,,,23:15,,,,,,,,22:55,,,,22:24,,,,,,,,,,22:48,22:41,,,
CR_Up_97262,,,,,,,,,,,,,22:53,,,23:31,,23:40,,,23:28,,,23:26,,23:20,,,22:27,,,22:18,,,23:03,,,,,,,22:37,,,22:56,,,,,,,,,,,22:22,23:09,,,,,,,,,,23:37,23:16,,,22:47,,,22:31,22:50,,,,,,,23:23,,,,,,23:34,,,,,,,,23:13,,,,22:42,,,,,,,,,,23:06,22:59,,,
CR_Up_97264,,,,,,,,,,,,,,,,,,,,,,,,,,23:49,,,22:57,,,22:48,,,23:32,,,,,,,,,,,,,,,,,,,,,,23:38,,,,,,,,,,,,,,,,,,,,,,,,,,,,,,,,,,,,,,,,,,,23:12,,,,,,,,,,,,,,
CR_Up_97302,,,,,,,,,,,,,04:14,,,04:51,,05:00,,,04:49,,,04:47,,04:41,,,,,,,,,04:24,,,,,,,,,,04:17,,,,,,,,,,,,04:30,,,,,,,,,,04:57,04:37,,,04:08,,,,04:11,,,,,,,04:44,,,,,,04:54,,,,,,,,04:34,,,,04:04,,,,,,,,,,04:27,04:20,,,
CR_Up_97304,,,,,,,,,,,,,04:26,,,05:03,,05:12,,,05:01,,,04:59,,04:53,,,,,,,,,04:36,,,,,,,,,,04:29,,,,,,,,,,,,04:42,,,,,,,,,,05:09,04:49,,,04:20,,,,04:23,,,,,,,04:56,,,,,,05:06,,,,,,,,04:46,,,,04:16,,,,,,,,,,04:39,04:32,,,
CR_Up_97306,,,,,,,,,,,,,04:50,,,05:27,,05:36,,,05:25,,,05:23,,05:17,,,,,,,,,05:00,,,,,,,,,,04:53,,,,,,,,,,,,05:06,,,,,,,,,,05:33,05:13,,,04:44,,,,04:47,,,,,,,05:20,,,,,,05:30,,,,,,,,05:10,,,,04:40,,,,,,,,,,05:03,04:56,,,
CR_Up_97308,,,,,,,,,,,,,05:00,,,05:37,,05:46,,,05:35,,,05:33,,05:27,,,,,,,,,05:10,,,,,,,,,,05:03,,,,,,,,,,,,05:16,,,,,,,,,,05:43,05:23,,,04:54,,,,04:57,,,,,,,05:30,,,,,,05:40,,,,,,,,05:20,,,,04:48,,,,,,,,,,05:13,05:06,,,
CR_Up_97310,,,,,,,,,,,,,05:34,,,06:12,,06:21,,,06:09,,,06:07,,06:01,,,,,,,,,05:44,,,,,,,,,,05:37,,,,,,,,,,,,05:50,,,,,,,,,,06:18,05:57,,,05:28,,,,05:31,,,,,,,06:04,,,,,,06:15,,,,,,,,05:54,,,,05:24,,,,,,,,,,05:47,05:40,,,
CR_Up_97312,,,,,,,,,,,,,05:47,,,06:25,,06:34,,,06:22,,,06:20,,06:14,,,,,,,,,05:57,,,,,,,,,,05:50,,,,,,,,,,,,06:03,,,,,,,,,,06:31,06:10,,,05:41,,,,05:44,,,,,,,06:17,,,,,,06:28,,,,,,,,06:07,,,,05:37,,,,,,,,,,06:00,05:53,,,
CR_Up_97314,,,,,,,,,,,,,05:58,,,06:35,,06:44,,,06:33,,,06:31,,06:25,,,,,,,,,06:08,,,,,,,,,,06:01,,,,,,,,,,,,06:14,,,,,,,,,,06:41,06:21,,,05:52,,,,05:55,,,,,,,06:28,,,,,,06:38,,,,,,,,06:18,,,,05:47,,,,,,,,,,06:11,06:04,,,
CR_Up_97316,,,,,,,,,,,,,06:38,,,07:15,,07:24,,,07:13,,,07:11,,07:05,,,,,,,,,06:48,,,,,,,,,,06:41,,,,,,,,,,,,06:54,,,,,,,,,,07:21,07:01,,,06:32,,,,06:35,,,,,,,07:08,,,,,,07:18,,,,,,,,06:58,,,,06:28,,,,,,,,,,06:51,06:44,,,
CR_Up_97318,,,,,,,,,,,,,07:00,,,07:37,,07:46,,,07:35,,,07:33,,07:27,,,,,,,,,07:10,,,,,,,,,,07:03,,,,,,,,,,,,07:16,,,,,,,,,,07:43,07:23,,,06:54,,,,06:57,,,,,,,07:30,,,,,,07:40,,,,,,,,07:20,,,,06:50,,,,,,,,,,07:13,07:06,,,
CR_Up_97320,,,,,,,,,,,,,07:14,,,07:51,,08:00,,,07:49,,,07:47,,07:41,,,,,,,,,07:24,,,,,,,,,,07:17,,,,,,,,,,,,07:30,,,,,,,,,,07:57,07:37,,,07:08,,,,07:11,,,,,,,07:44,,,,,,07:54,,,,,,,,07:34,,,,07:04,,,,,,,,,,07:27,07:20,,,
CR_Up_97322,,,,,,,,,,,,,07:55,,,08:32,,08:41,,,08:30,,,08:28,,08:22,,,,,,,,,08:05,,,,,,,,,,07:58,,,,,,,,,,,,08:11,,,,,,,,,,08:38,08:18,,,07:49,,,,07:52,,,,,,,08:25,,,,,,08:35,,,,,,,,08:15,,,,07:44,,,,,,,,,,08:08,08:01,,,
CR_Up_97324,,,,,,,,,,,,,08:11,,,08:48,,08:57,,,08:46,,,08:44,,08:38,,,,,,,,,08:21,,,,,,,,,,08:14,,,,,,,,,,,,08:27,,,,,,,,,,08:54,08:34,,,08:05,,,,08:08,,,,,,,08:41,,,,,,08:51,,,,,,,,08:31,,,,08:01,,,,,,,,,,08:24,08:17,,,
CR_Up_97326,,,,,,,,,,,,,08:25,,,09:03,,09:12,,,09:01,,,08:58,,08:52,,,,,,,,,08:35,,,,,,,,,,08:28,,,,,,,,,,,,08:41,,,,,,,,,,09:09,08:48,,,08:19,,,,08:22,,,,,,,08:55,,,,,,09:06,,,,,,,,08:45,,,,08:14,,,,,,,,,,08:38,08:31,,,
CR_Up_97328,,,,,,,,,,,,,08:36,,,09:14,,09:23,,,09:12,,,09:09,,09:03,,,,,,,,,08:46,,,,,,,,,,08:39,,,,,,,,,,,,08:52,,,,,,,,,,09:20,08:59,,,08:30,,,,08:33,,,,,,,09:06,,,,,,09:17,,,,,,,,08:56,,,,08:25,,,,,,,,,,08:49,08:42,,,
CR_Up_97330,,,,,,,,,,,,,08:47,,,09:24,,09:33,,,09:22,,,09:20,,09:14,,,,,,,,,08:57,,,,,,,,,,08:50,,,,,,,,,,,,09:03,,,,,,,,,,09:30,09:10,,,08:41,,,,08:44,,,,,,,09:17,,,,,,09:27,,,,,,,,09:07,,,,08:36,,,,,,,,,,09:00,08:53,,,
CR_Up_97332,,,,,,,,,,,,,08:59,,,09:36,,09:45,,,09:34,,,09:32,,09:26,,,,,,,,,09:09,,,,,,,,,,09:02,,,,,,,,,,,,09:15,,,,,,,,,,09:42,09:22,,,08:53,,,,08:56,,,,,,,09:29,,,,,,09:39,,,,,,,,09:19,,,,08:47,,,,,,,,,,09:12,09:05,,,
CR_Up_97334,,,,,,,,,,,,,09:12,,,09:50,,09:59,,,09:48,,,09:46,,09:40,,,,,,,,,09:23,,,,,,,,,,09:15,,,,,,,,,,,,09:29,,,,,,,,,,09:56,09:36,,,09:06,,,,09:09,,,,,,,09:43,,,,,,09:53,,,,,,,,09:33,,,,09:00,,,,,,,,,,09:26,09:18,,,
CR_Up_97336,,,,,,,,,,,,,09:20,,,09:57,,10:06,,,09:55,,,09:53,,09:47,,,,,,,,,09:30,,,,,,,,,,09:23,,,,,,,,,,,,09:36,,,,,,,,,,10:03,09:43,,,09:14,,,,09:17,,,,,,,09:50,,,,,,10:00,,,,,,,,09:40,,,,09:08,,,,,,,,,,09:33,09:26,,,
CR_Up_97338,,,,,,,,,,,,,09:28,,,10:05,,10:14,,,10:03,,,10:01,,09:55,,,,,,,,,09:38,,,,,,,,,,09:31,,,,,,,,,,,,09:44,,,,,,,,,,10:11,09:51,,,09:22,,,,09:25,,,,,,,09:58,,,,,,10:08,,,,,,,,09:48,,,,09:16,,,,,,,,,,09:41,09:34,,,
CR_Up_97340,,,,,,,,,,,,,09:42,,,10:21,,10:30,,,10:19,,,10:17,,10:11,,,,,,,,,09:53,,,,,,,,,,09:45,,,,,,,,,,,,10:00,,,,,,,,,,10:27,10:07,,,09:36,,,,09:39,,,,,,,10:14,,,,,,10:24,,,,,,,,10:04,,,,09:30,,,,,,,,,,09:57,09:48,,,
CR_Up_97342,,,,,,,,,,,,,09:53,,,10:30,,10:40,,,10:28,,,10:26,,10:20,,,,,,,,,10:03,,,,,,,,,,09:56,,,,,,,,,,,,10:09,,,,,,,,,,10:36,10:16,,,09:47,,,,09:50,,,,,,,10:23,,,,,,10:33,,,,,,,,10:13,,,,09:41,,,,,,,,,,10:06,09:59,,,
CR_Up_97344,,,,,,,,,,,,,10:02,,,10:39,,10:48,,,10:37,,,10:35,,10:29,,,,,,,,,10:12,,,,,,,,,,10:05,,,,,,,,,,,,10:18,,,,,,,,,,10:45,10:25,,,09:56,,,,09:59,,,,,,,10:32,,,,,,10:42,,,,,,,,10:22,,,,09:50,,,,,,,,,,10:15,10:08,,,
CR_Up_97346,,,,,,,,,,,,,10:09,,,10:46,,10:56,,,10:44,,,10:42,,10:36,,,,,,,,,10:19,,,,,,,,,,10:12,,,,,,,,,,,,10:25,,,,,,,,,,10:52,10:32,,,10:03,,,,10:06,,,,,,,10:39,,,,,,10:49,,,,,,,,10:29,,,,09:57,,,,,,,,,,10:22,10:15,,,
CR_Up_97348,,,,,,,,,,,,,10:18,,,10:55,,11:04,,,10:53,,,10:51,,10:45,,,,,,,,,10:28,,,,,,,,,,10:21,,,,,,,,,,,,10:34,,,,,,,,,,11:01,10:41,,,10:12,,,,10:15,,,,,,,10:48,,,,,,10:58,,,,,,,,10:38,,,,10:06,,,,,,,,,,10:31,10:24,,,
CR_Up_97350,,,,,,,,,,,,,10:31,,,11:08,,11:17,,,11:06,,,11:04,,10:58,,,,,,,,,10:41,,,,,,,,,,10:34,,,,,,,,,,,,10:47,,,,,,,,,,11:14,10:54,,,10:25,,,,10:28,,,,,,,11:01,,,,,,11:11,,,,,,,,10:51,,,,10:20,,,,,,,,,,10:44,10:37,,,
CR_Up_97352,,,,,,,,,,,,,10:45,,,11:22,,11:31,,,11:20,,,11:18,,11:12,,,,,,,,,10:55,,,,,,,,,,10:48,,,,,,,,,,,,11:01,,,,,,,,,,11:28,11:08,,,10:39,,,,10:42,,,,,,,11:15,,,,,,11:25,,,,,,,,11:05,,,,10:33,,,,,,,,,,10:58,10:51,,,
CR_Up_97354,,,,,,,,,,,,,10:56,,,11:33,,11:42,,,11:31,,,11:29,,11:23,,,,,,,,,11:06,,,,,,,,,,10:59,,,,,,,,,,,,11:12,,,,,,,,,,11:39,11:19,,,10:50,,,,10:53,,,,,,,11:26,,,,,,11:36,,,,,,,,11:16,,,,10:44,,,,,,,,,,11:09,11:02,,,
CR_Up_97356,,,,,,,,,,,,,11:04,,,11:41,,11:50,,,11:39,,,11:37,,11:31,,,,,,,,,11:14,,,,,,,,,,11:07,,,,,,,,,,,,11:20,,,,,,,,,,11:47,11:27,,,10:58,,,,11:01,,,,,,,11:34,,,,,,11:44,,,,,,,,11:24,,,,10:52,,,,,,,,,,11:17,11:10,,,
CR_Up_97358,,,,,,,,,,,,,11:37,,,12:14,,12:23,,,12:12,,,12:10,,12:04,,,,,,,,,11:47,,,,,,,,,,11:40,,,,,,,,,,,,11:53,,,,,,,,,,12:20,12:00,,,11:31,,,,11:34,,,,,,,12:07,,,,,,12:17,,,,,,,,11:57,,,,11:25,,,,,,,,,,11:50,11:43,,,
CR_Up_97360,,,,,,,,,,,,,11:48,,,12:24,,12:34,,,12:22,,,12:20,,12:14,,,,,,,,,11:58,,,,,,,,,,11:51,,,,,,,,,,,,12:04,,,,,,,,,,12:30,12:11,,,11:42,,,,11:45,,,,,,,12:17,,,,,,12:27,,,,,,,,12:08,,,,11:36,,,,,,,,,,12:01,11:54,,,
CR_Up_97362,,,,,,,,,,,,,12:08,,,12:45,,12:54,,,12:43,,,12:41,,12:35,,,,,,,,,12:18,,,,,,,,,,12:11,,,,,,,,,,,,12:24,,,,,,,,,,12:51,12:31,,,12:02,,,,12:05,,,,,,,12:38,,,,,,12:48,,,,,,,,12:28,,,,11:56,,,,,,,,,,12:21,12:14,,,
CR_Up_97364,,,,,,,,,,,,,13:08,,,13:45,,13:54,,,13:43,,,13:41,,13:35,,,,,,,,,13:18,,,,,,,,,,13:11,,,,,,,,,,,,13:24,,,,,,,,,,13:51,13:31,,,13:02,,,,13:05,,,,,,,13:38,,,,,,13:48,,,,,,,,13:28,,,,12:56,,,,,,,,,,13:21,13:14,,,
CR_Up_97366,,,,,,,,,,,,,13:39,,,14:16,,14:25,,,14:14,,,14:12,,14:06,,,,,,,,,13:49,,,,,,,,,,13:42,,00:00,,,,,,,,,,13:55,,,,,,,,,,14:22,14:02,,,13:33,,,,13:36,,,,,,,14:09,,,,,,14:19,,,,,,,,13:59,,,,13:28,,,,,,,,,,13:52,13:45,,,
CR_Up_97368,,,,,,,,,,,,,14:15,,,14:52,,15:01,,,14:50,,,14:48,,14:42,,,,,,,,,14:25,,,,,,,,,,14:18,,,,,,,,,,,,14:31,,,,,,,,,,14:58,14:38,,,14:09,,,,14:12,,,,,,,14:45,,,,,,14:55,,,,,,,,14:35,,,,14:03,,,,,,,,,,14:28,14:21,,,
CR_Up_97370,,,,,,,,,,,,,14:34,,,15:11,,15:20,,,15:09,,,15:07,,15:01,,,,,,,,,14:44,,,,,,,,,,14:37,,,,,,,,,,,,14:50,,,,,,,,,,15:17,14:57,,,14:28,,,,14:31,,,,,,,15:04,,,,,,15:14,,,,,,,,14:54,,,,14:22,,,,,,,,,,14:47,14:40,,,
CR_Up_97372,,,,,,,,,,,,,,,,,,,,,,,,,,15:31,,,,,,,,,15:14,,,,,,,,,,,,,,,,,,,,,,15:20,,,,,,,,,,,,,,,,,,,,,,,,,,,,,,,,,,,,,,,,,,,14:52,,,,,,,,,,,,,,
CR_Up_97374,,,,,,,,,,,,,15:20,,,15:57,,16:06,,,15:55,,,15:53,,15:47,,,,,,,,,15:30,,,,,,,,,,15:23,,,,,,,,,,,,15:36,,,,,,,,,,16:03,15:43,,,15:14,,,,15:17,,,,,,,15:50,,,,,,16:00,,,,,,,,15:40,,,,15:08,,,,,,,,,,15:33,15:26,,,
CR_Up_97376,,,,,,,,,,,,,,,,,,,,,,,,,,16:01,,,,,,,,,15:44,,,,,,,,,,,,,,,,,,,,,,15:50,,,,,,,,,,,,,,,,,,,,,,,,,,,,,,,,,,,,,,,,,,,15:23,,,,,,,,,,,,,,
CR_Up_97378,,,,,,,,,,,,,15:48,,,16:25,,16:34,,,16:23,,,16:21,,16:15,,,,,,,,,15:58,,,,,,,,,,15:51,,00:00,,,,,,,,,,16:04,,,,,,,,,,16:31,16:11,,,15:42,,,,15:45,,,,,,,16:18,,,,,,16:28,,,,,,,,16:08,,,,15:36,,,,,,,,,,16:01,15:54,,,
CR_Up_97380,,,,,,,,,,,,,16:02,,,16:39,,16:48,,,16:37,,,16:35,,16:29,,,,,,,,,16:12,,,,,,,,,,16:05,,,,,,,,,,,,16:18,,,,,,,,,,16:45,16:25,,,15:56,,,,15:59,,,,,,,16:32,,,,,,16:42,,,,,,,,16:22,,,,15:51,,,,,,,,,,16:15,16:08,,,
CR_Up_97382,,,,,,,,,,,,,16:24,,,17:04,,17:16,,,17:02,,,17:00,,16:52,,,,,,,,,16:34,,,,,,,,,,16:27,,,,,,,,,,,,16:41,,,,,,,,,,17:11,16:48,,,16:18,,,,16:21,,,,,,,16:56,,,,,,17:08,,,,,,,,16:45,,,,16:12,,,,,,,,,,16:38,16:30,,,
CR_Up_97384,,,,,,,,,,,,,16:42,,,17:19,,17:28,,,17:17,,,17:15,,17:09,,,,,,,,,16:52,,,,,,,,,,16:45,,,,,,,,,,,,16:58,,,,,,,,,,17:25,17:05,,,16:36,,,,16:39,,,,,,,17:12,,,,,,17:22,,,,,,,,17:02,,,,16:30,,,,,,,,,,16:55,16:48,,,
CR_Up_97386,,,,,,,,,,,,,16:54,,,17:30,,17:40,,,17:28,,,17:26,,17:20,,,,,,,,,17:04,,,,,,,,,,16:57,,,,,,,,,,,,17:10,,,,,,,,,,17:36,17:17,,,16:48,,,,16:51,,,,,,,17:23,,,,,,17:33,,,,,,,,17:14,,,,16:43,,,,,,,,,,17:07,17:00,,,
CR_Up_97388,,,,,,,,,,,,,17:11,,,17:47,,17:57,,,17:45,,,17:43,,17:37,,,,,,,,,17:21,,,,,,,,,,17:14,,,,,,,,,,,,17:27,,,,,,,,,,17:53,17:34,,,17:05,,,,17:08,,,,,,,17:40,,,,,,17:50,,,,,,,,17:31,,,,16:59,,,,,,,,,,17:24,17:17,,,
CR_Up_97390,,,,,,,,,,,,,17:17,,,17:53,,18:03,,,17:51,,,17:49,,17:43,,,,,,,,,17:27,,,,,,,,,,17:20,,,,,,,,,,,,17:33,,,,,,,,,,17:59,17:40,,,17:11,,,,17:14,,,,,,,17:46,,,,,,17:56,,,,,,,,17:37,,,,17:06,,,,,,,,,,17:30,17:23,,,
CR_Up_97392,,,,,,,,,,,,,,,,,,,,,,,,,,17:47,,,,,,,,,17:31,,,,,,,,,,,,,,,,,,,,,,17:37,,,,,,,,,,,,,,,,,,,,,,,,,,,,,,,,,,,,,,,,,,,17:10,,,,,,,,,,,,,,
CR_Up_97394,,,,,,,,,,,,,17:24,,,18:00,,18:10,,,17:58,,,17:56,,17:50,,,,,,,,,17:34,,,,,,,,,,17:27,,,,,,,,,,,,17:40,,,,,,,,,,18:06,17:47,,,17:18,,,,17:21,,,,,,,17:53,,,,,,18:03,,,,,,,,17:44,,,,17:13,,,,,,,,,,17:37,17:30,,,
CR_Up_97396,,,,,,,,,,,,,17:33,,,18:09,,18:18,,,18:07,,,18:05,,17:59,,,,,,,,,17:43,,,,,,,,,,17:36,,,,,,,,,,,,17:49,,,,,,,,,,18:15,17:56,,,17:27,,,,17:30,,,,,,,18:02,,,,,,18:12,,,,,,,,17:53,,,,17:21,,,,,,,,,,17:46,17:39,,,
CR_Up_97398,,,,,,,,,,,,,17:37,,,18:13,,18:22,,,18:11,,,18:09,,18:03,,,,,,,,,17:47,,,,,,,,,,17:40,,,,,,,,,,,,17:53,,,,,,,,,,18:19,18:00,,,17:31,,,,17:34,,,,,,,18:06,,,,,,18:16,,,,,,,,17:57,,,,17:25,,,,,,,,,,17:50,17:43,,,
CR_Up_97400,,,,,,,,,,,,,17:43,,,18:19,,18:29,,,18:17,,,18:15,,18:09,,,,,,,,,17:53,,,,,,,,,,17:46,,,,,,,,,,,,17:59,,,,,,,,,,18:25,18:06,,,17:37,,,,17:40,,,,,,,18:12,,,,,,18:22,,,,,,,,18:03,,,,17:31,,,,,,,,,,17:56,17:49,,,
CR_Up_97402,,,,,,,,,,,,,17:53,,,18:31,,18:40,,,18:29,,,18:27,,18:21,,,,,,,,,18:03,,,,,,,,,,17:56,,00:00,,,,,,,,,,18:10,,,,,,,,,,18:37,18:17,,,17:47,,,,17:50,,,,,,,18:24,,,,,,18:34,,,,,,,,18:14,,,,17:41,,,,,,,,,,18:06,17:59,,,
CR_Up_97404,,,,,,,,,,,,,18:04,,,18:41,,18:50,,,18:39,,,18:37,,18:31,,,,,,,,,18:14,,,,,,,,,,18:07,,,,,,,,,,,,18:20,,,,,,,,,,18:47,18:27,,,17:58,,,,18:01,,,,,,,18:34,,,,,,18:44,,,,,,,,18:24,,,,17:52,,,,,,,,,,18:17,18:10,,,
CR_Up_97406,,,,,,,,,,,,,18:19,,,18:57,,19:06,,,18:55,,,18:53,,18:47,,,,,,,,,18:29,,,,,,,,,,18:22,,,,,,,,,,,,18:36,,,,,,,,,,19:03,18:43,,,18:13,,,,18:16,,,,,,,18:50,,,,,,19:00,,,,,,,,18:40,,,,18:07,,,,,,,,,,18:32,18:25,,,
CR_Up_97408,,,,,,,,,,,,,18:28,,,19:05,,19:14,,,19:03,,,19:01,,18:55,,,,,,,,,18:38,,,,,,,,,,18:31,,,,,,,,,,,,18:44,,,,,,,,,,19:11,18:51,,,18:22,,,,18:25,,,,,,,18:58,,,,,,19:08,,,,,,,,18:48,,,,18:16,,,,,,,,,,18:41,18:34,,,
CR_Up_97410,,,,,,,,,,,,,,,,,,,,,,,,,,19:03,,,,,,,,,18:46,,,,,,,,,,,,,,,,,,,,,,18:52,,,,,,,,,,,,,,,,,,,,,,,,,,,,,,,,,,,,,,,,,,,18:24,,,,,,,,,,,,,,
CR_Up_97412,,,,,,,,,,,,,,,,,,,,,,,,,,19:15,,,,,,,,,18:58,,,,,,,,,,,,,,,,,,,,,,19:04,,,,,,,,,,,,,,,,,,,,,,,,,,,,,,,,,,,,,,,,,,,18:36,,,,,,,,,,,,,,
CR_Up_97414,,,,,,,,,,,,,19:00,,,19:37,,19:46,,,19:35,,,19:33,,19:27,,,,,,,,,19:10,,,,,,,,,,19:03,,,,,,,,,,,,19:16,,,,,,,,,,19:43,19:23,,,18:54,,,,18:57,,,,,,,19:30,,,,,,19:40,,,,,,,,19:20,,,,18:48,,,,,,,,,,19:13,19:06,,,
CR_Up_97416,,,,,,,,,,,,,19:09,,,19:46,,19:55,,,19:44,,,19:42,,19:36,,,,,,,,,19:19,,,,,,,,,,19:12,,,,,,,,,,,,19:25,,,,,,,,,,19:52,19:32,,,19:03,,,,19:06,,,,,,,19:39,,,,,,19:49,,,,,,,,19:29,,,,18:57,,,,,,,,,,19:22,19:15,,,
CR_Up_97418,,,,,,,,,,,,,,,,,,,,,,,,,,19:49,,,,,,,,,19:32,,,,,,,,,,,,,,,,,,,,,,19:38,,,,,,,,,,,,,,,,,,,,,,,,,,,,,,,,,,,,,,,,,,,19:10,,,,,,,,,,,,,,
CR_Up_97420,,,,,,,,,,,,,19:42,,,20:20,,20:30,,,20:18,,,20:15,,20:09,,,,,,,,,19:52,,,,,,,,,,19:45,,,,,,,,,,,,19:58,,,,,,,,,,20:26,20:05,,,19:36,,,,19:39,,,,,,,20:12,,,,,,20:23,,,,,,,,20:02,,,,19:29,,,,,,,,,,19:55,19:48,,,
CR_Up_97422,,,,,,,,,,,,,19:50,,,20:28,,20:38,,,20:26,,,20:23,,20:17,,,,,,,,,20:00,,,,,,,,,,19:53,,,,,,,,,,,,20:06,,,,,,,,,,20:34,20:13,,,19:44,,,,19:47,,,,,,,20:20,,,,,,20:31,,,,,,,,20:10,,,,19:38,,,,,,,,,,20:03,19:56,,,
CR_Up_97424,,,,,,,,,,,,,20:01,,,20:39,,20:48,,,20:36,,,20:34,,20:28,,,,,,,,,20:11,,,,,,,,,,20:04,,00:00,,,,,,,,,,20:17,,,,,,,,,,20:45,20:24,,,19:55,,,,19:58,,,,,,,20:31,,,,,,20:42,,,,,,,,20:21,,,,19:49,,,,,,,,,,20:14,20:07,,,
CR_Up_97426,,,,,,,,,,,,,20:13,,,20:50,,20:59,,,20:48,,,20:46,,20:40,,,,,,,,,20:23,,,,,,,,,,20:16,,,,,,,,,,,,20:29,,,,,,,,,,20:56,20:36,,,20:07,,,,20:10,,,,,,,20:43,,,,,,20:53,,,,,,,,20:33,,,,20:01,,,,,,,,,,20:26,20:19,,,
CR_Up_97428,,,,,,,,,,,,,21:02,,,21:39,,21:48,,,21:37,,,21:35,,21:29,,,,,,,,,21:12,,,,,,,,,,21:05,,,,,,,,,,,,21:18,,,,,,,,,,21:45,21:25,,,20:56,,,,20:59,,,,,,,21:32,,,,,,21:42,,,,,,,,21:22,,,,20:50,,,,,,,,,,21:15,21:08,,,
CR_Up_97430,,,,,,,,,,,,,21:33,,,22:10,,22:20,,,22:08,,,22:06,,22:00,,,,,,,,,21:43,,,,,,,,,,21:36,,,,,,,,,,,,21:49,,,,,,,,,,22:16,21:56,,,21:27,,,,21:30,,,,,,,22:03,,,,,,22:13,,,,,,,,21:53,,,,21:21,,,,,,,,,,21:46,21:39,,,
CR_Up_97432,,,,,,,,,,,,,,,,,,,,,,,,,,22:18,,,,,,,,,22:01,,,,,,,,,,,,,,,,,,,,,,22:07,,,,,,,,,,,,,,,,,,,,,,,,,,,,,,,,,,,,,,,,,,,21:39,,,,,,,,,,,,,,
CR_Up_97434,,,,,,,,,,,,,,,,,,,,,,,,,,22:54,,,,,,,,,22:37,,,,,,,,,,,,,,,,,,,,,,22:43,,,,,,,,,,,,,,,,,,,,,,,,,,,,,,,,,,,,,,,,,,,22:15,,,,,,,,,,,,,,
CR_Up_97436,,,,,,,,,,,,,,,,,,,,,,,,,,,,,,,,,,,00:00,,,,,,,,,,,,,,,,,,,,,,00:06,,,,,,,,,,,,,,,,,,,,,,,,,,,,,,,,,,,,,,,,,,,,,,,,,,,,,,,,,
CR_Up_97502,,,,,,,,,,,,,,,,09:44,,09:53,,,09:42,,,09:40,,09:34,,,,,,,,,09:16,,,,,,,,,,,,,,,,,,,,,,09:23,,,,,,,,,,09:50,09:30,,,,,,,,,,,,,,09:37,,,,,,09:47,,,,,,,,09:27,,,,,,,,,,,,,,09:20,,,,
CR_Up_97504,,,,,,,,,,,,,,,,10:13,,10:22,,,10:11,,,10:09,,10:03,,,,,,,,,09:46,,,,,,,,,,,,,,,,,,,,,,09:53,,,,,,,,,,10:19,10:00,,,,,,,,,,,,,,10:06,,,,,,10:16,,,,,,,,09:57,,,,,,,,,,,,,,09:50,,,,
CR_Up_97506,,,,,,,,,,,,,,,,11:02,,11:12,,,11:00,,,10:58,,10:52,,,,,,,,,10:35,,,,,,,,,,,,,,,,,,,,,,10:41,,,,,,,,,,11:08,10:49,,,,,,,,,,,,,,10:55,,,,,,11:05,,,,,,,,10:45,,,,,,,,,,,,,,10:38,,,,
CR_Up_97602,,,,,,,,,,,,,,,,04:59,,05:08,,,04:57,,,04:55,,04:49,,,,,,,,,,,,,,,,,,,,,,,,,,,,,,,04:38,,,,,,,,,,05:05,04:45,,,,,,,,,,,,,,04:52,,,,,,05:02,,,,,,,,04:42,,,,,,,,,,,,,,,,,,
CR_Up_97604,,,,,,,,,,,,,,,,05:07,,05:16,,,05:05,,,05:03,,04:57,,,,,,,,,,,,,,,,,,,,,,,,,,,,,,,04:46,,,,,,,,,,05:13,04:53,,,,,,,,,,,,,,05:00,,,,,,05:10,,,,,,,,04:50,,,,,,,,,,,,,,,,,,
CR_Up_97606,,,,,,,,,,,,,,,,07:59,,08:08,,,07:57,,,07:55,,07:49,,,,,,,,,,,,,,,,,,,,,,,,,,,,,,,07:38,,,,,,,,,,08:05,07:45,,,,,,,,,,,,,,07:52,,,,,,08:02,,,,,,,,07:42,,,,,,,,,,,,,,,,,,
CR_Up_97608,,,,,,,,,,,,,,,,09:32,,09:41,,,09:30,,,09:28,,09:22,,,,,,,,,,,,,,,,,,,,,,,,,,,,,,,09:11,,,,,,,,,,09:38,09:18,,,,,,,,,,,,,,09:25,,,,,,09:35,,,,,,,,09:15,,,,,,,,,,,,,,,,,,
CR_Up_97610,,,,,,,,,,,,,,,,10:01,,10:10,,,09:59,,,09:57,,09:51,,,,,,,,,,,,,,,,,,,,,,,,,,,,,,,09:39,,,,,,,,,,10:07,09:47,,,,,,,,,,,,,,09:54,,,,,,10:04,,,,,,,,09:44,,,,,,,,,,,,,,,,,,
CR_Up_97612,,,,,,,,,,,,,,,,10:24,,10:34,,,10:22,,,10:20,,10:14,,,,,,,,,,,,,,,,,,,,,,,,,,,,,,,10:03,,,,,,,,,,10:30,10:10,,,,,,,,,,,,,,10:17,,,,,,10:27,,,,,,,,10:07,,,,,,,,,,,,,,,,,,
CR_Up_97614,,,,,,,,,,,,,,,,16:15,,16:24,,,16:13,,,16:11,,16:05,,,,,,,,,,,,,,,,,,,,,,,,,,,,,,,15:54,,,,,,,,,,16:21,16:02,,,,,,,,,,,,,,16:08,,,,,,16:18,,,,,,,,15:58,,,,,,,,,,,,,,,,,,
CR_Up_97616,,,,,,,,,,,,,,,,16:33,,16:42,,,16:31,,,16:29,,16:23,,,,,,,,,,,,,,,,,,,,,,,,,,,,,,,16:12,,,,,,,,,,16:39,16:20,,,,,,,,,,,,,,16:26,,,,,,16:36,,,,,,,,16:16,,,,,,,,,,,,,,,,,,
CR_Up_97618,,,,,,,,,,,,,,,,16:57,,17:08,,,16:55,,,16:53,,16:45,,,,,,,,,,,,,,,,,,,,,,,,,,,,,,,16:34,,,,,,,,,,17:03,16:41,,,,,,,,,,,,,,16:49,,,,,,17:00,,,,,,,,16:38,,,,,,,,,,,,,,,,,,
CR_Up_97620,,,,,,,,,,,,,,,,17:39,,17:48,,,17:37,,,17:35,,17:29,,,,,,,,,,,,,,,,,,,,,,,,,,,,,,,17:19,,,,,,,,,,17:45,17:26,,,,,,,,,,,,,,17:32,,,,,,17:42,,,,,,,,17:23,,,,,,,,,,,,,,,,,,
CR_Up_97622,,,,,,,,,,,,,,,,18:27,,18:37,,,18:25,,,18:23,,18:17,,,,,,,,,,,,,,,,,,,,,,,,,,,,,,,18:06,,,,,,,,,,18:33,18:13,,,,,,,,,,,,,,18:20,,,,,,18:30,,,,,,,,18:10,,,,,,,,,,,,,,,,,,
CR_Up_97624,,,,,,,,,,,,,,,,18:53,,19:02,,,18:51,,,18:49,,18:43,,,,,,,,,,,,,,,,,,,,,,,,,,,,,,,18:32,,,,,,,,,,18:59,18:39,,,,,,,,,,,,,,18:46,,,,,,18:56,,,,,,,,18:36,,,,,,,,,,,,,,,,,,
CR_Up_97626,,,,,,,,,,,,,,,,19:17,,19:26,,,19:15,,,19:13,,19:07,,,,,,,,,,,,,,,,,,,,,,,,,,,,,,,18:56,,,,,,,,,,19:23,19:03,,,,,,,,,,,,,,19:10,,,,,,19:20,,,,,,,,19:00,,,,,,,,,,,,,,,,,,
CR_Up_97628,,,,,,,,,,,,,,,,19:56,,20:06,,,19:54,,,19:52,,19:46,,,,,,,,,,,,,,,,,,,,,,,,,,,,,,,19:35,,,,,,,,,,20:02,19:42,,,,,,,,,,,,,,19:49,,,,,,19:59,,,,,,,,19:39,,,,,,,,,,,,,,,,,,
CR_Up_97630,,,,,,,,,,,,,,,,22:43,,22:53,,,22:41,,,22:39,,22:33,,,,,,,,,,,,,,,,,,,,,,,,,,,,,,,22:22,,,,,,,,,,22:49,22:29,,,,,,,,,,,,,,22:36,,,,,,22:46,,,,,,,,22:26,,,,,,,,,,,,,,,,,,
HR_Down_91393,,,,,13:18,,,,,,13:04,,,,,,,,,,,,12:47,,,,,,,12:43,,,,,,13:29,,,13:22,,,,,,,,,,,,13:08,,,,12:57,,,,,,13:00,,,,,,12:38,,,,,12:36,,,,,,,,,,,,,,13:25,12:45,12:41,,,13:11,,12:50,,,,,,,,,,,,12:53,,,,,,,,13:14,
HR_Down_91395,,,,,15:24,,,,,,15:09,,,,,,,,,,,,14:52,,,,,,,14:48,,,,,,15:35,,,15:28,,,,,,,,,,,,15:13,,,,15:02,,,,,,15:04,,,,,,14:43,,,,,14:40,,,,,,,,,,,,,,15:31,14:50,14:46,,,15:16,,14:55,,,,,,,,,,,,14:58,,,,,,,,15:19,
HR_Down_91491,,,,,21:27,,,,,,21:13,,,,,,,,,,,,20:57,,,,,,,20:53,,,,,,21:38,,,21:31,,,,,,,,,,,,21:17,,,,21:07,,,,,,21:09,,,,,,20:48,,,,,20:46,,,,,,,,,,,,,,21:34,20:55,20:51,,,21:20,,21:00,,,,,,,,21:50,,,,21:03,,,,,,,,21:23,
HR_Down_98001,,,,,,,,,,,,01:18,,,,,,,,00:47,,00:39,00:25,,,,,,,00:21,,,,00:36,,,00:50,,,01:07,,,,,,,,,,01:28,,,01:22,,,,00:42,,,,,,,00:53,01:25,,00:16,,,,,00:13,,,,,,,01:11,,01:33,,,,,,00:23,00:19,01:04,,,01:14,00:28,,,,,,,,00:45,,,,00:31,,,01:02,,,,,,
HR_Down_98003,,,,,,,,,,,,00:47,,,,,,,,00:16,,,23:54,,,,,,,23:50,,,,,,,,,,,,,,,,,,,,,,,,,,,00:11,,,,,,,00:22,,,23:45,,,,,23:42,,,,,,,00:40,,01:02,,,,,,23:52,23:48,,,,,23:57,,,,,,,,,,,,00:00,,,00:31,,,,,,
HR_Down_98005,,,,,,,,,,,,01:45,,,,,,,,01:14,,01:06,00:52,,,,,,,00:48,,,,01:03,,,01:17,,,01:34,,,,,,,,,,01:55,,,01:49,,,,01:09,,,,,,,01:20,01:52,,00:43,,,,,00:40,,,,,,,01:38,,02:00,,,,,,00:50,00:46,01:31,,,01:41,00:55,,,,,,,,01:12,,,,00:58,,,01:29,,,,,,
HR_Down_98007,,,,,,,,,,,,05:37,,,,,,,,05:06,,04:58,04:44,,,,,,,04:40,,,,04:55,,,05:09,,,05:26,,,,,,,,,,05:47,,,05:41,,,,05:01,,,,,,,05:12,05:44,,04:35,,,,,04:32,,,,,,,05:30,,05:52,,,,,,04:42,04:38,05:23,,,05:33,04:47,,,,,,,,05:04,,,,04:50,,,05:21,,,,,,
HR_Down_98009,,,,,,,,,,,,05:53,,,,,,,,05:22,,,,,,,,,,,,,,,,,,,,,,,,,,,,,,,,,,,,,05:17,,,,,,,05:28,,,,,,,,,,,,,,,05:46,,06:08,,,,,,,,,,,,,,,,,,,,,,,,05:06,,,05:37,,,,,,
HR_Down_98011,,,,,,,,,,,,05:57,,,,,,,,05:26,,05:18,05:04,,,,,,,05:00,,,,05:15,,,05:29,,,05:46,,,,,,,,,,06:07,,,06:01,,,,05:21,,,,,,,05:32,06:04,,04:55,,,,,04:52,,,,,,,05:50,,06:12,,,,,,05:02,04:58,05:43,,,05:53,05:07,,,,,,,,05:24,,,,05:10,,,05:41,,,,,,
HR_Down_98013,,,,,,,,,,,,06:12,,,,,,,,05:40,,05:32,05:18,,,,,,,05:14,,,,05:29,,,05:43,,,06:01,,,,,,,,,,06:22,,,06:16,,,,05:35,,,,,,,05:46,06:19,,05:09,,,,,05:06,,,,,,,06:05,,06:27,,,,,,05:16,05:12,05:57,,,06:08,05:21,,,,,,,,05:38,,,,05:24,,,05:55,,,,,,
HR_Down_98015,,,,,,,,,,,,06:23,,,,,,,,05:52,,05:44,05:30,,,,,,,05:26,,,,05:41,,,05:55,,,06:12,,,,,,,,,,06:33,,,06:27,,,,05:47,,,,,,,05:58,06:30,,05:21,,,,,05:18,,,,,,,06:16,,06:38,,,,,,05:28,05:24,06:09,,,06:19,05:33,,,,,,,,05:50,,,,05:36,,,06:07,,,,,,
HR_Down_98017,,,,,,,,,,,,06:27,,,,,,,,05:56,,05:48,05:34,,,,,,,05:30,,,,05:45,,,05:59,,,06:16,,,,,,,,,,06:37,,,06:31,,,,05:51,,,,,,,06:02,06:34,,05:25,,,,,05:22,,,,,,,06:20,,06:42,,,,,,05:32,05:28,06:13,,,06:23,05:37,,,,,,,,05:54,,,,05:40,,,06:11,,,,,,
HR_Down_98019,,,,,,,,,,,,06:35,,,,,,,,06:04,,05:56,05:42,,,,,,,05:38,,,,05:53,,,06:07,,,06:24,,,,,,,,,,06:45,,,06:39,,,,05:59,,,,,,,06:10,06:42,,05:33,,,,,05:30,,,,,,,06:28,,06:50,,,,,,05:40,05:36,06:21,,,06:31,05:45,,,,,,,,06:02,,,,05:48,,,06:19,,,,,,
HR_Down_98021,,,,,,,,,,,,06:39,,,,,,,,06:08,,,,,,,,,,,,,,,,,,,,,,,,,,,,,,,,,,,,,06:03,,,,,,,06:14,,,,,,,,,,,,,,,06:32,,06:54,,,,,,,,,,,,,,,,,,,,,,,,05:52,,,06:23,,,,,,
HR_Down_98023,,,,,,,,,,,,06:48,,,,,,,,06:17,,06:09,05:55,,,,,,,05:51,,,,06:06,,,06:20,,,06:37,,,,,,,,,,06:58,,,06:52,,,,06:12,,,,,,,06:23,06:55,,05:46,,,,,05:43,,,,,,,06:41,,07:03,,,,,,05:53,05:49,06:34,,,06:44,05:58,,,,,,,,06:15,,,,06:01,,,06:32,,,,,,
HR_Down_98025,,,,,,,,,,,,07:01,,,,,,,,06:30,,06:22,06:08,,,,,,,06:04,,,,06:19,,,06:33,,,06:50,,,,,,,,,,07:11,,,07:05,,,,06:25,,,,,,,06:36,07:08,,05:59,,,,,05:56,,,,,,,06:54,,07:16,,,,,,06:06,06:02,06:47,,,06:57,06:11,,,,,,,,06:28,,,,06:14,,,06:45,,,,,,
HR_Down_98027,,,,,,,,,,,,07:05,,,,,,,,06:34,,06:26,06:12,,,,,,,06:08,,,,06:23,,,06:37,,,06:54,,,,,,,,,,07:15,,,07:09,,,,06:29,,,,,,,06:40,07:12,,06:03,,,,,06:00,,,,,,,06:58,,07:20,,,,,,06:10,06:06,06:51,,,07:01,06:15,,,,,,,,06:32,,,,06:18,,,06:49,,,,,,
HR_Down_98029,,,,,,,,,,,,07:13,,,,,,,,06:42,,06:34,06:20,,,,,,,06:16,,,,06:31,,,06:45,,,07:02,,,,,,,,,,07:23,,,07:17,,,,06:37,,,,,,,06:48,07:20,,06:11,,,,,06:08,,,,,,,07:06,,07:28,,,,,,06:18,06:14,06:59,,,07:09,06:23,,,,,,,,06:40,,,,06:26,,,06:57,,,,,,
HR_Down_98031,,,,,,,,,,,,07:22,,,,,,,,06:50,,06:42,06:28,,,,,,,06:24,,,,06:39,,,06:53,,,07:10,,,,,,,,,,07:32,,,07:26,,,,06:45,,,,,,,06:56,07:29,,06:19,,,,,06:16,,,,,,,07:15,,07:37,,,,,,06:26,06:22,07:07,,,07:18,06:31,,,,,,,,06:48,,,,06:34,,,07:05,,,,,,
HR_Down_98033,,,,,,,,,,,,07:29,,,,,,,,06:58,,06:50,06:36,,,,,,,06:32,,,,06:47,,,07:01,,,07:18,,,,,,,,,,07:39,,,07:33,,,,06:53,,,,,,,07:04,07:36,,06:27,,,,,06:24,,,,,,,07:22,,07:44,,,,,,06:34,06:30,07:15,,,07:25,06:39,,,,,,,,06:56,,,,06:42,,,07:13,,,,,,
HR_Down_98035,,,,,,,,,,,,07:33,,,,,,,,07:02,,,,,,,,,,,,,,,,,,,,,,,,,,,,,,,,,,,,,06:57,,,,,,,07:08,,,,,,,,,,,,,,,07:26,,07:48,,,,,,,,,,,,,,,,,,,,,,,,06:46,,,07:17,,,,,,
HR_Down_98037,,,,,,,,,,,,07:46,,,,,,,,07:14,,07:06,06:52,,,,,,,06:48,,,,07:03,,,07:17,,,07:34,,,,,,,,,,07:56,,,07:50,,,,07:09,,,,,,,07:20,07:53,,06:43,,,,,06:40,,,,,,,07:38,,08:01,,,,,,06:50,06:46,07:31,,,07:42,06:55,,,,,,,,07:12,,,,06:58,,,07:29,,,,,,
HR_Down_98039,,,,,,,,,,,,08:00,,,,,,,,07:29,,07:21,07:06,,,,,,,07:02,,,,07:18,,,07:32,,,07:49,,,,,,,,,,08:10,,,08:04,,,,07:24,,,,,,,07:35,08:07,,06:57,,,,,06:54,,,,,,,07:53,,08:15,,,,,,07:04,07:00,07:46,,,07:56,07:09,,,,,,,,07:27,,,,07:13,,,07:44,,,,,,
HR_Down_98041,,,,,,,,,,,,08:04,,,,,,,,07:33,,07:25,07:11,,,,,,,07:07,,,,07:22,,,07:36,,,07:53,,,,,,,,,,08:14,,,08:08,,,,07:28,,,,,,,07:39,08:11,,07:02,,,,,06:59,,,,,,,07:57,,08:19,,,,,,07:09,07:05,07:50,,,08:00,07:14,,,,,,,,07:31,,,,07:17,,,07:48,,,,,,
HR_Down_98043,,,,,,,,,,,,08:14,,,,,,,,07:43,,07:35,07:21,,,,,,,07:17,,,,07:32,,,07:46,,,08:03,,,,,,,,,,08:24,,,08:18,,,,07:38,,,,,,,07:49,08:21,,07:12,,,,,07:09,,,,,,,08:07,,08:29,,,,,,07:19,07:15,08:00,,,08:10,07:24,,,,,,,,07:41,,,,07:27,,,07:58,,,,,,
HR_Down_98045,,,,,,,,,,,,08:22,,,,,,,,07:51,,07:43,07:29,,,,,,,07:25,,,,07:40,,,07:54,,,08:11,,,,,,,,,,08:32,,,08:26,,,,07:46,,,,,,,07:57,08:29,,07:20,,,,,07:17,,,,,,,08:15,,08:37,,,,,,07:27,07:23,08:08,,,08:18,07:32,,,,,,,,07:49,,,,07:35,,,08:06,,,,,,
HR_Down_98047,,,,,,,,,,,,08:26,,,,,,,,07:55,,,,,,,,,,,,,,,,,,,,,,,,,,,,,,,,,,,,,07:50,,,,,,,08:01,,,,,,,,,,,,,,,08:19,,08:41,,,,,,,,,,,,,,,,,,,,,,,,07:39,,,08:10,,,,,,
HR_Down_98049,,,,,,,,,,,,08:31,,,,,,,,08:00,,07:52,07:38,,,,,,,07:34,,,,07:49,,,08:03,,,08:20,,,,,,,,,,08:41,,,08:35,,,,07:55,,,,,,,08:06,08:38,,07:29,,,,,07:26,,,,,,,08:24,,08:47,,,,,,07:36,07:32,08:17,,,08:27,07:41,,,,,,,,07:58,,,,07:44,,,08:15,,,,,,
HR_Down_98051,,,,,,,,,,,,08:45,,,,,,,,08:14,,08:06,07:52,,,,,,,07:48,,,,08:03,,,08:17,,,08:34,,,,,,,,,,08:55,,,08:49,,,,08:09,,,,,,,08:20,08:52,,07:43,,,,,07:40,,,,,,,08:38,,09:00,,,,,,07:50,07:46,08:31,,,08:41,07:55,,,,,,,,08:12,,,,07:58,,,08:29,,,,,,
HR_Down_98053,,,,,,,,,,,,09:01,,,,,,,,08:30,,08:22,08:08,,,,,,,08:04,,,,08:19,,,08:33,,,08:50,,,,,,,,,,09:11,,,09:05,,,,08:25,,,,,,,08:36,09:08,,07:59,,,,,07:56,,,,,,,08:54,,09:16,,,,,,08:06,08:02,08:47,,,08:57,08:11,,,,,,,,08:28,,,,08:14,,,08:45,,,,,,
HR_Down_98055,,,,,,,,,,,,09:05,,,,,,,,08:34,,08:26,08:12,,,,,,,08:08,,,,08:23,,,08:37,,,08:54,,,,,,,,,,09:15,,,09:09,,,,08:29,,,,,,,08:40,09:12,,08:03,,,,,08:00,,,,,,,08:58,,09:20,,,,,,08:10,08:06,08:51,,,09:01,08:15,,,,,,,,08:32,,,,08:18,,,08:49,,,,,,
HR_Down_98057,,,,,,,,,,,,09:14,,,,,,,,08:42,,08:34,08:20,,,,,,,08:16,,,,08:31,,,08:45,,,09:03,,,,,,,,,,09:24,,,09:18,,,,08:37,,,,,,,08:49,09:21,,08:11,,,,,08:08,,,,,,,09:07,,09:29,,,,,,08:18,08:14,09:00,,,09:10,08:23,,,,,,,,08:40,,,,08:26,,,08:58,,,,,,
HR_Down_98059,,,,,,,,,,,,09:22,,,,,,,,08:50,,,,,,,,,,,,,,,,,,,,,,,,,,,,,,,,,,,,,08:45,,,,,,,08:56,,,,,,,,,,,,,,,09:14,,09:37,,,,,,,,,,,,,,,,,,,,,,,,08:34,,,09:05,,,,,,
HR_Down_98061,,,,,,,,,,,,09:30,,,,,,,,08:58,,08:50,08:36,,,,,,,08:32,,,,08:47,,,09:01,,,09:18,,,,,,,,,,09:40,,,09:34,,,,08:53,,,,,,,09:04,09:37,,08:27,,,,,08:24,,,,,,,09:22,,09:45,,,,,,08:34,08:30,09:15,,,09:26,08:39,,,,,,,,08:56,,,,08:42,,,09:13,,,,,,
HR_Down_98063,,,,,,,,,,,,09:39,,,,,,,,09:08,,09:00,08:45,,,,,,,08:41,,,,08:57,,,09:11,,,09:28,,,,,,,,,,09:49,,,09:43,,,,09:03,,,,,,,09:14,09:46,,08:36,,,,,08:33,,,,,,,09:32,,09:54,,,,,,08:43,08:39,09:25,,,09:35,08:48,,,,,,,,09:06,,,,08:52,,,09:23,,,,,,
HR_Down_98065,,,,,,,,,,,,09:55,,,,,,,,09:24,,,,,,,,,,,,,,,,,,,,,,,,,,,,,,,,,,,,,09:19,,,,,,,09:30,,,,,,,,,,,,,,,09:48,,10:10,,,,,,,,,,,,,,,,,,,,,,,,09:08,,,09:39,,,,,,
HR_Down_98067,,,,,,,,,,,,09:59,,,,,,,,09:28,,09:20,09:06,,,,,,,09:02,,,,09:17,,,09:31,,,09:48,,,,,,,,,,10:09,,,10:03,,,,09:23,,,,,,,09:34,10:06,,08:57,,,,,08:54,,,,,,,09:52,,10:14,,,,,,09:04,09:00,09:45,,,09:55,09:09,,,,,,,,09:26,,,,09:12,,,09:43,,,,,,
HR_Down_98069,,,,,,,,,,,,10:11,,,,,,,,09:40,,09:32,09:18,,,,,,,09:14,,,,09:29,,,09:43,,,10:00,,,,,,,,,,10:21,,,10:15,,,,09:35,,,,,,,09:46,10:18,,09:09,,,,,09:06,,,,,,,10:04,,10:26,,,,,,09:16,09:12,09:57,,,10:07,09:21,,,,,,,,09:38,,,,09:24,,,09:55,,,,,,
HR_Down_98071,,,,,,,,,,,,10:24,,,,,,,,09:52,,09:44,09:30,,,,,,,09:26,,,,09:41,,,09:55,,,10:12,,,,,,,,,,10:34,,,10:28,,,,09:47,,,,,,,09:58,10:31,,09:21,,,,,09:18,,,,,,,10:16,,10:39,,,,,,09:28,09:24,10:09,,,10:20,09:33,,,,,,,,09:50,,,,09:36,,,10:07,,,,,,
HR_Down_98073,,,,,,,,,,,,10:35,,,,,,,,10:04,,09:56,09:42,,,,,,,09:38,,,,09:53,,,10:07,,,10:24,,,,,,,,,,10:45,,,10:39,,,,09:59,,,,,,,10:10,10:42,,09:33,,,,,09:30,,,,,,,10:28,,10:50,,,,,,09:40,09:36,10:21,,,10:31,09:45,,,,,,,,10:02,,,,09:48,,,10:19,,,,,,
HR_Down_98075,,,,,,,,,,,,10:47,,,,,,,,10:16,,,,,,,,,,,,,,,,,,,,,,,,,,,,,,,,,,,,,10:11,,,,,,,10:22,,,,,,,,,,,,,,,10:40,,11:02,,,,,,,,,,,,,,,,,,,,,,,,09:59,,,10:31,,,,,,
HR_Down_98077,,,,,,,,,,,,10:51,,,,,,,,10:20,,10:12,09:57,,,,,,,09:53,,,,10:09,,,10:23,,,10:40,,,,,,,,,,11:01,,,10:55,,,,10:15,,,,,,,10:26,10:58,,09:48,,,,,09:45,,,,,,,10:44,,11:06,,,,,,09:55,09:51,10:37,,,10:47,10:00,,,,,,,,10:18,,,,10:03,,,10:35,,,,,,
HR_Down_98079,,,,,,,,,,,,10:57,,,,,,,,10:26,,10:18,10:04,,,,,,,10:00,,,,10:15,,,10:29,,,10:46,,,,,,,,,,11:07,,,11:01,,,,10:21,,,,,,,10:32,11:04,,09:55,,,,,09:52,,,,,,,10:50,,11:12,,,,,,10:02,09:58,10:43,,,10:53,10:07,,,,,,,,10:24,,,,10:10,,,10:41,,,,,,
HR_Down_98081,,,,,,,,,,,,11:09,,,,,,,,10:38,,10:30,10:15,,,,,,,10:11,,,,10:27,,,10:41,,,10:58,,,,,,,,,,11:19,,,11:13,,,,10:33,,,,,,,10:44,11:16,,10:06,,,,,10:03,,,,,,,11:02,,11:24,,,,,,10:13,10:09,10:55,,,11:05,10:18,,,,,,,,10:36,,,,10:22,,,10:53,,,,,,
HR_Down_98083,,,,,,,,,,,,11:15,,,,,,,,10:44,,10:36,10:22,,,,,,,10:18,,,,10:33,,,10:47,,,11:04,,,,,,,,,,11:25,,,11:19,,,,10:39,,,,,,,10:50,11:22,,10:13,,,,,10:10,,,,,,,11:08,,11:30,,,,,,10:20,10:16,11:01,,,11:11,10:25,,,,,,,,10:42,,,,10:28,,,10:59,,,,,,
HR_Down_98085,,,,,,,,,,,,11:23,,,,,,,,10:52,,10:44,10:30,,,,,,,10:26,,,,10:41,,,10:55,,,11:12,,,,,,,,,,11:33,,,11:27,,,,10:47,,,,,,,10:58,11:30,,10:21,,,,,10:18,,,,,,,11:16,,11:38,,,,,,10:28,10:24,11:09,,,11:19,10:33,,,,,,,,10:50,,,,10:36,,,11:07,,,,,,
HR_Down_98087,,,,,,,,,,,,11:27,,,,,,,,10:56,,,,,,,,,,,,,,,,,,,,,,,,,,,,,,,,,,,,,10:51,,,,,,,11:02,,,,,,,,,,,,,,,11:20,,11:42,,,,,,,,,,,,,,,,,,,,,,,,10:40,,,11:11,,,,,,
HR_Down_98089,,,,,,,,,,,,11:39,,,,,,,,11:08,,11:00,10:46,,,,,,,10:42,,,,10:57,,,11:11,,,11:28,,,,,,,,,,11:49,,,11:43,,,,11:03,,,,,,,11:14,11:46,,10:37,,,,,10:34,,,,,,,11:32,,11:54,,,,,,10:44,10:40,11:25,,,11:35,10:49,,,,,,,,11:06,,,,10:52,,,11:23,,,,,,
HR_Down_98091,,,,,,,,,,,,11:47,,,,,,,,11:16,,11:08,10:53,,,,,,,10:49,,,,11:05,,,11:19,,,11:36,,,,,,,,,,11:57,,,11:51,,,,11:11,,,,,,,11:22,11:54,,10:44,,,,,10:41,,,,,,,11:40,,12:02,,,,,,10:51,10:47,11:33,,,11:43,10:56,,,,,,,,11:14,,,,10:59,,,11:31,,,,,,
HR_Down_98093,,,,,,,,,,,,11:57,,,,,,,,11:26,,11:18,11:04,,,,,,,11:00,,,,11:15,,,11:29,,,11:46,,,,,,,,,,12:07,,,12:01,,,,11:21,,,,,,,11:32,12:04,,10:55,,,,,10:52,,,,,,,11:50,,12:12,,,,,,11:02,10:58,11:43,,,11:53,11:07,,,,,,,,11:24,,,,11:10,,,11:41,,,,,,
HR_Down_98095,,,,,,,,,,,,12:09,,,,,,,,11:38,,11:30,11:16,,,,,,,11:12,,,,11:27,,,11:41,,,11:58,,,,,,,,,,12:19,,,12:13,,,,11:33,,,,,,,11:44,12:16,,11:07,,,,,11:04,,,,,,,12:02,,12:24,,,,,,11:14,11:10,11:55,,,12:05,11:19,,,,,,,,11:36,,,,11:22,,,11:53,,,,,,
HR_Down_98097,,,,,,,,,,,,12:21,,,,,,,,11:50,,11:42,11:28,,,,,,,11:24,,,,11:39,,,11:53,,,12:10,,,,,,,,,,12:31,,,12:25,,,,11:45,,,,,,,11:56,12:28,,11:19,,,,,11:16,,,,,,,12:14,,12:36,,,,,,11:26,11:22,12:07,,,12:17,11:31,,,,,,,,11:48,,,,11:34,,,12:05,,,,,,
HR_Down_98099,,,,,,,,,,,,12:33,,,,,,,,12:02,,11:54,11:38,,,,,,,11:34,,,,11:51,,,12:05,,,12:22,,,,,,,,,,12:43,,,12:37,,,,11:57,,,,,,,12:08,12:40,,11:29,,,,,11:26,,,,,,,12:26,,12:48,,,,,,11:36,11:32,12:19,,,12:29,11:41,,,,,,,,11:59,,,,11:45,,,12:17,,,,,,
HR_Down_98101,,,,,,,,,,,,12:46,,,,,,,,12:14,,12:06,11:52,,,,,,,11:48,,,,12:03,,,12:17,,,12:34,,,,,,,,,,12:56,,,12:50,,,,12:09,,,,,,,12:20,12:53,,11:43,,,,,11:40,,,,,,,12:39,,13:01,,,,,,11:50,11:46,12:31,,,12:42,11:55,,,,,,,,12:12,,,,11:58,,,12:29,,,,,,
HR_Down_98103,,,,,,,,,,,,12:58,,,,,,,,12:26,,12:18,12:04,,,,,,,12:00,,,,12:15,,,12:29,,,12:46,,,,,,,,,,13:08,,,13:02,,,,12:21,,,,,,,12:32,13:05,,11:55,,,,,11:52,,,,,,,12:51,,13:13,,,,,,12:02,11:58,12:43,,,12:54,12:07,,,,,,,,12:24,,,,12:10,,,12:41,,,,,,
HR_Down_98105,,,,,,,,,,,,13:02,,,,,,,,12:30,,12:22,12:08,,,,,,,12:04,,,,12:19,,,12:33,,,12:50,,,,,,,,,,13:12,,,13:06,,,,12:25,,,,,,,12:36,13:09,,11:59,,,,,11:56,,,,,,,12:55,,13:17,,,,,,12:06,12:02,12:47,,,12:58,12:11,,,,,,,,12:28,,,,12:14,,,12:45,,,,,,
HR_Down_98107,,,,,,,,,,,,13:05,,,,,,,,12:34,,,,,,,,,,,,,,,,,,,,,,,,,,,,,,,,,,,,,12:29,,,,,,,12:40,,,,,,,,,,,,,,,12:58,,13:20,,,,,,,,,,,,,,,,,,,,,,,,12:18,,,12:49,,,,,,
HR_Down_98109,,,,,,,,,,,,13:14,,,,,,,,12:42,,12:34,12:20,,,,,,,12:16,,,,12:31,,,12:45,,,13:02,,,,,,,,,,13:24,,,13:18,,,,12:37,,,,,,,12:48,13:21,,12:11,,,,,12:08,,,,,,,13:07,,13:29,,,,,,12:18,12:14,12:59,,,13:10,12:23,,,,,,,,12:40,,,,12:26,,,12:57,,,,,,
HR_Down_98111,,,,,,,,,,,,13:22,,,,,,,,12:51,,12:43,12:29,,,,,,,12:25,,,,12:40,,,12:54,,,13:11,,,,,,,,,,13:32,,,13:26,,,,12:46,,,,,,,12:57,13:29,,12:20,,,,,12:17,,,,,,,13:15,,13:37,,,,,,12:27,12:23,13:08,,,13:18,12:32,,,,,,,,12:49,,,,12:35,,,13:06,,,,,,
HR_Down_98113,,,,,,,,,,,,13:35,,,,,,,,13:03,,12:55,12:41,,,,,,,12:37,,,,12:52,,,13:06,,,13:23,,,,,,,,,,13:45,,,13:39,,,,12:58,,,,,,,13:09,13:42,,12:32,,,,,12:29,,,,,,,13:28,,13:50,,,,,,12:39,12:35,13:20,,,13:31,12:44,,,,,,,,13:01,,,,12:47,,,13:18,,,,,,
HR_Down_98115,,,,,,,,,,,,13:39,,,,,,,,13:07,,,,,,,,,,,,,,,,,,,,,,,,,,,,,,,,,,,,,13:02,,,,,,,13:13,,,,,,,,,,,,,,,13:32,,13:54,,,,,,,,,,,,,,,,,,,,,,,,12:51,,,13:22,,,,,,
HR_Down_98117,,,,,,,,,,,,13:57,,,,,,,,13:25,,13:17,13:03,,,,,,,12:59,,,,13:14,,,13:28,,,13:45,,,,,,,,,,14:07,,,14:01,,,,13:20,,,,,,,13:31,14:04,,12:54,,,,,12:51,,,,,,,13:50,,14:12,,,,,,13:01,12:57,13:42,,,13:53,13:06,,,,,,,,13:23,,,,13:09,,,13:40,,,,,,
HR_Down_98119,,,,,,,,,,,,14:05,,,,,,,,13:33,,,,,,,,,,,,,,,,,,,,,,,,,,,,,,,,,,,,,13:28,,,,,,,13:39,,,,,,,,,,,,,,,13:57,,14:20,,,,,,,,,,,,,,,,,,,,,,,,13:17,,,13:48,,,,,,
HR_Down_98121,,,,,,,,,,,,14:09,,,,,,,,13:37,,13:29,13:15,,,,,,,13:11,,,,13:26,,,13:40,,,13:57,,,,,,,,,,14:19,,,14:13,,,,13:32,,,,,,,13:43,14:16,,13:06,,,,,13:03,,,,,,,14:01,,14:24,,,,,,13:13,13:09,13:54,,,14:05,13:18,,,,,,,,13:35,,,,13:21,,,13:52,,,,,,
HR_Down_98123,,,,,,,,,,,,14:20,,,,,,,,13:49,,13:41,13:27,,,,,,,13:23,,,,13:38,,,13:52,,,14:09,,,,,,,,,,14:30,,,14:24,,,,13:44,,,,,,,13:55,14:27,,13:18,,,,,13:15,,,,,,,14:13,,14:35,,,,,,13:25,13:21,14:06,,,14:16,13:30,,,,,,,,13:47,,,,13:33,,,14:04,,,,,,
HR_Down_98125,,,,,,,,,,,,14:24,,,,,,,,13:53,,13:45,13:31,,,,,,,13:27,,,,13:42,,,13:56,,,14:13,,,,,,,,,,14:34,,,14:28,,,,13:48,,,,,,,13:59,14:31,,13:22,,,,,13:19,,,,,,,14:17,,14:39,,,,,,13:29,13:25,14:10,,,14:20,13:34,,,,,,,,13:51,,,,13:37,,,14:08,,,,,,
HR_Down_98127,,,,,,,,,,,,14:35,,,,,,,,14:04,,13:56,13:42,,,,,,,13:38,,,,13:53,,,14:07,,,14:24,,,,,,,,,,14:45,,,14:39,,,,13:59,,,,,,,14:10,14:42,,13:33,,,,,13:30,,,,,,,14:28,,14:50,,,,,,13:40,13:36,14:21,,,14:31,13:45,,,,,,,,14:02,,,,13:48,,,14:19,,,,,,
HR_Down_98129,,,,,,,,,,,,14:46,,,,,,,,14:14,,,,,,,,,,,,,,,,,,,,,,,,,,,,,,,,,,,,,14:09,,,,,,,14:20,,,,,,,,,,,,,,,14:38,,15:01,,,,,,,,,,,,,,,,,,,,,,,,13:58,,,14:29,,,,,,
HR_Down_98131,,,,,,,,,,,,14:54,,,,,,,,14:22,,14:14,14:00,,,,,,,13:56,,,,14:11,,,14:25,,,14:42,,,,,,,,,,15:04,,,14:58,,,,14:17,,,,,,,14:28,15:01,,13:51,,,,,13:48,,,,,,,14:46,,15:09,,,,,,13:58,13:54,14:39,,,14:50,14:03,,,,,,,,14:20,,,,14:06,,,14:37,,,,,,
HR_Down_98133,,,,,,,,,,,,15:02,,,,,,,,14:30,,14:22,14:08,,,,,,,14:04,,,,14:19,,,14:33,,,14:50,,,,,,,,,,15:12,,,15:06,,,,14:25,,,,,,,14:36,15:09,,13:59,,,,,13:56,,,,,,,14:54,,15:17,,,,,,14:06,14:02,14:47,,,14:58,14:11,,,,,,,,14:28,,,,14:14,,,14:45,,,,,,
HR_Down_98135,,,,,,,,,,,,15:18,,,,,,,,14:46,,14:38,14:24,,,,,,,14:20,,,,14:35,,,14:49,,,15:06,,,,,,,,,,15:28,,,15:22,,,,14:41,,,,,,,14:52,15:25,,14:15,,,,,14:12,,,,,,,15:10,,15:33,,,,,,14:22,14:18,15:03,,,15:14,14:27,,,,,,,,14:44,,,,14:30,,,15:01,,,,,,
HR_Down_98137,,,,,,,,,,,,15:27,,,,,,,,14:56,,14:48,14:34,,,,,,,14:30,,,,14:45,,,14:59,,,15:16,,,,,,,,,,15:37,,,15:31,,,,14:51,,,,,,,15:02,15:34,,14:25,,,,,14:22,,,,,,,15:20,,15:42,,,,,,14:32,14:28,15:13,,,15:23,14:37,,,,,,,,14:54,,,,14:40,,,15:11,,,,,,
HR_Down_98139,,,,,,,,,,,,15:39,,,,,,,,15:08,,15:00,14:46,,,,,,,14:42,,,,14:57,,,15:11,,,15:28,,,,,,,,,,15:49,,,15:43,,,,15:03,,,,,,,15:14,15:46,,14:37,,,,,14:34,,,,,,,15:32,,15:54,,,,,,14:44,14:40,15:25,,,15:35,14:49,,,,,,,,15:06,,,,14:52,,,15:23,,,,,,
HR_Down_98141,,,,,,,,,,,,15:50,,,,,,,,15:18,,15:10,14:56,,,,,,,14:52,,,,15:07,,,15:21,,,15:38,,,,,,,,,,16:00,,,15:54,,,,15:13,,,,,,,15:24,15:57,,14:47,,,,,14:44,,,,,,,15:43,,16:05,,,,,,14:54,14:50,15:35,,,15:46,14:59,,,,,,,,15:16,,,,15:02,,,15:33,,,,,,
HR_Down_98143,,,,,,,,,,,,15:53,,,,,,,,15:22,,15:14,15:00,,,,,,,14:56,,,,15:11,,,15:25,,,15:42,,,,,,,,,,16:03,,,15:57,,,,15:17,,,,,,,15:28,16:00,,14:51,,,,,14:48,,,,,,,15:46,,16:08,,,,,,14:58,14:54,15:39,,,15:49,15:03,,,,,,,,15:20,,,,15:06,,,15:37,,,,,,
HR_Down_98145,,,,,,,,,,,,16:01,,,,,,,,15:30,,15:22,15:08,,,,,,,15:04,,,,15:19,,,15:33,,,15:50,,,,,,,,,,16:11,,,16:05,,,,15:25,,,,,,,15:36,16:08,,14:59,,,,,14:56,,,,,,,15:54,,16:16,,,,,,15:06,15:02,15:47,,,15:57,15:11,,,,,,,,15:28,,,,15:14,,,15:45,,,,,,
HR_Down_98147,,,,,,,,,,,,16:09,,,,,,,,15:38,,,,,,,,,,,,,,,,,,,,,,,,,,,,,,,,,,,,,15:33,,,,,,,15:44,,,,,,,,,,,,,,,16:02,,16:24,,,,,,,,,,,,,,,,,,,,,,,,15:22,,,15:53,,,,,,
HR_Down_98149,,,,,,,,,,,,16:13,,,,,,,,15:42,,15:34,15:20,,,,,,,15:16,,,,15:31,,,15:45,,,16:02,,,,,,,,,,16:23,,,16:17,,,,15:37,,,,,,,15:48,16:20,,15:11,,,,,15:08,,,,,,,16:06,,16:28,,,,,,15:18,15:14,15:59,,,16:09,15:23,,,,,,,,15:40,,,,15:26,,,15:57,,,,,,
HR_Down_98151,,,,,,,,,,,,16:21,,,,,,,,15:50,,15:42,15:28,,,,,,,15:24,,,,15:39,,,15:53,,,16:10,,,,,,,,,,16:31,,,16:25,,,,15:45,,,,,,,15:56,16:28,,15:19,,,,,15:16,,,,,,,16:14,,16:36,,,,,,15:26,15:22,16:07,,,16:17,15:31,,,,,,,,15:48,,,,15:34,,,16:05,,,,,,
HR_Down_98153,,,,,,,,,,,,16:29,,,,,,,,15:58,,15:50,15:36,,,,,,,15:32,,,,15:47,,,16:01,,,16:18,,,,,,,,,,16:39,,,16:33,,,,15:53,,,,,,,16:04,16:36,,15:27,,,,,15:24,,,,,,,16:22,,16:44,,,,,,15:34,15:30,16:15,,,16:25,15:39,,,,,,,,15:56,,,,15:42,,,16:13,,,,,,
HR_Down_98155,,,,,,,,,,,,16:33,,,,,,,,16:02,,15:54,15:40,,,,,,,15:36,,,,15:51,,,16:05,,,16:22,,,,,,,,,,16:43,,,16:37,,,,15:57,,,,,,,16:08,16:40,,15:31,,,,,15:28,,,,,,,16:26,,16:48,,,,,,15:38,15:34,16:19,,,16:29,15:43,,,,,,,,16:00,,,,15:46,,,16:17,,,,,,
HR_Down_98157,,,,,,,,,,,,16:41,,,,,,,,16:10,,16:02,15:48,,,,,,,15:44,,,,15:59,,,16:13,,,16:30,,,,,,,,,,16:51,,,16:45,,,,16:05,,,,,,,16:16,16:48,,15:39,,,,,15:36,,,,,,,16:34,,16:56,,,,,,15:46,15:42,16:27,,,16:37,15:51,,,,,,,,16:08,,,,15:54,,,16:25,,,,,,
HR_Down_98159,,,,,,,,,,,,16:49,,,,,,,,16:18,,16:10,15:56,,,,,,,15:52,,,,16:07,,,16:21,,,16:38,,,,,,,,,,16:59,,,16:53,,,,16:13,,,,,,,16:24,16:56,,15:47,,,,,15:44,,,,,,,16:42,,17:04,,,,,,15:54,15:50,16:35,,,16:45,15:59,,,,,,,,16:16,,,,16:02,,,16:33,,,,,,
HR_Down_98161,,,,,,,,,,,,16:55,,,,,,,,16:24,,,,,,,,,,,,,,,,,,,,,,,,,,,,,,,,,,,,,16:19,,,,,,,16:30,,,,,,,,,,,,,,,16:48,,17:10,,,,,,,,,,,,,,,,,,,,,,,,16:08,,,16:39,,,,,,
HR_Down_98163,,,,,,,,,,,,17:05,,,,,,,,16:34,,16:26,16:12,,,,,,,16:08,,,,16:23,,,16:37,,,16:54,,,,,,,,,,17:15,,,17:09,,,,16:29,,,,,,,16:40,17:12,,16:03,,,,,16:00,,,,,,,16:58,,17:21,,,,,,16:10,16:06,16:51,,,17:01,16:15,,,,,,,,16:32,,,,16:18,,,16:49,,,,,,
HR_Down_98165,,,,,,,,,,,,17:13,,,,,,,,16:42,,16:34,16:20,,,,,,,16:16,,,,16:31,,,16:45,,,17:02,,,,,,,,,,17:23,,,17:17,,,,16:37,,,,,,,16:48,17:20,,16:11,,,,,16:08,,,,,,,17:06,,17:28,,,,,,16:18,16:14,16:59,,,17:09,16:23,,,,,,,,16:40,,,,16:26,,,16:57,,,,,,
HR_Down_98167,,,,,,,,,,,,17:21,,,,,,,,16:50,,,,,,,,,,,,,,,,,,,,,,,,,,,,,,,,,,,,,16:45,,,,,,,16:56,,,,,,,,,,,,,,,17:14,,17:36,,,,,,,,,,,,,,,,,,,,,,,,16:34,,,17:05,,,,,,
HR_Down_98169,,,,,,,,,,,,17:29,,,,,,,,16:57,,16:49,16:35,,,,,,,16:31,,,,16:46,,,17:00,,,17:17,,,,,,,,,,17:39,,,17:33,,,,16:52,,,,,,,17:03,17:36,,16:26,,,,,16:23,,,,,,,17:21,,17:44,,,,,,16:33,16:29,17:14,,,17:25,16:38,,,,,,,,16:55,,,,16:41,,,17:12,,,,,,
HR_Down_98171,,,,,,,,,,,,17:40,,,,,,,,17:09,,17:01,16:47,,,,,,,16:43,,,,16:58,,,17:12,,,17:29,,,,,,,,,,17:50,,,17:44,,,,17:04,,,,,,,17:15,17:47,,16:38,,,,,16:35,,,,,,,17:33,,17:55,,,,,,16:45,16:41,17:26,,,17:36,16:50,,,,,,,,17:07,,,,16:53,,,17:24,,,,,,
HR_Down_98173,,,,,,,,,,,,17:48,,,,,,,,17:17,,,,,,,,,,,,,,,,,,,,,,,,,,,,,,,,,,,,,17:12,,,,,,,17:23,,,,,,,,,,,,,,,17:41,,18:03,,,,,,,,,,,,,,,,,,,,,,,,17:01,,,17:32,,,,,,
HR_Down_98175,,,,,,,,,,,,17:56,,,,,,,,17:25,,17:17,17:03,,,,,,,16:59,,,,17:14,,,17:28,,,17:45,,,,,,,,,,18:06,,,18:00,,,,17:20,,,,,,,17:31,18:03,,16:54,,,,,16:51,,,,,,,17:49,,18:11,,,,,,17:01,16:57,17:42,,,17:52,17:06,,,,,,,,17:23,,,,17:09,,,17:40,,,,,,
HR_Down_98177,,,,,,,,,,,,18:04,,,,,,,,17:30,,,,,,,,,,,,,,,,,,,,,,,,,,,,,,,,,,,,,17:25,,,,,,,17:36,,,,,,,,,,,,,,,17:56,,18:19,,,,,,,,,,,,,,,,,,,,,,,,17:14,,,17:45,,,,,,
HR_Down_98179,,,,,,,,,,,,18:13,,,,,,,,17:42,,17:34,17:20,,,,,,,17:16,,,,17:31,,,17:45,,,18:02,,,,,,,,,,18:23,,,18:17,,,,17:37,,,,,,,17:48,18:20,,17:11,,,,,17:08,,,,,,,18:06,,18:28,,,,,,17:18,17:14,17:59,,,18:09,17:23,,,,,,,,17:40,,,,17:26,,,17:57,,,,,,
HR_Down_98181,,,,,,,,,,,,18:17,,,,,,,,17:46,,,,,,,,,,,,,,,,,,,,,,,,,,,,,,,,,,,,,17:41,,,,,,,17:52,,,,,,,,,,,,,,,18:10,,18:32,,,,,,,,,,,,,,,,,,,,,,,,17:30,,,18:01,,,,,,
HR_Down_98183,,,,,,,,,,,,18:25,,,,,,,,17:54,,17:46,17:32,,,,,,,17:28,,,,17:43,,,17:57,,,18:14,,,,,,,,,,18:35,,,18:29,,,,17:49,,,,,,,18:00,18:32,,17:23,,,,,17:20,,,,,,,18:18,,18:40,,,,,,17:30,17:26,18:11,,,18:21,17:35,,,,,,,,17:52,,,,17:38,,,18:09,,,,,,
HR_Down_98185,,,,,,,,,,,,18:38,,,,,,,,18:07,,17:59,17:45,,,,,,,17:41,,,,17:56,,,18:10,,,18:27,,,,,,,,,,18:48,,,18:42,,,,18:02,,,,,,,18:13,18:45,,17:36,,,,,17:33,,,,,,,18:31,,18:53,,,,,,17:43,17:39,18:24,,,18:34,17:48,,,,,,,,18:05,,,,17:51,,,18:22,,,,,,
HR_Down_98187,,,,,,,,,,,,18:42,,,,,,,,18:11,,,,,,,,,,,,,,,,,,,,,,,,,,,,,,,,,,,,,18:06,,,,,,,18:17,,,,,,,,,,,,,,,18:35,,18:57,,,,,,,,,,,,,,,,,,,,,,,,17:55,,,18:26,,,,,,
HR_Down_98189,,,,,,,,,,,,18:50,,,,,,,,18:19,,18:11,17:57,,,,,,,17:53,,,,18:08,,,18:22,,,18:39,,,,,,,,,,19:00,,,18:54,,,,18:14,,,,,,,18:25,18:57,,17:48,,,,,17:45,,,,,,,18:43,,19:05,,,,,,17:55,17:51,18:36,,,18:46,18:00,,,,,,,,18:17,,,,18:03,,,18:34,,,,,,
HR_Down_98191,,,,,,,,,,,,19:03,,,,,,,,18:32,,18:24,18:09,,,,,,,18:05,,,,18:21,,,18:35,,,18:52,,,,,,,,,,19:13,,,19:07,,,,18:27,,,,,,,18:38,19:10,,18:00,,,,,17:57,,,,,,,18:56,,19:18,,,,,,18:07,18:03,18:49,,,18:59,18:12,,,,,,,,18:30,,,,18:16,,,18:47,,,,,,
HR_Down_98193,,,,,,,,,,,,19:15,,,,,,,,18:42,,18:34,18:20,,,,,,,18:16,,,,18:31,,,18:45,,,19:02,,,,,,,,,,19:25,,,19:19,,,,18:37,,,,,,,18:48,19:22,,18:11,,,,,18:08,,,,,,,19:07,,19:30,,,,,,18:18,18:14,18:59,,,19:11,18:23,,,,,,,,18:40,,,,18:26,,,18:57,,,,,,
HR_Down_98195,,,,,,,,,,,,19:19,,,,,,,,18:46,,18:38,18:24,,,,,,,18:20,,,,18:35,,,18:49,,,19:06,,,,,,,,,,19:29,,,19:23,,,,18:41,,,,,,,18:52,19:26,,18:15,,,,,18:12,,,,,,,19:11,,19:34,,,,,,18:22,18:18,19:03,,,19:15,18:27,,,,,,,,18:44,,,,18:30,,,19:01,,,,,,
HR_Down_98197,,,,,,,,,,,,19:28,,,,,,,,18:57,,,,,,,,,,,,,,,,,,,,,,,,,,,,,,,,,,,,,18:52,,,,,,,19:03,,,,,,,,,,,,,,,19:21,,19:43,,,,,,,,,,,,,,,,,,,,,,,,18:41,,,19:12,,,,,,
HR_Down_98199,,,,,,,,,,,,19:32,,,,,,,,19:01,,18:53,18:38,,,,,,,18:34,,,,18:50,,,19:04,,,19:21,,,,,,,,,,19:42,,,19:36,,,,18:56,,,,,,,19:07,19:39,,18:29,,,,,18:26,,,,,,,19:25,,19:47,,,,,,18:36,18:32,19:18,,,19:28,18:41,,,,,,,,18:59,,,,18:45,,,19:16,,,,,,
HR_Down_98201,,,,,,,,,,,,19:39,,,,,,,,19:08,,19:00,18:45,,,,,,,18:41,,,,18:57,,,19:11,,,19:28,,,,,,,,,,19:49,,,19:43,,,,19:03,,,,,,,19:14,19:46,,18:36,,,,,18:33,,,,,,,19:32,,19:54,,,,,,18:43,18:39,19:25,,,19:35,18:48,,,,,,,,19:06,,,,18:51,,,19:23,,,,,,
HR_Down_98203,,,,,,,,,,,,19:47,,,,,,,,19:16,,19:08,18:53,,,,,,,18:49,,,,19:05,,,19:19,,,19:36,,,,,,,,,,19:57,,,19:51,,,,19:11,,,,,,,19:22,19:54,,18:44,,,,,18:41,,,,,,,19:40,,20:02,,,,,,18:51,18:47,19:33,,,19:43,18:56,,,,,,,,19:14,,,,18:59,,,19:31,,,,,,
HR_Down_98205,,,,,,,,,,,,20:02,,,,,,,,19:31,,19:23,19:09,,,,,,,19:05,,,,19:20,,,19:34,,,19:51,,,,,,,,,,20:12,,,20:06,,,,19:26,,,,,,,19:37,20:09,,19:00,,,,,18:57,,,,,,,19:55,,20:17,,,,,,19:07,19:03,19:48,,,19:58,19:12,,,,,,,,19:29,,,,19:15,,,19:46,,,,,,
HR_Down_98207,,,,,,,,,,,,20:10,,,,,,,,19:39,,19:31,19:17,,,,,,,19:13,,,,19:28,,,19:42,,,19:59,,,,,,,,,,20:20,,,20:14,,,,19:34,,,,,,,19:45,20:17,,19:08,,,,,19:05,,,,,,,20:03,,20:25,,,,,,19:15,19:11,19:56,,,20:06,19:20,,,,,,,,19:37,,,,19:23,,,19:54,,,,,,
HR_Down_98209,,,,,,,,,,,,20:14,,,,,,,,19:43,,,,,,,,,,,,,,,,,,,,,,,,,,,,,,,,,,,,,19:38,,,,,,,19:49,,,,,,,,,,,,,,,20:07,,20:29,,,,,,,,,,,,,,,,,,,,,,,,19:27,,,19:58,,,,,,
HR_Down_98211,,,,,,,,,,,,20:22,,,,,,,,19:51,,19:43,19:29,,,,,,,19:25,,,,19:40,,,19:54,,,20:11,,,,,,,,,,20:32,,,20:26,,,,19:46,,,,,,,19:57,20:29,,19:20,,,,,19:17,,,,,,,20:15,,20:37,,,,,,19:27,19:23,20:08,,,20:18,19:32,,,,,,,,19:49,,,,19:35,,,20:06,,,,,,
HR_Down_98213,,,,,,,,,,,,20:40,,,,,,,,20:08,,20:00,19:44,,,,,,,19:40,,,,19:57,,,20:11,,,20:28,,,,,,,,,,20:50,,,20:44,,,,20:03,,,,,,,20:14,20:47,,19:35,,,,,19:32,,,,,,,20:32,,20:55,,,,,,19:42,19:38,20:25,,,20:36,19:47,,,,,,,,20:06,,,,19:51,,,20:23,,,,,,
HR_Down_98215,,,,,,,,,,,,20:46,,,,,,,,20:15,,,,,,,,,,,,,,,,,,,,,,,,,,,,,,,,,,,,,20:10,,,,,,,20:21,,,,,,,,,,,,,,,20:39,,21:01,,,,,,,,,,,,,,,,,,,,,,,,19:58,,,20:30,,,,,,
HR_Down_98217,,,,,,,,,,,,20:56,,,,,,,,20:23,,20:15,20:00,,,,,,,19:56,,,,20:12,,,20:26,,,20:43,,,,,,,,,,21:06,,,21:00,,,,20:18,,,,,,,20:29,21:03,,19:51,,,,,19:48,,,,,,,20:48,,21:11,,,,,,19:58,19:54,20:40,,,20:52,20:03,,,,,,,,20:21,,,,20:06,,,20:38,,,,,,
HR_Down_98219,,,,,,,,,,,,21:02,,,,,,,,20:31,,,,,,,,,,,,,,,,,,,,,,,,,,,,,,,,,,,,,20:26,,,,,,,20:37,,,,,,,,,,,,,,,20:55,,21:17,,,,,,,,,,,,,,,,,,,,,,,,20:14,,,20:46,,,,,,
HR_Down_98221,,,,,,,,,,,,21:06,,,,,,,,20:35,,20:27,20:12,,,,,,,20:08,,,,20:24,,,20:38,,,20:55,,,,,,,,,,21:16,,,21:10,,,,20:30,,,,,,,20:41,21:13,,20:03,,,,,20:00,,,,,,,20:59,,21:21,,,,,,20:10,20:06,20:52,,,21:02,20:15,,,,,,,,20:32,,,,20:18,,,20:50,,,,,,
HR_Down_98223,,,,,,,,,,,,21:22,,,,,,,,20:51,,20:43,20:28,,,,,,,20:24,,,,20:40,,,20:54,,,21:11,,,,,,,,,,21:32,,,21:26,,,,20:46,,,,,,,20:57,21:29,,20:19,,,,,20:16,,,,,,,21:15,,21:37,,,,,,20:26,20:22,21:08,,,21:18,20:31,,,,,,,,20:49,,,,20:34,,,21:06,,,,,,
HR_Down_98225,,,,,,,,,,,,21:38,,,,,,,,21:07,,20:59,20:44,,,,,,,20:40,,,,20:56,,,21:10,,,21:27,,,,,,,,,,21:48,,,21:42,,,,21:02,,,,,,,21:13,21:45,,20:35,,,,,20:32,,,,,,,21:31,,21:53,,,,,,20:42,20:38,21:24,,,21:34,20:47,,,,,,,,21:05,,,,20:50,,,21:22,,,,,,
HR_Down_98227,,,,,,,,,,,,21:42,,,,,,,,21:11,,,,,,,,,,,,,,,,,,,,,,,,,,,,,,,,,,,,,21:06,,,,,,,21:17,,,,,,,,,,,,,,,21:35,,21:57,,,,,,,,,,,,,,,,,,,,,,,,20:54,,,21:26,,,,,,
HR_Down_98229,,,,,,,,,,,,21:54,,,,,,,,21:23,,21:15,21:01,,,,,,,20:57,,,,21:12,,,21:26,,,21:43,,,,,,,,,,22:04,,,21:58,,,,21:18,,,,,,,21:29,22:01,,20:52,,,,,20:49,,,,,,,21:47,,22:09,,,,,,20:59,20:55,21:40,,,21:50,21:04,,,,,,,,21:21,,,,21:07,,,21:38,,,,,,
HR_Down_98231,,,,,,,,,,,,21:58,,,,,,,,21:27,,,,,,,,,,,,,,,,,,,,,,,,,,,,,,,,,,,,,21:22,,,,,,,21:33,,,,,,,,,,,,,,,21:51,,22:13,,,,,,,,,,,,,,,,,,,,,,,,21:11,,,21:42,,,,,,
HR_Down_98233,,,,,,,,,,,,22:07,,,,,,,,21:36,,21:28,21:14,,,,,,,21:10,,,,21:25,,,21:39,,,21:56,,,,,,,,,,22:17,,,22:11,,,,21:31,,,,,,,21:42,22:14,,21:05,,,,,21:02,,,,,,,22:00,,22:22,,,,,,21:12,21:08,21:53,,,22:03,21:17,,,,,,,,21:34,,,,21:20,,,21:51,,,,,,
HR_Down_98235,,,,,,,,,,,,22:19,,,,,,,,21:48,,21:40,21:26,,,,,,,21:22,,,,21:37,,,21:51,,,22:08,,,,,,,,,,22:29,,,22:23,,,,21:43,,,,,,,21:54,22:26,,21:17,,,,,21:14,,,,,,,22:12,,22:34,,,,,,21:24,21:20,22:05,,,22:15,21:29,,,,,,,,21:46,,,,21:32,,,22:03,,,,,,
HR_Down_98237,,,,,,,,,,,,22:27,,,,,,,,21:56,,,,,,,,,,,,,,,,,,,,,,,,,,,,,,,,,,,,,21:51,,,,,,,22:02,,,,,,,,,,,,,,,22:20,,22:42,,,,,,,,,,,,,,,,,,,,,,,,21:40,,,22:11,,,,,,
HR_Down_98239,,,,,,,,,,,,22:35,,,,,,,,22:04,,21:56,21:42,,,,,,,21:38,,,,21:53,,,22:07,,,22:24,,,,,,,,,,22:45,,,22:39,,,,21:59,,,,,,,22:10,22:42,,21:33,,,,,21:30,,,,,,,22:28,,22:50,,,,,,21:40,21:36,22:21,,,22:31,21:45,,,,,,,,22:02,,,,21:48,,,22:19,,,,,,
HR_Down_98241,,,,,,,,,,,,22:47,,,,,,,,22:16,,22:08,21:54,,,,,,,21:50,,,,22:05,,,22:19,,,22:36,,,,,,,,,,22:57,,,22:51,,,,22:11,,,,,,,22:22,22:54,,21:45,,,,,21:42,,,,,,,22:40,,23:02,,,,,,21:52,21:48,22:33,,,22:43,21:57,,,,,,,,22:14,,,,22:00,,,22:31,,,,,,
HR_Down_98243,,,,,,,,,,,,22:59,,,,,,,,22:28,,22:20,22:06,,,,,,,22:02,,,,22:17,,,22:31,,,22:48,,,,,,,,,,23:09,,,23:03,,,,22:23,,,,,,,22:34,23:06,,21:57,,,,,21:54,,,,,,,22:52,,23:14,,,,,,22:04,22:00,22:45,,,22:55,22:09,,,,,,,,22:26,,,,22:12,,,22:43,,,,,,
HR_Down_98245,,,,,,,,,,,,23:11,,,,,,,,22:40,,22:32,22:18,,,,,,,22:14,,,,22:29,,,22:43,,,23:00,,,,,,,,,,23:21,,,23:15,,,,22:35,,,,,,,22:46,23:18,,22:09,,,,,22:06,,,,,,,23:04,,23:26,,,,,,22:16,22:12,22:57,,,23:07,22:21,,,,,,,,22:38,,,,22:24,,,22:55,,,,,,
HR_Down_98247,,,,,,,,,,,,23:25,,,,,,,,22:54,,22:46,22:32,,,,,,,22:28,,,,22:43,,,22:57,,,23:14,,,,,,,,,,23:35,,,23:29,,,,22:49,,,,,,,23:00,23:32,,22:23,,,,,22:20,,,,,,,23:18,,23:40,,,,,,22:30,22:26,23:11,,,23:21,22:35,,,,,,,,22:52,,,,22:38,,,23:09,,,,,,
HR_Down_98249,,,,,,,,,,,,23:39,,,,,,,,23:08,,23:00,22:46,,,,,,,22:42,,,,22:57,,,23:11,,,23:28,,,,,,,,,,23:49,,,23:43,,,,23:03,,,,,,,23:14,23:46,,22:37,,,,,22:34,,,,,,,23:32,,23:54,,,,,,22:44,22:40,23:25,,,23:35,22:49,,,,,,,,23:06,,,,22:52,,,23:23,,,,,,
HR_Down_98251,,,,,,,,,,,,23:55,,,,,,,,23:24,,23:16,23:02,,,,,,,22:58,,,,23:13,,,23:27,,,23:44,,,,,,,,,,,,,23:59,,,,23:19,,,,,,,23:30,,,22:53,,,,,22:50,,,,,,,23:48,,,,,,,,23:00,22:56,23:41,,,23:51,23:05,,,,,,,,23:22,,,,23:08,,,23:39,,,,,,
HR_Down_98253,,,,,,,,,,,,00:03,,,,,,,,23:32,,23:24,23:10,,,,,,,23:06,,,,23:21,,,23:35,,,23:52,,,,,,,,,,,,,,,,,23:27,,,,,,,23:38,,,23:01,,,,,22:58,,,,,,,23:56,,00:18,,,,,,23:08,23:04,23:49,,,23:59,23:13,,,,,,,,23:30,,,,23:16,,,23:47,,,,,,
HR_Down_98255,,,,,,,,,,,,00:19,,,,,,,,23:48,,23:40,23:26,,,,,,,23:22,,,,23:37,,,23:51,,,,,,,,,,,,,,,,,,,,23:43,,,,,,,23:54,,,23:17,,,,,23:14,,,,,,,00:12,,00:34,,,,,,23:24,23:20,,,,,23:29,,,,,,,,23:46,,,,23:32,,,00:03,,,,,,
HR_Down_98257,,,,,,,,,,,,00:35,,,,,,,,00:04,,23:56,23:42,,,,,,,23:38,,,,23:53,,,,,,,,,,,,,,,,,,,,,,,23:59,,,,,,,00:10,,,23:33,,,,,23:30,,,,,,,00:28,,00:50,,,,,,23:40,23:36,,,,,23:45,,,,,,,,,,,,23:48,,,00:19,,,,,,
HR_Down_98259,,,,,,,,,,,,00:57,,,,,,,,00:26,,,,,,,,,,,,,,,,,,,,,,,,,,,,,,,,,,,,,00:21,,,,,,,00:32,,,23:55,,,,,23:52,,,,,,,00:50,,01:13,,,,,,,23:58,,,,,,,,,,,,,,,,,00:10,,,00:41,,,,,,
HR_Down_98301,,,,,,,,,,,,01:10,,,,,,,,00:39,,00:31,00:17,,,,,,,00:13,,,,00:28,,,00:42,,,00:59,,,,,,,,,,,,,,,,,00:34,,,,,,,00:45,,,00:08,,,,,00:05,,,,,,,01:03,,,,,,,,00:15,00:11,00:56,,,01:06,00:20,,,,,,,,00:37,,,,00:23,,,00:54,,,,,,
HR_Down_98303,,,,,,,,,,,,01:38,,,,,,,,01:06,,,,,,,,,,,,,,,,,,,,,,,,,,,,,,,,,,,,,01:01,,,,,,,01:13,,,,,,,,,,,,,,,01:31,,,,,,,,,,,,,,,,,,,,,,,,,,00:50,,,01:22,,,,,,
HR_Down_98305,,,,,,,,,,,,07:37,,,,,,,,07:06,,06:58,06:44,,,,,,,06:40,,,,06:55,,,07:09,,,07:26,,,,,,,,,,,,,,,,,07:01,,,,,,,07:12,,,06:35,,,,,06:32,,,,,,,07:30,,,,,,,,06:42,06:38,07:23,,,07:33,06:47,,,,,,,,07:04,,,,06:50,,,07:21,,,,,,
HR_Down_98307,,,,,,,,,,,,07:56,,,,,,,,07:21,,07:13,06:58,,,,,,,06:54,,,,07:10,,,07:24,,,07:41,,,,,,,,,,,,,,,,,07:16,,,,,,,07:27,,,06:49,,,,,06:46,,,,,,,07:45,,,,,,,,06:56,06:52,07:38,,,07:50,07:01,,,,,,,,07:19,,,,07:05,,,07:36,,,,,,
HR_Down_98309,,,,,,,,,,,,08:35,,,,,,,,08:04,,07:56,07:42,,,,,,,07:38,,,,07:53,,,08:07,,,08:24,,,,,,,,,,,,,,,,,07:59,,,,,,,08:10,,,07:33,,,,,07:30,,,,,,,08:28,,,,,,,,07:40,07:36,08:21,,,08:31,07:45,,,,,,,,08:02,,,,07:48,,,08:19,,,,,,
HR_Down_98311,,,,,,,,,,,,08:53,,,,,,,,08:22,,08:14,08:00,,,,,,,07:56,,,,08:11,,,08:25,,,08:42,,,,,,,,,,,,,,,,,08:17,,,,,,,08:28,,,07:51,,,,,07:48,,,,,,,08:46,,,,,,,,07:58,07:54,08:39,,,08:49,08:03,,,,,,,,08:20,,,,08:06,,,08:37,,,,,,
HR_Down_98313,,,,,,,,,,,,09:11,,,,,,,,08:38,,,,,,,,,,,,,,,,,,,,,,,,,,,,,,,,,,,,,08:33,,,,,,,08:45,,,,,,,,,,,,,,,09:03,,,,,,,,,,,,,,,,,,,,,,,,,,08:22,,,08:54,,,,,,
HR_Down_98315,,,,,,,,,,,,09:26,,,,,,,,08:54,,08:46,08:32,,,,,,,08:28,,,,08:43,,,08:57,,,09:14,,,,,,,,,,,,,,,,,08:49,,,,,,,09:00,,,08:23,,,,,08:20,,,,,,,09:18,,,,,,,,08:30,08:26,09:11,,,09:22,08:35,,,,,,,,08:52,,,,08:38,,,09:09,,,,,,
HR_Down_98317,,,,,,,,,,,,10:03,,,,,,,,09:32,,09:24,09:10,,,,,,,09:06,,,,09:21,,,09:35,,,09:52,,,,,,,,,,,,,,,,,09:27,,,,,,,09:38,,,09:01,,,,,08:58,,,,,,,09:56,,,,,,,,09:08,09:04,09:49,,,09:59,09:13,,,,,,,,09:30,,,,09:16,,,09:47,,,,,,
HR_Down_98319,,,,,,,,,,,,10:31,,,,,,,,10:00,,,,,,,,,,,,,,,,,,,,,,,,,,,,,,,,,,,,,09:55,,,,,,,10:06,,,,,,,,,,,,,,,10:24,,,,,,,,,,,,,,,,,,,,,,,,,,09:45,,,10:15,,,,,,
HR_Down_98321,,,,,,,,,,,,10:44,,,,,,,,10:12,,10:04,09:50,,,,,,,09:46,,,,10:01,,,10:15,,,10:32,,,,,,,,,,,,,,,,,10:07,,,,,,,10:18,,,09:41,,,,,09:38,,,,,,,10:36,,,,,,,,09:48,09:44,10:29,,,10:39,09:53,,,,,,,,10:10,,,,09:56,,,10:27,,,,,,
HR_Down_98323,,,,,,,,,,,,11:05,,,,,,,,10:34,,10:26,10:11,,,,,,,10:07,,,,10:23,,,10:37,,,10:54,,,,,,,,,,,,,,,,,10:29,,,,,,,10:40,,,10:02,,,,,09:59,,,,,,,10:58,,,,,,,,10:09,10:05,10:51,,,11:01,10:14,,,,,,,,10:32,,,,10:18,,,10:49,,,,,,
HR_Down_98325,,,,,,,,,,,,11:31,,,,,,,,11:00,,10:52,10:38,,,,,,,10:34,,,,10:49,,,11:03,,,11:20,,,,,,,,,,,,,,,,,10:55,,,,,,,11:06,,,10:29,,,,,10:26,,,,,,,11:24,,,,,,,,10:36,10:32,11:17,,,11:27,10:41,,,,,,,,10:58,,,,10:44,,,11:15,,,,,,
HR_Down_98327,,,,,,,,,,,,11:43,,,,,,,,11:12,,,,,,,,,,,,,,,,,,,,,,,,,,,,,,,,,,,,,11:07,,,,,,,11:18,,,,,,,,,,,,,,,11:36,,,,,,,,,,,,,,,,,,,,,,,,,,10:56,,,11:27,,,,,,
HR_Down_98329,,,,,,,,,,,,12:01,,,,,,,,11:30,,11:22,11:08,,,,,,,11:04,,,,11:19,,,11:33,,,11:50,,,,,,,,,,,,,,,,,11:25,,,,,,,11:36,,,10:59,,,,,10:56,,,,,,,11:54,,,,,,,,11:06,11:02,11:47,,,11:57,11:11,,,,,,,,11:28,,,,11:14,,,11:45,,,,,,
HR_Down_98331,,,,,,,,,,,,12:17,,,,,,,,11:46,,,,,,,,,,,,,,,,,,,,,,,,,,,,,,,,,,,,,11:41,,,,,,,11:52,,,,,,,,,,,,,,,12:10,,,,,,,,,,,,,,,,,,,,,,,,,,11:30,,,12:01,,,,,,
HR_Down_98333,,,,,,,,,,,,12:38,,,,,,,,12:06,,11:58,11:44,,,,,,,11:40,,,,11:55,,,12:09,,,12:26,,,,,,,,,,,,,,,,,12:01,,,,,,,12:12,,,11:35,,,,,11:32,,,,,,,12:30,,,,,,,,11:42,11:38,12:23,,,12:33,11:47,,,,,,,,12:04,,,,11:50,,,12:21,,,,,,
HR_Down_98335,,,,,,,,,,,,13:31,,,,,,,,12:59,,12:51,12:37,,,,,,,12:33,,,,12:48,,,13:02,,,13:19,,,,,,,,,,,,,,,,,12:54,,,,,,,13:05,,,12:28,,,,,12:25,,,,,,,13:24,,,,,,,,12:35,12:31,13:16,,,13:27,12:40,,,,,,,,12:57,,,,12:43,,,13:14,,,,,,
HR_Down_98337,,,,,,,,,,,,13:45,,,,,,,,13:13,,13:05,12:51,,,,,,,12:47,,,,13:02,,,13:16,,,13:33,,,,,,,,,,,,,,,,,13:08,,,,,,,13:19,,,12:42,,,,,12:39,,,,,,,13:38,,,,,,,,12:49,12:45,13:30,,,13:41,12:54,,,,,,,,13:11,,,,12:57,,,13:28,,,,,,
HR_Down_98339,,,,,,,,,,,,14:13,,,,,,,,13:41,,13:33,13:19,,,,,,,13:15,,,,13:30,,,13:44,,,14:01,,,,,,,,,,,,,,,,,13:36,,,,,,,13:47,,,13:10,,,,,13:07,,,,,,,14:05,,,,,,,,13:17,13:13,13:58,,,14:09,13:22,,,,,,,,13:39,,,,13:25,,,13:56,,,,,,
HR_Down_98341,,,,,,,,,,,,15:35,,,,,,,,15:03,,,,,,,,,,,,,,,,,,,,,,,,,,,,,,,,,,,,,14:58,,,,,,,15:09,,,,,,,,,,,,,,,15:27,,,,,,,,,,,,,,,,,,,,,,,,,,14:47,,,15:18,,,,,,
HR_Down_98343,,,,,,,,,,,,16:05,,,,,,,,15:34,,15:26,15:12,,,,,,,15:08,,,,15:23,,,15:37,,,15:54,,,,,,,,,,,,,,,,,15:29,,,,,,,15:40,,,15:03,,,,,15:00,,,,,,,15:58,,,,,,,,15:10,15:06,15:51,,,16:01,15:15,,,,,,,,15:32,,,,15:18,,,15:49,,,,,,
HR_Down_98345,,,,,,,,,,,,16:17,,,,,,,,15:46,,15:38,15:24,,,,,,,15:20,,,,15:35,,,15:49,,,16:06,,,,,,,,,,,,,,,,,15:41,,,,,,,15:52,,,15:15,,,,,15:12,,,,,,,16:10,,,,,,,,15:22,15:18,16:03,,,16:13,15:27,,,,,,,,15:44,,,,15:30,,,16:01,,,,,,
HR_Down_98347,,,,,,,,,,,,17:32,,,,,,,,17:01,,16:53,16:39,,,,,,,16:35,,,,16:50,,,17:04,,,17:21,,,,,,,,,,,,,,,,,16:56,,,,,,,17:07,,,16:30,,,,,16:27,,,,,,,17:25,,,,,,,,16:37,16:33,17:18,,,17:28,16:42,,,,,,,,16:59,,,,16:45,,,17:16,,,,,,
HR_Down_98349,,,,,,,,,,,,17:44,,,,,,,,17:13,,17:05,16:51,,,,,,,16:47,,,,17:02,,,17:16,,,17:33,,,,,,,,,,,,,,,,,17:08,,,,,,,17:19,,,16:42,,,,,16:39,,,,,,,17:37,,,,,,,,16:49,16:45,17:30,,,17:40,16:54,,,,,,,,17:11,,,,16:57,,,17:28,,,,,,
HR_Down_98351,,,,,,,,,,,,18:08,,,,,,,,17:34,,17:26,17:12,,,,,,,17:08,,,,17:23,,,17:37,,,17:55,,,,,,,,,,,,,,,,,17:29,,,,,,,17:40,,,17:03,,,,,17:00,,,,,,,18:00,,,,,,,,17:10,17:06,17:52,,,18:04,17:15,,,,,,,,17:32,,,,17:18,,,17:49,,,,,,
HR_Down_98353,,,,,,,,,,,,18:21,,,,,,,,17:50,,17:42,17:28,,,,,,,17:24,,,,17:39,,,17:53,,,18:10,,,,,,,,,,,,,,,,,17:45,,,,,,,17:56,,,17:19,,,,,17:16,,,,,,,18:14,,,,,,,,17:26,17:22,18:07,,,18:17,17:31,,,,,,,,17:48,,,,17:34,,,18:05,,,,,,
HR_Down_98355,,,,,,,,,,,,19:07,,,,,,,,18:36,,18:28,18:13,,,,,,,18:09,,,,18:25,,,18:39,,,18:56,,,,,,,,,,,,,,,,,18:31,,,,,,,18:42,,,18:04,,,,,18:01,,,,,,,19:00,,,,,,,,18:11,18:07,18:53,,,19:03,18:16,,,,,,,,18:34,,,,18:20,,,18:51,,,,,,
HR_Down_98357,,,,,,,,,,,,19:43,,,,,,,,19:12,,,,,,,,,,,,,,,,,,,,,,,,,,,,,,,,,,,,,19:07,,,,,,,19:18,,,,,,,,,,,,,,,19:36,,,,,,,,,,,,,,,,,,,,,,,,,,18:55,,,19:27,,,,,,
HR_Down_98359,,,,,,,,,,,,20:06,,,,,,,,19:35,,19:27,19:13,,,,,,,19:09,,,,19:24,,,19:38,,,19:55,,,,,,,,,,,,,,,,,19:30,,,,,,,19:41,,,19:04,,,,,19:01,,,,,,,19:59,,,,,,,,19:11,19:07,19:52,,,20:02,19:16,,,,,,,,19:33,,,,19:19,,,19:50,,,,,,
HR_Down_98361,,,,,,,,,,,,20:19,,,,,,,,19:47,,19:39,19:25,,,,,,,19:21,,,,19:36,,,19:50,,,20:07,,,,,,,,,,,,,,,,,19:42,,,,,,,19:53,,,19:16,,,,,19:13,,,,,,,20:11,,,,,,,,19:23,19:19,20:04,,,20:14,19:28,,,,,,,,19:45,,,,19:31,,,20:02,,,,,,
HR_Down_98363,,,,,,,,,,,,20:43,,,,,,,,20:11,,20:03,19:48,,,,,,,19:44,,,,20:00,,,20:14,,,20:31,,,,,,,,,,,,,,,,,20:06,,,,,,,20:17,,,19:39,,,,,19:36,,,,,,,20:35,,,,,,,,19:46,19:42,20:28,,,20:39,19:51,,,,,,,,20:09,,,,19:54,,,20:26,,,,,,
HR_Down_98365,,,,,,,,,,,,20:59,,,,,,,,20:27,,20:19,20:04,,,,,,,20:00,,,,20:16,,,20:30,,,20:47,,,,,,,,,,,,,,,,,20:22,,,,,,,20:33,,,19:55,,,,,19:52,,,,,,,20:51,,,,,,,,20:02,19:58,20:44,,,20:55,20:07,,,,,,,,20:25,,,,20:10,,,20:42,,,,,,
HR_Down_98367,,,,,,,,,,,,21:34,,,,,,,,21:03,,20:55,20:40,,,,,,,20:36,,,,20:52,,,21:06,,,21:23,,,,,,,,,,,,,,,,,20:58,,,,,,,21:09,,,20:31,,,,,20:28,,,,,,,21:27,,,,,,,,20:38,20:34,21:20,,,21:30,20:43,,,,,,,,21:01,,,,20:46,,,21:18,,,,,,
HR_Down_98369,,,,,,,,,,,,22:23,,,,,,,,21:52,,21:44,21:30,,,,,,,21:26,,,,21:41,,,21:55,,,22:12,,,,,,,,,,,,,,,,,21:47,,,,,,,21:58,,,21:21,,,,,21:18,,,,,,,22:16,,,,,,,,21:28,21:24,22:09,,,22:19,21:33,,,,,,,,21:50,,,,21:36,,,22:07,,,,,,
HR_Down_98371,,,,,,,,,,,,22:43,,,,,,,,22:12,,22:04,21:50,,,,,,,21:46,,,,22:01,,,22:15,,,22:32,,,,,,,,,,,,,,,,,22:07,,,,,,,22:18,,,21:41,,,,,21:38,,,,,,,22:36,,,,,,,,21:48,21:44,22:29,,,22:39,21:53,,,,,,,,22:10,,,,21:56,,,22:27,,,,,,
HR_Down_98373,,,,,,,,,,,,23:03,,,,,,,,22:32,,22:24,22:10,,,,,,,22:06,,,,22:21,,,22:35,,,22:52,,,,,,,,,,,,,,,,,22:27,,,,,,,22:38,,,22:01,,,,,21:58,,,,,,,22:56,,,,,,,,22:08,22:04,22:49,,,22:59,22:13,,,,,,,,22:30,,,,22:16,,,22:47,,,,,,
HR_Down_98501,,,,,,,,,,,,,,,,,,,,07:47,,07:39,07:25,,,,,,,07:21,,,,07:36,,,07:50,,,,,,,,,,,,,,,,,,,,07:42,,,,,,,07:53,,,07:16,,,,,07:13,,,,,,,,,,,,,,,07:23,07:19,,,,,07:28,,,,,,,,07:45,,,,07:31,,,08:02,,,,,,
HR_Down_98503,,,,,,,,,,,,,,,,,,,,08:10,,,,,,,,,,,,,,,,,,,,,,,,,,,,,,,,,,,,,08:05,,,,,,,08:16,,,,,,,,,,,,,,,,,,,,,,,,,,,,,,,,,,,,,,,,,07:54,,,08:25,,,,,,
HR_Down_98505,,,,,,,,,,,,,,,,,,,,08:46,,08:38,08:24,,,,,,,08:20,,,,08:35,,,08:49,,,,,,,,,,,,,,,,,,,,08:41,,,,,,,08:53,,,08:15,,,,,08:12,,,,,,,,,,,,,,,08:22,08:18,,,,,08:27,,,,,,,,08:44,,,,08:30,,,09:02,,,,,,
HR_Down_98507,,,,,,,,,,,,,,,,,,,,09:20,,09:12,08:58,,,,,,,08:54,,,,09:09,,,09:23,,,,,,,,,,,,,,,,,,,,09:15,,,,,,,09:26,,,08:49,,,,,08:46,,,,,,,,,,,,,,,08:56,08:52,,,,,09:01,,,,,,,,09:18,,,,09:04,,,09:35,,,,,,
HR_Down_98509,,,,,,,,,,,,,,,,,,,,09:44,,09:36,09:22,,,,,,,09:18,,,,09:33,,,09:47,,,,,,,,,,,,,,,,,,,,09:39,,,,,,,09:50,,,09:13,,,,,09:10,,,,,,,,,,,,,,,09:20,09:16,,,,,09:25,,,,,,,,09:42,,,,09:28,,,09:59,,,,,,
HR_Down_98511,,,,,,,,,,,,,,,,,,,,09:56,,09:48,09:34,,,,,,,09:30,,,,09:45,,,09:59,,,,,,,,,,,,,,,,,,,,09:51,,,,,,,10:02,,,09:25,,,,,09:22,,,,,,,,,,,,,,,09:32,09:28,,,,,09:37,,,,,,,,09:54,,,,09:40,,,10:11,,,,,,
HR_Down_98513,,,,,,,,,,,,,,,,,,,,10:08,,10:00,09:46,,,,,,,09:42,,,,09:57,,,10:11,,,,,,,,,,,,,,,,,,,,10:03,,,,,,,10:14,,,09:37,,,,,09:34,,,,,,,,,,,,,,,09:44,09:40,,,,,09:49,,,,,,,,10:06,,,,09:52,,,10:23,,,,,,
HR_Down_98515,,,,,,,,,,,,,,,,,,,,10:23,,10:15,10:00,,,,,,,09:56,,,,10:12,,,10:26,,,,,,,,,,,,,,,,,,,,10:18,,,,,,,10:29,,,09:51,,,,,09:48,,,,,,,,,,,,,,,09:58,09:54,,,,,10:03,,,,,,,,10:21,,,,10:06,,,10:38,,,,,,
HR_Down_98517,,,,,,,,,,,,,,,,,,,,10:48,,10:40,10:26,,,,,,,10:22,,,,10:37,,,10:51,,,,,,,,,,,,,,,,,,,,10:43,,,,,,,10:54,,,10:17,,,,,10:14,,,,,,,,,,,,,,,10:24,10:20,,,,,10:29,,,,,,,,10:46,,,,10:32,,,11:03,,,,,,
HR_Down_98519,,,,,,,,,,,,,,,,,,,,11:04,,10:56,10:42,,,,,,,10:38,,,,10:53,,,11:07,,,,,,,,,,,,,,,,,,,,10:59,,,,,,,11:10,,,10:33,,,,,10:30,,,,,,,,,,,,,,,10:40,10:36,,,,,10:45,,,,,,,,11:02,,,,10:48,,,11:19,,,,,,
HR_Down_98521,,,,,,,,,,,,,,,,,,,,11:20,,11:12,10:57,,,,,,,10:53,,,,11:09,,,11:23,,,,,,,,,,,,,,,,,,,,11:15,,,,,,,11:26,,,10:48,,,,,10:45,,,,,,,,,,,,,,,10:55,10:51,,,,,11:00,,,,,,,,11:18,,,,11:03,,,11:35,,,,,,
HR_Down_98523,,,,,,,,,,,,,,,,,,,,11:42,,11:34,11:20,,,,,,,11:16,,,,11:31,,,11:45,,,,,,,,,,,,,,,,,,,,11:37,,,,,,,11:48,,,11:11,,,,,11:08,,,,,,,,,,,,,,,11:18,11:14,,,,,11:23,,,,,,,,11:39,,,,11:26,,,11:57,,,,,,
HR_Down_98525,,,,,,,,,,,,,,,,,,,,11:54,,11:46,11:32,,,,,,,11:28,,,,11:43,,,11:57,,,,,,,,,,,,,,,,,,,,11:49,,,,,,,12:00,,,11:23,,,,,11:20,,,,,,,,,,,,,,,11:30,11:26,,,,,11:35,,,,,,,,11:51,,,,11:38,,,12:09,,,,,,
HR_Down_98527,,,,,,,,,,,,,,,,,,,,13:29,,13:21,13:07,,,,,,,13:03,,,,13:18,,,13:32,,,,,,,,,,,,,,,,,,,,13:24,,,,,,,13:35,,,12:58,,,,,12:55,,,,,,,,,,,,,,,13:05,13:01,,,,,13:10,,,,,,,,13:27,,,,13:13,,,13:44,,,,,,
HR_Down_98529,,,,,,,,,,,,,,,,,,,,14:08,,14:00,13:46,,,,,,,13:42,,,,13:57,,,14:11,,,,,,,,,,,,,,,,,,,,14:03,,,,,,,14:14,,,13:37,,,,,13:34,,,,,,,,,,,,,,,13:44,13:40,,,,,13:49,,,,,,,,14:06,,,,13:52,,,14:23,,,,,,
HR_Down_98531,,,,,,,,,,,,,,,,,,,,16:06,,,,,,,,,,,,,,,,,,,,,,,,,,,,,,,,,,,,,16:01,,,,,,,16:12,,,,,,,,,,,,,,,,,,,,,,,,,,,,,,,,,,,,,,,,,15:50,,,16:21,,,,,,
HR_Down_98533,,,,,,,,,,,,,,,,,,,,16:28,,16:20,16:06,,,,,,,16:02,,,,16:17,,,16:31,,,,,,,,,,,,,,,,,,,,16:23,,,,,,,16:34,,,15:57,,,,,15:54,,,,,,,,,,,,,,,16:04,16:00,,,,,16:09,,,,,,,,16:26,,,,16:12,,,16:43,,,,,,
HR_Down_98535,,,,,,,,,,,,,,,,,,,,16:46,,16:38,16:24,,,,,,,16:20,,,,16:35,,,16:49,,,,,,,,,,,,,,,,,,,,16:41,,,,,,,16:52,,,16:15,,,,,16:12,,,,,,,,,,,,,,,16:22,16:18,,,,,16:27,,,,,,,,16:44,,,,16:30,,,17:01,,,,,,
HR_Down_98537,,,,,,,,,,,,,,,,,,,,17:21,,17:13,16:59,,,,,,,16:55,,,,17:10,,,17:24,,,,,,,,,,,,,,,,,,,,17:16,,,,,,,17:27,,,16:50,,,,,16:47,,,,,,,,,,,,,,,16:57,16:53,,,,,17:02,,,,,,,,17:19,,,,17:05,,,17:36,,,,,,
HR_Down_98539,,,,,,,,,,,,,,,,,,,,17:38,,17:30,17:16,,,,,,,17:12,,,,17:27,,,17:41,,,,,,,,,,,,,,,,,,,,17:33,,,,,,,17:44,,,17:07,,,,,17:04,,,,,,,,,,,,,,,17:14,17:10,,,,,17:19,,,,,,,,17:36,,,,17:22,,,17:53,,,,,,
HR_Down_98541,,,,,,,,,,,,,,,,,,,,18:01,,17:53,17:38,,,,,,,17:34,,,,17:50,,,18:04,,,,,,,,,,,,,,,,,,,,17:56,,,,,,,18:07,,,17:29,,,,,17:26,,,,,,,,,,,,,,,17:36,17:32,,,,,17:41,,,,,,,,17:59,,,,17:44,,,18:16,,,,,,
HR_Down_98543,,,,,,,,,,,,,,,,,,,,18:15,,18:07,17:53,,,,,,,17:49,,,,18:04,,,18:18,,,,,,,,,,,,,,,,,,,,18:10,,,,,,,18:21,,,17:44,,,,,17:41,,,,,,,,,,,,,,,17:51,17:47,,,,,17:56,,,,,,,,18:13,,,,17:59,,,18:30,,,,,,
HR_Down_98545,,,,,,,,,,,,,,,,,,,,18:28,,18:20,18:05,,,,,,,18:01,,,,18:17,,,18:31,,,,,,,,,,,,,,,,,,,,18:23,,,,,,,18:34,,,17:56,,,,,17:53,,,,,,,,,,,,,,,18:03,17:59,,,,,18:08,,,,,,,,18:26,,,,18:12,,,18:44,,,,,,
HR_Down_98547,,,,,,,,,,,,,,,,,,,,18:50,,18:42,18:28,,,,,,,18:24,,,,18:39,,,18:53,,,,,,,,,,,,,,,,,,,,18:45,,,,,,,18:56,,,18:19,,,,,18:16,,,,,,,,,,,,,,,18:26,18:22,,,,,18:31,,,,,,,,18:48,,,,18:34,,,19:05,,,,,,
HR_Down_98549,,,,,,,,,,,,,,,,,,,,19:23,,19:15,19:01,,,,,,,18:57,,,,19:12,,,19:26,,,,,,,,,,,,,,,,,,,,19:18,,,,,,,19:29,,,18:52,,,,,18:49,,,,,,,,,,,,,,,18:59,18:55,,,,,19:04,,,,,,,,19:21,,,,19:07,,,19:38,,,,,,
HR_Down_98551,,,,,,,,,,,,,,,,,,,,20:04,,19:56,19:40,,,,,,,19:36,,,,19:53,,,20:07,,,,,,,,,,,,,,,,,,,,19:59,,,,,,,20:10,,,19:31,,,,,19:28,,,,,,,,,,,,,,,19:38,19:34,,,,,19:43,,,,,,,,20:02,,,,19:47,,,20:19,,,,,,
HR_Down_98553,,,,,,,,,,,,,,,,,,,,20:19,,20:11,19:56,,,,,,,19:52,,,,20:08,,,20:22,,,,,,,,,,,,,,,,,,,,20:14,,,,,,,20:25,,,19:47,,,,,19:44,,,,,,,,,,,,,,,19:54,19:50,,,,,19:59,,,,,,,,20:17,,,,20:02,,,20:34,,,,,,
HR_Down_98555,,,,,,,,,,,,,,,,,,,,20:39,,20:31,20:16,,,,,,,20:12,,,,20:28,,,20:42,,,,,,,,,,,,,,,,,,,,20:34,,,,,,,20:45,,,20:07,,,,,20:04,,,,,,,,,,,,,,,20:14,20:10,,,,,20:19,,,,,,,,20:36,,,,20:22,,,20:54,,,,,,
HR_Down_98557,,,,,,,,,,,,,,,,,,,,21:15,,21:07,20:52,,,,,,,20:48,,,,21:04,,,21:18,,,,,,,,,,,,,,,,,,,,21:10,,,,,,,21:21,,,20:43,,,,,20:40,,,,,,,,,,,,,,,20:50,20:46,,,,,20:55,,,,,,,,21:13,,,,20:58,,,21:30,,,,,,
HR_Down_98559,,,,,,,,,,,,,,,,,,,,21:40,,21:32,21:18,,,,,,,21:14,,,,21:29,,,21:43,,,,,,,,,,,,,,,,,,,,21:35,,,,,,,21:46,,,21:09,,,,,21:06,,,,,,,,,,,,,,,21:16,21:12,,,,,21:21,,,,,,,,21:38,,,,21:24,,,21:55,,,,,,
HR_Down_98561,,,,,,,,,,,,,,,,,,,,22:00,,21:52,21:38,,,,,,,21:34,,,,21:49,,,22:03,,,,,,,,,,,,,,,,,,,,21:55,,,,,,,22:06,,,21:29,,,,,21:26,,,,,,,,,,,,,,,21:36,21:32,,,,,21:41,,,,,,,,21:58,,,,21:44,,,22:15,,,,,,
HR_Down_98563,,,,,,,,,,,,,,,,,,,,22:24,,22:16,22:02,,,,,,,21:58,,,,22:13,,,22:27,,,,,,,,,,,,,,,,,,,,22:19,,,,,,,22:30,,,21:53,,,,,21:50,,,,,,,,,,,,,,,22:00,21:56,,,,,22:05,,,,,,,,22:22,,,,22:08,,,22:39,,,,,,
HR_Down_98565,,,,,,,,,,,,,,,,,,,,22:48,,22:40,22:26,,,,,,,22:22,,,,22:37,,,22:51,,,,,,,,,,,,,,,,,,,,22:43,,,,,,,22:54,,,22:17,,,,,22:14,,,,,,,,,,,,,,,22:24,22:20,,,,,22:29,,,,,,,,22:46,,,,22:32,,,23:03,,,,,,
HR_Down_98567,,,,,,,,,,,,,,,,,,,,23:04,,22:56,22:42,,,,,,,22:38,,,,22:53,,,23:07,,,,,,,,,,,,,,,,,,,,22:59,,,,,,,23:10,,,22:33,,,,,22:30,,,,,,,,,,,,,,,22:40,22:36,,,,,22:45,,,,,,,,23:02,,,,22:48,,,23:19,,,,,,
HR_Down_98569,,,,,,,,,,,,,,,,,,,,23:19,,23:11,22:57,,,,,,,22:53,,,,23:08,,,23:22,,,,,,,,,,,,,,,,,,,,23:14,,,,,,,23:25,,,22:48,,,,,22:45,,,,,,,,,,,,,,,22:55,22:51,,,,,23:00,,,,,,,,23:17,,,,23:03,,,23:34,,,,,,
HR_Down_98571,,,,,,,,,,,,,,,,,,,,23:54,,23:46,23:32,,,,,,,23:28,,,,23:43,,,23:57,,,,,,,,,,,,,,,,,,,,23:49,,,,,,,00:00,,,23:23,,,,,23:20,,,,,,,,,,,,,,,23:30,23:26,,,,,23:35,,,,,,,,23:52,,,,23:38,,,00:09,,,,,,
HR_Down_98573,,,,,,,,,,,,,,,,,,,,00:58,,00:50,00:36,,,,,,,00:32,,,,00:47,,,01:01,,,,,,,,,,,,,,,,,,,,00:53,,,,,,,01:04,,,00:27,,,,,00:24,,,,,,,,,,,,,,,00:34,00:30,,,,,00:39,,,,,,,,00:56,,,,00:42,,,01:13,,,,,,
HR_Down_98575,,,,,,,,,,,,,,,,,,,,00:31,,,,,,,,,,,,,,,,,,,,,,,,,,,,,,,,,,,,,00:26,,,,,,,00:37,,,,,,,,,,,,,,,,,,,,,,,,,,,,,,,,,,,,,,,,,00:15,,,00:46,,,,,,
HR_Down_98605,,,,,,,,,,,,,,,,,,,,09:11,,09:03,08:49,,,,,,,08:45,,,,09:00,,,,,,,,,,,,,,,,,,,,,,,09:06,,,,,,,,,,08:40,,,,,08:37,,,,,,,,,,,,,,,08:47,08:43,,,,,08:52,,,,,,,,09:09,,,,08:55,,,,,,,,,
HR_Down_98701,,,,,05:11,,,,,,04:57,,,,,,,,,,,,04:40,,,,,,,04:36,,,,,,05:22,,,05:15,,,,,,,,,,,,05:01,,,,04:50,,,,,,04:53,,,,,,04:31,,,,,04:28,,,,,,,,,,,,,,05:18,04:38,04:34,,,05:04,,04:43,,,,,,,,,,,,04:46,,,,,,,,05:07,
HR_Down_98703,,,,,05:39,,,,,,05:25,,,,,,,,,,,,05:08,,,,,,,05:04,,,,,,05:50,,,05:43,,,,,,,,,,,,05:29,,,,05:18,,,,,,05:21,,,,,,04:59,,,,,04:56,,,,,,,,,,,,,,05:46,05:06,05:02,,,05:32,,05:11,,,,,,,,,,,,05:14,,,,,,,,05:35,
HR_Down_98705,,,,,05:53,,,,,,05:39,,,,,,,,,,,,05:22,,,,,,,05:18,,,,,,06:04,,,05:57,,,,,,,,,,,,05:43,,,,05:32,,,,,,05:35,,,,,,05:13,,,,,05:10,,,,,,,,,,,,,,06:00,05:20,05:16,,,05:46,,05:25,,,,,,,,,,,,05:28,,,,,,,,05:49,
HR_Down_98707,,,,,06:09,,,,,,05:55,,,,,,,,,,,,05:38,,,,,,,05:34,,,,,,06:20,,,06:13,,,,,,,,,,,,05:59,,,,05:48,,,,,,05:51,,,,,,05:29,,,,,05:26,,,,,,,,,,,,,,06:16,05:36,05:32,,,06:02,,05:41,,,,,,,,,,,,05:44,,,,,,,,06:05,
HR_Down_98709,,,,,06:33,,,,,,06:19,,,,,,,,,,,,06:02,,,,,,,05:58,,,,,,06:44,,,06:37,,,,,,,,,,,,06:23,,,,06:12,,,,,,06:15,,,,,,05:53,,,,,05:50,,,,,,,,,,,,,,06:40,06:00,05:56,,,06:26,,06:05,,,,,,,,,,,,06:08,,,,,,,,06:29,
HR_Down_98711,,,,,06:54,,,,,,06:40,,,,,,,,,,,,06:23,,,,,,,06:19,,,,,,07:05,,,06:58,,,,,,,,,,,,06:44,,,,06:33,,,,,,06:36,,,,,,06:14,,,,,06:11,,,,,,,,,,,,,,07:01,06:21,06:17,,,06:47,,06:26,,,,,,,,,,,,06:29,,,,,,,,06:50,
HR_Down_98713,,,,,07:11,,,,,,06:57,,,,,,,,,,,,06:40,,,,,,,06:36,,,,,,07:22,,,07:15,,,,,,,,,,,,07:01,,,,06:50,,,,,,06:53,,,,,,06:31,,,,,06:28,,,,,,,,,,,,,,07:18,06:38,06:34,,,07:04,,06:43,,,,,,,,,,,,06:46,,,,,,,,07:07,
HR_Down_98715,,,,,07:50,,,,,,07:36,,,,,,,,,,,,07:17,,,,,,,07:13,,,,,,08:01,,,07:54,,,,,,,,,,,,07:40,,,,07:29,,,,,,07:32,,,,,,07:08,,,,,07:05,,,,,,,,,,,,,,07:57,07:15,07:11,,,07:43,,07:20,,,,,,,,,,,,07:23,,,,,,,,07:46,
HR_Down_98717,,,,,08:19,,,,,,08:05,,,,,,,,,,,,07:48,,,,,,,07:44,,,,,,08:30,,,08:23,,,,,,,,,,,,08:09,,,,07:58,,,,,,08:01,,,,,,07:39,,,,,07:36,,,,,,,,,,,,,,08:26,07:46,07:42,,,08:12,,07:51,,,,,,,,,,,,07:54,,,,,,,,08:15,
HR_Down_98719,,,,,08:47,,,,,,08:33,,,,,,,,,,,,08:16,,,,,,,08:12,,,,,,08:58,,,08:51,,,,,,,,,,,,08:37,,,,08:26,,,,,,08:29,,,,,,08:07,,,,,08:04,,,,,,,,,,,,,,08:54,08:14,08:10,,,08:40,,08:19,,,,,,,,,,,,08:22,,,,,,,,08:43,
HR_Down_98721,,,,,09:26,,,,,,09:12,,,,,,,,,,,,08:54,,,,,,,08:50,,,,,,09:37,,,09:30,,,,,,,,,,,,09:16,,,,09:04,,,,,,09:08,,,,,,08:45,,,,,08:42,,,,,,,,,,,,,,09:33,08:52,08:48,,,09:19,,08:57,,,,,,,,,,,,09:00,,,,,,,,09:22,
HR_Down_98723,,,,,09:45,,,,,,09:31,,,,,,,,,,,,09:14,,,,,,,09:10,,,,,,09:56,,,09:49,,,,,,,,,,,,09:35,,,,09:24,,,,,,09:27,,,,,,09:05,,,,,09:02,,,,,,,,,,,,,,09:52,09:12,09:08,,,09:38,,09:17,,,,,,,,,,,,09:20,,,,,,,,09:41,
HR_Down_98725,,,,,10:09,,,,,,09:55,,,,,,,,,,,,09:38,,,,,,,09:34,,,,,,10:22,,,10:13,,,,,,,,,,,,09:59,,,,09:48,,,,,,09:51,,,,,,09:29,,,,,09:26,,,,,,,,,,,,,,10:16,09:36,09:32,,,10:02,,09:41,,,,,,,,,,,,09:44,,,,,,,,10:05,
HR_Down_98727,,,,,10:39,,,,,,10:25,,,,,,,,,,,,10:07,,,,,,,10:03,,,,,,10:50,,,10:43,,,,,,,,,,,,10:29,,,,10:18,,,,,,10:21,,,,,,09:58,,,,,09:55,,,,,,,,,,,,,,10:46,10:05,10:01,,,10:32,,10:10,,,,,,,,,,,,10:14,,,,,,,,10:35,
HR_Down_98729,,,,,11:05,,,,,,10:51,,,,,,,,,,,,10:34,,,,,,,10:30,,,,,,11:16,,,11:09,,,,,,,,,,,,10:55,,,,10:44,,,,,,10:47,,,,,,10:25,,,,,10:22,,,,,,,,,,,,,,11:12,10:32,10:28,,,10:58,,10:37,,,,,,,,,,,,10:40,,,,,,,,11:01,
HR_Down_98731,,,,,11:30,,,,,,11:16,,,,,,,,,,,,11:00,,,,,,,10:56,,,,,,11:41,,,11:34,,,,,,,,,,,,11:20,,,,11:10,,,,,,11:13,,,,,,10:51,,,,,10:48,,,,,,,,,,,,,,11:37,10:58,10:54,,,11:23,,11:03,,,,,,,,,,,,11:06,,,,,,,,11:26,
HR_Down_98733,,,,,11:55,,,,,,11:41,,,,,,,,,,,,11:24,,,,,,,11:20,,,,,,12:06,,,11:59,,,,,,,,,,,,11:45,,,,11:34,,,,,,11:37,,,,,,11:15,,,,,11:12,,,,,,,,,,,,,,12:02,11:22,11:18,,,11:48,,11:27,,,,,,,,,,,,11:30,,,,,,,,11:51,
HR_Down_98735,,,,,12:31,,,,,,12:17,,,,,,,,,,,,12:00,,,,,,,11:56,,,,,,12:42,,,12:35,,,,,,,,,,,,12:21,,,,12:10,,,,,,12:13,,,,,,11:51,,,,,11:48,,,,,,,,,,,,,,12:38,11:58,11:54,,,12:24,,12:03,,,,,,,,,,,,12:06,,,,,,,,12:27,
HR_Down_98737,,,,,12:55,,,,,,12:41,,,,,,,,,,,,12:24,,,,,,,12:20,,,,,,13:06,,,12:59,,,,,,,,,,,,12:45,,,,12:34,,,,,,12:37,,,,,,12:15,,,,,12:12,,,,,,,,,,,,,,13:02,12:22,12:18,,,12:48,,12:27,,,,,,,,,,,,12:30,,,,,,,,12:51,
HR_Down_98739,,,,,13:42,,,,,,13:28,,,,,,,,,,,,13:10,,,,,,,13:06,,,,,,13:53,,,13:46,,,,,,,,,,,,13:32,,,,13:21,,,,,,13:24,,,,,,13:01,,,,,12:58,,,,,,,,,,,,,,13:49,13:08,13:04,,,13:35,,13:13,,,,,,,,,,,,13:17,,,,,,,,13:38,
HR_Down_98741,,,,,14:09,,,,,,13:55,,,,,,,,,,,,13:38,,,,,,,13:34,,,,,,14:20,,,14:13,,,,,,,,,,,,13:59,,,,13:48,,,,,,13:51,,,,,,13:29,,,,,13:26,,,,,,,,,,,,,,14:16,13:36,13:32,,,14:02,,13:41,,,,,,,,,,,,13:44,,,,,,,,14:05,
HR_Down_98743,,,,,14:35,,,,,,14:21,,,,,,,,,,,,14:04,,,,,,,14:00,,,,,,14:46,,,14:39,,,,,,,,,,,,14:25,,,,14:14,,,,,,14:17,,,,,,13:55,,,,,13:52,,,,,,,,,,,,,,14:42,14:02,13:58,,,14:28,,14:07,,,,,,,,,,,,14:10,,,,,,,,14:31,
HR_Down_98745,,,,,15:01,,,,,,14:47,,,,,,,,,,,,14:30,,,,,,,14:26,,,,,,15:12,,,15:05,,,,,,,,,,,,14:51,,,,14:40,,,,,,14:43,,,,,,14:21,,,,,14:18,,,,,,,,,,,,,,15:08,14:28,14:24,,,14:54,,14:33,,,,,,,,,,,,14:36,,,,,,,,14:57,
HR_Down_98747,,,,,15:35,,,,,,15:21,,,,,,,,,,,,15:04,,,,,,,15:00,,,,,,15:46,,,15:39,,,,,,,,,,,,15:25,,,,15:14,,,,,,15:17,,,,,,14:55,,,,,14:52,,,,,,,,,,,,,,15:42,15:02,14:58,,,15:28,,15:07,,,,,,,,,,,,15:10,,,,,,,,15:31,
HR_Down_98749,,,,,16:03,,,,,,15:49,,,,,,,,,,,,15:32,,,,,,,15:28,,,,,,16:14,,,16:07,,,,,,,,,,,,15:53,,,,15:42,,,,,,15:45,,,,,,15:23,,,,,15:20,,,,,,,,,,,,,,16:10,15:30,15:26,,,15:56,,15:35,,,,,,,,,,,,15:38,,,,,,,,15:59,
HR_Down_98751,,,,,16:31,,,,,,16:17,,,,,,,,,,,,16:00,,,,,,,15:56,,,,,,16:42,,,16:35,,,,,,,,,,,,16:21,,,,16:10,,,,,,16:13,,,,,,15:51,,,,,15:48,,,,,,,,,,,,,,16:38,15:58,15:54,,,16:24,,16:03,,,,,,,,,,,,16:06,,,,,,,,16:27,
HR_Down_98753,,,,,16:59,,,,,,16:45,,,,,,,,,,,,16:28,,,,,,,16:24,,,,,,17:10,,,17:03,,,,,,,,,,,,16:49,,,,16:38,,,,,,16:41,,,,,,16:19,,,,,16:16,,,,,,,,,,,,,,17:06,16:26,16:22,,,16:52,,16:31,,,,,,,,,,,,16:34,,,,,,,,16:55,
HR_Down_98755,,,,,17:26,,,,,,17:12,,,,,,,,,,,,16:55,,,,,,,16:51,,,,,,17:37,,,17:30,,,,,,,,,,,,17:16,,,,17:05,,,,,,17:08,,,,,,16:46,,,,,16:43,,,,,,,,,,,,,,17:33,16:53,16:49,,,17:19,,16:58,,,,,,,,,,,,17:01,,,,,,,,17:22,
HR_Down_98757,,,,,17:55,,,,,,17:41,,,,,,,,,,,,17:24,,,,,,,17:20,,,,,,18:06,,,17:59,,,,,,,,,,,,17:45,,,,17:34,,,,,,17:37,,,,,,17:15,,,,,17:12,,,,,,,,,,,,,,18:02,17:22,17:18,,,17:48,,17:27,,,,,,,,,,,,17:30,,,,,,,,17:51,
HR_Down_98759,,,,,18:20,,,,,,18:05,,,,,,,,,,,,17:49,,,,,,,17:45,,,,,,18:31,,,18:24,,,,,,,,,,,,18:10,,,,18:00,,,,,,18:02,,,,,,17:40,,,,,17:37,,,,,,,,,,,,,,18:27,17:47,17:43,,,18:13,,17:52,,,,,,,,,,,,17:55,,,,,,,,18:16,
HR_Down_98761,,,,,18:49,,,,,,18:34,,,,,,,,,,,,18:17,,,,,,,18:13,,,,,,19:00,,,18:53,,,,,,,,,,,,18:39,,,,18:28,,,,,,18:30,,,,,,18:08,,,,,18:05,,,,,,,,,,,,,,18:56,18:15,18:11,,,18:42,,18:20,,,,,,,,,,,,18:23,,,,,,,,18:45,
HR_Down_98763,,,,,19:21,,,,,,19:06,,,,,,,,,,,,18:49,,,,,,,18:45,,,,,,19:32,,,19:25,,,,,,,,,,,,19:11,,,,19:00,,,,,,19:02,,,,,,18:40,,,,,18:37,,,,,,,,,,,,,,19:28,18:47,18:43,,,19:14,,18:52,,,,,,,,,,,,18:55,,,,,,,,19:17,
HR_Down_98765,,,,,19:37,,,,,,19:22,,,,,,,,,,,,19:05,,,,,,,19:01,,,,,,19:48,,,19:41,,,,,,,,,,,,19:27,,,,19:16,,,,,,19:18,,,,,,18:56,,,,,18:53,,,,,,,,,,,,,,19:44,19:03,18:59,,,19:30,,19:08,,,,,,,,,,,,19:11,,,,,,,,19:33,
HR_Down_98767,,,,,19:53,,,,,,19:38,,,,,,,,,,,,19:21,,,,,,,19:17,,,,,,20:04,,,19:57,,,,,,,,,,,,19:43,,,,19:32,,,,,,19:34,,,,,,19:12,,,,,19:09,,,,,,,,,,,,,,20:00,19:19,19:15,,,19:46,,19:24,,,,,,,,,,,,19:27,,,,,,,,19:49,
HR_Down_98769,,,,,20:24,,,,,,20:09,,,,,,,,,,,,19:52,,,,,,,19:48,,,,,,20:35,,,20:28,,,,,,,,,,,,20:14,,,,20:03,,,,,,20:05,,,,,,19:43,,,,,19:40,,,,,,,,,,,,,,20:31,19:50,19:46,,,20:17,,19:55,,,,,,,,,,,,19:58,,,,,,,,20:20,
HR_Down_98771,,,,,20:52,,,,,,20:37,,,,,,,,,,,,20:20,,,,,,,20:16,,,,,,21:03,,,20:56,,,,,,,,,,,,20:42,,,,20:31,,,,,,20:33,,,,,,20:11,,,,,20:08,,,,,,,,,,,,,,20:59,20:18,20:14,,,20:45,,20:23,,,,,,,,,,,,20:26,,,,,,,,20:48,
HR_Down_98773,,,,,21:20,,,,,,21:05,,,,,,,,,,,,20:48,,,,,,,20:44,,,,,,21:32,,,21:24,,,,,,,,,,,,21:10,,,,20:59,,,,,,21:01,,,,,,20:39,,,,,20:36,,,,,,,,,,,,,,21:27,20:46,20:42,,,21:13,,20:51,,,,,,,,,,,,20:54,,,,,,,,21:16,
HR_Down_98775,,,,,21:54,,,,,,21:39,,,,,,,,,,,,21:22,,,,,,,21:18,,,,,,22:05,,,21:58,,,,,,,,,,,,21:44,,,,21:33,,,,,,21:35,,,,,,21:13,,,,,21:10,,,,,,,,,,,,,,22:01,21:20,21:16,,,21:47,,21:25,,,,,,,,,,,,21:28,,,,,,,,21:50,
HR_Down_98777,,,,,22:18,,,,,,22:03,,,,,,,,,,,,21:46,,,,,,,21:42,,,,,,22:29,,,22:22,,,,,,,,,,,,22:08,,,,21:57,,,,,,21:59,,,,,,21:37,,,,,21:34,,,,,,,,,,,,,,22:25,21:44,21:40,,,22:11,,21:49,,,,,,,,,,,,21:52,,,,,,,,22:14,
HR_Down_98779,,,,,22:46,,,,,,22:31,,,,,,,,,,,,22:14,,,,,,,22:10,,,,,,22:57,,,22:50,,,,,,,,,,,,22:36,,,,22:25,,,,,,22:27,,,,,,22:05,,,,,22:02,,,,,,,,,,,,,,22:53,22:12,22:08,,,22:39,,22:17,,,,,,,,,,,,22:20,,,,,,,,22:42,
HR_Down_98781,,,,,23:08,,,,,,22:53,,,,,,,,,,,,22:36,,,,,,,22:32,,,,,,23:19,,,23:12,,,,,,,,,,,,22:58,,,,22:47,,,,,,22:49,,,,,,22:27,,,,,22:24,,,,,,,,,,,,,,23:15,22:34,22:30,,,23:01,,22:39,,,,,,,,,,,,22:42,,,,,,,,23:04,
HR_Down_98783,,,,,23:38,,,,,,23:23,,,,,,,,,,,,23:06,,,,,,,23:02,,,,,,23:49,,,23:42,,,,,,,,,,,,23:28,,,,23:16,,,,,,23:19,,,,,,22:57,,,,,22:54,,,,,,,,,,,,,,23:45,23:04,23:00,,,23:31,,23:09,,,,,,,,,,,,23:12,,,,,,,,23:34,
HR_Down_98785,,,,,00:10,,,,,,23:55,,,,,,,,,,,,23:38,,,,,,,23:34,,,,,,00:21,,,,,,,,,,,,,,,,,,,23:48,,,,,,23:51,,,,,,23:29,,,,,23:26,,,,,,,,,,,,,,,23:36,23:32,,,,,23:41,,,,,,,,,,,,23:44,,,,,,,,,
HR_Down_98787,,,,,00:30,,,,,,00:15,,,,,,,,,,,,23:58,,,,,,,23:54,,,,,,00:41,,,,,,,,,,,,,,,,,,,,,,,,,,,,,,,23:49,,,,,23:46,,,,,,,,,,,,,,,23:56,23:52,,,,,,,,,,,,,,,,,00:04,,,,,,,,,
HR_Down_98801,,,,,,,,,,,00:45,,,,,,,,,,,,00:29,,,,,,,00:25,,,,,,,,,,,,,,,,,,,,,,,,,00:39,,,,,,00:41,,,,,,00:20,,,,,00:17,,,,,,,,,,,,,,,00:27,00:23,,,,,00:32,,,,,,,,,,,,00:35,,,,,,,,,
HR_Down_98803,,,,,,,,,,,01:04,,,,,,,,,,,,00:48,,,,,,,00:44,,,,,,,,,,,,,,,,,,,,,,,,,00:58,,,,,,01:00,,,,,,00:39,,,,,00:36,,,,,,,,,,,,,,,00:46,00:42,,,,,00:51,,,,,,,,,,,,00:54,,,,,,,,,
HR_Down_98805,,,,,,,,,,,06:02,,,,,,,,,,,,05:45,,,,,,,05:41,,,,,,,,,,,,,,,,,,,,,,,,,05:55,,,,,,05:58,,,,,,05:36,,,,,05:33,,,,,,,,,,,,,,,05:43,05:39,,,,,05:48,,,,,,,,,,,,05:51,,,,,,,,,
HR_Down_98807,,,,,,,,,,,06:34,,,,,,,,,,,,06:16,,,,,,,06:12,,,,,,,,,,,,,,,,,,,,,,,,,06:26,,,,,,06:29,,,,,,06:07,,,,,06:04,,,,,,,,,,,,,,,06:14,06:10,,,,,06:19,,,,,,,,,,,,06:22,,,,,,,,,
HR_Down_98809,,,,,,,,,,,07:05,,,,,,,,,,,,06:48,,,,,,,06:44,,,,,,,,,,,,,,,,,,,,,,,,,06:58,,,,,,07:01,,,,,,06:39,,,,,06:36,,,,,,,,,,,,,,,06:46,06:42,,,,,06:51,,,,,,,,,,,,06:54,,,,,,,,,
HR_Down_98811,,,,,,,,,,,07:21,,,,,,,,,,,,07:02,,,,,,,06:58,,,,,,,,,,,,,,,,,,,,,,,,,07:14,,,,,,07:17,,,,,,06:53,,,,,06:50,,,,,,,,,,,,,,,07:00,06:56,,,,,07:05,,,,,,,,,,,,07:09,,,,,,,,,
HR_Down_98813,,,,,,,,,,,07:50,,,,,,,,,,,,07:33,,,,,,,07:29,,,,,,,,,,,,,,,,,,,,,,,,,07:43,,,,,,07:46,,,,,,07:24,,,,,07:21,,,,,,,,,,,,,,,07:31,07:27,,,,,07:36,,,,,,,,,,,,07:39,,,,,,,,,
HR_Down_98815,,,,,,,,,,,08:20,,,,,,,,,,,,08:03,,,,,,,07:59,,,,,,,,,,,,,,,,,,,,,,,,,08:13,,,,,,08:16,,,,,,07:54,,,,,07:51,,,,,,,,,,,,,,,08:01,07:57,,,,,08:06,,,,,,,,,,,,08:09,,,,,,,,,
HR_Down_98817,,,,,,,,,,,08:45,,,,,,,,,,,,08:28,,,,,,,08:24,,,,,,,,,,,,,,,,,,,,,,,,,08:38,,,,,,08:41,,,,,,08:19,,,,,08:16,,,,,,,,,,,,,,,08:26,08:22,,,,,08:31,,,,,,,,,,,,08:34,,,,,,,,,
HR_Down_98819,,,,,,,,,,,09:00,,,,,,,,,,,,08:41,,,,,,,08:37,,,,,,,,,,,,,,,,,,,,,,,,,08:53,,,,,,08:56,,,,,,08:32,,,,,08:29,,,,,,,,,,,,,,,08:39,08:35,,,,,08:44,,,,,,,,,,,,08:48,,,,,,,,,
HR_Down_98821,,,,,,,,,,,09:19,,,,,,,,,,,,09:02,,,,,,,08:58,,,,,,,,,,,,,,,,,,,,,,,,,09:12,,,,,,09:15,,,,,,08:53,,,,,08:50,,,,,,,,,,,,,,,09:00,08:56,,,,,09:05,,,,,,,,,,,,09:08,,,,,,,,,
HR_Down_98823,,,,,,,,,,,09:43,,,,,,,,,,,,09:26,,,,,,,09:22,,,,,,,,,,,,,,,,,,,,,,,,,09:36,,,,,,09:39,,,,,,09:17,,,,,09:14,,,,,,,,,,,,,,,09:24,09:20,,,,,09:29,,,,,,,,,,,,09:32,,,,,,,,,
HR_Down_98825,,,,,,,,,,,10:11,,,,,,,,,,,,09:54,,,,,,,09:50,,,,,,,,,,,,,,,,,,,,,,,,,10:04,,,,,,10:07,,,,,,09:45,,,,,09:42,,,,,,,,,,,,,,,09:52,09:48,,,,,09:57,,,,,,,,,,,,10:00,,,,,,,,,
HR_Down_98827,,,,,,,,,,,10:37,,,,,,,,,,,,10:18,,,,,,,10:14,,,,,,,,,,,,,,,,,,,,,,,,,10:30,,,,,,10:33,,,,,,10:09,,,,,10:06,,,,,,,,,,,,,,,10:16,10:12,,,,,10:21,,,,,,,,,,,,10:25,,,,,,,,,
HR_Down_98829,,,,,,,,,,,11:07,,,,,,,,,,,,10:50,,,,,,,10:46,,,,,,,,,,,,,,,,,,,,,,,,,11:00,,,,,,11:03,,,,,,10:41,,,,,10:38,,,,,,,,,,,,,,,10:48,10:44,,,,,10:53,,,,,,,,,,,,10:56,,,,,,,,,
HR_Down_98831,,,,,,,,,,,11:29,,,,,,,,,,,,11:12,,,,,,,11:08,,,,,,,,,,,,,,,,,,,,,,,,,11:22,,,,,,11:25,,,,,,11:03,,,,,11:00,,,,,,,,,,,,,,,11:10,11:06,,,,,11:15,,,,,,,,,,,,11:18,,,,,,,,,
HR_Down_98833,,,,,,,,,,,12:06,,,,,,,,,,,,11:48,,,,,,,11:44,,,,,,,,,,,,,,,,,,,,,,,,,11:59,,,,,,12:02,,,,,,11:39,,,,,11:36,,,,,,,,,,,,,,,11:46,11:42,,,,,11:51,,,,,,,,,,,,11:54,,,,,,,,,
HR_Down_98835,,,,,,,,,,,12:28,,,,,,,,,,,,12:12,,,,,,,12:08,,,,,,,,,,,,,,,,,,,,,,,,,12:22,,,,,,12:24,,,,,,12:03,,,,,12:00,,,,,,,,,,,,,,,12:10,12:06,,,,,12:15,,,,,,,,,,,,12:18,,,,,,,,,
HR_Down_98837,,,,,,,,,,,12:50,,,,,,,,,,,,12:33,,,,,,,12:29,,,,,,,,,,,,,,,,,,,,,,,,,12:43,,,,,,12:46,,,,,,12:24,,,,,12:21,,,,,,,,,,,,,,,12:31,12:27,,,,,12:36,,,,,,,,,,,,12:39,,,,,,,,,
HR_Down_98839,,,,,,,,,,,13:16,,,,,,,,,,,,12:59,,,,,,,12:55,,,,,,,,,,,,,,,,,,,,,,,,,13:09,,,,,,13:12,,,,,,12:50,,,,,12:47,,,,,,,,,,,,,,,12:57,12:53,,,,,13:02,,,,,,,,,,,,13:05,,,,,,,,,
HR_Down_98841,,,,,,,,,,,13:40,,,,,,,,,,,,13:23,,,,,,,13:19,,,,,,,,,,,,,,,,,,,,,,,,,13:33,,,,,,13:36,,,,,,13:14,,,,,13:11,,,,,,,,,,,,,,,13:21,13:17,,,,,13:26,,,,,,,,,,,,13:29,,,,,,,,,
HR_Down_98843,,,,,,,,,,,14:07,,,,,,,,,,,,13:50,,,,,,,13:46,,,,,,,,,,,,,,,,,,,,,,,,,14:00,,,,,,14:03,,,,,,13:41,,,,,13:38,,,,,,,,,,,,,,,13:48,13:44,,,,,13:53,,,,,,,,,,,,13:56,,,,,,,,,
HR_Down_98845,,,,,,,,,,,14:33,,,,,,,,,,,,14:16,,,,,,,14:12,,,,,,,,,,,,,,,,,,,,,,,,,14:26,,,,,,14:29,,,,,,14:07,,,,,14:04,,,,,,,,,,,,,,,14:14,14:10,,,,,14:19,,,,,,,,,,,,14:22,,,,,,,,,
HR_Down_98847,,,,,,,,,,,14:57,,,,,,,,,,,,14:40,,,,,,,14:36,,,,,,,,,,,,,,,,,,,,,,,,,14:50,,,,,,14:53,,,,,,14:31,,,,,14:28,,,,,,,,,,,,,,,14:38,14:34,,,,,14:43,,,,,,,,,,,,14:46,,,,,,,,,
HR_Down_98849,,,,,,,,,,,15:33,,,,,,,,,,,,15:16,,,,,,,15:12,,,,,,,,,,,,,,,,,,,,,,,,,15:26,,,,,,15:29,,,,,,15:07,,,,,15:04,,,,,,,,,,,,,,,15:14,15:10,,,,,15:19,,,,,,,,,,,,15:22,,,,,,,,,
HR_Down_98851,,,,,,,,,,,16:01,,,,,,,,,,,,15:44,,,,,,,15:40,,,,,,,,,,,,,,,,,,,,,,,,,15:54,,,,,,15:57,,,,,,15:35,,,,,15:32,,,,,,,,,,,,,,,15:42,15:38,,,,,15:47,,,,,,,,,,,,15:50,,,,,,,,,
HR_Down_98853,,,,,,,,,,,16:33,,,,,,,,,,,,16:16,,,,,,,16:12,,,,,,,,,,,,,,,,,,,,,,,,,16:26,,,,,,16:29,,,,,,16:07,,,,,16:04,,,,,,,,,,,,,,,16:14,16:10,,,,,16:19,,,,,,,,,,,,16:22,,,,,,,,,
HR_Down_98855,,,,,,,,,,,17:00,,,,,,,,,,,,16:43,,,,,,,16:39,,,,,,,,,,,,,,,,,,,,,,,,,16:53,,,,,,16:55,,,,,,16:34,,,,,16:31,,,,,,,,,,,,,,,16:41,16:37,,,,,16:46,,,,,,,,,,,,16:49,,,,,,,,,
HR_Down_98857,,,,,,,,,,,17:25,,,,,,,,,,,,17:08,,,,,,,17:04,,,,,,,,,,,,,,,,,,,,,,,,,17:18,,,,,,17:20,,,,,,16:59,,,,,16:56,,,,,,,,,,,,,,,17:06,17:02,,,,,17:11,,,,,,,,,,,,17:14,,,,,,,,,
HR_Down_98859,,,,,,,,,,,17:58,,,,,,,,,,,,17:41,,,,,,,17:37,,,,,,,,,,,,,,,,,,,,,,,,,17:51,,,,,,17:53,,,,,,17:32,,,,,17:29,,,,,,,,,,,,,,,17:39,17:35,,,,,17:44,,,,,,,,,,,,17:47,,,,,,,,,
HR_Down_98861,,,,,,,,,,,18:22,,,,,,,,,,,,18:02,,,,,,,17:58,,,,,,,,,,,,,,,,,,,,,,,,,18:15,,,,,,18:17,,,,,,17:53,,,,,17:50,,,,,,,,,,,,,,,18:00,17:56,,,,,18:05,,,,,,,,,,,,18:09,,,,,,,,,
HR_Down_98863,,,,,,,,,,,18:53,,,,,,,,,,,,18:34,,,,,,,18:30,,,,,,,,,,,,,,,,,,,,,,,,,18:46,,,,,,18:48,,,,,,18:25,,,,,18:22,,,,,,,,,,,,,,,18:32,18:28,,,,,18:37,,,,,,,,,,,,18:41,,,,,,,,,
HR_Down_98865,,,,,,,,,,,19:14,,,,,,,,,,,,18:57,,,,,,,18:53,,,,,,,,,,,,,,,,,,,,,,,,,19:07,,,,,,19:09,,,,,,18:48,,,,,18:45,,,,,,,,,,,,,,,18:55,18:51,,,,,19:00,,,,,,,,,,,,19:03,,,,,,,,,
HR_Down_98867,,,,,,,,,,,19:54,,,,,,,,,,,,19:36,,,,,,,19:32,,,,,,,,,,,,,,,,,,,,,,,,,19:47,,,,,,19:49,,,,,,19:27,,,,,19:24,,,,,,,,,,,,,,,19:34,19:30,,,,,19:39,,,,,,,,,,,,19:43,,,,,,,,,
HR_Down_98869,,,,,,,,,,,20:24,,,,,,,,,,,,20:08,,,,,,,20:04,,,,,,,,,,,,,,,,,,,,,,,,,20:18,,,,,,20:20,,,,,,19:59,,,,,19:56,,,,,,,,,,,,,,,20:06,20:02,,,,,20:11,,,,,,,,,,,,20:14,,,,,,,,,
HR_Down_98871,,,,,,,,,,,20:50,,,,,,,,,,,,20:32,,,,,,,20:28,,,,,,,,,,,,,,,,,,,,,,,,,20:42,,,,,,20:44,,,,,,20:23,,,,,20:20,,,,,,,,,,,,,,,20:30,20:26,,,,,20:35,,,,,,,,,,,,20:38,,,,,,,,,
HR_Down_98873,,,,,,,,,,,21:23,,,,,,,,,,,,21:06,,,,,,,21:02,,,,,,,,,,,,,,,,,,,,,,,,,21:16,,,,,,21:18,,,,,,20:57,,,,,20:54,,,,,,,,,,,,,,,21:04,21:00,,,,,21:09,,,,,,,,,,,,21:12,,,,,,,,,
HR_Down_98875,,,,,,,,,,,21:51,,,,,,,,,,,,21:34,,,,,,,21:30,,,,,,,,,,,,,,,,,,,,,,,,,21:44,,,,,,21:46,,,,,,21:25,,,,,21:22,,,,,,,,,,,,,,,21:32,21:28,,,,,21:37,,,,,,,,,,,,21:40,,,,,,,,,
HR_Down_98877,,,,,,,,,,,22:16,,,,,,,,,,,,21:58,,,,,,,21:54,,,,,,,,,,,,,,,,,,,,,,,,,22:09,,,,,,22:11,,,,,,21:49,,,,,21:46,,,,,,,,,,,,,,,21:56,21:52,,,,,22:01,,,,,,,,,,,,22:04,,,,,,,,,
HR_Down_98879,,,,,,,,,,,22:39,,,,,,,,,,,,22:22,,,,,,,22:18,,,,,,,,,,,,,,,,,,,,,,,,,22:32,,,,,,22:34,,,,,,22:13,,,,,22:10,,,,,,,,,,,,,,,22:20,22:16,,,,,22:25,,,,,,,,,,,,22:28,,,,,,,,,
HR_Down_98881,,,,,,,,,,,23:07,,,,,,,,,,,,22:50,,,,,,,22:46,,,,,,,,,,,,,,,,,,,,,,,,,23:00,,,,,,23:02,,,,,,22:41,,,,,22:38,,,,,,,,,,,,,,,22:48,22:44,,,,,22:53,,,,,,,,,,,,22:56,,,,,,,,,
HR_Down_98883,,,,,,,,,,,23:31,,,,,,,,,,,,23:14,,,,,,,23:10,,,,,,,,,,,,,,,,,,,,,,,,,23:24,,,,,,23:26,,,,,,23:05,,,,,23:02,,,,,,,,,,,,,,,23:12,23:08,,,,,23:17,,,,,,,,,,,,23:20,,,,,,,,,
HR_Down_98885,,,,,,,,,,,,,,,,,,,,,,,23:50,,,,,,,23:46,,,,,,,,,,,,,,,,,,,,,,,,,,,,,,,,,,,,,23:41,,,,,23:38,,,,,,,,,,,,,,,23:48,23:44,,,,,23:53,,,,,,,,,,,,23:56,,,,,,,,,
HR_Down_98902,,,,,07:41,,,,,,07:54,08:57,,,,,,,,08:26,,,,,,,,,,,,,,,,07:30,,,,,,,,,,,,,,,,,,,,,08:21,,,,,,,08:32,,,,,,,,,,,,,,,08:50,,09:12,,,,,,,,,,,,,,,,,,,,,,,,08:10,,,08:41,,,,,,
HR_Down_98904,,,,,08:50,,,,,,09:05,10:07,,,,,,,,09:36,,,,,,,,,,,,,,,,08:39,,,,,,,,,,,,,,,,,,,,,09:31,,,,,,,09:42,,,,,,,,,,,,,,,10:00,,10:22,,,,,,,,,,,,,,,,,,,,,,,,09:20,,,09:51,,,,,,
HR_Down_98906,,,,,09:41,,,,,,09:57,11:01,,,,,,,,10:30,,,,,,,,,,,,,,,,09:30,,,,,,,,,,,,,,,,,,,,,10:25,,,,,,,10:36,,,,,,,,,,,,,,,10:54,,11:16,,,,,,,,,,,,,,,,,,,,,,,,10:14,,,10:45,,,,,,
HR_Down_98908,,,,,12:25,,,,,,12:41,13:49,,,,,,,,13:17,,,,,,,,,,,,,,,,12:14,,,,,,,,,,,,,,,,,,,,,13:12,,,,,,,13:23,,,,,,,,,,,,,,,13:42,,14:04,,,,,,,,,,,,,,,,,,,,,,,,13:01,,,13:32,,,,,,
HR_Down_98910,,,,,18:38,,,,,,18:52,19:58,,,,,,,,19:27,,,,,,,,,,,,,,,,18:27,,,,,,,,,,,,,,,,,,,,,19:22,,,,,,,19:33,,,,,,,,,,,,,,,19:51,,20:13,,,,,,,,,,,,,,,,,,,,,,,,19:11,,,19:42,,,,,,
HR_Down_98912,,,,,19:08,,,,,,19:26,20:31,,,,,,,,20:00,,,,,,,,,,,,,,,,18:55,,,,,,,,,,,,,,,,,,,,,19:55,,,,,,,20:06,,,,,,,,,,,,,,,20:24,,20:46,,,,,,,,,,,,,,,,,,,,,,,,19:43,,,20:15,,,,,,
HR_Down_98914,,,,,19:51,,,,,,20:06,21:14,,,,,,,,20:43,,,,,,,,,,,,,,,,19:40,,,,,,,,,,,,,,,,,,,,,20:38,,,,,,,20:49,,,,,,,,,,,,,,,21:07,,21:29,,,,,,,,,,,,,,,,,,,,,,,,20:26,,,20:58,,,,,,
HR_Down_98916,,,,,20:26,,,,,,20:42,21:50,,,,,,,,21:19,,,,,,,,,,,,,,,,20:12,,,,,,,,,,,,,,,,,,,,,21:14,,,,,,,21:25,,,,,,,,,,,,,,,21:43,,22:05,,,,,,,,,,,,,,,,,,,,,,,,21:03,,,21:34,,,,,,
HR_Down_98918,,,,,21:39,,,,,,21:56,23:07,,,,,,,,22:36,,,,,,,,,,,,,,,,21:28,,,,,,,,,,,,,,,,,,,,,22:31,,,,,,,22:42,,,,,,,,,,,,,,,23:00,,23:22,,,,,,,,,,,,,,,,,,,,,,,,22:20,,,22:51,,,,,,
HR_Up_91392,,,,,11:45,,,,,,11:59,,,,,,,,,,,,12:17,,,,,,,12:22,,,,,,11:34,,,11:41,,,,,,,,,,,,11:55,,,,12:05,,,,,,12:02,,,,,,12:26,,,,,12:28,,,,,,,,,,,,,,11:38,12:19,12:24,,,11:52,,12:14,,,,,,,,,,,,12:11,,,,,,,,11:49,
HR_Up_91394,,,,,13:48,,,,,,14:02,,,,,,,,,,,,14:20,,,,,,,14:25,,,,,,13:38,,,13:44,,,,,,,,,,,,13:58,,,,14:08,,,,,,14:05,,,,,,14:29,,,,,14:32,,,,,,,,,,,,,,13:41,14:22,14:27,,,13:55,,14:17,,,,,,,,,,,,14:14,,,,,,,,13:52,
HR_Up_91396,,,,,19:56,,,,,,20:10,,,,,,,,,,,,20:27,,,,,,,20:32,,,,,,19:45,,,19:52,,,,,,,,,,,,20:06,,,,20:16,,,,,,20:13,,,,,,20:36,,,,,20:39,,,,,,,,,,,,,,19:49,20:29,20:34,,,20:03,,20:24,,,,,,,,,,,,20:21,,,,,,,,20:00,
HR_Up_98002,,,,,,,,,,,,00:03,,,,,,,,00:31,,00:40,00:54,,,,,,,00:59,,,,00:43,,,00:29,,,00:13,,,,,,,,,,,,,,,,,00:37,,,,,,,00:26,,,01:03,,,,,01:06,,,,,,,00:10,,,,,,,,00:56,01:01,00:16,,,00:07,00:51,,,,,,,,00:34,,,,00:48,,,00:18,,,,,,
HR_Up_98004,,,,,,,,,,,,04:18,,,,,,,,04:46,,04:55,05:10,,,,,,,05:15,,,,04:58,,,04:44,,,04:28,,,,,,,,,,04:08,,,04:14,,,,04:52,,,,,,,04:41,04:11,,05:19,,,,,05:22,,,,,,,04:25,,04:03,,,,,,05:12,05:17,04:31,,,04:22,05:07,,,,,,,,04:49,,,,05:04,,,04:33,,,,,,
HR_Up_98006,,,,,,,,,,,,04:42,,,,,,,,05:10,,05:19,05:34,,,,,,,05:39,,,,05:22,,,05:08,,,04:52,,,,,,,,,,04:32,,,04:38,,,,05:16,,,,,,,05:05,04:35,,05:43,,,,,05:47,,,,,,,04:49,,04:27,,,,,,05:36,05:41,04:55,,,04:46,05:31,,,,,,,,05:13,,,,05:28,,,04:57,,,,,,
HR_Up_98008,,,,,,,,,,,,05:04,,,,,,,,05:32,,05:41,05:56,,,,,,,06:01,,,,05:44,,,05:30,,,05:14,,,,,,,,,,04:54,,,05:00,,,,05:38,,,,,,,05:27,04:57,,06:05,,,,,06:08,,,,,,,05:11,,04:49,,,,,,05:58,06:03,05:17,,,05:08,05:53,,,,,,,,05:35,,,,05:50,,,05:19,,,,,,
HR_Up_98010,,,,,,,,,,,,05:20,,,,,,,,05:48,,05:57,06:12,,,,,,,06:17,,,,06:00,,,05:46,,,05:30,,,,,,,,,,05:10,,,05:16,,,,05:54,,,,,,,05:43,05:13,,06:21,,,,,06:24,,,,,,,05:27,,05:05,,,,,,06:14,06:19,05:33,,,05:24,06:09,,,,,,,,05:51,,,,06:06,,,05:35,,,,,,
HR_Up_98012,,,,,,,,,,,,05:32,,,,,,,,06:00,,06:09,06:24,,,,,,,06:29,,,,06:12,,,05:58,,,05:42,,,,,,,,,,05:22,,,05:28,,,,06:06,,,,,,,05:55,05:25,,06:33,,,,,06:36,,,,,,,05:39,,05:17,,,,,,06:26,06:31,05:45,,,05:36,06:21,,,,,,,,06:03,,,,06:18,,,05:47,,,,,,
HR_Up_98014,,,,,,,,,,,,05:46,,,,,,,,06:14,,06:23,06:38,,,,,,,06:43,,,,06:26,,,06:12,,,05:56,,,,,,,,,,05:36,,,05:42,,,,06:20,,,,,,,06:09,05:39,,06:47,,,,,06:50,,,,,,,05:53,,05:31,,,,,,06:40,06:45,05:59,,,05:50,06:35,,,,,,,,06:17,,,,06:32,,,06:01,,,,,,
HR_Up_98016,,,,,,,,,,,,05:55,,,,,,,,06:23,,06:32,06:47,,,,,,,06:52,,,,06:35,,,06:21,,,06:05,,,,,,,,,,05:45,,,05:51,,,,06:29,,,,,,,06:18,05:48,,06:56,,,,,06:59,,,,,,,06:02,,05:40,,,,,,06:49,06:54,06:08,,,05:59,06:44,,,,,,,,06:26,,,,06:41,,,06:10,,,,,,
HR_Up_98018,,,,,,,,,,,,06:17,,,,,,,,06:45,,06:54,07:09,,,,,,,07:14,,,,06:57,,,06:43,,,06:27,,,,,,,,,,06:07,,,06:13,,,,06:51,,,,,,,06:40,06:10,,07:18,,,,,07:21,,,,,,,06:24,,06:02,,,,,,07:11,07:16,06:30,,,06:21,07:06,,,,,,,,06:48,,,,07:03,,,06:32,,,,,,
HR_Up_98020,,,,,,,,,,,,06:32,,,,,,,,07:00,,07:09,07:24,,,,,,,07:29,,,,07:12,,,06:58,,,06:42,,,,,,,,,,06:22,,,06:28,,,,07:06,,,,,,,06:55,06:25,,07:33,,,,,07:36,,,,,,,06:39,,06:17,,,,,,07:26,07:31,06:45,,,06:36,07:21,,,,,,,,07:03,,,,07:18,,,06:47,,,,,,
HR_Up_98022,,,,,,,,,,,,06:44,,,,,,,,07:12,,07:21,07:36,,,,,,,07:41,,,,07:24,,,07:10,,,06:54,,,,,,,,,,06:34,,,06:40,,,,07:18,,,,,,,07:07,06:37,,07:45,,,,,07:48,,,,,,,06:51,,06:29,,,,,,07:38,07:43,06:57,,,06:48,07:33,,,,,,,,07:15,,,,07:30,,,06:59,,,,,,
HR_Up_98024,,,,,,,,,,,,06:56,,,,,,,,07:24,,,,,,,,,,,,,,,,,,,,,,,,,,,,,,,,,,,,,07:30,,,,,,,07:19,,,,,,,,,,,,,,,07:03,,06:41,,,,,,,,,,,,,,,,,,,,,,,,07:42,,,07:11,,,,,,
HR_Up_98026,,,,,,,,,,,,07:00,,,,,,,,07:28,,07:37,07:52,,,,,,,07:57,,,,07:40,,,07:26,,,07:10,,,,,,,,,,06:50,,,06:56,,,,07:34,,,,,,,07:23,06:53,,08:01,,,,,08:04,,,,,,,07:07,,06:45,,,,,,07:54,07:59,07:13,,,07:04,07:49,,,,,,,,07:31,,,,07:46,,,07:15,,,,,,
HR_Up_98028,,,,,,,,,,,,07:12,,,,,,,,07:40,,07:49,08:04,,,,,,,08:09,,,,07:52,,,07:38,,,07:22,,,,,,,,,,07:02,,,07:08,,,,07:46,,,,,,,07:35,07:05,,08:13,,,,,08:16,,,,,,,07:19,,06:57,,,,,,08:06,08:11,07:25,,,07:16,08:01,,,,,,,,07:43,,,,07:58,,,07:27,,,,,,
HR_Up_98030,,,,,,,,,,,,07:24,,,,,,,,07:52,,,,,,,,,,,,,,,,,,,,,,,,,,,,,,,,,,,,,07:58,,,,,,,07:47,,,,,,,,,,,,,,,07:31,,07:09,,,,,,,,,,,,,,,,,,,,,,,,08:10,,,07:39,,,,,,
HR_Up_98032,,,,,,,,,,,,07:29,,,,,,,,07:57,,08:06,08:21,,,,,,,08:26,,,,08:09,,,07:55,,,07:39,,,,,,,,,,07:19,,,07:25,,,,08:03,,,,,,,07:52,07:22,,08:30,,,,,08:33,,,,,,,07:36,,07:14,,,,,,08:23,08:28,07:42,,,07:33,08:18,,,,,,,,08:00,,,,08:15,,,07:44,,,,,,
HR_Up_98034,,,,,,,,,,,,07:37,,,,,,,,08:05,,,,,,,,,,,,,,,,,,,,,,,,,,,,,,,,,,,,,08:11,,,,,,,08:00,,,,,,,,,,,,,,,07:44,,07:22,,,,,,,,,,,,,,,,,,,,,,,,08:24,,,07:52,,,,,,
HR_Up_98036,,,,,,,,,,,,07:46,,,,,,,,08:14,,08:23,08:38,,,,,,,08:43,,,,08:26,,,08:12,,,07:56,,,,,,,,,,07:36,,,07:42,,,,08:20,,,,,,,08:09,07:39,,08:47,,,,,08:50,,,,,,,07:53,,07:31,,,,,,08:40,08:45,07:59,,,07:50,08:35,,,,,,,,08:17,,,,08:32,,,08:01,,,,,,
HR_Up_98038,,,,,,,,,,,,08:02,,,,,,,,08:30,,08:39,08:54,,,,,,,08:59,,,,08:42,,,08:28,,,08:12,,,,,,,,,,07:52,,,07:58,,,,08:36,,,,,,,08:25,07:55,,09:03,,,,,09:06,,,,,,,08:09,,07:47,,,,,,08:56,09:01,08:15,,,08:06,08:51,,,,,,,,08:33,,,,08:48,,,08:17,,,,,,
HR_Up_98040,,,,,,,,,,,,08:10,,,,,,,,08:38,,,,,,,,,,,,,,,,,,,,,,,,,,,,,,,,,,,,,08:44,,,,,,,08:33,,,,,,,,,,,,,,,08:17,,07:55,,,,,,,,,,,,,,,,,,,,,,,,08:56,,,08:25,,,,,,
HR_Up_98042,,,,,,,,,,,,08:14,,,,,,,,08:42,,08:51,09:06,,,,,,,09:11,,,,08:54,,,08:40,,,08:24,,,,,,,,,,08:04,,,08:10,,,,08:48,,,,,,,08:37,08:07,,09:15,,,,,09:18,,,,,,,08:21,,07:59,,,,,,09:08,09:13,08:27,,,08:18,09:03,,,,,,,,08:45,,,,09:00,,,08:29,,,,,,
HR_Up_98044,,,,,,,,,,,,08:24,,,,,,,,08:53,,09:02,09:17,,,,,,,09:22,,,,09:05,,,08:51,,,08:34,,,,,,,,,,08:14,,,08:20,,,,08:59,,,,,,,08:48,08:17,,09:26,,,,,09:30,,,,,,,08:31,,08:09,,,,,,09:19,09:24,08:37,,,08:28,09:14,,,,,,,,08:56,,,,09:11,,,08:39,,,,,,
HR_Up_98046,,,,,,,,,,,,08:34,,,,,,,,09:02,,09:11,09:26,,,,,,,09:31,,,,09:14,,,09:00,,,08:44,,,,,,,,,,08:24,,,08:30,,,,09:08,,,,,,,08:57,08:27,,09:35,,,,,09:38,,,,,,,08:41,,08:19,,,,,,09:28,09:33,08:47,,,08:38,09:23,,,,,,,,09:05,,,,09:20,,,08:49,,,,,,
HR_Up_98048,,,,,,,,,,,,08:41,,,,,,,,09:09,,09:18,09:33,,,,,,,09:38,,,,09:21,,,09:07,,,08:51,,,,,,,,,,08:31,,,08:37,,,,09:15,,,,,,,09:04,08:34,,09:42,,,,,09:45,,,,,,,08:48,,08:26,,,,,,09:35,09:40,08:54,,,08:45,09:30,,,,,,,,09:12,,,,09:27,,,08:56,,,,,,
HR_Up_98050,,,,,,,,,,,,08:53,,,,,,,,09:22,,,,,,,,,,,,,,,,,,,,,,,,,,,,,,,,,,,,,09:29,,,,,,,09:17,,,,,,,,,,,,,,,09:00,,08:38,,,,,,,,,,,,,,,,,,,,,,,,09:41,,,09:08,,,,,,
HR_Up_98052,,,,,,,,,,,,09:00,,,,,,,,09:30,,09:39,09:54,,,,,,,09:59,,,,09:42,,,09:28,,,09:10,,,,,,,,,,08:50,,,08:56,,,,09:36,,,,,,,09:25,08:53,,10:03,,,,,10:06,,,,,,,09:07,,08:45,,,,,,09:56,10:01,09:13,,,09:04,09:51,,,,,,,,09:33,,,,09:48,,,09:16,,,,,,
HR_Up_98054,,,,,,,,,,,,09:04,,,,,,,,09:34,,,,,,,,,,,,,,,,,,,,,,,,,,,,,,,,,,,,,09:40,,,,,,,09:29,,,,,,,,,,,,,,,09:11,,08:49,,,,,,,,,,,,,,,,,,,,,,,,09:52,,,09:20,,,,,,
HR_Up_98056,,,,,,,,,,,,09:11,,,,,,,,09:41,,09:50,10:06,,,,,,,10:11,,,,09:53,,,09:39,,,09:21,,,,,,,,,,09:01,,,09:07,,,,09:47,,,,,,,09:36,09:04,,10:15,,,,,10:18,,,,,,,09:18,,08:56,,,,,,10:08,10:13,09:24,,,09:15,10:03,,,,,,,,09:44,,,,10:00,,,09:27,,,,,,
HR_Up_98058,,,,,,,,,,,,09:24,,,,,,,,09:54,,10:03,10:18,,,,,,,10:23,,,,10:06,,,09:52,,,09:34,,,,,,,,,,09:14,,,09:20,,,,10:00,,,,,,,09:49,09:17,,10:27,,,,,10:30,,,,,,,09:31,,09:09,,,,,,10:20,10:25,09:37,,,09:28,10:15,,,,,,,,09:57,,,,10:12,,,09:40,,,,,,
HR_Up_98060,,,,,,,,,,,,09:32,,,,,,,,10:02,,10:11,10:26,,,,,,,10:31,,,,10:14,,,10:00,,,09:42,,,,,,,,,,09:22,,,09:28,,,,10:08,,,,,,,09:57,09:25,,10:35,,,,,10:38,,,,,,,09:39,,09:17,,,,,,10:28,10:33,09:45,,,09:36,10:23,,,,,,,,10:05,,,,10:20,,,09:48,,,,,,
HR_Up_98062,,,,,,,,,,,,09:43,,,,,,,,10:11,,10:20,10:36,,,,,,,10:41,,,,10:23,,,10:09,,,09:53,,,,,,,,,,09:33,,,09:39,,,,10:17,,,,,,,10:06,09:36,,10:45,,,,,10:48,,,,,,,09:50,,09:28,,,,,,10:38,10:43,09:56,,,09:47,10:33,,,,,,,,10:14,,,,10:30,,,09:58,,,,,,
HR_Up_98064,,,,,,,,,,,,09:47,,,,,,,,10:15,,,,,,,,,,,,,,,,,,,,,,,,,,,,,,,,,,,,,10:21,,,,,,,10:10,,,,,,,,,,,,,,,09:54,,09:32,,,,,,,,,,,,,,,,,,,,,,,,10:34,,,10:02,,,,,,
HR_Up_98066,,,,,,,,,,,,09:55,,,,,,,,10:24,,10:33,10:48,,,,,,,10:53,,,,10:36,,,10:22,,,10:05,,,,,,,,,,09:45,,,09:51,,,,10:30,,,,,,,10:19,09:48,,10:57,,,,,11:00,,,,,,,10:02,,09:40,,,,,,10:50,10:55,10:08,,,09:59,10:45,,,,,,,,10:27,,,,10:42,,,10:11,,,,,,
HR_Up_98068,,,,,,,,,,,,09:59,,,,,,,,10:28,,,,,,,,,,,,,,,,,,,,,,,,,,,,,,,,,,,,,10:34,,,,,,,10:23,,,,,,,,,,,,,,,10:06,,09:44,,,,,,,,,,,,,,,,,,,,,,,,10:47,,,10:15,,,,,,
HR_Up_98070,,,,,,,,,,,,10:08,,,,,,,,10:36,,10:45,11:00,,,,,,,11:05,,,,10:48,,,10:34,,,10:18,,,,,,,,,,09:58,,,10:04,,,,10:42,,,,,,,10:31,10:01,,11:09,,,,,11:12,,,,,,,10:15,,09:53,,,,,,11:02,11:07,10:21,,,10:12,10:57,,,,,,,,10:39,,,,10:54,,,10:23,,,,,,
HR_Up_98072,,,,,,,,,,,,10:20,,,,,,,,10:48,,10:57,11:12,,,,,,,11:17,,,,11:00,,,10:46,,,10:30,,,,,,,,,,10:10,,,10:16,,,,10:54,,,,,,,10:43,10:13,,11:21,,,,,11:24,,,,,,,10:27,,10:05,,,,,,11:14,11:19,10:33,,,10:24,11:09,,,,,,,,10:51,,,,11:06,,,10:35,,,,,,
HR_Up_98074,,,,,,,,,,,,10:32,,,,,,,,11:00,,11:09,11:24,,,,,,,11:29,,,,11:12,,,10:58,,,10:42,,,,,,,,,,10:22,,,10:28,,,,11:06,,,,,,,10:55,10:25,,11:33,,,,,11:36,,,,,,,10:39,,10:17,,,,,,11:26,11:31,10:45,,,10:36,11:21,,,,,,,,11:03,,,,11:18,,,10:47,,,,,,
HR_Up_98076,,,,,,,,,,,,10:36,,,,,,,,11:04,,,,,,,,,,,,,,,,,,,,,,,,,,,,,,,,,,,,,11:10,,,,,,,10:59,,,,,,,,,,,,,,,10:43,,10:21,,,,,,,,,,,,,,,,,,,,,,,,11:23,,,10:51,,,,,,
HR_Up_98078,,,,,,,,,,,,10:48,,,,,,,,11:16,,11:25,11:40,,,,,,,11:45,,,,11:28,,,11:14,,,10:58,,,,,,,,,,10:38,,,10:44,,,,11:22,,,,,,,11:11,10:41,,11:49,,,,,11:52,,,,,,,10:55,,10:33,,,,,,11:42,11:47,11:01,,,10:52,11:37,,,,,,,,11:19,,,,11:34,,,11:03,,,,,,
HR_Up_98080,,,,,,,,,,,,11:04,,,,,,,,11:32,,11:41,11:56,,,,,,,12:01,,,,11:44,,,11:30,,,11:14,,,,,,,,,,10:54,,,11:00,,,,11:38,,,,,,,11:27,10:57,,12:05,,,,,12:08,,,,,,,11:11,,10:49,,,,,,11:58,12:03,11:17,,,11:08,11:53,,,,,,,,11:35,,,,11:50,,,11:19,,,,,,
HR_Up_98082,,,,,,,,,,,,11:21,,,,,,,,11:49,,11:58,12:13,,,,,,,12:18,,,,12:01,,,11:47,,,11:31,,,,,,,,,,11:11,,,11:17,,,,11:55,,,,,,,11:44,11:14,,12:22,,,,,12:25,,,,,,,11:28,,11:06,,,,,,12:15,12:20,11:34,,,11:25,12:10,,,,,,,,11:52,,,,12:07,,,11:36,,,,,,
HR_Up_98084,,,,,,,,,,,,11:25,,,,,,,,11:53,,,,,,,,,,,,,,,,,,,,,,,,,,,,,,,,,,,,,11:59,,,,,,,11:48,,,,,,,,,,,,,,,11:32,,11:10,,,,,,,,,,,,,,,,,,,,,,,,12:11,,,11:40,,,,,,
HR_Up_98086,,,,,,,,,,,,11:31,,,,,,,,11:59,,12:08,12:23,,,,,,,12:28,,,,12:11,,,11:57,,,11:41,,,,,,,,,,11:21,,,11:27,,,,12:05,,,,,,,11:54,11:24,,12:32,,,,,12:35,,,,,,,11:38,,11:16,,,,,,12:25,12:30,11:44,,,11:35,12:20,,,,,,,,12:02,,,,12:17,,,11:46,,,,,,
HR_Up_98088,,,,,,,,,,,,11:43,,,,,,,,12:11,,,,,,,,,,,,,,,,,,,,,,,,,,,,,,,,,,,,,12:17,,,,,,,12:06,,,,,,,,,,,,,,,11:50,,11:28,,,,,,,,,,,,,,,,,,,,,,,,12:29,,,11:58,,,,,,
HR_Up_98090,,,,,,,,,,,,11:47,,,,,,,,12:15,,12:24,12:39,,,,,,,12:44,,,,12:27,,,12:13,,,11:57,,,,,,,,,,11:37,,,11:43,,,,12:21,,,,,,,12:10,11:40,,12:48,,,,,12:51,,,,,,,11:54,,11:32,,,,,,12:41,12:46,12:00,,,11:51,12:36,,,,,,,,12:18,,,,12:33,,,12:02,,,,,,
HR_Up_98092,,,,,,,,,,,,11:58,,,,,,,,12:26,,12:35,12:50,,,,,,,12:55,,,,12:38,,,12:24,,,12:08,,,,,,,,,,11:48,,,11:54,,,,12:32,,,,,,,12:21,11:51,,12:59,,,,,13:02,,,,,,,12:05,,11:43,,,,,,12:52,12:57,12:11,,,12:02,12:47,,,,,,,,12:29,,,,12:44,,,12:13,,,,,,
HR_Up_98094,,,,,,,,,,,,12:07,,,,,,,,12:35,,12:44,12:59,,,,,,,13:04,,,,12:47,,,12:33,,,12:17,,,,,,,,,,11:57,,,12:03,,,,12:41,,,,,,,12:30,12:00,,13:08,,,,,13:11,,,,,,,12:14,,11:52,,,,,,13:01,13:06,12:20,,,12:11,12:56,,,,,,,,12:38,,,,12:53,,,12:22,,,,,,
HR_Up_98096,,,,,,,,,,,,12:18,,,,,,,,12:46,,,,,,,,,,,,,,,,,,,,,,,,,,,,,,,,,,,,,12:52,,,,,,,12:41,,,,,,,,,,,,,,,12:25,,12:03,,,,,,,,,,,,,,,,,,,,,,,,13:04,,,12:33,,,,,,
HR_Up_98098,,,,,,,,,,,,12:22,,,,,,,,12:50,,12:59,13:14,,,,,,,13:19,,,,13:02,,,12:48,,,12:32,,,,,,,,,,12:12,,,12:18,,,,12:56,,,,,,,12:45,12:15,,13:23,,,,,13:26,,,,,,,12:29,,12:07,,,,,,13:16,13:21,12:35,,,12:26,13:11,,,,,,,,12:53,,,,13:08,,,12:37,,,,,,
HR_Up_98100,,,,,,,,,,,,12:39,,,,,,,,13:07,,13:16,13:31,,,,,,,13:36,,,,13:19,,,13:05,,,12:49,,,,,,,,,,12:29,,,12:35,,,,13:13,,,,,,,13:02,12:32,,13:40,,,,,13:43,,,,,,,12:46,,12:24,,,,,,13:33,13:38,12:52,,,12:43,13:28,,,,,,,,13:10,,,,13:25,,,12:54,,,,,,
HR_Up_98102,,,,,,,,,,,,12:56,,,,,,,,13:24,,13:33,13:48,,,,,,,13:53,,,,13:36,,,13:22,,,13:06,,,,,,,,,,12:46,,,12:52,,,,13:30,,,,,,,13:19,12:49,,13:57,,,,,14:00,,,,,,,13:03,,12:41,,,,,,13:50,13:55,13:09,,,13:00,13:45,,,,,,,,13:27,,,,13:42,,,13:11,,,,,,
HR_Up_98104,,,,,,,,,,,,13:04,,,,,,,,13:32,,,,,,,,,,,,,,,,,,,,,,,,,,,,,,,,,,,,,13:38,,,,,,,13:27,,,,,,,,,,,,,,,13:11,,12:49,,,,,,,,,,,,,,,,,,,,,,,,13:50,,,13:19,,,,,,
HR_Up_98106,,,,,,,,,,,,13:11,,,,,,,,13:39,,13:48,14:03,,,,,,,14:08,,,,13:51,,,13:37,,,13:21,,,,,,,,,,13:01,,,13:07,,,,13:45,,,,,,,13:34,13:04,,14:12,,,,,14:16,,,,,,,13:18,,12:56,,,,,,14:05,14:10,13:24,,,13:15,14:00,,,,,,,,13:42,,,,13:57,,,13:26,,,,,,
HR_Up_98108,,,,,,,,,,,,13:24,,,,,,,,13:52,,14:01,14:16,,,,,,,14:21,,,,14:04,,,13:50,,,13:34,,,,,,,,,,13:14,,,13:20,,,,13:58,,,,,,,13:47,13:17,,14:25,,,,,14:28,,,,,,,13:31,,13:09,,,,,,14:18,14:23,13:37,,,13:28,14:13,,,,,,,,13:55,,,,14:10,,,13:39,,,,,,
HR_Up_98110,,,,,,,,,,,,13:34,,,,,,,,14:02,,14:11,14:26,,,,,,,14:31,,,,14:14,,,14:00,,,13:44,,,,,,,,,,13:24,,,13:30,,,,14:08,,,,,,,13:57,13:27,,14:35,,,,,14:38,,,,,,,13:41,,13:19,,,,,,14:28,14:33,13:47,,,13:38,14:23,,,,,,,,14:05,,,,14:20,,,13:49,,,,,,
HR_Up_98112,,,,,,,,,,,,13:38,,,,,,,,14:06,,14:15,14:30,,,,,,,14:35,,,,14:18,,,14:04,,,13:48,,,,,,,,,,13:28,,,13:34,,,,14:12,,,,,,,14:01,13:31,,14:39,,,,,14:43,,,,,,,13:45,,13:23,,,,,,14:32,14:37,13:51,,,13:42,14:27,,,,,,,,14:09,,,,14:24,,,13:53,,,,,,
HR_Up_98114,,,,,,,,,,,,13:48,,,,,,,,14:16,,14:25,14:40,,,,,,,14:45,,,,14:28,,,14:14,,,13:58,,,,,,,,,,13:38,,,13:44,,,,14:22,,,,,,,14:11,13:41,,14:49,,,,,14:52,,,,,,,13:55,,13:33,,,,,,14:42,14:47,14:01,,,13:52,14:37,,,,,,,,14:19,,,,14:34,,,14:03,,,,,,
HR_Up_98116,,,,,,,,,,,,13:52,,,,,,,,14:20,,14:29,14:44,,,,,,,14:49,,,,14:32,,,14:18,,,14:02,,,,,,,,,,13:42,,,13:48,,,,14:26,,,,,,,14:15,13:45,,14:53,,,,,14:56,,,,,,,13:59,,13:37,,,,,,14:46,14:51,14:05,,,13:56,14:41,,,,,,,,14:23,,,,14:38,,,14:07,,,,,,
HR_Up_98118,,,,,,,,,,,,14:00,,,,,,,,14:28,,14:37,14:52,,,,,,,14:57,,,,14:40,,,14:26,,,14:10,,,,,,,,,,13:50,,,13:56,,,,14:34,,,,,,,14:23,13:53,,15:01,,,,,15:04,,,,,,,14:07,,13:45,,,,,,14:54,14:59,14:13,,,14:04,14:49,,,,,,,,14:31,,,,14:46,,,14:15,,,,,,
HR_Up_98120,,,,,,,,,,,,14:12,,,,,,,,14:40,,14:49,15:04,,,,,,,15:09,,,,14:52,,,14:38,,,14:22,,,,,,,,,,14:02,,,14:08,,,,14:46,,,,,,,14:35,14:05,,15:13,,,,,15:16,,,,,,,14:19,,13:57,,,,,,15:06,15:11,14:25,,,14:16,15:01,,,,,,,,14:43,,,,14:58,,,14:27,,,,,,
HR_Up_98122,,,,,,,,,,,,14:20,,,,,,,,14:48,,14:57,15:12,,,,,,,15:17,,,,15:00,,,14:46,,,14:30,,,,,,,,,,14:10,,,14:16,,,,14:54,,,,,,,14:43,14:13,,15:21,,,,,15:24,,,,,,,14:27,,14:05,,,,,,15:14,15:19,14:33,,,14:24,15:09,,,,,,,,14:51,,,,15:06,,,14:35,,,,,,
HR_Up_98124,,,,,,,,,,,,14:24,,,,,,,,14:52,,,,,,,,,,,,,,,,,,,,,,,,,,,,,,,,,,,,,14:58,,,,,,,14:47,,,,,,,,,,,,,,,14:31,,14:09,,,,,,,,,,,,,,,,,,,,,,,,15:10,,,14:39,,,,,,
HR_Up_98126,,,,,,,,,,,,14:35,,,,,,,,15:03,,15:12,15:28,,,,,,,15:33,,,,15:15,,,15:01,,,14:45,,,,,,,,,,14:25,,,14:31,,,,15:09,,,,,,,14:58,14:28,,15:37,,,,,15:40,,,,,,,14:42,,14:20,,,,,,15:30,15:35,14:48,,,14:39,15:25,,,,,,,,15:06,,,,15:22,,,14:50,,,,,,
HR_Up_98128,,,,,,,,,,,,14:46,,,,,,,,15:14,,15:23,15:38,,,,,,,15:43,,,,15:26,,,15:12,,,14:56,,,,,,,,,,14:36,,,14:42,,,,15:20,,,,,,,15:09,14:39,,15:47,,,,,15:50,,,,,,,14:53,,14:31,,,,,,15:40,15:45,14:59,,,14:50,15:35,,,,,,,,15:17,,,,15:32,,,15:01,,,,,,
HR_Up_98130,,,,,,,,,,,,14:50,,,,,,,,15:18,,,,,,,,,,,,,,,,,,,,,,,,,,,,,,,,,,,,,15:24,,,,,,,15:13,,,,,,,,,,,,,,,14:57,,14:35,,,,,,,,,,,,,,,,,,,,,,,,15:36,,,15:05,,,,,,
HR_Up_98132,,,,,,,,,,,,14:56,,,,,,,,15:24,,15:33,15:48,,,,,,,15:53,,,,15:36,,,15:22,,,15:06,,,,,,,,,,14:46,,,14:52,,,,15:30,,,,,,,15:19,14:49,,15:57,,,,,16:00,,,,,,,15:03,,14:41,,,,,,15:50,15:55,15:09,,,15:00,15:45,,,,,,,,15:27,,,,15:42,,,15:11,,,,,,
HR_Up_98134,,,,,,,,,,,,15:00,,,,,,,,15:28,,15:37,15:52,,,,,,,15:57,,,,15:40,,,15:26,,,15:10,,,,,,,,,,14:50,,,14:56,,,,15:34,,,,,,,15:23,14:53,,16:01,,,,,16:04,,,,,,,15:07,,14:45,,,,,,15:54,15:59,15:13,,,15:04,15:49,,,,,,,,15:31,,,,15:46,,,15:15,,,,,,
HR_Up_98136,,,,,,,,,,,,15:11,,,,,,,,15:39,,15:48,16:03,,,,,,,16:08,,,,15:51,,,15:37,,,15:21,,,,,,,,,,15:01,,,15:07,,,,15:45,,,,,,,15:34,15:04,,16:12,,,,,16:16,,,,,,,15:18,,14:56,,,,,,16:05,16:10,15:24,,,15:15,16:00,,,,,,,,15:42,,,,15:57,,,15:26,,,,,,
HR_Up_98138,,,,,,,,,,,,15:15,,,,,,,,15:43,,,,,,,,,,,,,,,,,,,,,,,,,,,,,,,,,,,,,15:49,,,,,,,15:38,,,,,,,,,,,,,,,15:22,,15:00,,,,,,,,,,,,,,,,,,,,,,,,16:01,,,15:30,,,,,,
HR_Up_98140,,,,,,,,,,,,15:23,,,,,,,,15:51,,16:00,16:15,,,,,,,16:20,,,,16:03,,,15:49,,,15:33,,,,,,,,,,15:13,,,15:19,,,,15:57,,,,,,,15:46,15:16,,16:24,,,,,16:27,,,,,,,15:30,,15:08,,,,,,16:17,16:22,15:36,,,15:27,16:12,,,,,,,,15:54,,,,16:09,,,15:38,,,,,,
HR_Up_98142,,,,,,,,,,,,15:31,,,,,,,,15:59,,16:08,16:23,,,,,,,16:28,,,,16:11,,,15:57,,,15:41,,,,,,,,,,15:21,,,15:27,,,,16:05,,,,,,,15:54,15:24,,16:32,,,,,16:35,,,,,,,15:38,,15:16,,,,,,16:25,16:30,15:44,,,15:35,16:20,,,,,,,,16:02,,,,16:17,,,15:46,,,,,,
HR_Up_98144,,,,,,,,,,,,15:35,,,,,,,,16:03,,16:12,16:27,,,,,,,16:32,,,,16:15,,,16:01,,,15:45,,,,,,,,,,15:25,,,15:31,,,,16:09,,,,,,,15:58,15:28,,16:36,,,,,16:39,,,,,,,15:42,,15:20,,,,,,16:29,16:34,15:48,,,15:39,16:24,,,,,,,,16:06,,,,16:21,,,15:50,,,,,,
HR_Up_98146,,,,,,,,,,,,15:43,,,,,,,,16:11,,16:20,16:35,,,,,,,16:40,,,,16:23,,,16:09,,,15:53,,,,,,,,,,15:33,,,15:39,,,,16:17,,,,,,,16:06,15:36,,16:44,,,,,16:47,,,,,,,15:50,,15:28,,,,,,16:37,16:42,15:56,,,15:47,16:32,,,,,,,,16:14,,,,16:29,,,15:58,,,,,,
HR_Up_98148,,,,,,,,,,,,16:00,,,,,,,,16:28,,16:37,16:52,,,,,,,16:57,,,,16:40,,,16:26,,,16:10,,,,,,,,,,15:50,,,15:56,,,,16:34,,,,,,,16:23,15:53,,17:01,,,,,17:04,,,,,,,16:07,,15:45,,,,,,16:54,16:59,16:13,,,16:04,16:49,,,,,,,,16:31,,,,16:46,,,16:15,,,,,,
HR_Up_98150,,,,,,,,,,,,16:04,,,,,,,,16:32,,16:41,16:56,,,,,,,17:01,,,,16:44,,,16:30,,,16:14,,,,,,,,,,15:54,,,16:00,,,,16:38,,,,,,,16:27,15:57,,17:05,,,,,17:08,,,,,,,16:11,,15:49,,,,,,16:58,17:03,16:17,,,16:08,16:53,,,,,,,,16:35,,,,16:50,,,16:19,,,,,,
HR_Up_98152,,,,,,,,,,,,16:16,,,,,,,,16:44,,16:53,17:08,,,,,,,17:13,,,,16:56,,,16:42,,,16:26,,,,,,,,,,16:06,,,16:12,,,,16:50,,,,,,,16:39,16:09,,17:17,,,,,17:20,,,,,,,16:23,,16:01,,,,,,17:10,17:15,16:29,,,16:20,17:05,,,,,,,,16:47,,,,17:02,,,16:31,,,,,,
HR_Up_98154,,,,,,,,,,,,16:25,,,,,,,,16:53,,17:02,17:17,,,,,,,17:22,,,,17:05,,,16:51,,,16:35,,,,,,,,,,16:15,,,16:21,,,,16:59,,,,,,,16:48,16:18,,17:26,,,,,17:30,,,,,,,16:32,,16:10,,,,,,17:19,17:24,16:38,,,16:29,17:14,,,,,,,,16:56,,,,17:11,,,16:40,,,,,,
HR_Up_98156,,,,,,,,,,,,16:37,,,,,,,,17:05,,17:14,17:29,,,,,,,17:34,,,,17:17,,,17:03,,,16:47,,,,,,,,,,16:27,,,16:33,,,,17:11,,,,,,,17:00,16:30,,17:38,,,,,17:41,,,,,,,16:44,,16:22,,,,,,17:31,17:36,16:50,,,16:41,17:26,,,,,,,,17:08,,,,17:23,,,16:52,,,,,,
HR_Up_98158,,,,,,,,,,,,16:45,,,,,,,,17:13,,17:22,17:37,,,,,,,17:42,,,,17:25,,,17:11,,,16:55,,,,,,,,,,16:35,,,16:41,,,,17:19,,,,,,,17:08,16:38,,17:46,,,,,17:49,,,,,,,16:52,,16:30,,,,,,17:39,17:44,16:58,,,16:49,17:34,,,,,,,,17:16,,,,17:31,,,17:00,,,,,,
HR_Up_98160,,,,,,,,,,,,16:53,,,,,,,,17:21,,17:30,17:45,,,,,,,17:50,,,,17:33,,,17:19,,,17:03,,,,,,,,,,16:43,,,16:49,,,,17:27,,,,,,,17:16,16:46,,17:54,,,,,17:57,,,,,,,17:00,,16:38,,,,,,17:47,17:52,17:06,,,16:57,17:42,,,,,,,,17:24,,,,17:39,,,17:08,,,,,,
HR_Up_98162,,,,,,,,,,,,17:00,,,,,,,,17:28,,,,,,,,,,,,,,,,,,,,,,,,,,,,,,,,,,,,,17:34,,,,,,,17:23,,,,,,,,,,,,,,,17:07,,16:45,,,,,,,,,,,,,,,,,,,,,,,,17:46,,,17:15,,,,,,
HR_Up_98164,,,,,,,,,,,,17:08,,,,,,,,17:36,,17:45,18:00,,,,,,,18:05,,,,17:48,,,17:34,,,17:18,,,,,,,,,,16:58,,,17:04,,,,17:42,,,,,,,17:31,17:01,,18:09,,,,,18:12,,,,,,,17:15,,16:53,,,,,,18:02,18:07,17:21,,,17:12,17:57,,,,,,,,17:39,,,,17:54,,,17:23,,,,,,
HR_Up_98166,,,,,,,,,,,,17:22,,,,,,,,17:50,,17:59,18:14,,,,,,,18:19,,,,18:02,,,17:48,,,17:32,,,,,,,,,,17:12,,,17:18,,,,17:56,,,,,,,17:45,17:15,,18:23,,,,,18:26,,,,,,,17:29,,17:07,,,,,,18:16,18:21,17:35,,,17:26,18:11,,,,,,,,17:53,,,,18:08,,,17:37,,,,,,
HR_Up_98168,,,,,,,,,,,,17:32,,,,,,,,18:01,,,,,,,,,,,,,,,,,,,,,,,,,,,,,,,,,,,,,18:07,,,,,,,17:56,,,,,,,,,,,,,,,17:39,,17:17,,,,,,,,,,,,,,,,,,,,,,,,18:20,,,17:47,,,,,,
HR_Up_98170,,,,,,,,,,,,17:36,,,,,,,,18:05,,18:14,18:29,,,,,,,18:34,,,,18:17,,,18:03,,,17:46,,,,,,,,,,17:26,,,17:32,,,,18:11,,,,,,,18:00,17:29,,18:38,,,,,18:41,,,,,,,17:43,,17:21,,,,,,18:31,18:36,17:49,,,17:40,18:26,,,,,,,,18:08,,,,18:23,,,17:51,,,,,,
HR_Up_98172,,,,,,,,,,,,17:48,,,,,,,,18:17,,18:26,18:41,,,,,,,18:46,,,,18:29,,,18:15,,,17:58,,,,,,,,,,17:38,,,17:44,,,,18:23,,,,,,,18:12,17:41,,18:50,,,,,18:53,,,,,,,17:55,,17:33,,,,,,18:43,18:48,18:01,,,17:52,18:38,,,,,,,,18:20,,,,18:35,,,18:03,,,,,,
HR_Up_98174,,,,,,,,,,,,18:01,,,,,,,,18:29,,,,,,,,,,,,,,,,,,,,,,,,,,,,,,,,,,,,,18:35,,,,,,,18:24,,,,,,,,,,,,,,,18:08,,17:46,,,,,,,,,,,,,,,,,,,,,,,,18:47,,,18:16,,,,,,
HR_Up_98176,,,,,,,,,,,,18:05,,,,,,,,18:33,,18:42,18:57,,,,,,,19:02,,,,18:45,,,18:31,,,18:15,,,,,,,,,,17:55,,,18:01,,,,18:39,,,,,,,18:28,17:58,,19:06,,,,,19:09,,,,,,,18:12,,17:50,,,,,,18:59,19:04,18:18,,,18:09,18:54,,,,,,,,18:36,,,,18:51,,,18:20,,,,,,
HR_Up_98178,,,,,,,,,,,,18:21,,,,,,,,18:50,,18:59,19:15,,,,,,,19:20,,,,19:02,,,18:48,,,18:31,,,,,,,,,,18:11,,,18:17,,,,18:56,,,,,,,18:45,18:14,,19:24,,,,,19:28,,,,,,,18:28,,18:06,,,,,,19:17,19:22,18:34,,,18:25,19:12,,,,,,,,18:53,,,,19:09,,,18:36,,,,,,
HR_Up_98180,,,,,,,,,,,,18:29,,,,,,,,18:58,,19:07,19:24,,,,,,,19:29,,,,19:10,,,18:56,,,18:39,,,,,,,,,,18:19,,,18:25,,,,19:04,,,,,,,18:53,18:22,,19:33,,,,,19:36,,,,,,,18:36,,18:14,,,,,,19:26,19:31,18:42,,,18:33,19:21,,,,,,,,19:01,,,,19:18,,,18:44,,,,,,
HR_Up_98182,,,,,,,,,,,,18:33,,,,,,,,19:02,,,,,,,,,,,,,,,,,,,,,,,,,,,,,,,,,,,,,19:08,,,,,,,18:57,,,,,,,,,,,,,,,18:40,,18:18,,,,,,,,,,,,,,,,,,,,,,,,19:21,,,18:48,,,,,,
HR_Up_98184,,,,,,,,,,,,18:52,,,,,,,,19:20,,19:29,19:44,,,,,,,19:49,,,,19:32,,,19:18,,,19:02,,,,,,,,,,18:42,,,18:48,,,,19:26,,,,,,,19:15,18:45,,19:53,,,,,19:56,,,,,,,18:59,,18:37,,,,,,19:46,19:51,19:05,,,18:56,19:41,,,,,,,,19:23,,,,19:38,,,19:07,,,,,,
HR_Up_98186,,,,,,,,,,,,18:56,,,,,,,,19:24,,19:33,19:48,,,,,,,19:53,,,,19:36,,,19:22,,,19:06,,,,,,,,,,18:46,,,18:52,,,,19:30,,,,,,,19:19,18:49,,19:57,,,,,20:00,,,,,,,19:03,,18:41,,,,,,19:50,19:55,19:09,,,19:00,19:45,,,,,,,,19:27,,,,19:42,,,19:11,,,,,,
HR_Up_98188,,,,,,,,,,,,19:04,,,,,,,,19:32,,,,,,,,,,,,,,,,,,,,,,,,,,,,,,,,,,,,,19:38,,,,,,,19:27,,,,,,,,,,,,,,,19:11,,18:49,,,,,,,,,,,,,,,,,,,,,,,,19:51,,,19:19,,,,,,
HR_Up_98190,,,,,,,,,,,,19:12,,,,,,,,19:40,,19:49,20:04,,,,,,,20:09,,,,19:52,,,19:38,,,19:22,,,,,,,,,,19:02,,,19:08,,,,19:46,,,,,,,19:35,19:05,,20:13,,,,,20:16,,,,,,,19:19,,18:57,,,,,,20:06,20:11,19:25,,,19:16,20:01,,,,,,,,19:43,,,,19:58,,,19:27,,,,,,
HR_Up_98192,,,,,,,,,,,,19:24,,,,,,,,19:52,,20:01,20:16,,,,,,,20:21,,,,20:04,,,19:50,,,19:34,,,,,,,,,,19:14,,,19:20,,,,19:58,,,,,,,19:47,19:17,,20:25,,,,,20:28,,,,,,,19:31,,19:09,,,,,,20:18,20:23,19:37,,,19:28,20:13,,,,,,,,19:55,,,,20:10,,,19:39,,,,,,
HR_Up_98194,,,,,,,,,,,,19:32,,,,,,,,20:00,,20:09,20:24,,,,,,,20:29,,,,20:12,,,19:58,,,19:42,,,,,,,,,,19:22,,,19:28,,,,20:06,,,,,,,19:55,19:25,,20:33,,,,,20:36,,,,,,,19:39,,19:17,,,,,,20:26,20:31,19:45,,,19:36,20:21,,,,,,,,20:03,,,,20:18,,,19:47,,,,,,
HR_Up_98196,,,,,,,,,,,,19:39,,,,,,,,20:07,,20:16,20:31,,,,,,,20:36,,,,20:19,,,20:05,,,19:49,,,,,,,,,,19:29,,,19:35,,,,20:13,,,,,,,20:02,19:32,,20:40,,,,,20:44,,,,,,,19:46,,19:24,,,,,,20:33,20:38,19:52,,,19:43,20:28,,,,,,,,20:10,,,,20:25,,,19:54,,,,,,
HR_Up_98198,,,,,,,,,,,,19:58,,,,,,,,20:26,,20:35,20:50,,,,,,,20:55,,,,20:38,,,20:24,,,20:08,,,,,,,,,,19:48,,,19:54,,,,20:32,,,,,,,20:21,19:51,,20:59,,,,,21:02,,,,,,,20:05,,19:43,,,,,,20:52,20:57,20:11,,,20:02,20:47,,,,,,,,20:29,,,,20:44,,,20:13,,,,,,
HR_Up_98200,,,,,,,,,,,,20:06,,,,,,,,20:34,,20:43,20:58,,,,,,,21:03,,,,20:46,,,20:32,,,20:16,,,,,,,,,,19:56,,,20:02,,,,20:40,,,,,,,20:29,19:59,,21:07,,,,,21:10,,,,,,,20:13,,19:51,,,,,,21:00,21:05,20:19,,,20:10,20:55,,,,,,,,20:37,,,,20:52,,,20:21,,,,,,
HR_Up_98202,,,,,,,,,,,,20:10,,,,,,,,20:38,,20:47,21:02,,,,,,,21:07,,,,20:50,,,20:36,,,20:20,,,,,,,,,,20:00,,,20:06,,,,20:44,,,,,,,20:33,20:03,,21:11,,,,,21:14,,,,,,,20:17,,19:55,,,,,,21:04,21:09,20:23,,,20:14,20:59,,,,,,,,20:41,,,,20:56,,,20:25,,,,,,
HR_Up_98204,,,,,,,,,,,,20:22,,,,,,,,20:50,,20:59,21:14,,,,,,,21:19,,,,21:02,,,20:48,,,20:32,,,,,,,,,,20:12,,,20:18,,,,20:56,,,,,,,20:45,20:15,,21:23,,,,,21:26,,,,,,,20:29,,20:07,,,,,,21:16,21:21,20:35,,,20:26,21:11,,,,,,,,20:53,,,,21:08,,,20:37,,,,,,
HR_Up_98206,,,,,,,,,,,,20:38,,,,,,,,21:06,,21:15,21:30,,,,,,,21:35,,,,21:18,,,21:04,,,20:48,,,,,,,,,,20:28,,,20:34,,,,21:12,,,,,,,21:01,20:31,,21:39,,,,,21:42,,,,,,,20:45,,20:23,,,,,,21:32,21:37,20:51,,,20:42,21:27,,,,,,,,21:09,,,,21:24,,,20:53,,,,,,
HR_Up_98208,,,,,,,,,,,,20:42,,,,,,,,21:10,,,,,,,,,,,,,,,,,,,,,,,,,,,,,,,,,,,,,21:16,,,,,,,21:05,,,,,,,,,,,,,,,20:49,,20:27,,,,,,,,,,,,,,,,,,,,,,,,21:28,,,20:57,,,,,,
HR_Up_98210,,,,,,,,,,,,20:46,,,,,,,,21:14,,21:23,21:38,,,,,,,21:43,,,,21:26,,,21:12,,,20:56,,,,,,,,,,20:36,,,20:42,,,,21:20,,,,,,,21:09,20:39,,21:47,,,,,21:50,,,,,,,20:53,,20:31,,,,,,21:40,21:45,20:59,,,20:50,21:35,,,,,,,,21:17,,,,21:32,,,21:01,,,,,,
HR_Up_98212,,,,,,,,,,,,20:50,,,,,,,,21:18,,21:27,21:42,,,,,,,21:47,,,,21:30,,,21:16,,,21:00,,,,,,,,,,20:40,,,20:46,,,,21:24,,,,,,,21:13,20:43,,21:51,,,,,21:54,,,,,,,20:57,,20:35,,,,,,21:44,21:49,21:03,,,20:54,21:39,,,,,,,,21:21,,,,21:36,,,21:05,,,,,,
HR_Up_98214,,,,,,,,,,,,21:02,,,,,,,,21:30,,21:39,21:54,,,,,,,21:59,,,,21:42,,,21:28,,,21:12,,,,,,,,,,20:52,,,20:58,,,,21:36,,,,,,,21:25,20:55,,22:03,,,,,22:06,,,,,,,21:09,,20:47,,,,,,21:56,22:01,21:15,,,21:06,21:51,,,,,,,,21:33,,,,21:48,,,21:17,,,,,,
HR_Up_98216,,,,,,,,,,,,21:12,,,,,,,,21:40,,21:49,22:04,,,,,,,22:09,,,,21:52,,,21:38,,,21:22,,,,,,,,,,21:02,,,21:08,,,,21:46,,,,,,,21:35,21:05,,22:13,,,,,22:16,,,,,,,21:19,,20:57,,,,,,22:06,22:11,21:25,,,21:16,22:01,,,,,,,,21:43,,,,21:58,,,21:27,,,,,,
HR_Up_98218,,,,,,,,,,,,21:20,,,,,,,,21:48,,21:57,22:12,,,,,,,22:17,,,,22:00,,,21:46,,,21:30,,,,,,,,,,21:10,,,21:16,,,,21:54,,,,,,,21:43,21:13,,22:21,,,,,22:24,,,,,,,21:27,,21:05,,,,,,22:14,22:19,21:33,,,21:24,22:09,,,,,,,,21:51,,,,22:06,,,21:35,,,,,,
HR_Up_98220,,,,,,,,,,,,21:30,,,,,,,,21:58,,22:07,22:22,,,,,,,22:27,,,,22:10,,,21:56,,,21:40,,,,,,,,,,21:20,,,21:26,,,,22:04,,,,,,,21:53,21:23,,22:31,,,,,22:34,,,,,,,21:37,,21:15,,,,,,22:24,22:29,21:43,,,21:34,22:19,,,,,,,,22:01,,,,22:16,,,21:45,,,,,,
HR_Up_98222,,,,,,,,,,,,21:41,,,,,,,,22:09,,22:18,22:33,,,,,,,22:38,,,,22:21,,,22:07,,,21:51,,,,,,,,,,21:31,,,21:37,,,,22:15,,,,,,,22:04,21:34,,22:42,,,,,22:45,,,,,,,21:48,,21:26,,,,,,22:35,22:40,21:54,,,21:45,22:30,,,,,,,,22:12,,,,22:27,,,21:56,,,,,,
HR_Up_98224,,,,,,,,,,,,21:45,,,,,,,,22:13,,22:22,22:37,,,,,,,22:42,,,,22:25,,,22:11,,,21:55,,,,,,,,,,21:35,,,21:41,,,,22:19,,,,,,,22:08,21:38,,22:46,,,,,22:49,,,,,,,21:52,,21:30,,,,,,22:39,22:44,21:58,,,21:49,22:34,,,,,,,,22:16,,,,22:31,,,22:00,,,,,,
HR_Up_98226,,,,,,,,,,,,21:54,,,,,,,,22:22,,22:31,22:46,,,,,,,22:51,,,,22:34,,,22:20,,,22:04,,,,,,,,,,21:44,,,21:50,,,,22:28,,,,,,,22:17,21:47,,22:55,,,,,22:58,,,,,,,22:01,,21:39,,,,,,22:48,22:53,22:07,,,21:58,22:43,,,,,,,,22:25,,,,22:40,,,22:09,,,,,,
HR_Up_98228,,,,,,,,,,,,22:07,,,,,,,,22:36,,22:45,23:02,,,,,,,23:07,,,,22:48,,,22:34,,,22:17,,,,,,,,,,21:57,,,22:03,,,,22:42,,,,,,,22:31,22:00,,23:11,,,,,23:14,,,,,,,22:14,,21:52,,,,,,23:04,23:09,22:20,,,22:11,22:59,,,,,,,,22:39,,,,22:56,,,22:22,,,,,,
HR_Up_98230,,,,,,,,,,,,22:22,,,,,,,,22:50,,22:59,23:14,,,,,,,23:19,,,,23:02,,,22:48,,,22:32,,,,,,,,,,22:12,,,22:18,,,,22:56,,,,,,,22:45,22:15,,23:23,,,,,23:26,,,,,,,22:29,,22:07,,,,,,23:16,23:21,22:35,,,22:26,23:11,,,,,,,,22:53,,,,23:08,,,22:37,,,,,,
HR_Up_98232,,,,,,,,,,,,22:34,,,,,,,,23:03,,23:12,23:27,,,,,,,23:32,,,,23:15,,,23:01,,,22:45,,,,,,,,,,22:24,,,22:30,,,,23:09,,,,,,,22:58,22:27,,23:36,,,,,23:39,,,,,,,22:42,,22:19,,,,,,23:29,23:34,22:48,,,22:38,23:24,,,,,,,,23:06,,,,23:21,,,22:50,,,,,,
HR_Up_98234,,,,,,,,,,,,22:38,,,,,,,,23:07,,23:16,23:31,,,,,,,23:36,,,,23:19,,,23:05,,,22:49,,,,,,,,,,22:28,,,22:34,,,,23:13,,,,,,,23:02,22:31,,23:40,,,,,23:43,,,,,,,22:46,,22:23,,,,,,23:33,23:38,22:52,,,22:42,23:28,,,,,,,,23:10,,,,23:25,,,22:54,,,,,,
HR_Up_98236,,,,,,,,,,,,22:50,,,,,,,,23:18,,23:27,23:42,,,,,,,23:47,,,,23:30,,,23:16,,,23:00,,,,,,,,,,22:40,,,22:46,,,,23:24,,,,,,,23:13,22:43,,23:51,,,,,23:54,,,,,,,22:57,,22:35,,,,,,23:44,23:49,23:03,,,22:54,23:39,,,,,,,,23:21,,,,23:36,,,23:05,,,,,,
HR_Up_98238,,,,,,,,,,,,23:01,,,,,,,,23:29,,,,,,,,,,,,,,,,,,,,,,,,,,,,,,,,,,,,,23:35,,,,,,,23:24,,,00:02,,,,,00:05,,,,,,,23:08,,22:46,,,,,,,00:00,,,,,,,,,,,,,,,,,23:47,,,23:16,,,,,,
HR_Up_98240,,,,,,,,,,,,23:05,,,,,,,,,,,,,,,,,,,,,,,,,,,,,,,,,,,,,,,,,,,,,,,,,,,,,,,,,,,,,,,,,,,23:12,,22:50,,,,,,,,,,,,,,,,,,,,,,,,,,,23:20,,,,,,
HR_Up_98242,,,,,,,,,,,,23:13,,,,,,,,23:41,,,00:05,,,,,,,00:10,,,,,,,,,,,,,,,,,,,,,,,,,,,23:47,,,,,,,23:36,,,00:14,,,,,00:17,,,,,,,23:20,,22:58,,,,,,00:07,00:12,,,,,00:02,,,,,,,,,,,,23:59,,,23:28,,,,,,
HR_Up_98244,,,,,,,,,,,,23:28,,,,,,,,23:56,,00:05,00:20,,,,,,,00:25,,,,00:08,,,,,,,,,,,,,,,,,,,,,,,00:02,,,,,,,23:51,,,00:29,,,,,00:32,,,,,,,23:35,,23:13,,,,,,00:22,00:27,,,,,00:17,,,,,,,,,,,,00:14,,,23:43,,,,,,
HR_Up_98246,,,,,,,,,,,,23:37,,,,,,,,,,,,,,,,,,,,,,,,,,,,,,,,,,,,,,,,,,,,,,,,,,,,,,,,,,,,,,,,,,,,,23:22,,,,,,,,,,,,,,,,,,,,,,,,,,,,,,,,,
HR_Up_98248,,,,,,,,,,,,23:47,,,,,,,,,,,,,,,,,,,,,,,,,,,,,,,,,,,,,,,,,,,,,,,,,,,,,,,,,,,,,,,,,,,23:54,,23:32,,,,,,,,,,,,,,,,,,,,,,,,,,,,,,,,,
HR_Up_98250,,,,,,,,,,,,23:51,,,,,,,,00:19,,,,,,,,,,,,,,,,,,,,,,,,,,,,,,,,,,,,,00:25,,,,,,,00:14,,,,,,,,,,,,,,,23:58,,23:36,,,,,,,,,,,,,,,,,,,,,,,,00:38,,,00:06,,,,,,
HR_Up_98252,,,,,,,,,,,,00:18,,,,,,,,,,,,,,,,,,,,,,,,,,,,,,,,,,,,,,,,,,,,,,,,,,,,,,,,,,,,,,,,,,,,,00:03,,,,,,,,,,,,,,,,,,,,,,,,,,,,,,,,,
HR_Up_98302,,,,,,,,,,,,03:55,,,,,,,,04:24,,04:33,04:48,,,,,,,04:53,,,,04:36,,,04:22,,,04:05,,,,,,,,,,,,,,,,,04:30,,,,,,,04:19,,,04:57,,,,,05:00,,,,,,,04:02,,,,,,,,04:50,04:55,04:08,,,03:59,04:45,,,,,,,,04:27,,,,04:42,,,04:11,,,,,,
HR_Up_98304,,,,,,,,,,,,04:13,,,,,,,,04:42,,04:51,05:06,,,,,,,05:11,,,,04:54,,,04:40,,,04:23,,,,,,,,,,,,,,,,,04:48,,,,,,,04:37,,,05:15,,,,,05:18,,,,,,,04:20,,,,,,,,05:08,05:13,04:26,,,04:17,05:03,,,,,,,,04:45,,,,05:00,,,04:29,,,,,,
HR_Up_98306,,,,,,,,,,,,04:26,,,,,,,,04:54,,05:03,05:18,,,,,,,05:23,,,,05:06,,,04:52,,,04:36,,,,,,,,,,,,,,,,,05:00,,,,,,,04:49,,,05:27,,,,,05:30,,,,,,,04:33,,,,,,,,05:20,05:25,04:39,,,04:30,05:15,,,,,,,,04:57,,,,05:12,,,04:41,,,,,,
HR_Up_98308,,,,,,,,,,,,04:53,,,,,,,,05:21,,05:30,05:44,,,,,,,05:49,,,,05:33,,,05:19,,,05:03,,,,,,,,,,,,,,,,,05:27,,,,,,,05:16,,,05:53,,,,,05:56,,,,,,,05:00,,,,,,,,05:46,05:51,05:06,,,04:57,05:41,,,,,,,,05:24,,,,05:38,,,05:08,,,,,,
HR_Up_98310,,,,,,,,,,,,05:40,,,,,,,,06:08,,06:17,06:32,,,,,,,06:37,,,,06:20,,,06:06,,,05:50,,,,,,,,,,,,,,,,,06:14,,,,,,,06:03,,,06:41,,,,,06:44,,,,,,,05:47,,,,,,,,06:34,06:39,05:53,,,05:44,06:29,,,,,,,,06:11,,,,06:26,,,05:55,,,,,,
HR_Up_98312,,,,,,,,,,,,05:50,,,,,,,,06:18,,,,,,,,,,,,,,,,,,,,,,,,,,,,,,,,,,,,,06:24,,,,,,,06:13,,,,,,,,,,,,,,,05:57,,,,,,,,,,,,,,,,,,,,,,,,,,06:36,,,06:05,,,,,,
HR_Up_98314,,,,,,,,,,,,06:02,,,,,,,,06:30,,06:39,06:54,,,,,,,06:59,,,,06:42,,,06:28,,,06:13,,,,,,,,,,,,,,,,,06:36,,,,,,,06:25,,,07:03,,,,,07:06,,,,,,,06:10,,,,,,,,06:56,07:01,06:16,,,06:06,06:51,,,,,,,,06:33,,,,06:48,,,06:18,,,,,,
HR_Up_98316,,,,,,,,,,,,06:22,,,,,,,,06:50,,06:59,07:14,,,,,,,07:19,,,,07:02,,,06:48,,,06:32,,,,,,,,,,,,,,,,,06:56,,,,,,,06:45,,,07:23,,,,,07:26,,,,,,,06:29,,,,,,,,07:16,07:21,06:35,,,06:26,07:11,,,,,,,,06:53,,,,07:08,,,06:37,,,,,,
HR_Up_98318,,,,,,,,,,,,07:04,,,,,,,,07:32,,07:41,07:56,,,,,,,08:01,,,,07:44,,,07:30,,,07:14,,,,,,,,,,,,,,,,,07:38,,,,,,,07:27,,,08:05,,,,,08:08,,,,,,,07:11,,,,,,,,07:58,08:03,07:17,,,07:08,07:53,,,,,,,,07:35,,,,07:50,,,07:19,,,,,,
HR_Up_98320,,,,,,,,,,,,07:20,,,,,,,,07:48,,07:57,08:12,,,,,,,08:17,,,,08:00,,,07:46,,,07:30,,,,,,,,,,,,,,,,,07:54,,,,,,,07:43,,,08:21,,,,,08:24,,,,,,,07:27,,,,,,,,08:14,08:19,07:33,,,07:24,08:09,,,,,,,,07:51,,,,08:06,,,07:35,,,,,,
HR_Up_98322,,,,,,,,,,,,07:50,,,,,,,,08:18,,08:27,08:42,,,,,,,08:47,,,,08:30,,,08:16,,,08:00,,,,,,,,,,,,,,,,,08:24,,,,,,,08:13,,,08:51,,,,,08:54,,,,,,,07:57,,,,,,,,08:44,08:49,08:03,,,07:54,08:39,,,,,,,,08:21,,,,08:36,,,08:05,,,,,,
HR_Up_98324,,,,,,,,,,,,08:06,,,,,,,,08:34,,08:43,08:58,,,,,,,09:03,,,,08:46,,,08:32,,,08:16,,,,,,,,,,,,,,,,,08:40,,,,,,,08:29,,,09:07,,,,,09:10,,,,,,,08:13,,,,,,,,09:00,09:05,08:19,,,08:10,08:55,,,,,,,,08:37,,,,08:52,,,08:21,,,,,,
HR_Up_98326,,,,,,,,,,,,08:49,,,,,,,,09:18,,09:28,09:43,,,,,,,09:48,,,,09:31,,,09:16,,,08:59,,,,,,,,,,,,,,,,,09:25,,,,,,,09:13,,,09:52,,,,,09:55,,,,,,,08:56,,,,,,,,09:45,09:50,09:02,,,08:53,09:40,,,,,,,,09:22,,,,09:37,,,09:04,,,,,,
HR_Up_98328,,,,,,,,,,,,09:07,,,,,,,,09:37,,09:46,10:02,,,,,,,10:07,,,,09:49,,,09:35,,,09:17,,,,,,,,,,,,,,,,,09:43,,,,,,,09:32,,,10:11,,,,,10:14,,,,,,,09:14,,,,,,,,10:04,10:09,09:20,,,09:11,09:59,,,,,,,,09:40,,,,09:56,,,09:23,,,,,,
HR_Up_98330,,,,,,,,,,,,09:20,,,,,,,,09:50,,09:59,10:14,,,,,,,10:19,,,,10:02,,,09:48,,,09:30,,,,,,,,,,,,,,,,,09:56,,,,,,,09:45,,,10:23,,,,,10:26,,,,,,,09:27,,,,,,,,10:16,10:21,09:33,,,09:24,10:11,,,,,,,,09:53,,,,10:08,,,09:36,,,,,,
HR_Up_98332,,,,,,,,,,,,09:39,,,,,,,,10:07,,10:16,10:32,,,,,,,10:37,,,,10:19,,,10:05,,,09:49,,,,,,,,,,,,,,,,,10:13,,,,,,,10:02,,,10:41,,,,,10:45,,,,,,,09:46,,,,,,,,10:34,10:39,09:52,,,09:43,10:29,,,,,,,,10:10,,,,10:26,,,09:54,,,,,,
HR_Up_98334,,,,,,,,,,,,10:16,,,,,,,,10:44,,10:53,11:08,,,,,,,11:13,,,,10:56,,,10:42,,,10:26,,,,,,,,,,,,,,,,,10:50,,,,,,,10:39,,,11:17,,,,,11:20,,,,,,,10:23,,,,,,,,11:10,11:15,10:29,,,10:20,11:05,,,,,,,,10:47,,,,11:02,,,10:31,,,,,,
HR_Up_98336,,,,,,,,,,,,10:40,,,,,,,,11:08,,11:17,11:32,,,,,,,11:37,,,,11:20,,,11:06,,,10:50,,,,,,,,,,,,,,,,,11:14,,,,,,,11:03,,,11:41,,,,,11:44,,,,,,,10:47,,,,,,,,11:34,11:39,10:53,,,10:44,11:29,,,,,,,,11:11,,,,11:26,,,10:55,,,,,,
HR_Up_98338,,,,,,,,,,,,10:59,,,,,,,,11:28,,11:37,11:52,,,,,,,11:57,,,,11:40,,,11:26,,,11:10,,,,,,,,,,,,,,,,,11:34,,,,,,,11:23,,,12:01,,,,,12:04,,,,,,,11:07,,,,,,,,11:54,11:59,11:13,,,11:04,11:49,,,,,,,,11:31,,,,11:46,,,11:15,,,,,,
HR_Up_98340,,,,,,,,,,,,11:13,,,,,,,,11:41,,11:50,12:05,,,,,,,12:10,,,,11:53,,,11:39,,,11:23,,,,,,,,,,,,,,,,,11:47,,,,,,,11:36,,,12:14,,,,,12:17,,,,,,,11:20,,,,,,,,12:07,12:12,11:26,,,11:17,12:02,,,,,,,,11:44,,,,11:59,,,11:28,,,,,,
HR_Up_98342,,,,,,,,,,,,11:39,,,,,,,,12:07,,12:16,12:31,,,,,,,12:36,,,,12:19,,,12:05,,,11:49,,,,,,,,,,,,,,,,,12:13,,,,,,,12:02,,,12:40,,,,,12:43,,,,,,,11:46,,,,,,,,12:33,12:38,11:52,,,11:43,12:28,,,,,,,,12:10,,,,12:25,,,11:54,,,,,,
HR_Up_98344,,,,,,,,,,,,11:54,,,,,,,,12:22,,12:31,12:46,,,,,,,12:51,,,,12:34,,,12:20,,,12:04,,,,,,,,,,,,,,,,,12:28,,,,,,,12:17,,,12:55,,,,,12:58,,,,,,,12:01,,,,,,,,12:48,12:53,12:07,,,11:58,12:43,,,,,,,,12:25,,,,12:40,,,12:09,,,,,,
HR_Up_98346,,,,,,,,,,,,12:11,,,,,,,,12:39,,12:48,13:03,,,,,,,13:08,,,,12:51,,,12:37,,,12:21,,,,,,,,,,,,,,,,,12:45,,,,,,,12:34,,,13:12,,,,,13:15,,,,,,,12:18,,,,,,,,13:05,13:10,12:24,,,12:15,13:00,,,,,,,,12:42,,,,12:57,,,12:26,,,,,,
HR_Up_98348,,,,,,,,,,,,12:29,,,,,,,,12:57,,13:06,13:22,,,,,,,13:27,,,,13:09,,,12:55,,,12:39,,,,,,,,,,,,,,,,,13:03,,,,,,,12:52,,,13:31,,,,,13:34,,,,,,,12:36,,,,,,,,13:24,13:29,12:42,,,12:33,13:19,,,,,,,,13:00,,,,13:16,,,12:44,,,,,,
HR_Up_98350,,,,,,,,,,,,12:48,,,,,,,,13:16,,13:25,13:40,,,,,,,13:45,,,,13:28,,,13:14,,,12:58,,,,,,,,,,,,,,,,,13:22,,,,,,,13:11,,,13:49,,,,,13:52,,,,,,,12:55,,,,,,,,13:42,13:47,13:01,,,12:52,13:37,,,,,,,,13:19,,,,13:34,,,13:03,,,,,,
HR_Up_98352,,,,,,,,,,,,13:41,,,,,,,,14:10,,,,,,,,,,,,,,,,,,,,,,,,,,,,,,,,,,,,,14:16,,,,,,,14:05,,,,,,,,,,,,,,,13:49,,,,,,,,,,,,,,,,,,,,,,,,,,14:29,,,13:57,,,,,,
HR_Up_98354,,,,,,,,,,,,14:04,,,,,,,,14:32,,14:41,14:56,,,,,,,15:01,,,,14:44,,,14:30,,,14:14,,,,,,,,,,,,,,,,,14:38,,,,,,,14:27,,,15:05,,,,,15:08,,,,,,,14:11,,,,,,,,14:58,15:03,14:17,,,14:08,14:53,,,,,,,,14:35,,,,14:50,,,14:19,,,,,,
HR_Up_98356,,,,,,,,,,,,14:28,,,,,,,,14:56,,15:05,15:20,,,,,,,15:25,,,,15:08,,,14:54,,,14:38,,,,,,,,,,,,,,,,,15:02,,,,,,,14:51,,,15:29,,,,,15:32,,,,,,,14:35,,,,,,,,15:22,15:27,14:41,,,14:32,15:17,,,,,,,,14:59,,,,15:14,,,14:43,,,,,,
HR_Up_98358,,,,,,,,,,,,15:47,,,,,,,,16:15,,16:24,16:39,,,,,,,16:44,,,,16:27,,,16:13,,,15:57,,,,,,,,,,,,,,,,,16:21,,,,,,,16:10,,,16:48,,,,,16:51,,,,,,,15:54,,,,,,,,16:41,16:46,16:00,,,15:51,16:36,,,,,,,,16:18,,,,16:33,,,16:02,,,,,,
HR_Up_98360,,,,,,,,,,,,16:12,,,,,,,,16:40,,16:49,17:04,,,,,,,17:09,,,,16:52,,,16:38,,,16:22,,,,,,,,,,,,,,,,,16:46,,,,,,,16:35,,,17:13,,,,,17:16,,,,,,,16:19,,,,,,,,17:06,17:11,16:25,,,16:16,17:01,,,,,,,,16:43,,,,16:58,,,16:27,,,,,,
HR_Up_98362,,,,,,,,,,,,16:33,,,,,,,,17:01,,17:10,17:25,,,,,,,17:30,,,,17:13,,,16:59,,,16:43,,,,,,,,,,,,,,,,,17:07,,,,,,,16:56,,,17:34,,,,,17:37,,,,,,,16:40,,,,,,,,17:27,17:32,16:46,,,16:37,17:22,,,,,,,,17:04,,,,17:19,,,16:48,,,,,,
HR_Up_98364,,,,,,,,,,,,17:04,,,,,,,,17:32,,17:41,17:56,,,,,,,18:01,,,,17:44,,,17:30,,,17:14,,,,,,,,,,,,,,,,,17:38,,,,,,,17:27,,,18:05,,,,,18:08,,,,,,,17:11,,,,,,,,17:58,18:03,17:17,,,17:08,17:53,,,,,,,,17:35,,,,17:50,,,17:19,,,,,,
HR_Up_98366,,,,,,,,,,,,17:40,,,,,,,,18:09,,18:18,18:33,,,,,,,18:38,,,,18:21,,,18:07,,,17:50,,,,,,,,,,,,,,,,,18:15,,,,,,,18:04,,,18:42,,,,,18:45,,,,,,,17:47,,,,,,,,18:35,18:40,17:53,,,17:44,18:30,,,,,,,,18:12,,,,18:27,,,17:55,,,,,,
HR_Up_98368,,,,,,,,,,,,17:56,,,,,,,,18:25,,18:34,18:49,,,,,,,18:54,,,,18:37,,,18:23,,,18:06,,,,,,,,,,,,,,,,,18:31,,,,,,,18:20,,,18:58,,,,,19:01,,,,,,,18:03,,,,,,,,18:51,18:56,18:09,,,18:00,18:46,,,,,,,,18:28,,,,18:43,,,18:11,,,,,,
HR_Up_98370,,,,,,,,,,,,18:16,,,,,,,,18:44,,18:53,19:09,,,,,,,19:14,,,,18:56,,,18:42,,,18:26,,,,,,,,,,,,,,,,,18:50,,,,,,,18:39,,,19:18,,,,,19:21,,,,,,,18:23,,,,,,,,19:11,19:16,18:29,,,18:20,19:06,,,,,,,,18:47,,,,19:03,,,18:31,,,,,,
HR_Up_98372,,,,,,,,,,,,18:44,,,,,,,,19:12,,19:21,19:36,,,,,,,19:41,,,,19:24,,,19:10,,,18:54,,,,,,,,,,,,,,,,,19:18,,,,,,,19:07,,,19:45,,,,,19:48,,,,,,,18:51,,,,,,,,19:38,19:43,18:57,,,18:48,19:33,,,,,,,,19:15,,,,19:30,,,18:59,,,,,,
HR_Up_98374,,,,,,,,,,,,19:20,,,,,,,,19:48,,,,,,,,,,,,,,,,,,,,,,,,,,,,,,,,,,,,,19:54,,,,,,,19:43,,,,,,,,,,,,,,,19:27,,,,,,,,,,,,,,,,,,,,,,,,,,20:06,,,19:35,,,,,,
HR_Up_98376,,,,,,,,,,,,20:02,,,,,,,,20:30,,,,,,,,,,,,,,,,,,,,,,,,,,,,,,,,,,,,,20:36,,,,,,,20:25,,,,,,,,,,,,,,,20:09,,,,,,,,,,,,,,,,,,,,,,,,,,20:49,,,20:17,,,,,,
HR_Up_98378,,,,,,,,,,,,20:18,,,,,,,,20:46,,,,,,,,,,,,,,,,,,,,,,,,,,,,,,,,,,,,,20:52,,,,,,,20:41,,,,,,,,,,,,,,,20:25,,,,,,,,,,,,,,,,,,,,,,,,,,21:05,,,20:33,,,,,,
HR_Up_98380,,,,,,,,,,,,20:30,,,,,,,,20:58,,21:07,21:22,,,,,,,21:27,,,,21:10,,,20:56,,,20:40,,,,,,,,,,,,,,,,,21:04,,,,,,,20:53,,,21:31,,,,,21:34,,,,,,,20:37,,,,,,,,21:24,21:29,20:43,,,20:34,21:19,,,,,,,,21:01,,,,21:16,,,20:45,,,,,,
HR_Up_98382,,,,,,,,,,,,20:54,,,,,,,,21:22,,21:31,21:46,,,,,,,21:51,,,,21:34,,,21:20,,,21:04,,,,,,,,,,,,,,,,,21:28,,,,,,,21:17,,,21:55,,,,,21:58,,,,,,,21:01,,,,,,,,21:48,21:53,21:07,,,20:58,21:43,,,,,,,,21:25,,,,21:40,,,21:09,,,,,,
HR_Up_98384,,,,,,,,,,,,21:16,,,,,,,,21:44,,21:53,22:08,,,,,,,22:13,,,,21:56,,,21:42,,,21:26,,,,,,,,,,,,,,,,,21:50,,,,,,,21:39,,,22:17,,,,,22:20,,,,,,,21:23,,,,,,,,22:10,22:15,21:29,,,21:20,22:05,,,,,,,,21:47,,,,22:02,,,21:31,,,,,,
HR_Up_98502,,,,,,,,,,,,,,,,,,,,04:16,,04:25,04:40,,,,,,,04:45,,,,04:28,,,04:14,,,,,,,,,,,,,,,,,,,,04:22,,,,,,,04:11,,,04:49,,,,,04:52,,,,,,,,,,,,,,,04:42,04:47,,,,,04:37,,,,,,,,04:19,,,,04:34,,,04:03,,,,,,
HR_Up_98504,,,,,,,,,,,,,,,,,,,,04:38,,04:47,05:02,,,,,,,05:07,,,,04:50,,,04:36,,,,,,,,,,,,,,,,,,,,04:44,,,,,,,04:33,,,05:11,,,,,05:14,,,,,,,,,,,,,,,05:04,05:09,,,,,04:59,,,,,,,,04:41,,,,04:56,,,04:25,,,,,,
HR_Up_98506,,,,,,,,,,,,,,,,,,,,04:28,,,,,,,,,,,,,,,,,,,,,,,,,,,,,,,,,,,,,04:34,,,,,,,04:23,,,,,,,,,,,,,,,,,,,,,,,,,,,,,,,,,,,,,,,,,04:46,,,04:15,,,,,,
HR_Up_98508,,,,,,,,,,,,,,,,,,,,04:50,,04:59,05:14,,,,,,,05:19,,,,05:02,,,04:48,,,,,,,,,,,,,,,,,,,,04:56,,,,,,,04:45,,,05:23,,,,,05:26,,,,,,,,,,,,,,,05:16,05:21,,,,,05:11,,,,,,,,04:53,,,,05:08,,,04:37,,,,,,
HR_Up_98510,,,,,,,,,,,,,,,,,,,,05:03,,05:12,05:27,,,,,,,05:32,,,,05:15,,,05:01,,,,,,,,,,,,,,,,,,,,05:09,,,,,,,04:58,,,05:36,,,,,05:39,,,,,,,,,,,,,,,05:29,05:34,,,,,05:24,,,,,,,,05:06,,,,05:21,,,04:50,,,,,,
HR_Up_98512,,,,,,,,,,,,,,,,,,,,05:17,,,,,,,,,,,,,,,,,,,,,,,,,,,,,,,,,,,,,05:23,,,,,,,05:12,,,,,,,,,,,,,,,,,,,,,,,,,,,,,,,,,,,,,,,,,05:35,,,05:04,,,,,,
HR_Up_98514,,,,,,,,,,,,,,,,,,,,05:28,,05:37,05:52,,,,,,,05:57,,,,05:40,,,05:26,,,,,,,,,,,,,,,,,,,,05:34,,,,,,,05:23,,,06:01,,,,,06:04,,,,,,,,,,,,,,,05:54,05:59,,,,,05:49,,,,,,,,05:31,,,,05:46,,,05:15,,,,,,
HR_Up_98516,,,,,,,,,,,,,,,,,,,,05:40,,05:49,06:04,,,,,,,06:09,,,,05:52,,,05:38,,,,,,,,,,,,,,,,,,,,05:46,,,,,,,05:35,,,06:13,,,,,06:16,,,,,,,,,,,,,,,06:06,06:11,,,,,06:01,,,,,,,,05:43,,,,05:58,,,05:27,,,,,,
HR_Up_98518,,,,,,,,,,,,,,,,,,,,05:56,,06:05,06:20,,,,,,,06:25,,,,06:08,,,05:54,,,,,,,,,,,,,,,,,,,,06:02,,,,,,,05:51,,,06:29,,,,,06:32,,,,,,,,,,,,,,,06:22,06:27,,,,,06:17,,,,,,,,05:59,,,,06:14,,,05:43,,,,,,
HR_Up_98520,,,,,,,,,,,,,,,,,,,,06:36,,06:45,07:00,,,,,,,07:05,,,,06:48,,,06:34,,,,,,,,,,,,,,,,,,,,06:42,,,,,,,06:31,,,07:09,,,,,07:13,,,,,,,,,,,,,,,07:02,07:07,,,,,06:57,,,,,,,,06:39,,,,06:54,,,06:23,,,,,,
HR_Up_98522,,,,,,,,,,,,,,,,,,,,07:08,,,,,,,,,,,,,,,,,,,,,,,,,,,,,,,,,,,,,07:14,,,,,,,07:03,,,,,,,,,,,,,,,,,,,,,,,,,,,,,,,,,,,,,,,,,07:26,,,06:55,,,,,,
HR_Up_98524,,,,,,,,,,,,,,,,,,,,07:20,,07:29,07:44,,,,,,,07:49,,,,07:32,,,07:18,,,,,,,,,,,,,,,,,,,,07:26,,,,,,,07:15,,,07:53,,,,,07:56,,,,,,,,,,,,,,,07:46,07:51,,,,,07:41,,,,,,,,07:23,,,,07:38,,,07:07,,,,,,
HR_Up_98526,,,,,,,,,,,,,,,,,,,,07:44,,07:53,08:08,,,,,,,08:13,,,,07:56,,,07:42,,,,,,,,,,,,,,,,,,,,07:50,,,,,,,07:39,,,08:17,,,,,08:20,,,,,,,,,,,,,,,08:10,08:15,,,,,08:05,,,,,,,,07:47,,,,08:02,,,07:31,,,,,,
HR_Up_98528,,,,,,,,,,,,,,,,,,,,08:01,,08:10,08:25,,,,,,,08:30,,,,08:13,,,07:59,,,,,,,,,,,,,,,,,,,,08:07,,,,,,,07:56,,,08:34,,,,,08:37,,,,,,,,,,,,,,,08:27,08:32,,,,,08:22,,,,,,,,08:04,,,,08:19,,,07:48,,,,,,
HR_Up_98530,,,,,,,,,,,,,,,,,,,,08:26,,08:35,08:50,,,,,,,08:55,,,,08:38,,,08:24,,,,,,,,,,,,,,,,,,,,08:32,,,,,,,08:21,,,08:59,,,,,09:02,,,,,,,,,,,,,,,08:52,08:57,,,,,08:47,,,,,,,,08:29,,,,08:44,,,08:13,,,,,,
HR_Up_98532,,,,,,,,,,,,,,,,,,,,08:46,,08:55,09:10,,,,,,,09:15,,,,08:58,,,08:44,,,,,,,,,,,,,,,,,,,,08:52,,,,,,,08:41,,,09:19,,,,,09:22,,,,,,,,,,,,,,,09:12,09:17,,,,,09:07,,,,,,,,08:49,,,,09:04,,,08:33,,,,,,
HR_Up_98534,,,,,,,,,,,,,,,,,,,,09:26,,09:35,09:50,,,,,,,09:55,,,,09:38,,,09:24,,,,,,,,,,,,,,,,,,,,09:32,,,,,,,09:21,,,09:59,,,,,10:02,,,,,,,,,,,,,,,09:52,09:57,,,,,09:47,,,,,,,,09:29,,,,09:44,,,09:12,,,,,,
HR_Up_98536,,,,,,,,,,,,,,,,,,,,09:58,,10:07,10:22,,,,,,,10:27,,,,10:10,,,09:56,,,,,,,,,,,,,,,,,,,,10:04,,,,,,,09:53,,,10:31,,,,,10:34,,,,,,,,,,,,,,,10:24,10:29,,,,,10:19,,,,,,,,10:01,,,,10:16,,,09:44,,,,,,
HR_Up_98538,,,,,,,,,,,,,,,,,,,,10:20,,10:29,10:44,,,,,,,10:49,,,,10:32,,,10:18,,,,,,,,,,,,,,,,,,,,10:26,,,,,,,10:15,,,10:53,,,,,10:56,,,,,,,,,,,,,,,10:46,10:51,,,,,10:41,,,,,,,,10:23,,,,10:38,,,10:07,,,,,,
HR_Up_98540,,,,,,,,,,,,,,,,,,,,10:32,,10:41,10:56,,,,,,,11:01,,,,10:44,,,10:30,,,,,,,,,,,,,,,,,,,,10:38,,,,,,,10:27,,,11:05,,,,,11:08,,,,,,,,,,,,,,,10:58,11:03,,,,,10:53,,,,,,,,10:35,,,,10:50,,,10:19,,,,,,
HR_Up_98542,,,,,,,,,,,,,,,,,,,,14:44,,14:53,15:08,,,,,,,15:13,,,,14:56,,,14:42,,,,,,,,,,,,,,,,,,,,14:50,,,,,,,14:39,,,15:17,,,,,15:20,,,,,,,,,,,,,,,15:10,15:15,,,,,15:05,,,,,,,,14:47,,,,15:02,,,14:31,,,,,,
HR_Up_98544,,,,,,,,,,,,,,,,,,,,15:32,,15:41,15:56,,,,,,,16:01,,,,15:44,,,15:30,,,,,,,,,,,,,,,,,,,,15:38,,,,,,,15:27,,,16:05,,,,,16:08,,,,,,,,,,,,,,,15:58,16:03,,,,,15:53,,,,,,,,15:35,,,,15:50,,,15:19,,,,,,
HR_Up_98546,,,,,,,,,,,,,,,,,,,,15:46,,15:55,16:10,,,,,,,16:15,,,,15:58,,,15:44,,,,,,,,,,,,,,,,,,,,15:52,,,,,,,15:41,,,16:19,,,,,16:22,,,,,,,,,,,,,,,16:12,16:17,,,,,16:07,,,,,,,,15:49,,,,16:04,,,15:33,,,,,,
HR_Up_98548,,,,,,,,,,,,,,,,,,,,16:07,,,,,,,,,,,,,,,,,,,,,,,,,,,,,,,,,,,,,16:13,,,,,,,16:02,,,,,,,,,,,,,,,,,,,,,,,,,,,,,,,,,,,,,,,,,16:26,,,15:54,,,,,,
HR_Up_98550,,,,,,,,,,,,,,,,,,,,16:24,,16:33,16:48,,,,,,,16:53,,,,16:36,,,16:22,,,,,,,,,,,,,,,,,,,,16:30,,,,,,,16:19,,,16:57,,,,,17:00,,,,,,,,,,,,,,,16:50,16:55,,,,,16:45,,,,,,,,16:27,,,,16:42,,,16:11,,,,,,
HR_Up_98552,,,,,,,,,,,,,,,,,,,,16:36,,,,,,,,,,,,,,,,,,,,,,,,,,,,,,,,,,,,,16:42,,,,,,,16:31,,,,,,,,,,,,,,,,,,,,,,,,,,,,,,,,,,,,,,,,,16:54,,,16:23,,,,,,
HR_Up_98554,,,,,,,,,,,,,,,,,,,,16:48,,,,,,,,,,,,,,,,,,,,,,,,,,,,,,,,,,,,,16:54,,,,,,,16:43,,,,,,,,,,,,,,,,,,,,,,,,,,,,,,,,,,,,,,,,,17:06,,,16:35,,,,,,
HR_Up_98556,,,,,,,,,,,,,,,,,,,,16:57,,17:06,17:21,,,,,,,17:26,,,,17:09,,,16:55,,,,,,,,,,,,,,,,,,,,17:03,,,,,,,16:52,,,17:30,,,,,17:33,,,,,,,,,,,,,,,17:23,17:28,,,,,17:18,,,,,,,,17:00,,,,17:15,,,16:44,,,,,,
HR_Up_98558,,,,,,,,,,,,,,,,,,,,17:08,,,,,,,,,,,,,,,,,,,,,,,,,,,,,,,,,,,,,17:14,,,,,,,17:03,,,,,,,,,,,,,,,,,,,,,,,,,,,,,,,,,,,,,,,,,17:26,,,16:55,,,,,,
HR_Up_98560,,,,,,,,,,,,,,,,,,,,17:25,,17:34,17:49,,,,,,,17:54,,,,17:37,,,17:23,,,,,,,,,,,,,,,,,,,,17:31,,,,,,,17:20,,,17:58,,,,,18:01,,,,,,,,,,,,,,,17:51,17:56,,,,,17:46,,,,,,,,17:28,,,,17:43,,,17:12,,,,,,
HR_Up_98562,,,,,,,,,,,,,,,,,,,,17:40,,17:49,18:04,,,,,,,18:09,,,,17:52,,,17:38,,,,,,,,,,,,,,,,,,,,17:46,,,,,,,17:35,,,18:13,,,,,18:16,,,,,,,,,,,,,,,18:06,18:11,,,,,18:01,,,,,,,,17:43,,,,17:58,,,17:27,,,,,,
HR_Up_98564,,,,,,,,,,,,,,,,,,,,17:57,,18:06,18:21,,,,,,,18:26,,,,18:09,,,17:55,,,,,,,,,,,,,,,,,,,,18:03,,,,,,,17:52,,,18:30,,,,,18:33,,,,,,,,,,,,,,,18:23,18:28,,,,,18:18,,,,,,,,18:00,,,,18:15,,,17:44,,,,,,
HR_Up_98566,,,,,,,,,,,,,,,,,,,,18:21,,18:30,18:45,,,,,,,18:50,,,,18:33,,,18:19,,,,,,,,,,,,,,,,,,,,18:27,,,,,,,18:16,,,18:54,,,,,18:57,,,,,,,,,,,,,,,18:47,18:52,,,,,18:42,,,,,,,,18:24,,,,18:39,,,18:07,,,,,,
HR_Up_98568,,,,,,,,,,,,,,,,,,,,18:40,,18:49,19:05,,,,,,,19:10,,,,18:52,,,18:38,,,,,,,,,,,,,,,,,,,,18:46,,,,,,,18:35,,,19:14,,,,,19:17,,,,,,,,,,,,,,,19:07,19:12,,,,,19:02,,,,,,,,18:43,,,,18:59,,,18:26,,,,,,
HR_Up_98570,,,,,,,,,,,,,,,,,,,,19:08,,19:17,19:32,,,,,,,19:37,,,,19:20,,,19:06,,,,,,,,,,,,,,,,,,,,19:14,,,,,,,19:03,,,19:41,,,,,19:44,,,,,,,,,,,,,,,19:34,19:39,,,,,19:29,,,,,,,,19:11,,,,19:26,,,18:54,,,,,,
HR_Up_98572,,,,,,,,,,,,,,,,,,,,19:28,,19:37,19:52,,,,,,,19:57,,,,19:40,,,19:26,,,,,,,,,,,,,,,,,,,,19:34,,,,,,,19:23,,,20:01,,,,,20:04,,,,,,,,,,,,,,,19:54,19:59,,,,,19:49,,,,,,,,19:31,,,,19:46,,,19:15,,,,,,
HR_Up_98574,,,,,,,,,,,,,,,,,,,,20:22,,20:31,20:46,,,,,,,20:51,,,,20:34,,,20:20,,,,,,,,,,,,,,,,,,,,20:28,,,,,,,20:17,,,20:55,,,,,20:58,,,,,,,,,,,,,,,20:48,20:53,,,,,20:43,,,,,,,,20:25,,,,20:40,,,20:09,,,,,,
HR_Up_98576,,,,,,,,,,,,,,,,,,,,20:42,,20:51,21:06,,,,,,,21:11,,,,20:54,,,20:40,,,,,,,,,,,,,,,,,,,,20:48,,,,,,,20:37,,,21:15,,,,,21:18,,,,,,,,,,,,,,,21:08,21:13,,,,,21:03,,,,,,,,20:45,,,,21:00,,,20:29,,,,,,
HR_Up_98578,,,,,,,,,,,,,,,,,,,,21:02,,21:11,21:26,,,,,,,21:31,,,,21:14,,,21:00,,,,,,,,,,,,,,,,,,,,21:08,,,,,,,20:57,,,21:35,,,,,21:38,,,,,,,,,,,,,,,21:28,21:33,,,,,21:23,,,,,,,,21:05,,,,21:20,,,20:49,,,,,,
HR_Up_98602,,,,,,,,,,,,,,,,,,,,08:10,,08:19,08:34,,,,,,,08:39,,,,08:22,,,08:08,,,,,,,,,,,,,,,,,,,,08:16,,,,,,,08:05,,,08:43,,,,,08:46,,,,,,,,,,,,,,,08:36,08:41,,,,,08:31,,,,,,,,08:13,,,,08:28,,,,,,,,,
HR_Up_98604,,,,,,,,,,,,,,,,,,,,08:58,,09:07,09:22,,,,,,,09:27,,,,09:10,,,08:56,,,,,,,,,,,,,,,,,,,,09:04,,,,,,,08:53,,,09:31,,,,,09:34,,,,,,,,,,,,,,,09:24,09:29,,,,,09:19,,,,,,,,09:01,,,,09:16,,,,,,,,,
HR_Up_98606,,,,,,,,,,,,,,,,,,,,09:14,,09:24,09:39,,,,,,,09:44,,,,09:27,,,,,,,,,,,,,,,,,,,,,,,09:21,,,,,,,,,,09:48,,,,,09:52,,,,,,,,,,,,,,,09:41,09:46,,,,,09:36,,,,,,,,09:18,,,,09:33,,,,,,,,,
HR_Up_98702,,,,,00:18,,,,,,00:32,,,,,,,,,,,,00:50,,,,,,,00:55,,,,,,00:07,,,00:14,,,,,,,,,,,,00:28,,,,00:38,,,,,,00:35,,,,,,00:59,,,,,01:02,,,,,,,,,,,,,,00:11,00:52,00:57,,,00:25,,00:47,,,,,,,,,,,,00:44,,,,,,,,00:22,
HR_Up_98704,,,,,05:16,,,,,,05:30,,,,,,,,,,,,05:48,,,,,,,05:53,,,,,,05:05,,,05:12,,,,,,,,,,,,05:26,,,,05:36,,,,,,05:33,,,,,,05:57,,,,,06:00,,,,,,,,,,,,,,05:09,05:50,05:55,,,05:23,,05:45,,,,,,,,,,,,05:42,,,,,,,,05:20,
HR_Up_98706,,,,,05:28,,,,,,05:42,,,,,,,,,,,,06:00,,,,,,,06:05,,,,,,05:17,,,05:24,,,,,,,,,,,,05:38,,,,05:48,,,,,,05:45,,,,,,06:09,,,,,06:12,,,,,,,,,,,,,,05:21,06:02,06:07,,,05:35,,05:57,,,,,,,,,,,,05:54,,,,,,,,05:32,
HR_Up_98708,,,,,05:44,,,,,,05:58,,,,,,,,,,,,06:16,,,,,,,06:21,,,,,,05:33,,,05:40,,,,,,,,,,,,05:54,,,,06:04,,,,,,06:01,,,,,,06:25,,,,,06:28,,,,,,,,,,,,,,05:37,06:18,06:23,,,05:51,,06:13,,,,,,,,,,,,06:10,,,,,,,,05:48,
HR_Up_98710,,,,,06:10,,,,,,06:24,,,,,,,,,,,,06:42,,,,,,,06:47,,,,,,05:59,,,06:06,,,,,,,,,,,,06:20,,,,06:30,,,,,,06:27,,,,,,06:51,,,,,06:54,,,,,,,,,,,,,,06:03,06:44,06:49,,,06:17,,06:39,,,,,,,,,,,,06:36,,,,,,,,06:14,
HR_Up_98712,,,,,06:25,,,,,,06:39,,,,,,,,,,,,06:57,,,,,,,07:02,,,,,,06:14,,,06:21,,,,,,,,,,,,06:35,,,,06:45,,,,,,06:42,,,,,,07:06,,,,,07:09,,,,,,,,,,,,,,06:18,06:59,07:04,,,06:32,,06:54,,,,,,,,,,,,06:51,,,,,,,,06:29,
HR_Up_98714,,,,,06:46,,,,,,07:00,,,,,,,,,,,,07:18,,,,,,,07:23,,,,,,06:35,,,06:42,,,,,,,,,,,,06:56,,,,07:06,,,,,,07:03,,,,,,07:27,,,,,07:30,,,,,,,,,,,,,,06:39,07:20,07:25,,,06:53,,07:15,,,,,,,,,,,,07:12,,,,,,,,06:50,
HR_Up_98716,,,,,07:08,,,,,,07:22,,,,,,,,,,,,07:40,,,,,,,07:45,,,,,,06:57,,,07:04,,,,,,,,,,,,07:18,,,,07:28,,,,,,07:25,,,,,,07:49,,,,,07:52,,,,,,,,,,,,,,07:01,07:42,07:47,,,07:15,,07:37,,,,,,,,,,,,07:34,,,,,,,,07:12,
HR_Up_98718,,,,,07:28,,,,,,07:42,,,,,,,,,,,,08:00,,,,,,,08:05,,,,,,07:17,,,07:24,,,,,,,,,,,,07:38,,,,07:48,,,,,,07:45,,,,,,08:09,,,,,08:12,,,,,,,,,,,,,,07:21,08:02,08:07,,,07:35,,07:57,,,,,,,,,,,,07:54,,,,,,,,07:32,
HR_Up_98720,,,,,07:58,,,,,,08:12,,,,,,,,,,,,08:30,,,,,,,08:35,,,,,,07:47,,,07:54,,,,,,,,,,,,08:08,,,,08:18,,,,,,08:15,,,,,,08:39,,,,,08:42,,,,,,,,,,,,,,07:51,08:32,08:37,,,08:05,,08:27,,,,,,,,,,,,08:24,,,,,,,,08:02,
HR_Up_98722,,,,,08:28,,,,,,08:43,,,,,,,,,,,,09:02,,,,,,,09:07,,,,,,08:17,,,08:24,,,,,,,,,,,,08:38,,,,08:50,,,,,,08:47,,,,,,09:11,,,,,09:14,,,,,,,,,,,,,,08:21,09:04,09:09,,,08:35,,08:59,,,,,,,,,,,,08:56,,,,,,,,08:32,
HR_Up_98724,,,,,09:02,,,,,,09:17,,,,,,,,,,,,09:36,,,,,,,09:41,,,,,,08:51,,,08:58,,,,,,,,,,,,09:13,,,,09:24,,,,,,09:21,,,,,,09:45,,,,,09:48,,,,,,,,,,,,,,08:55,09:38,09:43,,,09:10,,09:33,,,,,,,,,,,,09:30,,,,,,,,09:07,
HR_Up_98726,,,,,09:24,,,,,,09:38,,,,,,,,,,,,09:58,,,,,,,10:03,,,,,,09:13,,,09:20,,,,,,,,,,,,09:34,,,,09:45,,,,,,09:42,,,,,,10:07,,,,,10:10,,,,,,,,,,,,,,09:17,10:00,10:05,,,09:31,,09:55,,,,,,,,,,,,09:52,,,,,,,,09:28,
HR_Up_98728,,,,,09:57,,,,,,10:11,,,,,,,,,,,,10:29,,,,,,,10:34,,,,,,09:46,,,09:53,,,,,,,,,,,,10:07,,,,10:17,,,,,,10:14,,,,,,10:38,,,,,10:41,,,,,,,,,,,,,,09:50,10:31,10:36,,,10:04,,10:26,,,,,,,,,,,,10:23,,,,,,,,10:01,
HR_Up_98730,,,,,10:17,,,,,,10:31,,,,,,,,,,,,10:51,,,,,,,10:56,,,,,,10:06,,,10:13,,,,,,,,,,,,10:27,,,,10:38,,,,,,10:35,,,,,,11:00,,,,,11:04,,,,,,,,,,,,,,10:10,10:53,10:58,,,10:24,,10:48,,,,,,,,,,,,10:45,,,,,,,,10:21,
HR_Up_98732,,,,,10:46,,,,,,11:00,,,,,,,,,,,,11:18,,,,,,,11:23,,,,,,10:35,,,10:42,,,,,,,,,,,,10:56,,,,11:06,,,,,,11:03,,,,,,11:27,,,,,11:30,,,,,,,,,,,,,,10:39,11:20,11:25,,,10:53,,11:15,,,,,,,,,,,,11:12,,,,,,,,10:50,
HR_Up_98734,,,,,11:11,,,,,,11:25,,,,,,,,,,,,11:44,,,,,,,11:49,,,,,,11:00,,,11:07,,,,,,,,,,,,11:21,,,,11:32,,,,,,11:29,,,,,,11:53,,,,,11:56,,,,,,,,,,,,,,11:04,11:46,11:51,,,11:18,,11:41,,,,,,,,,,,,11:38,,,,,,,,11:15,
HR_Up_98736,,,,,11:35,,,,,,11:51,,,,,,,,,,,,12:09,,,,,,,12:14,,,,,,11:23,,,11:31,,,,,,,,,,,,11:46,,,,11:57,,,,,,11:54,,,,,,12:18,,,,,12:21,,,,,,,,,,,,,,11:28,12:11,12:16,,,11:43,,12:06,,,,,,,,,,,,12:03,,,,,,,,11:39,
HR_Up_98738,,,,,12:06,,,,,,12:23,,,,,,,,,,,,12:42,,,,,,,12:47,,,,,,11:54,,,12:02,,,,,,,,,,,,12:18,,,,12:30,,,,,,12:27,,,,,,12:51,,,,,12:54,,,,,,,,,,,,,,11:59,12:44,12:49,,,12:15,,12:39,,,,,,,,,,,,12:36,,,,,,,,12:11,
HR_Up_98740,,,,,12:38,,,,,,12:52,,,,,,,,,,,,13:10,,,,,,,13:15,,,,,,12:27,,,12:34,,,,,,,,,,,,12:48,,,,12:58,,,,,,12:55,,,,,,13:19,,,,,13:22,,,,,,,,,,,,,,12:31,13:12,13:17,,,12:45,,13:07,,,,,,,,,,,,13:04,,,,,,,,12:42,
HR_Up_98742,,,,,13:04,,,,,,13:18,,,,,,,,,,,,13:36,,,,,,,13:41,,,,,,12:53,,,13:00,,,,,,,,,,,,13:14,,,,13:24,,,,,,13:21,,,,,,13:45,,,,,13:48,,,,,,,,,,,,,,12:57,13:38,13:43,,,13:11,,13:33,,,,,,,,,,,,13:30,,,,,,,,13:08,
HR_Up_98744,,,,,13:26,,,,,,13:40,,,,,,,,,,,,13:57,,,,,,,14:02,,,,,,13:15,,,13:22,,,,,,,,,,,,13:36,,,,13:46,,,,,,13:43,,,,,,14:06,,,,,14:09,,,,,,,,,,,,,,13:19,13:59,14:04,,,13:33,,13:54,,,,,,,,,,,,13:51,,,,,,,,13:30,
HR_Up_98746,,,,,14:16,,,,,,14:30,,,,,,,,,,,,14:48,,,,,,,14:53,,,,,,14:05,,,14:12,,,,,,,,,,,,14:26,,,,14:36,,,,,,14:33,,,,,,14:57,,,,,15:00,,,,,,,,,,,,,,14:09,14:50,14:55,,,14:23,,14:45,,,,,,,,,,,,14:42,,,,,,,,14:20,
HR_Up_98748,,,,,14:44,,,,,,14:58,,,,,,,,,,,,15:16,,,,,,,15:21,,,,,,14:33,,,14:40,,,,,,,,,,,,14:54,,,,15:04,,,,,,15:01,,,,,,15:25,,,,,15:28,,,,,,,,,,,,,,14:37,15:18,15:23,,,14:51,,15:13,,,,,,,,,,,,15:10,,,,,,,,14:48,
HR_Up_98750,,,,,15:10,,,,,,15:24,,,,,,,,,,,,15:42,,,,,,,15:47,,,,,,14:59,,,15:06,,,,,,,,,,,,15:20,,,,15:30,,,,,,15:27,,,,,,15:51,,,,,15:54,,,,,,,,,,,,,,15:03,15:44,15:49,,,15:17,,15:39,,,,,,,,,,,,15:36,,,,,,,,15:14,
HR_Up_98752,,,,,15:46,,,,,,16:00,,,,,,,,,,,,16:18,,,,,,,16:23,,,,,,15:35,,,15:42,,,,,,,,,,,,15:56,,,,16:06,,,,,,16:03,,,,,,16:27,,,,,16:30,,,,,,,,,,,,,,15:39,16:20,16:25,,,15:53,,16:15,,,,,,,,,,,,16:12,,,,,,,,15:50,
HR_Up_98754,,,,,16:12,,,,,,16:26,,,,,,,,,,,,16:44,,,,,,,16:49,,,,,,16:01,,,16:08,,,,,,,,,,,,16:22,,,,16:32,,,,,,16:29,,,,,,16:53,,,,,16:56,,,,,,,,,,,,,,16:05,16:46,16:51,,,16:19,,16:41,,,,,,,,,,,,16:38,,,,,,,,16:16,
HR_Up_98756,,,,,16:40,,,,,,16:54,,,,,,,,,,,,17:12,,,,,,,17:17,,,,,,16:29,,,16:36,,,,,,,,,,,,16:50,,,,17:00,,,,,,16:57,,,,,,17:21,,,,,17:24,,,,,,,,,,,,,,16:33,17:14,17:19,,,16:47,,17:09,,,,,,,,,,,,17:06,,,,,,,,16:44,
HR_Up_98758,,,,,17:09,,,,,,17:23,,,,,,,,,,,,17:41,,,,,,,17:46,,,,,,16:58,,,17:05,,,,,,,,,,,,17:19,,,,17:29,,,,,,17:26,,,,,,17:50,,,,,17:53,,,,,,,,,,,,,,17:02,17:43,17:48,,,17:16,,17:38,,,,,,,,,,,,17:35,,,,,,,,17:13,
HR_Up_98760,,,,,17:36,,,,,,17:50,,,,,,,,,,,,18:08,,,,,,,18:13,,,,,,17:25,,,17:32,,,,,,,,,,,,17:46,,,,17:56,,,,,,17:53,,,,,,18:17,,,,,18:20,,,,,,,,,,,,,,17:29,18:10,18:15,,,17:43,,18:05,,,,,,,,,,,,18:02,,,,,,,,17:40,
HR_Up_98762,,,,,18:04,,,,,,18:18,,,,,,,,,,,,18:37,,,,,,,18:42,,,,,,17:53,,,18:00,,,,,,,,,,,,18:14,,,,18:25,,,,,,18:22,,,,,,18:46,,,,,18:49,,,,,,,,,,,,,,17:57,18:39,18:44,,,18:11,,18:34,,,,,,,,,,,,18:31,,,,,,,,18:08,
HR_Up_98764,,,,,18:26,,,,,,18:41,,,,,,,,,,,,19:01,,,,,,,19:06,,,,,,18:14,,,18:21,,,,,,,,,,,,18:36,,,,18:48,,,,,,18:45,,,,,,19:10,,,,,19:13,,,,,,,,,,,,,,18:18,19:03,19:08,,,18:33,,18:58,,,,,,,,,,,,18:55,,,,,,,,18:30,
HR_Up_98766,,,,,18:52,,,,,,19:07,,,,,,,,,,,,19:27,,,,,,,19:32,,,,,,18:41,,,18:48,,,,,,,,,,,,19:02,,,,19:14,,,,,,19:11,,,,,,19:36,,,,,19:40,,,,,,,,,,,,,,18:45,19:29,19:34,,,18:59,,19:24,,,,,,,,,,,,19:21,,,,,,,,18:56,
HR_Up_98768,,,,,19:21,,,,,,19:36,,,,,,,,,,,,19:56,,,,,,,20:01,,,,,,19:10,,,19:17,,,,,,,,,,,,19:31,,,,19:44,,,,,,19:40,,,,,,20:05,,,,,20:08,,,,,,,,,,,,,,19:14,19:58,20:03,,,19:28,,19:53,,,,,,,,,,,,19:50,,,,,,,,19:25,
HR_Up_98770,,,,,19:38,,,,,,19:54,,,,,,,,,,,,20:12,,,,,,,20:17,,,,,,19:27,,,19:34,,,,,,,,,,,,19:49,,,,20:00,,,,,,19:57,,,,,,20:21,,,,,20:24,,,,,,,,,,,,,,19:31,20:14,20:19,,,19:45,,20:09,,,,,,,,,,,,20:06,,,,,,,,19:42,
HR_Up_98772,,,,,20:07,,,,,,20:21,,,,,,,,,,,,20:39,,,,,,,20:44,,,,,,19:56,,,20:03,,,,,,,,,,,,20:17,,,,20:27,,,,,,20:24,,,,,,20:48,,,,,20:51,,,,,,,,,,,,,,20:00,20:41,20:46,,,20:14,,20:36,,,,,,,,,,,,20:33,,,,,,,,20:11,
HR_Up_98774,,,,,20:37,,,,,,20:51,,,,,,,,,,,,21:10,,,,,,,21:15,,,,,,20:26,,,20:33,,,,,,,,,,,,20:47,,,,20:58,,,,,,20:55,,,,,,21:19,,,,,21:22,,,,,,,,,,,,,,20:30,21:12,21:17,,,20:44,,21:07,,,,,,,,,,,,21:04,,,,,,,,20:41,
HR_Up_98776,,,,,21:02,,,,,,21:16,,,,,,,,,,,,21:34,,,,,,,21:39,,,,,,20:51,,,20:58,,,,,,,,,,,,21:12,,,,21:22,,,,,,21:19,,,,,,21:43,,,,,21:46,,,,,,,,,,,,,,20:55,21:36,21:41,,,21:09,,21:31,,,,,,,,,,,,21:28,,,,,,,,21:06,
HR_Up_98778,,,,,21:26,,,,,,21:40,,,,,,,,,,,,21:58,,,,,,,22:03,,,,,,21:15,,,21:22,,,,,,,,,,,,21:36,,,,21:46,,,,,,21:43,,,,,,22:07,,,,,22:10,,,,,,,,,,,,,,21:19,22:00,22:05,,,21:33,,21:55,,,,,,,,,,,,21:52,,,,,,,,21:30,
HR_Up_98780,,,,,21:54,,,,,,22:08,,,,,,,,,,,,22:26,,,,,,,22:31,,,,,,21:43,,,21:50,,,,,,,,,,,,22:04,,,,22:14,,,,,,22:11,,,,,,22:35,,,,,22:38,,,,,,,,,,,,,,21:47,22:28,22:33,,,22:01,,22:23,,,,,,,,,,,,22:20,,,,,,,,21:58,
HR_Up_98782,,,,,22:26,,,,,,22:40,,,,,,,,,,,,22:58,,,,,,,23:03,,,,,,22:15,,,22:22,,,,,,,,,,,,22:36,,,,22:46,,,,,,22:43,,,,,,23:07,,,,,23:10,,,,,,,,,,,,,,22:19,23:00,23:05,,,22:33,,22:55,,,,,,,,,,,,22:52,,,,,,,,22:30,
HR_Up_98784,,,,,22:51,,,,,,23:05,,,,,,,,,,,,23:23,,,,,,,23:28,,,,,,22:40,,,22:47,,,,,,,,,,,,23:01,,,,23:11,,,,,,23:08,,,,,,23:32,,,,,23:35,,,,,,,,,,,,,,22:44,23:25,23:30,,,22:58,,23:20,,,,,,,,,,,,23:17,,,,,,,,22:55,
HR_Up_98786,,,,,23:17,,,,,,23:31,,,,,,,,,,,,,,,,,,,,,,,,,23:06,,,,,,,,,,,,,,,,,,,,,,,,,,,,,,,,,,,,,,,,,,,,,,,,,,,,,,,,,,,,,,,,,,,,,23:43,,,,,,,,,
HR_Up_98788,,,,,23:44,,,,,,23:58,,,,,,,,,,,,00:16,,,,,,,00:21,,,,,,23:33,,,,,,,,,,,,,,,,,,,00:04,,,,,,00:01,,,,,,00:25,,,,,00:28,,,,,,,,,,,,,,,00:18,00:23,,,,,00:13,,,,,,,,,,,,00:10,,,,,,,,,
HR_Up_98802,,,,,,,,,,,04:17,,,,,,,,,,,,04:36,,,,,,,04:41,,,,,,,,,,,,,,,,,,,,,,,,,04:24,,,,,,04:21,,,,,,04:45,,,,,04:48,,,,,,,,,,,,,,,04:38,04:43,,,,,04:33,,,,,,,,,,,,04:30,,,,,,,,,
HR_Up_98804,,,,,,,,,,,04:34,,,,,,,,,,,,04:52,,,,,,,04:57,,,,,,,,,,,,,,,,,,,,,,,,,04:40,,,,,,04:37,,,,,,05:01,,,,,05:04,,,,,,,,,,,,,,,04:54,04:59,,,,,04:49,,,,,,,,,,,,04:46,,,,,,,,,
HR_Up_98806,,,,,,,,,,,05:13,,,,,,,,,,,,05:31,,,,,,,05:36,,,,,,,,,,,,,,,,,,,,,,,,,05:19,,,,,,05:16,,,,,,05:40,,,,,05:43,,,,,,,,,,,,,,,05:33,05:38,,,,,05:28,,,,,,,,,,,,05:25,,,,,,,,,
HR_Up_98808,,,,,,,,,,,06:10,,,,,,,,,,,,06:28,,,,,,,06:33,,,,,,,,,,,,,,,,,,,,,,,,,06:16,,,,,,06:13,,,,,,06:37,,,,,06:40,,,,,,,,,,,,,,,06:30,06:35,,,,,06:25,,,,,,,,,,,,06:22,,,,,,,,,
HR_Up_98810,,,,,,,,,,,06:45,,,,,,,,,,,,07:05,,,,,,,07:10,,,,,,,,,,,,,,,,,,,,,,,,,06:52,,,,,,06:49,,,,,,07:14,,,,,07:17,,,,,,,,,,,,,,,07:07,07:12,,,,,07:02,,,,,,,,,,,,06:59,,,,,,,,,
HR_Up_98812,,,,,,,,,,,07:13,,,,,,,,,,,,07:32,,,,,,,07:37,,,,,,,,,,,,,,,,,,,,,,,,,07:20,,,,,,07:17,,,,,,07:41,,,,,07:44,,,,,,,,,,,,,,,07:34,07:39,,,,,07:29,,,,,,,,,,,,07:26,,,,,,,,,
HR_Up_98814,,,,,,,,,,,07:29,,,,,,,,,,,,07:48,,,,,,,07:53,,,,,,,,,,,,,,,,,,,,,,,,,07:36,,,,,,07:33,,,,,,07:57,,,,,08:00,,,,,,,,,,,,,,,07:50,07:55,,,,,07:45,,,,,,,,,,,,07:42,,,,,,,,,
HR_Up_98816,,,,,,,,,,,07:58,,,,,,,,,,,,08:17,,,,,,,08:22,,,,,,,,,,,,,,,,,,,,,,,,,08:05,,,,,,08:02,,,,,,08:26,,,,,08:29,,,,,,,,,,,,,,,08:19,08:24,,,,,08:14,,,,,,,,,,,,08:11,,,,,,,,,
HR_Up_98818,,,,,,,,,,,08:28,,,,,,,,,,,,08:46,,,,,,,08:51,,,,,,,,,,,,,,,,,,,,,,,,,08:34,,,,,,08:31,,,,,,08:55,,,,,08:58,,,,,,,,,,,,,,,08:48,08:53,,,,,08:43,,,,,,,,,,,,08:40,,,,,,,,,
HR_Up_98820,,,,,,,,,,,08:53,,,,,,,,,,,,09:13,,,,,,,09:18,,,,,,,,,,,,,,,,,,,,,,,,,09:01,,,,,,08:57,,,,,,09:22,,,,,09:26,,,,,,,,,,,,,,,09:15,09:20,,,,,09:10,,,,,,,,,,,,09:07,,,,,,,,,
HR_Up_98822,,,,,,,,,,,09:08,,,,,,,,,,,,09:30,,,,,,,09:35,,,,,,,,,,,,,,,,,,,,,,,,,09:16,,,,,,09:12,,,,,,09:39,,,,,09:42,,,,,,,,,,,,,,,09:32,09:37,,,,,09:27,,,,,,,,,,,,09:24,,,,,,,,,
HR_Up_98824,,,,,,,,,,,09:27,,,,,,,,,,,,09:47,,,,,,,09:52,,,,,,,,,,,,,,,,,,,,,,,,,09:34,,,,,,09:31,,,,,,09:56,,,,,09:59,,,,,,,,,,,,,,,09:49,09:54,,,,,09:44,,,,,,,,,,,,09:41,,,,,,,,,
HR_Up_98826,,,,,,,,,,,09:51,,,,,,,,,,,,10:10,,,,,,,10:15,,,,,,,,,,,,,,,,,,,,,,,,,09:58,,,,,,09:55,,,,,,10:19,,,,,10:22,,,,,,,,,,,,,,,10:12,10:17,,,,,10:07,,,,,,,,,,,,10:04,,,,,,,,,
HR_Up_98828,,,,,,,,,,,10:20,,,,,,,,,,,,10:40,,,,,,,10:45,,,,,,,,,,,,,,,,,,,,,,,,,10:28,,,,,,10:24,,,,,,10:49,,,,,10:52,,,,,,,,,,,,,,,10:42,10:47,,,,,10:37,,,,,,,,,,,,10:34,,,,,,,,,
HR_Up_98830,,,,,,,,,,,10:45,,,,,,,,,,,,11:04,,,,,,,11:09,,,,,,,,,,,,,,,,,,,,,,,,,10:52,,,,,,10:49,,,,,,11:13,,,,,11:16,,,,,,,,,,,,,,,11:06,11:11,,,,,11:01,,,,,,,,,,,,10:58,,,,,,,,,
HR_Up_98832,,,,,,,,,,,11:17,,,,,,,,,,,,11:36,,,,,,,11:41,,,,,,,,,,,,,,,,,,,,,,,,,11:24,,,,,,11:21,,,,,,11:45,,,,,11:48,,,,,,,,,,,,,,,11:38,11:43,,,,,11:33,,,,,,,,,,,,11:30,,,,,,,,,
HR_Up_98834,,,,,,,,,,,11:41,,,,,,,,,,,,12:00,,,,,,,12:05,,,,,,,,,,,,,,,,,,,,,,,,,11:48,,,,,,11:45,,,,,,12:09,,,,,12:12,,,,,,,,,,,,,,,12:02,12:07,,,,,11:57,,,,,,,,,,,,11:54,,,,,,,,,
HR_Up_98836,,,,,,,,,,,12:16,,,,,,,,,,,,12:35,,,,,,,12:40,,,,,,,,,,,,,,,,,,,,,,,,,12:23,,,,,,12:20,,,,,,12:44,,,,,12:47,,,,,,,,,,,,,,,12:37,12:42,,,,,12:32,,,,,,,,,,,,12:29,,,,,,,,,
HR_Up_98838,,,,,,,,,,,12:37,,,,,,,,,,,,12:55,,,,,,,13:00,,,,,,,,,,,,,,,,,,,,,,,,,12:43,,,,,,12:40,,,,,,13:04,,,,,13:07,,,,,,,,,,,,,,,12:57,13:02,,,,,12:52,,,,,,,,,,,,12:49,,,,,,,,,
HR_Up_98840,,,,,,,,,,,12:58,,,,,,,,,,,,13:18,,,,,,,13:23,,,,,,,,,,,,,,,,,,,,,,,,,13:05,,,,,,13:02,,,,,,13:27,,,,,13:30,,,,,,,,,,,,,,,13:20,13:25,,,,,13:15,,,,,,,,,,,,13:12,,,,,,,,,
HR_Up_98842,,,,,,,,,,,13:24,,,,,,,,,,,,13:44,,,,,,,13:49,,,,,,,,,,,,,,,,,,,,,,,,,13:32,,,,,,13:28,,,,,,13:53,,,,,13:56,,,,,,,,,,,,,,,13:46,13:51,,,,,13:41,,,,,,,,,,,,13:38,,,,,,,,,
HR_Up_98844,,,,,,,,,,,13:51,,,,,,,,,,,,14:10,,,,,,,14:15,,,,,,,,,,,,,,,,,,,,,,,,,13:58,,,,,,13:55,,,,,,14:19,,,,,14:22,,,,,,,,,,,,,,,14:12,14:17,,,,,14:07,,,,,,,,,,,,14:04,,,,,,,,,
HR_Up_98846,,,,,,,,,,,14:17,,,,,,,,,,,,14:36,,,,,,,14:41,,,,,,,,,,,,,,,,,,,,,,,,,14:24,,,,,,14:21,,,,,,14:45,,,,,14:48,,,,,,,,,,,,,,,14:38,14:43,,,,,14:33,,,,,,,,,,,,14:30,,,,,,,,,
HR_Up_98848,,,,,,,,,,,14:41,,,,,,,,,,,,15:00,,,,,,,15:05,,,,,,,,,,,,,,,,,,,,,,,,,14:48,,,,,,14:45,,,,,,15:09,,,,,15:12,,,,,,,,,,,,,,,15:02,15:07,,,,,14:57,,,,,,,,,,,,14:54,,,,,,,,,
HR_Up_98850,,,,,,,,,,,15:05,,,,,,,,,,,,15:24,,,,,,,15:29,,,,,,,,,,,,,,,,,,,,,,,,,15:12,,,,,,15:09,,,,,,15:33,,,,,15:36,,,,,,,,,,,,,,,15:26,15:31,,,,,15:21,,,,,,,,,,,,15:18,,,,,,,,,
HR_Up_98852,,,,,,,,,,,15:41,,,,,,,,,,,,16:00,,,,,,,16:05,,,,,,,,,,,,,,,,,,,,,,,,,15:48,,,,,,15:45,,,,,,16:09,,,,,16:12,,,,,,,,,,,,,,,16:02,16:07,,,,,15:57,,,,,,,,,,,,15:54,,,,,,,,,
HR_Up_98854,,,,,,,,,,,16:12,,,,,,,,,,,,16:31,,,,,,,16:36,,,,,,,,,,,,,,,,,,,,,,,,,16:19,,,,,,16:16,,,,,,16:40,,,,,16:43,,,,,,,,,,,,,,,16:33,16:38,,,,,16:28,,,,,,,,,,,,16:25,,,,,,,,,
HR_Up_98856,,,,,,,,,,,16:41,,,,,,,,,,,,17:00,,,,,,,17:05,,,,,,,,,,,,,,,,,,,,,,,,,16:48,,,,,,16:45,,,,,,17:09,,,,,17:12,,,,,,,,,,,,,,,17:02,17:07,,,,,16:57,,,,,,,,,,,,16:54,,,,,,,,,
HR_Up_98858,,,,,,,,,,,17:13,,,,,,,,,,,,17:32,,,,,,,17:37,,,,,,,,,,,,,,,,,,,,,,,,,17:20,,,,,,17:17,,,,,,17:41,,,,,17:44,,,,,,,,,,,,,,,17:34,17:39,,,,,17:29,,,,,,,,,,,,17:26,,,,,,,,,
HR_Up_98860,,,,,,,,,,,17:33,,,,,,,,,,,,17:52,,,,,,,17:57,,,,,,,,,,,,,,,,,,,,,,,,,17:40,,,,,,17:37,,,,,,18:01,,,,,18:04,,,,,,,,,,,,,,,17:54,17:59,,,,,17:49,,,,,,,,,,,,17:46,,,,,,,,,
HR_Up_98862,,,,,,,,,,,18:06,,,,,,,,,,,,18:25,,,,,,,18:30,,,,,,,,,,,,,,,,,,,,,,,,,18:13,,,,,,18:10,,,,,,18:34,,,,,18:37,,,,,,,,,,,,,,,18:27,18:32,,,,,18:22,,,,,,,,,,,,18:19,,,,,,,,,
HR_Up_98864,,,,,,,,,,,18:34,,,,,,,,,,,,18:53,,,,,,,18:58,,,,,,,,,,,,,,,,,,,,,,,,,18:41,,,,,,18:38,,,,,,19:02,,,,,19:05,,,,,,,,,,,,,,,18:55,19:00,,,,,18:50,,,,,,,,,,,,18:47,,,,,,,,,
HR_Up_98866,,,,,,,,,,,19:01,,,,,,,,,,,,19:20,,,,,,,19:25,,,,,,,,,,,,,,,,,,,,,,,,,19:08,,,,,,19:05,,,,,,19:29,,,,,19:32,,,,,,,,,,,,,,,19:22,19:27,,,,,19:17,,,,,,,,,,,,19:14,,,,,,,,,
HR_Up_98868,,,,,,,,,,,19:22,,,,,,,,,,,,19:40,,,,,,,19:45,,,,,,,,,,,,,,,,,,,,,,,,,19:28,,,,,,19:25,,,,,,19:49,,,,,19:52,,,,,,,,,,,,,,,19:42,19:47,,,,,19:37,,,,,,,,,,,,19:34,,,,,,,,,
HR_Up_98870,,,,,,,,,,,20:02,,,,,,,,,,,,20:20,,,,,,,20:25,,,,,,,,,,,,,,,,,,,,,,,,,20:08,,,,,,20:05,,,,,,20:29,,,,,20:32,,,,,,,,,,,,,,,20:22,20:27,,,,,20:17,,,,,,,,,,,,20:14,,,,,,,,,
HR_Up_98872,,,,,,,,,,,20:33,,,,,,,,,,,,20:54,,,,,,,20:59,,,,,,,,,,,,,,,,,,,,,,,,,20:41,,,,,,20:37,,,,,,21:03,,,,,21:06,,,,,,,,,,,,,,,20:56,21:01,,,,,20:51,,,,,,,,,,,,20:48,,,,,,,,,
HR_Up_98874,,,,,,,,,,,20:59,,,,,,,,,,,,21:18,,,,,,,21:23,,,,,,,,,,,,,,,,,,,,,,,,,21:06,,,,,,21:03,,,,,,21:27,,,,,21:30,,,,,,,,,,,,,,,21:20,21:25,,,,,21:15,,,,,,,,,,,,21:12,,,,,,,,,
HR_Up_98876,,,,,,,,,,,21:31,,,,,,,,,,,,21:51,,,,,,,21:56,,,,,,,,,,,,,,,,,,,,,,,,,21:38,,,,,,21:35,,,,,,22:00,,,,,22:03,,,,,,,,,,,,,,,21:53,21:58,,,,,21:48,,,,,,,,,,,,21:45,,,,,,,,,
HR_Up_98878,,,,,,,,,,,22:00,,,,,,,,,,,,22:18,,,,,,,22:23,,,,,,,,,,,,,,,,,,,,,,,,,22:06,,,,,,22:03,,,,,,22:27,,,,,22:30,,,,,,,,,,,,,,,22:20,22:25,,,,,22:15,,,,,,,,,,,,22:12,,,,,,,,,
HR_Up_98880,,,,,,,,,,,22:24,,,,,,,,,,,,22:42,,,,,,,22:47,,,,,,,,,,,,,,,,,,,,,,,,,22:30,,,,,,22:27,,,,,,22:51,,,,,22:54,,,,,,,,,,,,,,,22:44,22:49,,,,,22:39,,,,,,,,,,,,22:36,,,,,,,,,
HR_Up_98882,,,,,,,,,,,22:49,,,,,,,,,,,,23:08,,,,,,,23:13,,,,,,,,,,,,,,,,,,,,,,,,,22:56,,,,,,22:53,,,,,,23:17,,,,,23:20,,,,,,,,,,,,,,,23:10,23:15,,,,,23:05,,,,,,,,,,,,23:02,,,,,,,,,
HR_Up_98884,,,,,,,,,,,23:16,,,,,,,,,,,,23:35,,,,,,,23:40,,,,,,,,,,,,,,,,,,,,,,,,,23:23,,,,,,23:20,,,,,,23:44,,,,,23:47,,,,,,,,,,,,,,,23:37,23:42,,,,,23:32,,,,,,,,,,,,23:29,,,,,,,,,
HR_Up_98886,,,,,,,,,,,23:42,,,,,,,,,,,,00:01,,,,,,,00:06,,,,,,,,,,,,,,,,,,,,,,,,,,,,,,,,,,,,,00:10,,,,,00:13,,,,,,,,,,,,,,,00:03,00:08,,,,,,,,,,,,,,,,,23:55,,,,,,,,,
HR_Up_98901,,,,,07:28,,,,,,07:14,06:12,,,,,,,,06:40,,,,,,,,,,,,,,,,07:39,,,,,,,,,,,,,,,,,,,,,06:46,,,,,,,06:35,,,,,,,,,,,,,,,06:19,,05:57,,,,,,,,,,,,,,,,,,,,,,,,06:58,,,06:27,,,,,,
HR_Up_98903,,,,,08:31,,,,,,08:16,07:08,,,,,,,,07:36,,,,,,,,,,,,,,,,08:43,,,,,,,,,,,,,,,,,,,,,07:42,,,,,,,07:31,,,,,,,,,,,,,,,07:15,,06:53,,,,,,,,,,,,,,,,,,,,,,,,07:54,,,07:23,,,,,,
HR_Up_98905,,,,,09:11,,,,,,08:57,07:54,,,,,,,,08:22,,,,,,,,,,,,,,,,09:22,,,,,,,,,,,,,,,,,,,,,08:28,,,,,,,08:17,,,,,,,,,,,,,,,08:01,,07:39,,,,,,,,,,,,,,,,,,,,,,,,08:40,,,08:09,,,,,,
HR_Up_98907,,,,,12:08,,,,,,11:54,10:52,,,,,,,,11:20,,,,,,,,,,,,,,,,12:19,,,,,,,,,,,,,,,,,,,,,11:26,,,,,,,11:15,,,,,,,,,,,,,,,10:59,,10:37,,,,,,,,,,,,,,,,,,,,,,,,11:39,,,11:07,,,,,,
HR_Up_98909,,,,,18:07,,,,,,17:53,16:49,,,,,,,,17:17,,,,,,,,,,,,,,,,18:18,,,,,,,,,,,,,,,,,,,,,17:23,,,,,,,17:12,,,,,,,,,,,,,,,16:56,,16:34,,,,,,,,,,,,,,,,,,,,,,,,17:36,,,17:04,,,,,,
HR_Up_98911,,,,,18:33,,,,,,18:18,17:16,,,,,,,,17:44,,,,,,,,,,,,,,,,18:45,,,,,,,,,,,,,,,,,,,,,17:50,,,,,,,17:39,,,,,,,,,,,,,,,17:23,,17:01,,,,,,,,,,,,,,,,,,,,,,,,18:02,,,17:31,,,,,,
HR_Up_98913,,,,,19:02,,,,,,18:48,17:44,,,,,,,,18:13,,,,,,,,,,,,,,,,19:14,,,,,,,,,,,,,,,,,,,,,18:19,,,,,,,18:08,,,,,,,,,,,,,,,17:51,,17:29,,,,,,,,,,,,,,,,,,,,,,,,18:32,,,17:59,,,,,,
HR_Up_98915,,,,,20:05,,,,,,19:50,18:48,,,,,,,,19:16,,,,,,,,,,,,,,,,20:16,,,,,,,,,,,,,,,,,,,,,19:22,,,,,,,19:11,,,,,,,,,,,,,,,18:55,,18:33,,,,,,,,,,,,,,,,,,,,,,,,19:35,,,19:03,,,,,,
HR_Up_98917,,,,,21:08,,,,,,20:53,19:50,,,,,,,,20:18,,,,,,,,,,,,,,,,21:20,,,,,,,,,,,,,,,,,,,,,20:24,,,,,,,20:13,,,,,,,,,,,,,,,19:57,,19:35,,,,,,,,,,,,,,,,,,,,,,,,20:36,,,20:05,,,,,,
TH_Down_99001,00:13,,,,,,,,,,,00:42,,,,,,,,,,,,,,,,00:10,,,,,00:19,,,,,,,00:30,00:22,,,,,,,,,00:52,,,00:46,,,,,,,,,,,,00:49,,,,,,,,,,,,,,00:34,,00:57,,,00:16,,,,,,,,00:38,,,,,00:05,00:26,,,,,,,,,,,,,,,,
TH_Down_99003,05:20,,,,,,,,,,,05:49,,,,,,,,,,,,,,,,05:17,,,,,05:26,,,,,,,05:37,05:29,,,,,,,,,05:59,,,05:53,,,,,,,,,,,,05:56,,,,,,,,,,,,,,05:41,,06:04,,,05:23,,,,,,,,05:45,,,,,05:12,05:33,,,,,,,,,,,,,,,,
TH_Down_99005,06:28,,,,,,,,,,,06:57,,,,,,,,,,,,,,,,06:25,,,,,06:34,,,,,,,06:45,06:37,,,,,,,,,07:07,,,07:01,,,,,,,,,,,,07:04,,,,,,,,,,,,,,06:49,,07:12,,,06:31,,,,,,,,06:53,,,,,06:20,06:41,,,,,,,,,,,,,,,,
TH_Down_99007,07:12,,,,,,,,,,,07:42,,,,,,,,,,,,,,,,07:09,,,,,07:18,,,,,,,07:29,07:21,,,,,,,,,07:52,,,07:46,,,,,,,,,,,,07:49,,,,,,,,,,,,,,07:34,,07:57,,,07:15,,,,,,,,07:38,,,,,07:04,07:25,,,,,,,,,,,,,,,,
TH_Down_99009,08:11,,,,,,,,,,,08:41,,,,,,,,,,,,,,,,08:08,,,,,08:17,,,,,,,08:28,08:20,,,,,,,,,08:51,,,08:45,,,,,,,,,,,,08:48,,,,,,,,,,,,,,08:33,,08:56,,,08:14,,,,,,,,08:37,,,,,08:03,08:24,,,,,,,,,,,,,,,,
TH_Down_99011,08:49,,,,,,,,,,,09:18,,,,,,,,,,,,,,,,08:46,,,,,08:55,,,,,,,09:06,08:58,,,,,,,,,09:28,,,09:22,,,,,,,,,,,,09:25,,,,,,,,,,,,,,09:10,,09:33,,,08:52,,,,,,,,09:14,,,,,08:41,09:02,,,,,,,,,,,,,,,,
TH_Down_99013,09:22,,,,,,,,,,,09:51,,,,,,,,,,,,,,,,09:19,,,,,09:28,,,,,,,09:39,09:31,,,,,,,,,10:01,,,09:55,,,,,,,,,,,,09:58,,,,,,,,,,,,,,09:43,,10:06,,,09:25,,,,,,,,09:47,,,,,09:14,09:35,,,,,,,,,,,,,,,,
TH_Down_99015,09:47,,,,,,,,,,,10:16,,,,,,,,,,,,,,,,09:44,,,,,09:53,,,,,,,10:04,09:56,,,,,,,,,10:26,,,10:20,,,,,,,,,,,,10:23,,,,,,,,,,,,,,10:08,,10:31,,,09:50,,,,,,,,10:12,,,,,09:39,10:00,,,,,,,,,,,,,,,,
TH_Down_99017,10:09,,,,,,,,,,,10:39,,,,,,,,,,,,,,,,10:06,,,,,10:15,,,,,,,10:26,10:18,,,,,,,,,10:49,,,10:43,,,,,,,,,,,,10:46,,,,,,,,,,,,,,10:31,,10:54,,,10:12,,,,,,,,10:35,,,,,10:01,10:22,,,,,,,,,,,,,,,,
TH_Down_99019,10:47,,,,,,,,,,,11:19,,,,,,,,,,,,,,,,10:44,,,,,10:53,,,,,,,11:05,10:56,,,,,,,,,11:29,,,11:23,,,,,,,,,,,,11:26,,,,,,,,,,,,,,11:11,,11:34,,,10:50,,,,,,,,11:15,,,,,10:39,11:00,,,,,,,,,,,,,,,,
TH_Down_99021,11:22,,,,,,,,,,,11:52,,,,,,,,,,,,,,,,11:19,,,,,11:28,,,,,,,11:39,11:31,,,,,,,,,12:02,,,11:56,,,,,,,,,,,,11:59,,,,,,,,,,,,,,11:44,,12:07,,,11:25,,,,,,,,11:48,,,,,11:14,11:35,,,,,,,,,,,,,,,,
TH_Down_99023,12:09,,,,,,,,,,,12:41,,,,,,,,,,,,,,,,12:05,,,,,12:16,,,,,,,12:28,12:19,,,,,,,,,12:51,,,12:45,,,,,,,,,,,,12:48,,,,,,,,,,,,,,12:33,,12:56,,,12:13,,,,,,,,12:37,,,,,12:00,12:23,,,,,,,,,,,,,,,,
TH_Down_99025,12:57,,,,,,,,,,,13:27,,,,,,,,,,,,,,,,12:54,,,,,13:03,,,,,,,13:14,13:06,,,,,,,,,13:37,,,13:31,,,,,,,,,,,,13:34,,,,,,,,,,,,,,13:19,,13:42,,,13:00,,,,,,,,13:23,,,,,12:49,13:10,,,,,,,,,,,,,,,,
TH_Down_99027,13:32,,,,,,,,,,,14:01,,,,,,,,,,,,,,,,13:29,,,,,13:38,,,,,,,13:49,13:41,,,,,,,,,14:11,,,14:05,,,,,,,,,,,,14:08,,,,,,,,,,,,,,13:53,,14:16,,,13:35,,,,,,,,13:57,,,,,13:24,13:45,,,,,,,,,,,,,,,,
TH_Down_99029,14:11,,,,,,,,,,,14:40,,,,,,,,,,,,,,,,14:08,,,,,14:17,,,,,,,14:28,14:20,,,,,,,,,14:50,,,14:44,,,,,,,,,,,,14:47,,,,,,,,,,,,,,14:32,,14:55,,,14:14,,,,,,,,14:36,,,,,14:03,14:24,,,,,,,,,,,,,,,,
TH_Down_99031,14:44,,,,,,,,,,,15:13,,,,,,,,,,,,,,,,14:41,,,,,14:50,,,,,,,15:01,14:53,,,,,,,,,15:23,,,15:17,,,,,,,,,,,,15:20,,,,,,,,,,,,,,15:05,,15:28,,,14:47,,,,,,,,15:09,,,,,14:36,14:57,,,,,,,,,,,,,,,,
TH_Down_99033,15:02,,,,,,,,,,,15:31,,,,,,,,,,,,,,,,14:59,,,,,15:08,,,,,,,15:19,15:11,,,,,,,,,15:41,,,15:35,,,,,,,,,,,,15:38,,,,,,,,,,,,,,15:23,,15:46,,,15:05,,,,,,,,15:27,,,,,14:54,15:15,,,,,,,,,,,,,,,,
TH_Down_99035,15:28,,,,,,,,,,,15:57,,,,,,,,,,,,,,,,15:25,,,,,15:34,,,,,,,15:45,15:37,,,,,,,,,16:07,,,16:01,,,,,,,,,,,,16:04,,,,,,,,,,,,,,15:49,,16:12,,,15:31,,,,,,,,15:53,,,,,15:20,15:41,,,,,,,,,,,,,,,,
TH_Down_99037,16:08,,,,,,,,,,,16:37,,,,,,,,,,,,,,,,16:05,,,,,16:14,,,,,,,16:25,16:17,,,,,,,,,16:47,,,16:41,,,,,,,,,,,,16:44,,,,,,,,,,,,,,16:29,,16:52,,,16:11,,,,,,,,16:33,,,,,16:00,16:21,,,,,,,,,,,,,,,,
TH_Down_99039,16:32,,,,,,,,,,,17:01,,,,,,,,,,,,,,,,16:29,,,,,16:38,,,,,,,16:49,16:41,,,,,,,,,17:11,,,17:05,,,,,,,,,,,,17:08,,,,,,,,,,,,,,16:53,,17:16,,,16:35,,,,,,,,16:57,,,,,16:24,16:45,,,,,,,,,,,,,,,,
TH_Down_99041,16:56,,,,,,,,,,,17:25,,,,,,,,,,,,,,,,16:53,,,,,17:02,,,,,,,17:13,17:05,,,,,,,,,17:35,,,17:29,,,,,,,,,,,,17:32,,,,,,,,,,,,,,17:17,,17:40,,,16:59,,,,,,,,17:21,,,,,16:48,17:09,,,,,,,,,,,,,,,,
TH_Down_99043,17:31,,,,,,,,,,,18:00,,,,,,,,,,,,,,,,17:28,,,,,17:37,,,,,,,17:48,17:40,,,,,,,,,18:10,,,18:04,,,,,,,,,,,,18:07,,,,,,,,,,,,,,17:52,,18:15,,,17:34,,,,,,,,17:56,,,,,17:23,17:44,,,,,,,,,,,,,,,,
TH_Down_99045,18:02,,,,,,,,,,,18:31,,,,,,,,,,,,,,,,17:59,,,,,18:08,,,,,,,18:19,18:11,,,,,,,,,18:41,,,18:35,,,,,,,,,,,,18:38,,,,,,,,,,,,,,18:23,,18:46,,,18:05,,,,,,,,18:27,,,,,17:54,18:15,,,,,,,,,,,,,,,,
TH_Down_99047,18:18,,,,,,,,,,,18:46,,,,,,,,,,,,,,,,18:15,,,,,18:24,,,,,,,18:35,18:27,,,,,,,,,18:56,,,18:50,,,,,,,,,,,,18:53,,,,,,,,,,,,,,18:39,,19:01,,,18:21,,,,,,,,18:43,,,,,18:10,18:31,,,,,,,,,,,,,,,,
TH_Down_99049,18:42,,,,,,,,,,,19:11,,,,,,,,,,,,,,,,18:39,,,,,18:48,,,,,,,18:59,18:51,,,,,,,,,19:21,,,19:15,,,,,,,,,,,,19:18,,,,,,,,,,,,,,19:03,,19:26,,,18:45,,,,,,,,19:07,,,,,18:34,18:55,,,,,,,,,,,,,,,,
TH_Down_99051,19:22,,,,,,,,,,,19:51,,,,,,,,,,,,,,,,19:19,,,,,19:28,,,,,,,19:39,19:31,,,,,,,,,20:01,,,19:55,,,,,,,,,,,,19:58,,,,,,,,,,,,,,19:43,,20:06,,,19:25,,,,,,,,19:47,,,,,19:14,19:35,,,,,,,,,,,,,,,,
TH_Down_99053,19:56,,,,,,,,,,,20:26,,,,,,,,,,,,,,,,19:53,,,,,20:02,,,,,,,20:13,20:05,,,,,,,,,20:36,,,20:30,,,,,,,,,,,,20:33,,,,,,,,,,,,,,20:18,,20:42,,,19:59,,,,,,,,20:22,,,,,19:48,20:09,,,,,,,,,,,,,,,,
TH_Down_99055,20:07,,,,,,,,,,,20:36,,,,,,,,,,,,,,,,20:04,,,,,20:13,,,,,,,20:24,20:16,,,,,,,,,20:46,,,20:40,,,,,,,,,,,,20:43,,,,,,,,,,,,,,20:28,,20:51,,,20:10,,,,,,,,20:32,,,,,19:59,20:20,,,,,,,,,,,,,,,,
TH_Down_99057,20:23,,,,,,,,,,,20:52,,,,,,,,,,,,,,,,20:20,,,,,20:29,,,,,,,20:40,20:32,,,,,,,,,21:02,,,20:56,,,,,,,,,,,,20:59,,,,,,,,,,,,,,20:44,,21:07,,,20:26,,,,,,,,20:48,,,,,20:15,20:36,,,,,,,,,,,,,,,,
TH_Down_99059,20:58,,,,,,,,,,,21:27,,,,,,,,,,,,,,,,20:55,,,,,21:04,,,,,,,21:15,21:07,,,,,,,,,21:37,,,21:31,,,,,,,,,,,,21:34,,,,,,,,,,,,,,21:19,,21:42,,,21:01,,,,,,,,21:23,,,,,20:50,21:11,,,,,,,,,,,,,,,,
TH_Down_99061,21:19,,,,,,,,,,,21:47,,,,,,,,,,,,,,,,21:16,,,,,21:25,,,,,,,21:36,21:28,,,,,,,,,21:57,,,21:51,,,,,,,,,,,,21:54,,,,,,,,,,,,,,21:40,,22:02,,,21:22,,,,,,,,21:43,,,,,21:11,21:32,,,,,,,,,,,,,,,,
TH_Down_99063,21:44,,,,,,,,,,,22:13,,,,,,,,,,,,,,,,21:41,,,,,21:50,,,,,,,22:01,21:53,,,,,,,,,22:23,,,22:17,,,,,,,,,,,,22:20,,,,,,,,,,,,,,22:05,,22:28,,,21:47,,,,,,,,22:09,,,,,21:36,21:57,,,,,,,,,,,,,,,,
TH_Down_99065,22:00,,,,,,,,,,,22:31,,,,,,,,,,,,,,,,21:57,,,,,22:06,,,,,,,22:17,22:09,,,,,,,,,22:41,,,22:35,,,,,,,,,,,,22:38,,,,,,,,,,,,,,22:23,,22:46,,,22:03,,,,,,,,22:27,,,,,21:52,22:13,,,,,,,,,,,,,,,,
TH_Down_99067,22:23,,,,,,,,,,,22:52,,,,,,,,,,,,,,,,22:20,,,,,22:29,,,,,,,22:40,22:32,,,,,,,,,23:02,,,22:56,,,,,,,,,,,,22:59,,,,,,,,,,,,,,22:44,,23:07,,,22:26,,,,,,,,22:48,,,,,22:15,22:36,,,,,,,,,,,,,,,,
TH_Down_99069,23:03,,,,,,,,,,,23:32,,,,,,,,,,,,,,,,23:00,,,,,23:09,,,,,,,23:20,23:12,,,,,,,,,23:42,,,23:36,,,,,,,,,,,,23:39,,,,,,,,,,,,,,23:24,,23:47,,,23:06,,,,,,,,23:28,,,,,22:55,23:16,,,,,,,,,,,,,,,,
TH_Down_99071,23:22,,,,,,,,,,,23:51,,,,,,,,,,,,,,,,23:19,,,,,23:28,,,,,,,23:39,23:31,,,,,,,,,,,,23:55,,,,,,,,,,,,23:58,,,,,,,,,,,,,,23:43,,,,,23:25,,,,,,,,23:47,,,,,23:14,23:35,,,,,,,,,,,,,,,,
TH_Down_99073,23:40,,,,,,,,,,,00:09,,,,,,,,,,,,,,,,23:37,,,,,23:46,,,,,,,23:57,23:49,,,,,,,,,,,,,,,,,,,,,,,,,,,,,,,,,,,,,,00:01,,00:24,,,23:43,,,,,,,,,,,,,23:32,23:53,,,,,,,,,,,,,,,,
TH_Down_99201,05:48,,,,,,,,,,,,,,,,,,,,,,,,,,,05:45,,,,,05:54,,,,,,,06:05,05:57,,,,,,,,,,,,,,,,,,,,,,,,,,,,,,,,,,,,,,06:10,,,,,05:51,,,,,,,,,,,,,05:40,06:01,,,,,,,,,,,,,,,,
TH_Down_99203,06:35,,,,,,,,,,,,,,,,,,,,,,,,,,,06:32,,,,,06:41,,,,,,,06:52,06:44,,,,,,,,,,,,,,,,,,,,,,,,,,,,,,,,,,,,,,06:57,,,,,06:38,,,,,,,,,,,,,06:27,06:48,,,,,,,,,,,,,,,,
TH_Down_99205,06:54,,,,,,,,,,,,,,,,,,,,,,,,,,,06:51,,,,,07:00,,,,,,,07:11,07:03,,,,,,,,,,,,,,,,,,,,,,,,,,,,,,,,,,,,,,07:18,,,,,06:57,,,,,,,,,,,,,06:46,07:07,,,,,,,,,,,,,,,,
TH_Down_99207,07:31,,,,,,,,,,,,,,,,,,,,,,,,,,,07:28,,,,,07:37,,,,,,,07:48,07:40,,,,,,,,,,,,,,,,,,,,,,,,,,,,,,,,,,,,,,07:53,,,,,07:34,,,,,,,,,,,,,07:23,07:44,,,,,,,,,,,,,,,,
TH_Down_99209,07:51,,,,,,,,,,,,,,,,,,,,,,,,,,,07:48,,,,,07:57,,,,,,,08:08,08:00,,,,,,,,,,,,,,,,,,,,,,,,,,,,,,,,,,,,,,08:13,,,,,07:54,,,,,,,,,,,,,07:43,08:04,,,,,,,,,,,,,,,,
TH_Down_99211,08:22,,,,,,,,,,,,,,,,,,,,,,,,,,,08:19,,,,,08:28,,,,,,,08:39,08:31,,,,,,,,,,,,,,,,,,,,,,,,,,,,,,,,,,,,,,08:44,,,,,08:25,,,,,,,,,,,,,08:14,08:35,,,,,,,,,,,,,,,,
TH_Down_99213,08:39,,,,,,,,,,,,,,,,,,,,,,,,,,,08:36,,,,,08:45,,,,,,,08:56,08:48,,,,,,,,,,,,,,,,,,,,,,,,,,,,,,,,,,,,,,09:01,,,,,08:42,,,,,,,,,,,,,08:31,08:52,,,,,,,,,,,,,,,,
TH_Down_99215,08:59,,,,,,,,,,,,,,,,,,,,,,,,,,,08:56,,,,,09:05,,,,,,,09:16,09:08,,,,,,,,,,,,,,,,,,,,,,,,,,,,,,,,,,,,,,09:21,,,,,09:02,,,,,,,,,,,,,08:51,09:12,,,,,,,,,,,,,,,,
TH_Down_99217,09:12,,,,,,,,,,,,,,,,,,,,,,,,,,,09:09,,,,,09:18,,,,,,,09:29,09:21,,,,,,,,,,,,,,,,,,,,,,,,,,,,,,,,,,,,,,09:34,,,,,09:15,,,,,,,,,,,,,09:04,09:25,,,,,,,,,,,,,,,,
TH_Down_99219,09:27,,,,,,,,,,,,,,,,,,,,,,,,,,,09:24,,,,,09:33,,,,,,,09:44,09:36,,,,,,,,,,,,,,,,,,,,,,,,,,,,,,,,,,,,,,09:51,,,,,09:30,,,,,,,,,,,,,09:19,09:40,,,,,,,,,,,,,,,,
TH_Down_99221,09:55,,,,,,,,,,,,,,,,,,,,,,,,,,,09:52,,,,,10:01,,,,,,,10:12,10:04,,,,,,,,,,,,,,,,,,,,,,,,,,,,,,,,,,,,,,10:17,,,,,09:58,,,,,,,,,,,,,09:47,10:08,,,,,,,,,,,,,,,,
TH_Down_99223,10:20,,,,,,,,,,,,,,,,,,,,,,,,,,,10:17,,,,,10:26,,,,,,,10:37,10:29,,,,,,,,,,,,,,,,,,,,,,,,,,,,,,,,,,,,,,10:42,,,,,10:23,,,,,,,,,,,,,10:12,10:33,,,,,,,,,,,,,,,,
TH_Down_99225,11:03,,,,,,,,,,,,,,,,,,,,,,,,,,,11:00,,,,,11:09,,,,,,,11:20,11:12,,,,,,,,,,,,,,,,,,,,,,,,,,,,,,,,,,,,,,11:25,,,,,11:06,,,,,,,,,,,,,10:55,11:16,,,,,,,,,,,,,,,,
TH_Down_99227,11:35,,,,,,,,,,,,,,,,,,,,,,,,,,,11:32,,,,,11:41,,,,,,,11:52,11:44,,,,,,,,,,,,,,,,,,,,,,,,,,,,,,,,,,,,,,11:57,,,,,11:38,,,,,,,,,,,,,11:27,11:48,,,,,,,,,,,,,,,,
TH_Down_99229,11:50,,,,,,,,,,,,,,,,,,,,,,,,,,,11:47,,,,,11:56,,,,,,,12:07,11:59,,,,,,,,,,,,,,,,,,,,,,,,,,,,,,,,,,,,,,12:12,,,,,11:53,,,,,,,,,,,,,11:42,12:03,,,,,,,,,,,,,,,,
TH_Down_99231,12:20,,,,,,,,,,,,,,,,,,,,,,,,,,,12:17,,,,,12:26,,,,,,,12:37,12:29,,,,,,,,,,,,,,,,,,,,,,,,,,,,,,,,,,,,,,12:42,,,,,12:23,,,,,,,,,,,,,12:12,12:33,,,,,,,,,,,,,,,,
TH_Down_99233,12:43,,,,,,,,,,,,,,,,,,,,,,,,,,,12:40,,,,,12:49,,,,,,,13:00,12:52,,,,,,,,,,,,,,,,,,,,,,,,,,,,,,,,,,,,,,13:05,,,,,12:46,,,,,,,,,,,,,12:35,12:56,,,,,,,,,,,,,,,,
TH_Down_99235,13:18,,,,,,,,,,,,,,,,,,,,,,,,,,,13:15,,,,,13:24,,,,,,,13:35,13:27,,,,,,,,,,,,,,,,,,,,,,,,,,,,,,,,,,,,,,13:40,,,,,13:21,,,,,,,,,,,,,13:10,13:31,,,,,,,,,,,,,,,,
TH_Down_99237,13:45,,,,,,,,,,,,,,,,,,,,,,,,,,,13:42,,,,,13:51,,,,,,,14:02,13:54,,,,,,,,,,,,,,,,,,,,,,,,,,,,,,,,,,,,,,14:07,,,,,13:48,,,,,,,,,,,,,13:37,13:58,,,,,,,,,,,,,,,,
TH_Down_99239,14:21,,,,,,,,,,,,,,,,,,,,,,,,,,,14:18,,,,,14:27,,,,,,,14:38,14:30,,,,,,,,,,,,,,,,,,,,,,,,,,,,,,,,,,,,,,14:43,,,,,14:24,,,,,,,,,,,,,14:13,14:34,,,,,,,,,,,,,,,,
TH_Down_99241,15:13,,,,,,,,,,,,,,,,,,,,,,,,,,,15:10,,,,,15:19,,,,,,,15:30,15:22,,,,,,,,,,,,,,,,,,,,,,,,,,,,,,,,,,,,,,15:35,,,,,15:16,,,,,,,,,,,,,15:05,15:26,,,,,,,,,,,,,,,,
TH_Down_99243,15:38,,,,,,,,,,,,,,,,,,,,,,,,,,,15:35,,,,,15:44,,,,,,,15:55,15:47,,,,,,,,,,,,,,,,,,,,,,,,,,,,,,,,,,,,,,16:00,,,,,15:41,,,,,,,,,,,,,15:30,15:51,,,,,,,,,,,,,,,,
TH_Down_99245,16:41,,,,,,,,,,,,,,,,,,,,,,,,,,,16:38,,,,,16:47,,,,,,,16:58,16:50,,,,,,,,,,,,,,,,,,,,,,,,,,,,,,,,,,,,,,17:03,,,,,16:44,,,,,,,,,,,,,16:33,16:54,,,,,,,,,,,,,,,,
TH_Down_99247,17:08,,,,,,,,,,,,,,,,,,,,,,,,,,,17:05,,,,,17:14,,,,,,,17:25,17:17,,,,,,,,,,,,,,,,,,,,,,,,,,,,,,,,,,,,,,17:30,,,,,17:11,,,,,,,,,,,,,17:00,17:21,,,,,,,,,,,,,,,,
TH_Down_99249,17:22,,,,,,,,,,,,,,,,,,,,,,,,,,,17:19,,,,,17:28,,,,,,,17:39,17:31,,,,,,,,,,,,,,,,,,,,,,,,,,,,,,,,,,,,,,17:46,,,,,17:25,,,,,,,,,,,,,17:14,17:35,,,,,,,,,,,,,,,,
TH_Down_99251,17:42,,,,,,,,,,,,,,,,,,,,,,,,,,,17:39,,,,,17:48,,,,,,,17:59,17:51,,,,,,,,,,,,,,,,,,,,,,,,,,,,,,,,,,,,,,18:04,,,,,17:45,,,,,,,,,,,,,17:34,17:55,,,,,,,,,,,,,,,,
TH_Down_99253,18:25,,,,,,,,,,,,,,,,,,,,,,,,,,,18:22,,,,,18:31,,,,,,,18:42,18:34,,,,,,,,,,,,,,,,,,,,,,,,,,,,,,,,,,,,,,18:47,,,,,18:28,,,,,,,,,,,,,18:17,18:38,,,,,,,,,,,,,,,,
TH_Down_99255,18:37,,,,,,,,,,,,,,,,,,,,,,,,,,,18:34,,,,,18:43,,,,,,,18:54,18:46,,,,,,,,,,,,,,,,,,,,,,,,,,,,,,,,,,,,,,18:59,,,,,18:40,,,,,,,,,,,,,18:29,18:50,,,,,,,,,,,,,,,,
TH_Down_99257,18:57,,,,,,,,,,,,,,,,,,,,,,,,,,,18:54,,,,,19:03,,,,,,,19:14,19:06,,,,,,,,,,,,,,,,,,,,,,,,,,,,,,,,,,,,,,19:19,,,,,19:00,,,,,,,,,,,,,18:49,19:10,,,,,,,,,,,,,,,,
TH_Down_99259,19:32,,,,,,,,,,,,,,,,,,,,,,,,,,,19:29,,,,,19:38,,,,,,,19:49,19:41,,,,,,,,,,,,,,,,,,,,,,,,,,,,,,,,,,,,,,19:54,,,,,19:35,,,,,,,,,,,,,19:24,19:45,,,,,,,,,,,,,,,,
TH_Down_99261,19:46,,,,,,,,,,,,,,,,,,,,,,,,,,,19:43,,,,,19:52,,,,,,,20:03,19:55,,,,,,,,,,,,,,,,,,,,,,,,,,,,,,,,,,,,,,20:08,,,,,19:49,,,,,,,,,,,,,19:38,19:59,,,,,,,,,,,,,,,,
TH_Down_99263,20:28,,,,,,,,,,,,,,,,,,,,,,,,,,,20:25,,,,,20:34,,,,,,,20:45,20:37,,,,,,,,,,,,,,,,,,,,,,,,,,,,,,,,,,,,,,20:50,,,,,20:31,,,,,,,,,,,,,20:20,20:41,,,,,,,,,,,,,,,,
TH_Down_99265,20:41,,,,,,,,,,,,,,,,,,,,,,,,,,,20:38,,,,,20:47,,,,,,,20:58,20:50,,,,,,,,,,,,,,,,,,,,,,,,,,,,,,,,,,,,,,21:03,,,,,20:44,,,,,,,,,,,,,20:33,20:54,,,,,,,,,,,,,,,,
TH_Down_99267,21:38,,,,,,,,,,,,,,,,,,,,,,,,,,,21:35,,,,,21:44,,,,,,,21:56,21:47,,,,,,,,,,,,,,,,,,,,,,,,,,,,,,,,,,,,,,22:02,,,,,21:41,,,,,,,,,,,,,21:30,21:51,,,,,,,,,,,,,,,,
TH_Down_99401,05:33,,,,,,,,,,,,,,,,,,,,,,,,,,,05:30,,,,,05:39,,,,,,,,05:42,,,,,,,,,,,,,,,,,,,,,,,,,,,,,,,,,,,,,,,,,,,05:36,,,,,05:50,,,,,,,,05:25,05:46,,,,,,,,,,05:54,,,,,,
TH_Down_99403,06:01,,,,,,,,,,,,,,,,,,,,,,,,,,,05:58,,,,,06:07,,,,,,,,06:10,,,,,,,,,,,,,,,,,,,,,,,,,,,,,,,,,,,,,,,,,,,06:04,,,,,06:18,,,,,,,,05:53,06:14,,,,,,,,,,06:22,,,,,,
TH_Down_99405,06:17,,,,,,,,,,,,,,,,,,,,,,,,,,,06:14,,,,,06:23,,,,,,,,06:26,,,,,,,,,,,,,,,,,,,,,,,,,,,,,,,,,,,,,,,,,,,06:20,,,,,06:34,,,,,,,,06:09,06:30,,,,,,,,,,06:38,,,,,,
TH_Down_99407,06:47,,,,,,,,,,,,,,,,,,,,,,,,,,,06:44,,,,,06:53,,,,,,,,06:56,,,,,,,,,,,,,,,,,,,,,,,,,,,,,,,,,,,,,,,,,,,06:50,,,,,07:04,,,,,,,,06:39,07:00,,,,,,,,,,07:08,,,,,,
TH_Down_99409,07:07,,,,,,,,,,,,,,,,,,,,,,,,,,,07:04,,,,,07:13,,,,,,,,07:16,,,,,,,,,,,,,,,,,,,,,,,,,,,,,,,,,,,,,,,,,,,07:10,,,,,07:24,,,,,,,,06:59,07:20,,,,,,,,,,07:28,,,,,,
TH_Down_99411,07:25,,,,,,,,,,,,,,,,,,,,,,,,,,,07:22,,,,,07:31,,,,,,,,07:34,,,,,,,,,,,,,,,,,,,,,,,,,,,,,,,,,,,,,,,,,,,07:28,,,,,07:42,,,,,,,,07:17,07:38,,,,,,,,,,07:46,,,,,,
TH_Down_99413,07:43,,,,,,,,,,,,,,,,,,,,,,,,,,,07:40,,,,,07:49,,,,,,,,07:52,,,,,,,,,,,,,,,,,,,,,,,,,,,,,,,,,,,,,,,,,,,07:46,,,,,08:00,,,,,,,,07:35,07:56,,,,,,,,,,08:04,,,,,,
TH_Down_99415,08:01,,,,,,,,,,,,,,,,,,,,,,,,,,,07:58,,,,,08:07,,,,,,,,08:10,,,,,,,,,,,,,,,,,,,,,,,,,,,,,,,,,,,,,,,,,,,08:04,,,,,08:18,,,,,,,,07:53,08:14,,,,,,,,,,08:22,,,,,,
TH_Down_99417,08:15,,,,,,,,,,,,,,,,,,,,,,,,,,,08:12,,,,,08:21,,,,,,,,08:24,,,,,,,,,,,,,,,,,,,,,,,,,,,,,,,,,,,,,,,,,,,08:18,,,,,08:32,,,,,,,,08:07,08:28,,,,,,,,,,08:37,,,,,,
TH_Down_99419,08:31,,,,,,,,,,,,,,,,,,,,,,,,,,,08:28,,,,,08:37,,,,,,,,08:40,,,,,,,,,,,,,,,,,,,,,,,,,,,,,,,,,,,,,,,,,,,08:34,,,,,08:48,,,,,,,,08:23,08:44,,,,,,,,,,08:52,,,,,,
TH_Down_99421,08:44,,,,,,,,,,,,,,,,,,,,,,,,,,,08:41,,,,,08:50,,,,,,,,08:53,,,,,,,,,,,,,,,,,,,,,,,,,,,,,,,,,,,,,,,,,,,08:47,,,,,09:01,,,,,,,,08:36,08:57,,,,,,,,,,09:05,,,,,,
TH_Down_99423,09:04,,,,,,,,,,,,,,,,,,,,,,,,,,,09:01,,,,,09:10,,,,,,,,09:13,,,,,,,,,,,,,,,,,,,,,,,,,,,,,,,,,,,,,,,,,,,09:07,,,,,09:21,,,,,,,,08:56,09:17,,,,,,,,,,09:25,,,,,,
TH_Down_99425,09:17,,,,,,,,,,,,,,,,,,,,,,,,,,,09:14,,,,,09:23,,,,,,,,09:26,,,,,,,,,,,,,,,,,,,,,,,,,,,,,,,,,,,,,,,,,,,09:20,,,,,09:34,,,,,,,,09:09,09:30,,,,,,,,,,09:39,,,,,,
TH_Down_99427,09:38,,,,,,,,,,,,,,,,,,,,,,,,,,,09:35,,,,,09:44,,,,,,,,09:47,,,,,,,,,,,,,,,,,,,,,,,,,,,,,,,,,,,,,,,,,,,09:41,,,,,09:55,,,,,,,,09:30,09:51,,,,,,,,,,09:59,,,,,,
TH_Down_99429,10:01,,,,,,,,,,,,,,,,,,,,,,,,,,,09:58,,,,,10:07,,,,,,,,10:10,,,,,,,,,,,,,,,,,,,,,,,,,,,,,,,,,,,,,,,,,,,10:04,,,,,10:18,,,,,,,,09:53,10:14,,,,,,,,,,10:22,,,,,,
TH_Down_99431,10:15,,,,,,,,,,,,,,,,,,,,,,,,,,,10:12,,,,,10:21,,,,,,,,10:24,,,,,,,,,,,,,,,,,,,,,,,,,,,,,,,,,,,,,,,,,,,10:18,,,,,10:32,,,,,,,,10:07,10:28,,,,,,,,,,10:36,,,,,,
TH_Down_99433,10:28,,,,,,,,,,,,,,,,,,,,,,,,,,,10:25,,,,,10:34,,,,,,,,10:37,,,,,,,,,,,,,,,,,,,,,,,,,,,,,,,,,,,,,,,,,,,10:31,,,,,10:45,,,,,,,,10:20,10:41,,,,,,,,,,10:50,,,,,,
TH_Down_99435,10:43,,,,,,,,,,,,,,,,,,,,,,,,,,,10:40,,,,,10:49,,,,,,,,10:52,,,,,,,,,,,,,,,,,,,,,,,,,,,,,,,,,,,,,,,,,,,10:46,,,,,11:00,,,,,,,,10:35,10:56,,,,,,,,,,11:05,,,,,,
TH_Down_99437,10:56,,,,,,,,,,,,,,,,,,,,,,,,,,,10:53,,,,,11:02,,,,,,,,11:05,,,,,,,,,,,,,,,,,,,,,,,,,,,,,,,,,,,,,,,,,,,10:59,,,,,11:13,,,,,,,,10:48,11:09,,,,,,,,,,11:17,,,,,,
TH_Down_99439,11:14,,,,,,,,,,,,,,,,,,,,,,,,,,,11:11,,,,,11:20,,,,,,,,11:23,,,,,,,,,,,,,,,,,,,,,,,,,,,,,,,,,,,,,,,,,,,11:17,,,,,11:31,,,,,,,,11:06,11:27,,,,,,,,,,11:35,,,,,,
TH_Down_99441,11:28,,,,,,,,,,,,,,,,,,,,,,,,,,,11:25,,,,,11:34,,,,,,,,11:37,,,,,,,,,,,,,,,,,,,,,,,,,,,,,,,,,,,,,,,,,,,11:31,,,,,11:45,,,,,,,,11:20,11:41,,,,,,,,,,11:49,,,,,,
TH_Down_99443,11:43,,,,,,,,,,,,,,,,,,,,,,,,,,,11:40,,,,,11:49,,,,,,,,11:52,,,,,,,,,,,,,,,,,,,,,,,,,,,,,,,,,,,,,,,,,,,11:46,,,,,12:00,,,,,,,,11:35,11:56,,,,,,,,,,12:04,,,,,,
TH_Down_99445,11:56,,,,,,,,,,,,,,,,,,,,,,,,,,,11:53,,,,,12:02,,,,,,,,12:05,,,,,,,,,,,,,,,,,,,,,,,,,,,,,,,,,,,,,,,,,,,11:59,,,,,12:13,,,,,,,,11:48,12:09,,,,,,,,,,12:17,,,,,,
TH_Down_99447,12:14,,,,,,,,,,,,,,,,,,,,,,,,,,,12:11,,,,,12:20,,,,,,,,12:23,,,,,,,,,,,,,,,,,,,,,,,,,,,,,,,,,,,,,,,,,,,12:17,,,,,12:31,,,,,,,,12:06,12:27,,,,,,,,,,12:35,,,,,,
TH_Down_99449,12:26,,,,,,,,,,,,,,,,,,,,,,,,,,,12:23,,,,,12:32,,,,,,,,12:35,,,,,,,,,,,,,,,,,,,,,,,,,,,,,,,,,,,,,,,,,,,12:29,,,,,12:43,,,,,,,,12:18,12:39,,,,,,,,,,12:47,,,,,,
TH_Down_99451,12:49,,,,,,,,,,,,,,,,,,,,,,,,,,,12:46,,,,,12:55,,,,,,,,12:58,,,,,,,,,,,,,,,,,,,,,,,,,,,,,,,,,,,,,,,,,,,12:52,,,,,13:06,,,,,,,,12:41,13:02,,,,,,,,,,13:10,,,,,,
TH_Down_99453,13:08,,,,,,,,,,,,,,,,,,,,,,,,,,,13:05,,,,,13:14,,,,,,,,13:17,,,,,,,,,,,,,,,,,,,,,,,,,,,,,,,,,,,,,,,,,,,13:11,,,,,13:25,,,,,,,,13:00,13:21,,,,,,,,,,13:29,,,,,,
TH_Down_99455,13:38,,,,,,,,,,,,,,,,,,,,,,,,,,,13:35,,,,,13:44,,,,,,,,13:47,,,,,,,,,,,,,,,,,,,,,,,,,,,,,,,,,,,,,,,,,,,13:41,,,,,13:55,,,,,,,,13:30,13:51,,,,,,,,,,13:59,,,,,,
TH_Down_99457,13:58,,,,,,,,,,,,,,,,,,,,,,,,,,,13:55,,,,,14:04,,,,,,,,14:07,,,,,,,,,,,,,,,,,,,,,,,,,,,,,,,,,,,,,,,,,,,14:01,,,,,14:15,,,,,,,,13:50,14:11,,,,,,,,,,14:19,,,,,,
TH_Down_99459,14:27,,,,,,,,,,,,,,,,,,,,,,,,,,,14:24,,,,,14:33,,,,,,,,14:36,,,,,,,,,,,,,,,,,,,,,,,,,,,,,,,,,,,,,,,,,,,14:30,,,,,14:44,,,,,,,,14:19,14:40,,,,,,,,,,14:48,,,,,,
TH_Down_99461,14:54,,,,,,,,,,,,,,,,,,,,,,,,,,,14:51,,,,,15:00,,,,,,,,15:03,,,,,,,,,,,,,,,,,,,,,,,,,,,,,,,,,,,,,,,,,,,14:57,,,,,15:11,,,,,,,,14:46,15:07,,,,,,,,,,15:15,,,,,,
TH_Down_99463,15:08,,,,,,,,,,,,,,,,,,,,,,,,,,,15:05,,,,,15:14,,,,,,,,15:17,,,,,,,,,,,,,,,,,,,,,,,,,,,,,,,,,,,,,,,,,,,15:11,,,,,15:25,,,,,,,,15:00,15:21,,,,,,,,,,15:29,,,,,,
TH_Down_99465,15:33,,,,,,,,,,,,,,,,,,,,,,,,,,,15:30,,,,,15:39,,,,,,,,15:42,,,,,,,,,,,,,,,,,,,,,,,,,,,,,,,,,,,,,,,,,,,15:36,,,,,15:50,,,,,,,,15:25,15:46,,,,,,,,,,15:54,,,,,,
TH_Down_99467,15:48,,,,,,,,,,,,,,,,,,,,,,,,,,,15:45,,,,,15:54,,,,,,,,15:57,,,,,,,,,,,,,,,,,,,,,,,,,,,,,,,,,,,,,,,,,,,15:51,,,,,16:05,,,,,,,,15:40,16:01,,,,,,,,,,16:09,,,,,,
TH_Down_99469,16:00,,,,,,,,,,,,,,,,,,,,,,,,,,,15:57,,,,,16:06,,,,,,,,16:09,,,,,,,,,,,,,,,,,,,,,,,,,,,,,,,,,,,,,,,,,,,16:03,,,,,16:17,,,,,,,,15:52,16:13,,,,,,,,,,16:23,,,,,,
TH_Down_99471,16:15,,,,,,,,,,,,,,,,,,,,,,,,,,,16:12,,,,,16:21,,,,,,,,16:24,,,,,,,,,,,,,,,,,,,,,,,,,,,,,,,,,,,,,,,,,,,16:18,,,,,16:32,,,,,,,,16:07,16:28,,,,,,,,,,16:36,,,,,,
TH_Down_99473,16:27,,,,,,,,,,,,,,,,,,,,,,,,,,,16:24,,,,,16:33,,,,,,,,16:36,,,,,,,,,,,,,,,,,,,,,,,,,,,,,,,,,,,,,,,,,,,16:30,,,,,16:44,,,,,,,,16:19,16:40,,,,,,,,,,16:48,,,,,,
TH_Down_99475,16:48,,,,,,,,,,,,,,,,,,,,,,,,,,,16:45,,,,,16:54,,,,,,,,16:57,,,,,,,,,,,,,,,,,,,,,,,,,,,,,,,,,,,,,,,,,,,16:51,,,,,17:06,,,,,,,,16:40,17:01,,,,,,,,,,17:11,,,,,,
TH_Down_99477,17:03,,,,,,,,,,,,,,,,,,,,,,,,,,,17:00,,,,,17:09,,,,,,,,17:12,,,,,,,,,,,,,,,,,,,,,,,,,,,,,,,,,,,,,,,,,,,17:06,,,,,17:20,,,,,,,,16:55,17:16,,,,,,,,,,17:24,,,,,,
TH_Down_99479,17:16,,,,,,,,,,,,,,,,,,,,,,,,,,,17:13,,,,,17:22,,,,,,,,17:25,,,,,,,,,,,,,,,,,,,,,,,,,,,,,,,,,,,,,,,,,,,17:19,,,,,17:33,,,,,,,,17:08,17:29,,,,,,,,,,17:37,,,,,,
TH_Down_99481,17:36,,,,,,,,,,,,,,,,,,,,,,,,,,,17:33,,,,,17:42,,,,,,,,17:45,,,,,,,,,,,,,,,,,,,,,,,,,,,,,,,,,,,,,,,,,,,17:39,,,,,17:53,,,,,,,,17:28,17:49,,,,,,,,,,17:57,,,,,,
TH_Down_99483,17:54,,,,,,,,,,,,,,,,,,,,,,,,,,,17:51,,,,,18:00,,,,,,,,18:03,,,,,,,,,,,,,,,,,,,,,,,,,,,,,,,,,,,,,,,,,,,17:57,,,,,18:11,,,,,,,,17:46,18:07,,,,,,,,,,18:15,,,,,,
TH_Down_99485,18:14,,,,,,,,,,,,,,,,,,,,,,,,,,,18:11,,,,,18:20,,,,,,,,18:23,,,,,,,,,,,,,,,,,,,,,,,,,,,,,,,,,,,,,,,,,,,18:17,,,,,18:31,,,,,,,,18:06,18:27,,,,,,,,,,18:35,,,,,,
TH_Down_99487,18:32,,,,,,,,,,,,,,,,,,,,,,,,,,,18:29,,,,,18:38,,,,,,,,18:41,,,,,,,,,,,,,,,,,,,,,,,,,,,,,,,,,,,,,,,,,,,18:35,,,,,18:49,,,,,,,,18:24,18:45,,,,,,,,,,18:53,,,,,,
TH_Down_99489,18:50,,,,,,,,,,,,,,,,,,,,,,,,,,,18:47,,,,,18:56,,,,,,,,18:59,,,,,,,,,,,,,,,,,,,,,,,,,,,,,,,,,,,,,,,,,,,18:53,,,,,19:07,,,,,,,,18:42,19:03,,,,,,,,,,19:11,,,,,,
TH_Down_99491,19:07,,,,,,,,,,,,,,,,,,,,,,,,,,,19:04,,,,,19:13,,,,,,,,19:16,,,,,,,,,,,,,,,,,,,,,,,,,,,,,,,,,,,,,,,,,,,19:10,,,,,19:24,,,,,,,,18:59,19:20,,,,,,,,,,19:28,,,,,,
TH_Down_99493,19:27,,,,,,,,,,,,,,,,,,,,,,,,,,,19:24,,,,,19:33,,,,,,,,19:36,,,,,,,,,,,,,,,,,,,,,,,,,,,,,,,,,,,,,,,,,,,19:30,,,,,19:44,,,,,,,,19:19,19:40,,,,,,,,,,19:48,,,,,,
TH_Down_99495,19:42,,,,,,,,,,,,,,,,,,,,,,,,,,,19:39,,,,,19:48,,,,,,,,19:51,,,,,,,,,,,,,,,,,,,,,,,,,,,,,,,,,,,,,,,,,,,19:45,,,,,19:59,,,,,,,,19:34,19:55,,,,,,,,,,20:04,,,,,,
TH_Down_99497,20:02,,,,,,,,,,,,,,,,,,,,,,,,,,,19:59,,,,,20:08,,,,,,,,20:11,,,,,,,,,,,,,,,,,,,,,,,,,,,,,,,,,,,,,,,,,,,20:05,,,,,20:19,,,,,,,,19:54,20:15,,,,,,,,,,20:23,,,,,,
TH_Down_99499,20:13,,,,,,,,,,,,,,,,,,,,,,,,,,,20:10,,,,,20:19,,,,,,,,20:22,,,,,,,,,,,,,,,,,,,,,,,,,,,,,,,,,,,,,,,,,,,20:16,,,,,20:30,,,,,,,,20:05,20:26,,,,,,,,,,20:35,,,,,,
TH_Down_99501,20:36,,,,,,,,,,,,,,,,,,,,,,,,,,,20:33,,,,,20:42,,,,,,,,20:45,,,,,,,,,,,,,,,,,,,,,,,,,,,,,,,,,,,,,,,,,,,20:39,,,,,20:53,,,,,,,,20:28,20:49,,,,,,,,,,20:57,,,,,,
TH_Down_99503,20:51,,,,,,,,,,,,,,,,,,,,,,,,,,,20:48,,,,,20:57,,,,,,,,21:00,,,,,,,,,,,,,,,,,,,,,,,,,,,,,,,,,,,,,,,,,,,20:54,,,,,21:08,,,,,,,,20:43,21:04,,,,,,,,,,21:12,,,,,,
TH_Down_99505,21:08,,,,,,,,,,,,,,,,,,,,,,,,,,,21:05,,,,,21:14,,,,,,,,21:17,,,,,,,,,,,,,,,,,,,,,,,,,,,,,,,,,,,,,,,,,,,21:11,,,,,21:25,,,,,,,,21:00,21:21,,,,,,,,,,21:29,,,,,,
TH_Down_99507,21:28,,,,,,,,,,,,,,,,,,,,,,,,,,,21:25,,,,,21:34,,,,,,,,21:37,,,,,,,,,,,,,,,,,,,,,,,,,,,,,,,,,,,,,,,,,,,21:31,,,,,21:45,,,,,,,,21:20,21:41,,,,,,,,,,21:49,,,,,,
TH_Down_99509,21:49,,,,,,,,,,,,,,,,,,,,,,,,,,,21:46,,,,,21:55,,,,,,,,21:58,,,,,,,,,,,,,,,,,,,,,,,,,,,,,,,,,,,,,,,,,,,21:52,,,,,22:06,,,,,,,,21:41,22:02,,,,,,,,,,22:10,,,,,,
TH_Down_99511,22:09,,,,,,,,,,,,,,,,,,,,,,,,,,,22:06,,,,,22:15,,,,,,,,22:18,,,,,,,,,,,,,,,,,,,,,,,,,,,,,,,,,,,,,,,,,,,22:12,,,,,22:26,,,,,,,,22:01,22:22,,,,,,,,,,22:31,,,,,,
TH_Down_99513,22:33,,,,,,,,,,,,,,,,,,,,,,,,,,,22:30,,,,,22:39,,,,,,,,22:42,,,,,,,,,,,,,,,,,,,,,,,,,,,,,,,,,,,,,,,,,,,22:36,,,,,22:50,,,,,,,,22:25,22:46,,,,,,,,,,22:54,,,,,,
TH_Down_99515,22:53,,,,,,,,,,,,,,,,,,,,,,,,,,,22:50,,,,,22:59,,,,,,,,23:02,,,,,,,,,,,,,,,,,,,,,,,,,,,,,,,,,,,,,,,,,,,22:56,,,,,23:10,,,,,,,,22:45,23:06,,,,,,,,,,23:14,,,,,,
TH_Down_99517,23:17,,,,,,,,,,,,,,,,,,,,,,,,,,,23:14,,,,,23:23,,,,,,,,23:26,,,,,,,,,,,,,,,,,,,,,,,,,,,,,,,,,,,,,,,,,,,23:20,,,,,23:34,,,,,,,,23:09,23:30,,,,,,,,,,23:38,,,,,,
TH_Down_99519,23:53,,,,,,,,,,,,,,,,,,,,,,,,,,,23:50,,,,,23:59,,,,,,,,,,,,,,,,,,,,,,,,,,,,,,,,,,,,,,,,,,,,,,,,,,,23:56,,,,,00:10,,,,,,,,23:45,,,,,,,,,,,00:14,,,,,,
TH_Up_99002,05:17,,,,,,,,,,,04:48,,,,,,,,,,,,,,,,05:20,,,,,05:11,,,,,,,05:00,05:08,,,,,,,,,04:38,,,04:44,,,,,,,,,,,,04:41,,,,,,,,,,,,,,04:56,,04:33,,,05:14,,,,,,,,04:52,,,,,05:25,05:04,,,,,,,,,,,,,,,,
TH_Up_99004,05:37,,,,,,,,,,,05:08,,,,,,,,,,,,,,,,05:40,,,,,05:31,,,,,,,05:20,05:28,,,,,,,,,04:58,,,05:04,,,,,,,,,,,,05:01,,,,,,,,,,,,,,05:16,,04:53,,,05:34,,,,,,,,05:12,,,,,05:45,05:24,,,,,,,,,,,,,,,,
TH_Up_99006,06:05,,,,,,,,,,,05:36,,,,,,,,,,,,,,,,06:08,,,,,05:59,,,,,,,05:48,05:56,,,,,,,,,05:26,,,05:32,,,,,,,,,,,,05:29,,,,,,,,,,,,,,05:44,,05:21,,,06:02,,,,,,,,05:40,,,,,06:13,05:52,,,,,,,,,,,,,,,,
TH_Up_99008,06:28,,,,,,,,,,,05:59,,,,,,,,,,,,,,,,06:31,,,,,06:22,,,,,,,06:11,06:19,,,,,,,,,05:49,,,05:55,,,,,,,,,,,,05:52,,,,,,,,,,,,,,06:07,,05:44,,,06:25,,,,,,,,06:03,,,,,06:38,06:15,,,,,,,,,,,,,,,,
TH_Up_99010,06:57,,,,,,,,,,,06:28,,,,,,,,,,,,,,,,07:00,,,,,06:51,,,,,,,06:40,06:48,,,,,,,,,06:18,,,06:24,,,,,,,,,,,,06:21,,,,,,,,,,,,,,06:36,,06:13,,,06:54,,,,,,,,06:32,,,,,07:05,06:44,,,,,,,,,,,,,,,,
TH_Up_99012,07:21,,,,,,,,,,,06:52,,,,,,,,,,,,,,,,07:24,,,,,07:15,,,,,,,07:04,07:12,,,,,,,,,06:42,,,06:48,,,,,,,,,,,,06:45,,,,,,,,,,,,,,07:00,,06:37,,,07:18,,,,,,,,06:56,,,,,07:29,07:08,,,,,,,,,,,,,,,,
TH_Up_99014,07:45,,,,,,,,,,,07:16,,,,,,,,,,,,,,,,07:48,,,,,07:39,,,,,,,07:28,07:36,,,,,,,,,07:06,,,07:12,,,,,,,,,,,,07:09,,,,,,,,,,,,,,07:24,,07:01,,,07:42,,,,,,,,07:20,,,,,07:53,07:32,,,,,,,,,,,,,,,,
TH_Up_99016,08:04,,,,,,,,,,,07:33,,,,,,,,,,,,,,,,08:07,,,,,07:58,,,,,,,07:45,07:55,,,,,,,,,07:23,,,07:29,,,,,,,,,,,,07:26,,,,,,,,,,,,,,07:41,,07:18,,,08:01,,,,,,,,07:37,,,,,08:12,07:51,,,,,,,,,,,,,,,,
TH_Up_99018,08:28,,,,,,,,,,,07:58,,,,,,,,,,,,,,,,08:31,,,,,08:22,,,,,,,08:11,08:19,,,,,,,,,07:48,,,07:54,,,,,,,,,,,,07:51,,,,,,,,,,,,,,08:06,,07:43,,,08:25,,,,,,,,08:02,,,,,08:36,08:15,,,,,,,,,,,,,,,,
TH_Up_99020,08:48,,,,,,,,,,,08:19,,,,,,,,,,,,,,,,08:51,,,,,08:42,,,,,,,08:31,08:39,,,,,,,,,08:09,,,08:15,,,,,,,,,,,,08:12,,,,,,,,,,,,,,08:27,,08:04,,,08:45,,,,,,,,08:23,,,,,08:56,08:35,,,,,,,,,,,,,,,,
TH_Up_99022,09:00,,,,,,,,,,,08:30,,,,,,,,,,,,,,,,09:03,,,,,08:54,,,,,,,08:42,08:51,,,,,,,,,08:20,,,08:26,,,,,,,,,,,,08:23,,,,,,,,,,,,,,08:38,,08:15,,,08:57,,,,,,,,08:34,,,,,09:08,08:47,,,,,,,,,,,,,,,,
TH_Up_99024,09:45,,,,,,,,,,,09:16,,,,,,,,,,,,,,,,09:48,,,,,09:39,,,,,,,09:28,09:36,,,,,,,,,09:06,,,09:12,,,,,,,,,,,,09:09,,,,,,,,,,,,,,09:24,,09:01,,,09:42,,,,,,,,09:20,,,,,09:53,09:32,,,,,,,,,,,,,,,,
TH_Up_99026,10:32,,,,,,,,,,,10:03,,,,,,,,,,,,,,,,10:35,,,,,10:26,,,,,,,10:15,10:23,,,,,,,,,09:53,,,09:59,,,,,,,,,,,,09:56,,,,,,,,,,,,,,10:11,,09:48,,,10:29,,,,,,,,10:07,,,,,10:40,10:19,,,,,,,,,,,,,,,,
TH_Up_99028,10:57,,,,,,,,,,,10:27,,,,,,,,,,,,,,,,11:00,,,,,10:51,,,,,,,10:39,10:48,,,,,,,,,10:17,,,10:23,,,,,,,,,,,,10:20,,,,,,,,,,,,,,10:35,,10:12,,,10:54,,,,,,,,10:31,,,,,11:05,10:44,,,,,,,,,,,,,,,,
TH_Up_99030,11:25,,,,,,,,,,,10:56,,,,,,,,,,,,,,,,11:28,,,,,11:19,,,,,,,11:08,11:16,,,,,,,,,10:46,,,10:52,,,,,,,,,,,,10:49,,,,,,,,,,,,,,11:04,,10:41,,,11:22,,,,,,,,11:00,,,,,11:33,11:12,,,,,,,,,,,,,,,,
TH_Up_99032,11:47,,,,,,,,,,,11:17,,,,,,,,,,,,,,,,11:50,,,,,11:41,,,,,,,11:30,11:38,,,,,,,,,11:07,,,11:13,,,,,,,,,,,,11:10,,,,,,,,,,,,,,11:25,,11:02,,,11:44,,,,,,,,11:21,,,,,11:55,11:34,,,,,,,,,,,,,,,,
TH_Up_99034,13:04,,,,,,,,,,,12:34,,,,,,,,,,,,,,,,13:07,,,,,12:58,,,,,,,12:46,12:55,,,,,,,,,12:24,,,12:30,,,,,,,,,,,,12:27,,,,,,,,,,,,,,12:42,,12:19,,,13:01,,,,,,,,12:38,,,,,13:12,12:51,,,,,,,,,,,,,,,,
TH_Up_99036,13:48,,,,,,,,,,,13:19,,,,,,,,,,,,,,,,13:51,,,,,13:42,,,,,,,13:31,13:39,,,,,,,,,13:09,,,13:15,,,,,,,,,,,,13:12,,,,,,,,,,,,,,13:27,,13:04,,,13:45,,,,,,,,13:23,,,,,13:56,13:35,,,,,,,,,,,,,,,,
TH_Up_99038,14:46,,,,,,,,,,,14:16,,,,,,,,,,,,,,,,14:49,,,,,14:40,,,,,,,14:28,14:37,,,,,,,,,14:06,,,14:12,,,,,,,,,,,,14:09,,,,,,,,,,,,,,14:24,,14:01,,,14:43,,,,,,,,14:20,,,,,14:54,14:32,,,,,,,,,,,,,,,,
TH_Up_99040,15:08,,,,,,,,,,,14:39,,,,,,,,,,,,,,,,15:11,,,,,15:02,,,,,,,14:51,14:59,,,,,,,,,14:29,,,14:35,,,,,,,,,,,,14:32,,,,,,,,,,,,,,14:47,,14:24,,,15:05,,,,,,,,14:43,,,,,15:16,14:55,,,,,,,,,,,,,,,,
TH_Up_99042,15:48,,,,,,,,,,,15:19,,,,,,,,,,,,,,,,15:51,,,,,15:42,,,,,,,15:31,15:39,,,,,,,,,15:09,,,15:15,,,,,,,,,,,,15:12,,,,,,,,,,,,,,15:27,,15:04,,,15:45,,,,,,,,15:23,,,,,15:56,15:35,,,,,,,,,,,,,,,,
TH_Up_99044,16:20,,,,,,,,,,,15:51,,,,,,,,,,,,,,,,16:23,,,,,16:14,,,,,,,16:03,16:11,,,,,,,,,15:41,,,15:47,,,,,,,,,,,,15:44,,,,,,,,,,,,,,15:59,,15:36,,,16:17,,,,,,,,15:55,,,,,16:28,16:07,,,,,,,,,,,,,,,,
TH_Up_99046,16:37,,,,,,,,,,,16:08,,,,,,,,,,,,,,,,16:40,,,,,16:31,,,,,,,16:20,16:28,,,,,,,,,15:58,,,16:04,,,,,,,,,,,,16:01,,,,,,,,,,,,,,16:16,,15:53,,,16:34,,,,,,,,16:12,,,,,16:45,16:24,,,,,,,,,,,,,,,,
TH_Up_99048,17:00,,,,,,,,,,,16:29,,,,,,,,,,,,,,,,17:03,,,,,16:54,,,,,,,16:41,16:51,,,,,,,,,16:19,,,16:25,,,,,,,,,,,,16:22,,,,,,,,,,,,,,16:37,,16:14,,,16:57,,,,,,,,16:33,,,,,17:09,16:47,,,,,,,,,,,,,,,,
TH_Up_99050,17:12,,,,,,,,,,,16:41,,,,,,,,,,,,,,,,17:15,,,,,17:06,,,,,,,16:53,17:03,,,,,,,,,16:31,,,16:37,,,,,,,,,,,,16:34,,,,,,,,,,,,,,16:49,,16:26,,,17:09,,,,,,,,16:45,,,,,17:20,16:59,,,,,,,,,,,,,,,,
TH_Up_99052,17:58,,,,,,,,,,,17:27,,,,,,,,,,,,,,,,18:01,,,,,17:52,,,,,,,17:39,17:49,,,,,,,,,17:17,,,17:23,,,,,,,,,,,,17:20,,,,,,,,,,,,,,17:35,,17:12,,,17:55,,,,,,,,17:31,,,,,18:06,17:45,,,,,,,,,,,,,,,,
TH_Up_99054,18:21,,,,,,,,,,,17:52,,,,,,,,,,,,,,,,18:24,,,,,18:15,,,,,,,18:04,18:12,,,,,,,,,17:42,,,17:48,,,,,,,,,,,,17:45,,,,,,,,,,,,,,18:00,,17:37,,,18:18,,,,,,,,17:56,,,,,18:29,18:08,,,,,,,,,,,,,,,,
TH_Up_99056,18:41,,,,,,,,,,,18:12,,,,,,,,,,,,,,,,18:44,,,,,18:35,,,,,,,18:24,18:32,,,,,,,,,18:02,,,18:08,,,,,,,,,,,,18:05,,,,,,,,,,,,,,18:20,,17:57,,,18:38,,,,,,,,18:16,,,,,18:49,18:28,,,,,,,,,,,,,,,,
TH_Up_99058,19:06,,,,,,,,,,,18:37,,,,,,,,,,,,,,,,19:09,,,,,19:00,,,,,,,18:49,18:57,,,,,,,,,18:27,,,18:33,,,,,,,,,,,,18:30,,,,,,,,,,,,,,18:45,,18:22,,,19:03,,,,,,,,18:41,,,,,19:14,18:53,,,,,,,,,,,,,,,,
TH_Up_99060,19:45,,,,,,,,,,,19:16,,,,,,,,,,,,,,,,19:48,,,,,19:39,,,,,,,19:28,19:36,,,,,,,,,19:06,,,19:12,,,,,,,,,,,,19:09,,,,,,,,,,,,,,19:24,,19:01,,,19:42,,,,,,,,19:20,,,,,19:53,19:32,,,,,,,,,,,,,,,,
TH_Up_99062,19:57,,,,,,,,,,,19:28,,,,,,,,,,,,,,,,20:00,,,,,19:51,,,,,,,19:40,19:48,,,,,,,,,19:18,,,19:24,,,,,,,,,,,,19:21,,,,,,,,,,,,,,19:36,,19:13,,,19:54,,,,,,,,19:32,,,,,20:05,19:44,,,,,,,,,,,,,,,,
TH_Up_99064,20:15,,,,,,,,,,,19:46,,,,,,,,,,,,,,,,20:18,,,,,20:09,,,,,,,19:58,20:06,,,,,,,,,19:36,,,19:42,,,,,,,,,,,,19:39,,,,,,,,,,,,,,19:54,,19:31,,,20:12,,,,,,,,19:50,,,,,20:23,20:02,,,,,,,,,,,,,,,,
TH_Up_99066,21:03,,,,,,,,,,,20:34,,,,,,,,,,,,,,,,21:06,,,,,20:57,,,,,,,20:46,20:54,,,,,,,,,20:24,,,20:30,,,,,,,,,,,,20:27,,,,,,,,,,,,,,20:42,,20:19,,,21:00,,,,,,,,20:38,,,,,21:11,20:50,,,,,,,,,,,,,,,,
TH_Up_99068,21:37,,,,,,,,,,,21:06,,,,,,,,,,,,,,,,21:40,,,,,21:31,,,,,,,21:20,21:28,,,,,,,,,20:56,,,21:02,,,,,,,,,,,,20:59,,,,,,,,,,,,,,21:15,,20:51,,,21:34,,,,,,,,21:10,,,,,21:46,21:24,,,,,,,,,,,,,,,,
TH_Up_99070,22:04,,,,,,,,,,,21:35,,,,,,,,,,,,,,,,22:07,,,,,21:58,,,,,,,21:47,21:55,,,,,,,,,21:25,,,21:31,,,,,,,,,,,,21:28,,,,,,,,,,,,,,21:43,,21:20,,,22:01,,,,,,,,21:39,,,,,22:12,21:51,,,,,,,,,,,,,,,,
TH_Up_99072,22:59,,,,,,,,,,,22:30,,,,,,,,,,,,,,,,23:02,,,,,22:53,,,,,,,22:42,22:50,,,,,,,,,22:20,,,22:26,,,,,,,,,,,,22:23,,,,,,,,,,,,,,22:38,,22:15,,,22:56,,,,,,,,22:34,,,,,23:07,22:46,,,,,,,,,,,,,,,,
TH_Up_99074,00:02,,,,,,,,,,,23:33,,,,,,,,,,,,,,,,00:05,,,,,,,,,,,,23:45,,,,,,,,,,,,,,,,,,,,,,,,,,,,,,,,,,,,,,,23:41,,23:18,,,,,,,,,,,,,,,,00:10,,,,,,,,,,,,,,,,,
TH_Up_99202,06:42,,,,,,,,,,,,,,,,,,,,,,,,,,,06:45,,,,,06:36,,,,,,,06:25,06:33,,,,,,,,,,,,,,,,,,,,,,,,,,,,,,,,,,,,,,06:20,,,,,06:39,,,,,,,,,,,,,06:50,06:29,,,,,,,,,,,,,,,,
TH_Up_99204,07:30,,,,,,,,,,,,,,,,,,,,,,,,,,,07:33,,,,,07:24,,,,,,,07:13,07:21,,,,,,,,,,,,,,,,,,,,,,,,,,,,,,,,,,,,,,07:08,,,,,07:27,,,,,,,,,,,,,07:38,07:17,,,,,,,,,,,,,,,,
TH_Up_99206,07:51,,,,,,,,,,,,,,,,,,,,,,,,,,,07:54,,,,,07:45,,,,,,,07:34,07:42,,,,,,,,,,,,,,,,,,,,,,,,,,,,,,,,,,,,,,07:28,,,,,07:48,,,,,,,,,,,,,08:00,07:38,,,,,,,,,,,,,,,,
TH_Up_99208,08:23,,,,,,,,,,,,,,,,,,,,,,,,,,,08:26,,,,,08:17,,,,,,,08:06,08:14,,,,,,,,,,,,,,,,,,,,,,,,,,,,,,,,,,,,,,08:01,,,,,08:20,,,,,,,,,,,,,08:31,08:10,,,,,,,,,,,,,,,,
TH_Up_99210,08:43,,,,,,,,,,,,,,,,,,,,,,,,,,,08:46,,,,,08:37,,,,,,,08:26,08:34,,,,,,,,,,,,,,,,,,,,,,,,,,,,,,,,,,,,,,08:21,,,,,08:40,,,,,,,,,,,,,08:51,08:30,,,,,,,,,,,,,,,,
TH_Up_99212,09:14,,,,,,,,,,,,,,,,,,,,,,,,,,,09:17,,,,,09:08,,,,,,,08:57,09:05,,,,,,,,,,,,,,,,,,,,,,,,,,,,,,,,,,,,,,08:52,,,,,09:11,,,,,,,,,,,,,09:22,09:01,,,,,,,,,,,,,,,,
TH_Up_99214,09:31,,,,,,,,,,,,,,,,,,,,,,,,,,,09:34,,,,,09:25,,,,,,,09:14,09:22,,,,,,,,,,,,,,,,,,,,,,,,,,,,,,,,,,,,,,09:09,,,,,09:28,,,,,,,,,,,,,09:39,09:18,,,,,,,,,,,,,,,,
TH_Up_99216,09:51,,,,,,,,,,,,,,,,,,,,,,,,,,,09:54,,,,,09:45,,,,,,,09:34,09:42,,,,,,,,,,,,,,,,,,,,,,,,,,,,,,,,,,,,,,09:29,,,,,09:48,,,,,,,,,,,,,09:59,09:38,,,,,,,,,,,,,,,,
TH_Up_99218,10:04,,,,,,,,,,,,,,,,,,,,,,,,,,,10:07,,,,,09:58,,,,,,,09:47,09:55,,,,,,,,,,,,,,,,,,,,,,,,,,,,,,,,,,,,,,09:42,,,,,10:01,,,,,,,,,,,,,10:12,09:51,,,,,,,,,,,,,,,,
TH_Up_99220,10:21,,,,,,,,,,,,,,,,,,,,,,,,,,,10:24,,,,,10:15,,,,,,,10:04,10:12,,,,,,,,,,,,,,,,,,,,,,,,,,,,,,,,,,,,,,09:59,,,,,10:18,,,,,,,,,,,,,10:31,10:08,,,,,,,,,,,,,,,,
TH_Up_99222,10:47,,,,,,,,,,,,,,,,,,,,,,,,,,,10:50,,,,,10:41,,,,,,,10:30,10:38,,,,,,,,,,,,,,,,,,,,,,,,,,,,,,,,,,,,,,10:25,,,,,10:44,,,,,,,,,,,,,10:55,10:34,,,,,,,,,,,,,,,,
TH_Up_99224,11:12,,,,,,,,,,,,,,,,,,,,,,,,,,,11:15,,,,,11:06,,,,,,,10:55,11:03,,,,,,,,,,,,,,,,,,,,,,,,,,,,,,,,,,,,,,10:50,,,,,11:09,,,,,,,,,,,,,11:20,10:59,,,,,,,,,,,,,,,,
TH_Up_99226,11:58,,,,,,,,,,,,,,,,,,,,,,,,,,,12:01,,,,,11:52,,,,,,,11:41,11:49,,,,,,,,,,,,,,,,,,,,,,,,,,,,,,,,,,,,,,11:36,,,,,11:55,,,,,,,,,,,,,12:06,11:45,,,,,,,,,,,,,,,,
TH_Up_99228,12:27,,,,,,,,,,,,,,,,,,,,,,,,,,,12:30,,,,,12:21,,,,,,,12:10,12:18,,,,,,,,,,,,,,,,,,,,,,,,,,,,,,,,,,,,,,12:05,,,,,12:24,,,,,,,,,,,,,12:35,12:14,,,,,,,,,,,,,,,,
TH_Up_99230,12:45,,,,,,,,,,,,,,,,,,,,,,,,,,,12:48,,,,,12:39,,,,,,,12:28,12:36,,,,,,,,,,,,,,,,,,,,,,,,,,,,,,,,,,,,,,12:23,,,,,12:42,,,,,,,,,,,,,12:53,12:32,,,,,,,,,,,,,,,,
TH_Up_99232,13:21,,,,,,,,,,,,,,,,,,,,,,,,,,,13:24,,,,,13:15,,,,,,,13:04,13:12,,,,,,,,,,,,,,,,,,,,,,,,,,,,,,,,,,,,,,12:59,,,,,13:18,,,,,,,,,,,,,13:29,13:08,,,,,,,,,,,,,,,,
TH_Up_99234,13:36,,,,,,,,,,,,,,,,,,,,,,,,,,,13:39,,,,,13:30,,,,,,,13:19,13:27,,,,,,,,,,,,,,,,,,,,,,,,,,,,,,,,,,,,,,13:14,,,,,13:33,,,,,,,,,,,,,13:44,13:23,,,,,,,,,,,,,,,,
TH_Up_99236,14:10,,,,,,,,,,,,,,,,,,,,,,,,,,,14:13,,,,,14:04,,,,,,,13:53,14:01,,,,,,,,,,,,,,,,,,,,,,,,,,,,,,,,,,,,,,13:48,,,,,14:07,,,,,,,,,,,,,14:18,13:57,,,,,,,,,,,,,,,,
TH_Up_99238,14:37,,,,,,,,,,,,,,,,,,,,,,,,,,,14:40,,,,,14:31,,,,,,,14:20,14:28,,,,,,,,,,,,,,,,,,,,,,,,,,,,,,,,,,,,,,14:15,,,,,14:34,,,,,,,,,,,,,14:45,14:24,,,,,,,,,,,,,,,,
TH_Up_99240,15:22,,,,,,,,,,,,,,,,,,,,,,,,,,,15:25,,,,,15:16,,,,,,,15:05,15:13,,,,,,,,,,,,,,,,,,,,,,,,,,,,,,,,,,,,,,15:00,,,,,15:19,,,,,,,,,,,,,15:30,15:09,,,,,,,,,,,,,,,,
TH_Up_99242,16:07,,,,,,,,,,,,,,,,,,,,,,,,,,,16:10,,,,,16:01,,,,,,,15:50,15:58,,,,,,,,,,,,,,,,,,,,,,,,,,,,,,,,,,,,,,15:45,,,,,16:04,,,,,,,,,,,,,16:15,15:54,,,,,,,,,,,,,,,,
TH_Up_99244,16:31,,,,,,,,,,,,,,,,,,,,,,,,,,,16:34,,,,,16:25,,,,,,,16:14,16:22,,,,,,,,,,,,,,,,,,,,,,,,,,,,,,,,,,,,,,16:09,,,,,16:28,,,,,,,,,,,,,16:39,16:18,,,,,,,,,,,,,,,,
TH_Up_99246,17:33,,,,,,,,,,,,,,,,,,,,,,,,,,,17:36,,,,,17:27,,,,,,,17:16,17:24,,,,,,,,,,,,,,,,,,,,,,,,,,,,,,,,,,,,,,17:11,,,,,17:30,,,,,,,,,,,,,17:41,17:20,,,,,,,,,,,,,,,,
TH_Up_99248,18:03,,,,,,,,,,,,,,,,,,,,,,,,,,,18:06,,,,,17:57,,,,,,,17:46,17:54,,,,,,,,,,,,,,,,,,,,,,,,,,,,,,,,,,,,,,17:41,,,,,18:00,,,,,,,,,,,,,18:11,17:50,,,,,,,,,,,,,,,,
TH_Up_99250,18:16,,,,,,,,,,,,,,,,,,,,,,,,,,,18:19,,,,,18:10,,,,,,,17:59,18:07,,,,,,,,,,,,,,,,,,,,,,,,,,,,,,,,,,,,,,17:54,,,,,18:13,,,,,,,,,,,,,18:25,18:03,,,,,,,,,,,,,,,,
TH_Up_99252,18:34,,,,,,,,,,,,,,,,,,,,,,,,,,,18:37,,,,,18:28,,,,,,,18:17,18:25,,,,,,,,,,,,,,,,,,,,,,,,,,,,,,,,,,,,,,18:12,,,,,18:31,,,,,,,,,,,,,18:42,18:21,,,,,,,,,,,,,,,,
TH_Up_99254,19:16,,,,,,,,,,,,,,,,,,,,,,,,,,,19:19,,,,,19:10,,,,,,,18:59,19:07,,,,,,,,,,,,,,,,,,,,,,,,,,,,,,,,,,,,,,18:54,,,,,19:13,,,,,,,,,,,,,19:24,19:03,,,,,,,,,,,,,,,,
TH_Up_99256,19:30,,,,,,,,,,,,,,,,,,,,,,,,,,,19:33,,,,,19:24,,,,,,,19:13,19:21,,,,,,,,,,,,,,,,,,,,,,,,,,,,,,,,,,,,,,19:08,,,,,19:27,,,,,,,,,,,,,19:40,19:17,,,,,,,,,,,,,,,,
TH_Up_99258,19:51,,,,,,,,,,,,,,,,,,,,,,,,,,,19:54,,,,,19:45,,,,,,,19:34,19:42,,,,,,,,,,,,,,,,,,,,,,,,,,,,,,,,,,,,,,19:29,,,,,19:48,,,,,,,,,,,,,19:59,19:38,,,,,,,,,,,,,,,,
TH_Up_99260,20:25,,,,,,,,,,,,,,,,,,,,,,,,,,,20:28,,,,,20:19,,,,,,,20:08,20:16,,,,,,,,,,,,,,,,,,,,,,,,,,,,,,,,,,,,,,20:03,,,,,20:22,,,,,,,,,,,,,20:33,20:12,,,,,,,,,,,,,,,,
TH_Up_99262,20:42,,,,,,,,,,,,,,,,,,,,,,,,,,,20:45,,,,,20:36,,,,,,,20:25,20:33,,,,,,,,,,,,,,,,,,,,,,,,,,,,,,,,,,,,,,20:20,,,,,20:39,,,,,,,,,,,,,20:50,20:29,,,,,,,,,,,,,,,,
TH_Up_99264,21:20,,,,,,,,,,,,,,,,,,,,,,,,,,,21:23,,,,,21:14,,,,,,,21:03,21:11,,,,,,,,,,,,,,,,,,,,,,,,,,,,,,,,,,,,,,20:58,,,,,21:17,,,,,,,,,,,,,21:28,21:07,,,,,,,,,,,,,,,,
TH_Up_99266,21:33,,,,,,,,,,,,,,,,,,,,,,,,,,,21:36,,,,,21:27,,,,,,,21:16,21:24,,,,,,,,,,,,,,,,,,,,,,,,,,,,,,,,,,,,,,21:11,,,,,21:30,,,,,,,,,,,,,21:41,21:20,,,,,,,,,,,,,,,,
TH_Up_99268,22:36,,,,,,,,,,,,,,,,,,,,,,,,,,,22:39,,,,,22:30,,,,,,,22:19,22:27,,,,,,,,,,,,,,,,,,,,,,,,,,,,,,,,,,,,,,22:14,,,,,22:33,,,,,,,,,,,,,22:44,22:23,,,,,,,,,,,,,,,,
TH_Up_99402,05:50,,,,,,,,,,,,,,,,,,,,,,,,,,,05:53,,,,,05:44,,,,,,,,05:41,,,,,,,,,,,,,,,,,,,,,,,,,,,,,,,,,,,,,,,,,,,05:47,,,,,05:33,,,,,,,,05:58,05:37,,,,,,,,,,05:29,,,,,,
TH_Up_99404,06:10,,,,,,,,,,,,,,,,,,,,,,,,,,,06:13,,,,,06:04,,,,,,,,06:01,,,,,,,,,,,,,,,,,,,,,,,,,,,,,,,,,,,,,,,,,,,06:07,,,,,05:53,,,,,,,,06:18,05:57,,,,,,,,,,05:49,,,,,,
TH_Up_99406,06:23,,,,,,,,,,,,,,,,,,,,,,,,,,,06:26,,,,,06:17,,,,,,,,06:14,,,,,,,,,,,,,,,,,,,,,,,,,,,,,,,,,,,,,,,,,,,06:20,,,,,06:06,,,,,,,,06:31,06:10,,,,,,,,,,06:02,,,,,,
TH_Up_99408,06:51,,,,,,,,,,,,,,,,,,,,,,,,,,,06:54,,,,,06:45,,,,,,,,06:42,,,,,,,,,,,,,,,,,,,,,,,,,,,,,,,,,,,,,,,,,,,06:48,,,,,06:34,,,,,,,,06:59,06:38,,,,,,,,,,06:30,,,,,,
TH_Up_99410,07:09,,,,,,,,,,,,,,,,,,,,,,,,,,,07:12,,,,,07:03,,,,,,,,07:00,,,,,,,,,,,,,,,,,,,,,,,,,,,,,,,,,,,,,,,,,,,07:06,,,,,06:52,,,,,,,,07:17,06:56,,,,,,,,,,06:48,,,,,,
TH_Up_99412,07:37,,,,,,,,,,,,,,,,,,,,,,,,,,,07:40,,,,,07:31,,,,,,,,07:28,,,,,,,,,,,,,,,,,,,,,,,,,,,,,,,,,,,,,,,,,,,07:34,,,,,07:20,,,,,,,,07:45,07:24,,,,,,,,,,07:16,,,,,,
TH_Up_99414,07:58,,,,,,,,,,,,,,,,,,,,,,,,,,,08:01,,,,,07:52,,,,,,,,07:49,,,,,,,,,,,,,,,,,,,,,,,,,,,,,,,,,,,,,,,,,,,07:55,,,,,07:41,,,,,,,,08:06,07:45,,,,,,,,,,07:36,,,,,,
TH_Up_99416,08:15,,,,,,,,,,,,,,,,,,,,,,,,,,,08:18,,,,,08:09,,,,,,,,08:06,,,,,,,,,,,,,,,,,,,,,,,,,,,,,,,,,,,,,,,,,,,08:12,,,,,07:58,,,,,,,,08:23,08:02,,,,,,,,,,07:54,,,,,,
TH_Up_99418,08:33,,,,,,,,,,,,,,,,,,,,,,,,,,,08:36,,,,,08:27,,,,,,,,08:24,,,,,,,,,,,,,,,,,,,,,,,,,,,,,,,,,,,,,,,,,,,08:30,,,,,08:16,,,,,,,,08:41,08:20,,,,,,,,,,08:12,,,,,,
TH_Up_99420,08:53,,,,,,,,,,,,,,,,,,,,,,,,,,,08:56,,,,,08:47,,,,,,,,08:44,,,,,,,,,,,,,,,,,,,,,,,,,,,,,,,,,,,,,,,,,,,08:50,,,,,08:36,,,,,,,,09:01,08:40,,,,,,,,,,08:32,,,,,,
TH_Up_99422,09:06,,,,,,,,,,,,,,,,,,,,,,,,,,,09:09,,,,,09:00,,,,,,,,08:57,,,,,,,,,,,,,,,,,,,,,,,,,,,,,,,,,,,,,,,,,,,09:03,,,,,08:49,,,,,,,,09:15,08:53,,,,,,,,,,08:45,,,,,,
TH_Up_99424,09:21,,,,,,,,,,,,,,,,,,,,,,,,,,,09:24,,,,,09:15,,,,,,,,09:12,,,,,,,,,,,,,,,,,,,,,,,,,,,,,,,,,,,,,,,,,,,09:18,,,,,09:04,,,,,,,,09:29,09:08,,,,,,,,,,09:00,,,,,,
TH_Up_99426,09:39,,,,,,,,,,,,,,,,,,,,,,,,,,,09:42,,,,,09:33,,,,,,,,09:30,,,,,,,,,,,,,,,,,,,,,,,,,,,,,,,,,,,,,,,,,,,09:36,,,,,09:22,,,,,,,,09:47,09:26,,,,,,,,,,09:18,,,,,,
TH_Up_99428,09:56,,,,,,,,,,,,,,,,,,,,,,,,,,,09:59,,,,,09:50,,,,,,,,09:47,,,,,,,,,,,,,,,,,,,,,,,,,,,,,,,,,,,,,,,,,,,09:53,,,,,09:38,,,,,,,,10:04,09:43,,,,,,,,,,09:34,,,,,,
TH_Up_99430,10:11,,,,,,,,,,,,,,,,,,,,,,,,,,,10:14,,,,,10:05,,,,,,,,10:02,,,,,,,,,,,,,,,,,,,,,,,,,,,,,,,,,,,,,,,,,,,10:08,,,,,09:54,,,,,,,,10:19,09:58,,,,,,,,,,09:50,,,,,,
TH_Up_99432,10:37,,,,,,,,,,,,,,,,,,,,,,,,,,,10:40,,,,,10:31,,,,,,,,10:28,,,,,,,,,,,,,,,,,,,,,,,,,,,,,,,,,,,,,,,,,,,10:34,,,,,10:19,,,,,,,,10:45,10:24,,,,,,,,,,10:15,,,,,,
TH_Up_99434,10:52,,,,,,,,,,,,,,,,,,,,,,,,,,,10:55,,,,,10:46,,,,,,,,10:43,,,,,,,,,,,,,,,,,,,,,,,,,,,,,,,,,,,,,,,,,,,10:49,,,,,10:35,,,,,,,,11:00,10:39,,,,,,,,,,10:31,,,,,,
TH_Up_99436,11:06,,,,,,,,,,,,,,,,,,,,,,,,,,,11:09,,,,,11:00,,,,,,,,10:57,,,,,,,,,,,,,,,,,,,,,,,,,,,,,,,,,,,,,,,,,,,11:03,,,,,10:49,,,,,,,,11:14,10:53,,,,,,,,,,10:45,,,,,,
TH_Up_99438,11:19,,,,,,,,,,,,,,,,,,,,,,,,,,,11:22,,,,,11:13,,,,,,,,11:10,,,,,,,,,,,,,,,,,,,,,,,,,,,,,,,,,,,,,,,,,,,11:16,,,,,11:02,,,,,,,,11:27,11:06,,,,,,,,,,10:58,,,,,,
TH_Up_99440,11:34,,,,,,,,,,,,,,,,,,,,,,,,,,,11:37,,,,,11:28,,,,,,,,11:25,,,,,,,,,,,,,,,,,,,,,,,,,,,,,,,,,,,,,,,,,,,11:31,,,,,11:17,,,,,,,,11:42,11:21,,,,,,,,,,11:13,,,,,,
TH_Up_99442,11:52,,,,,,,,,,,,,,,,,,,,,,,,,,,11:55,,,,,11:46,,,,,,,,11:43,,,,,,,,,,,,,,,,,,,,,,,,,,,,,,,,,,,,,,,,,,,11:49,,,,,11:35,,,,,,,,12:00,11:39,,,,,,,,,,11:31,,,,,,
TH_Up_99444,12:04,,,,,,,,,,,,,,,,,,,,,,,,,,,12:07,,,,,11:58,,,,,,,,11:55,,,,,,,,,,,,,,,,,,,,,,,,,,,,,,,,,,,,,,,,,,,12:01,,,,,11:47,,,,,,,,12:12,11:51,,,,,,,,,,11:43,,,,,,
TH_Up_99446,12:18,,,,,,,,,,,,,,,,,,,,,,,,,,,12:21,,,,,12:12,,,,,,,,12:09,,,,,,,,,,,,,,,,,,,,,,,,,,,,,,,,,,,,,,,,,,,12:15,,,,,12:01,,,,,,,,12:26,12:05,,,,,,,,,,11:57,,,,,,
TH_Up_99448,12:33,,,,,,,,,,,,,,,,,,,,,,,,,,,12:36,,,,,12:27,,,,,,,,12:24,,,,,,,,,,,,,,,,,,,,,,,,,,,,,,,,,,,,,,,,,,,12:30,,,,,12:16,,,,,,,,12:41,12:20,,,,,,,,,,12:12,,,,,,
TH_Up_99450,12:51,,,,,,,,,,,,,,,,,,,,,,,,,,,12:54,,,,,12:45,,,,,,,,12:42,,,,,,,,,,,,,,,,,,,,,,,,,,,,,,,,,,,,,,,,,,,12:48,,,,,12:34,,,,,,,,13:00,12:38,,,,,,,,,,12:30,,,,,,
TH_Up_99452,13:16,,,,,,,,,,,,,,,,,,,,,,,,,,,13:19,,,,,13:10,,,,,,,,13:07,,,,,,,,,,,,,,,,,,,,,,,,,,,,,,,,,,,,,,,,,,,13:13,,,,,12:59,,,,,,,,13:24,13:03,,,,,,,,,,12:55,,,,,,
TH_Up_99454,13:42,,,,,,,,,,,,,,,,,,,,,,,,,,,13:45,,,,,13:36,,,,,,,,13:33,,,,,,,,,,,,,,,,,,,,,,,,,,,,,,,,,,,,,,,,,,,13:39,,,,,13:25,,,,,,,,13:50,13:29,,,,,,,,,,13:21,,,,,,
TH_Up_99456,14:01,,,,,,,,,,,,,,,,,,,,,,,,,,,14:04,,,,,13:55,,,,,,,,13:52,,,,,,,,,,,,,,,,,,,,,,,,,,,,,,,,,,,,,,,,,,,13:58,,,,,13:44,,,,,,,,14:09,13:48,,,,,,,,,,13:40,,,,,,
TH_Up_99458,14:28,,,,,,,,,,,,,,,,,,,,,,,,,,,14:31,,,,,14:22,,,,,,,,14:19,,,,,,,,,,,,,,,,,,,,,,,,,,,,,,,,,,,,,,,,,,,14:25,,,,,14:11,,,,,,,,14:36,14:15,,,,,,,,,,14:07,,,,,,
TH_Up_99460,14:56,,,,,,,,,,,,,,,,,,,,,,,,,,,14:59,,,,,14:50,,,,,,,,14:47,,,,,,,,,,,,,,,,,,,,,,,,,,,,,,,,,,,,,,,,,,,14:53,,,,,14:39,,,,,,,,15:04,14:43,,,,,,,,,,14:35,,,,,,
TH_Up_99462,15:17,,,,,,,,,,,,,,,,,,,,,,,,,,,15:20,,,,,15:11,,,,,,,,15:08,,,,,,,,,,,,,,,,,,,,,,,,,,,,,,,,,,,,,,,,,,,15:14,,,,,15:00,,,,,,,,15:25,15:04,,,,,,,,,,14:56,,,,,,
TH_Up_99464,15:32,,,,,,,,,,,,,,,,,,,,,,,,,,,15:35,,,,,15:26,,,,,,,,15:23,,,,,,,,,,,,,,,,,,,,,,,,,,,,,,,,,,,,,,,,,,,15:29,,,,,15:15,,,,,,,,15:40,15:19,,,,,,,,,,15:11,,,,,,
TH_Up_99466,15:44,,,,,,,,,,,,,,,,,,,,,,,,,,,15:47,,,,,15:38,,,,,,,,15:35,,,,,,,,,,,,,,,,,,,,,,,,,,,,,,,,,,,,,,,,,,,15:41,,,,,15:27,,,,,,,,15:52,15:31,,,,,,,,,,15:23,,,,,,
TH_Up_99468,15:59,,,,,,,,,,,,,,,,,,,,,,,,,,,16:02,,,,,15:53,,,,,,,,15:50,,,,,,,,,,,,,,,,,,,,,,,,,,,,,,,,,,,,,,,,,,,15:56,,,,,15:42,,,,,,,,16:07,15:46,,,,,,,,,,15:38,,,,,,
TH_Up_99470,16:25,,,,,,,,,,,,,,,,,,,,,,,,,,,16:28,,,,,16:19,,,,,,,,16:16,,,,,,,,,,,,,,,,,,,,,,,,,,,,,,,,,,,,,,,,,,,16:22,,,,,16:08,,,,,,,,16:33,16:12,,,,,,,,,,16:04,,,,,,
TH_Up_99472,16:41,,,,,,,,,,,,,,,,,,,,,,,,,,,16:44,,,,,16:35,,,,,,,,16:32,,,,,,,,,,,,,,,,,,,,,,,,,,,,,,,,,,,,,,,,,,,16:38,,,,,16:24,,,,,,,,16:49,16:28,,,,,,,,,,16:19,,,,,,
TH_Up_99474,16:52,,,,,,,,,,,,,,,,,,,,,,,,,,,16:55,,,,,16:46,,,,,,,,16:43,,,,,,,,,,,,,,,,,,,,,,,,,,,,,,,,,,,,,,,,,,,16:49,,,,,16:35,,,,,,,,17:00,16:39,,,,,,,,,,16:31,,,,,,
TH_Up_99476,17:06,,,,,,,,,,,,,,,,,,,,,,,,,,,17:09,,,,,17:00,,,,,,,,16:57,,,,,,,,,,,,,,,,,,,,,,,,,,,,,,,,,,,,,,,,,,,17:03,,,,,16:49,,,,,,,,17:14,16:53,,,,,,,,,,16:44,,,,,,
TH_Up_99478,17:20,,,,,,,,,,,,,,,,,,,,,,,,,,,17:23,,,,,17:14,,,,,,,,17:11,,,,,,,,,,,,,,,,,,,,,,,,,,,,,,,,,,,,,,,,,,,17:17,,,,,17:02,,,,,,,,17:28,17:07,,,,,,,,,,16:57,,,,,,
TH_Up_99480,17:40,,,,,,,,,,,,,,,,,,,,,,,,,,,17:43,,,,,17:34,,,,,,,,17:31,,,,,,,,,,,,,,,,,,,,,,,,,,,,,,,,,,,,,,,,,,,17:37,,,,,17:23,,,,,,,,17:48,17:27,,,,,,,,,,17:19,,,,,,
TH_Up_99482,17:53,,,,,,,,,,,,,,,,,,,,,,,,,,,17:56,,,,,17:47,,,,,,,,17:44,,,,,,,,,,,,,,,,,,,,,,,,,,,,,,,,,,,,,,,,,,,17:50,,,,,17:36,,,,,,,,18:01,17:40,,,,,,,,,,17:32,,,,,,
TH_Up_99484,18:09,,,,,,,,,,,,,,,,,,,,,,,,,,,18:12,,,,,18:03,,,,,,,,18:00,,,,,,,,,,,,,,,,,,,,,,,,,,,,,,,,,,,,,,,,,,,18:06,,,,,17:52,,,,,,,,18:17,17:56,,,,,,,,,,17:48,,,,,,
TH_Up_99486,18:26,,,,,,,,,,,,,,,,,,,,,,,,,,,18:29,,,,,18:20,,,,,,,,18:17,,,,,,,,,,,,,,,,,,,,,,,,,,,,,,,,,,,,,,,,,,,18:23,,,,,18:09,,,,,,,,18:34,18:13,,,,,,,,,,18:05,,,,,,
TH_Up_99488,18:46,,,,,,,,,,,,,,,,,,,,,,,,,,,18:49,,,,,18:40,,,,,,,,18:37,,,,,,,,,,,,,,,,,,,,,,,,,,,,,,,,,,,,,,,,,,,18:43,,,,,18:29,,,,,,,,18:54,18:33,,,,,,,,,,18:25,,,,,,
TH_Up_99490,19:10,,,,,,,,,,,,,,,,,,,,,,,,,,,19:13,,,,,19:04,,,,,,,,19:01,,,,,,,,,,,,,,,,,,,,,,,,,,,,,,,,,,,,,,,,,,,19:07,,,,,18:53,,,,,,,,19:18,18:57,,,,,,,,,,18:49,,,,,,
TH_Up_99492,19:22,,,,,,,,,,,,,,,,,,,,,,,,,,,19:25,,,,,19:16,,,,,,,,19:13,,,,,,,,,,,,,,,,,,,,,,,,,,,,,,,,,,,,,,,,,,,19:19,,,,,19:05,,,,,,,,19:30,19:09,,,,,,,,,,19:01,,,,,,
TH_Up_99494,19:40,,,,,,,,,,,,,,,,,,,,,,,,,,,19:43,,,,,19:34,,,,,,,,19:31,,,,,,,,,,,,,,,,,,,,,,,,,,,,,,,,,,,,,,,,,,,19:37,,,,,19:23,,,,,,,,19:48,19:27,,,,,,,,,,19:19,,,,,,
TH_Up_99496,20:02,,,,,,,,,,,,,,,,,,,,,,,,,,,20:05,,,,,19:56,,,,,,,,19:53,,,,,,,,,,,,,,,,,,,,,,,,,,,,,,,,,,,,,,,,,,,19:59,,,,,19:45,,,,,,,,20:10,19:49,,,,,,,,,,19:41,,,,,,
TH_Up_99498,20:20,,,,,,,,,,,,,,,,,,,,,,,,,,,20:23,,,,,20:14,,,,,,,,20:11,,,,,,,,,,,,,,,,,,,,,,,,,,,,,,,,,,,,,,,,,,,20:17,,,,,20:02,,,,,,,,20:28,20:07,,,,,,,,,,19:57,,,,,,
TH_Up_99500,20:33,,,,,,,,,,,,,,,,,,,,,,,,,,,20:36,,,,,20:27,,,,,,,,20:24,,,,,,,,,,,,,,,,,,,,,,,,,,,,,,,,,,,,,,,,,,,20:30,,,,,20:16,,,,,,,,20:41,20:20,,,,,,,,,,20:12,,,,,,
TH_Up_99502,20:52,,,,,,,,,,,,,,,,,,,,,,,,,,,20:55,,,,,20:46,,,,,,,,20:43,,,,,,,,,,,,,,,,,,,,,,,,,,,,,,,,,,,,,,,,,,,20:49,,,,,20:35,,,,,,,,21:00,20:39,,,,,,,,,,20:31,,,,,,
TH_Up_99504,21:11,,,,,,,,,,,,,,,,,,,,,,,,,,,21:14,,,,,21:05,,,,,,,,21:02,,,,,,,,,,,,,,,,,,,,,,,,,,,,,,,,,,,,,,,,,,,21:08,,,,,20:54,,,,,,,,21:19,20:58,,,,,,,,,,20:50,,,,,,
TH_Up_99506,21:26,,,,,,,,,,,,,,,,,,,,,,,,,,,21:29,,,,,21:20,,,,,,,,21:17,,,,,,,,,,,,,,,,,,,,,,,,,,,,,,,,,,,,,,,,,,,21:23,,,,,21:09,,,,,,,,21:34,21:13,,,,,,,,,,21:05,,,,,,
TH_Up_99508,21:45,,,,,,,,,,,,,,,,,,,,,,,,,,,21:48,,,,,21:39,,,,,,,,21:36,,,,,,,,,,,,,,,,,,,,,,,,,,,,,,,,,,,,,,,,,,,21:42,,,,,21:28,,,,,,,,21:53,21:32,,,,,,,,,,21:24,,,,,,
TH_Up_99510,21:58,,,,,,,,,,,,,,,,,,,,,,,,,,,22:01,,,,,21:52,,,,,,,,21:49,,,,,,,,,,,,,,,,,,,,,,,,,,,,,,,,,,,,,,,,,,,21:55,,,,,21:41,,,,,,,,22:06,21:45,,,,,,,,,,21:37,,,,,,
TH_Up_99512,22:21,,,,,,,,,,,,,,,,,,,,,,,,,,,22:24,,,,,22:15,,,,,,,,22:12,,,,,,,,,,,,,,,,,,,,,,,,,,,,,,,,,,,,,,,,,,,22:18,,,,,22:04,,,,,,,,22:29,22:08,,,,,,,,,,22:00,,,,,,
TH_Up_99514,22:44,,,,,,,,,,,,,,,,,,,,,,,,,,,22:47,,,,,22:38,,,,,,,,22:35,,,,,,,,,,,,,,,,,,,,,,,,,,,,,,,,,,,,,,,,,,,22:41,,,,,22:27,,,,,,,,22:52,22:31,,,,,,,,,,22:23,,,,,,
TH_Up_99516,23:06,,,,,,,,,,,,,,,,,,,,,,,,,,,23:09,,,,,23:00,,,,,,,,22:57,,,,,,,,,,,,,,,,,,,,,,,,,,,,,,,,,,,,,,,,,,,23:03,,,,,22:49,,,,,,,,23:14,22:53,,,,,,,,,,22:45,,,,,,
TH_Up_99518,23:30,,,,,,,,,,,,,,,,,,,,,,,,,,,23:33,,,,,23:24,,,,,,,,23:21,,,,,,,,,,,,,,,,,,,,,,,,,,,,,,,,,,,,,,,,,,,23:27,,,,,23:13,,,,,,,,23:38,23:17,,,,,,,,,,23:09,,,,,,
TH_Up_99520,23:46,,,,,,,,,,,,,,,,,,,,,,,,,,,23:49,,,,,23:40,,,,,,,,23:37,,,,,,,,,,,,,,,,,,,,,,,,,,,,,,,,,,,,,,,,,,,23:43,,,,,23:29,,,,,,,,23:54,23:33,,,,,,,,,,23:25,,,,,,
WR_Down_90001,,04:20,,,,,,04:05,04:42,,,,,,,,,,,,,,,,,,,,,,,,,,,04:28,,,,,,,,,,,,,,,,,,,,,,,,,,,04:32,,,,,,,,,,,,,,,,,,,,,,,,,,,,,,,,,,,,,,,,,,,,,,,,,,,
WR_Down_90003,,,,,,,,,,,,,,05:08,,,,,,,,,,,,,,,,,,,,,,,,,,,,,,,,,,,,,,,,,,,,,,,,,,,,,,,,,,,,,,,05:24,,,,,,,,,,,,,,,,,,,,,,,,,,,05:31,,,05:19,,,,,,,
WR_Down_90007,,,,,,,,,04:56,,,,,05:10,,,,,,,,,,,,,,,,,,,,,,,,,,,,,,,,,,,,,,,,,,,,,,,,,,,,,,,,05:05,,,,,,,05:26,,,,,,,,,,,,,,,,,,,,,,,,,,,05:39,,,05:21,,,,,,,
WR_Down_90007A,,04:45,,,,,,04:30,05:06,,,,,05:21,,,,,,,,,,,,,,,,,,,,,,04:53,,,,,,,,,,,,,,,,,,,,,,,,,,,04:58,,,,,,,05:16,,,,,,,,,,,,,,,,,,,,,,,,,,,,,,,,,,,,,,,,,,,,
WR_Down_90009,,,,,,,,,,,,,,05:25,,,,,,,,,,,,,,,,,,,,,,,,,,,,,,,,,,,,,,,,,,,,,,,,,,,,,,,,,,,,,,,05:41,,,,,,,,,,,,,,,,,,,,,,,,,,,05:48,,,05:36,,,,,,,
WR_Down_90011,,04:58,,,,,,04:45,05:20,,,,,05:34,,,04:15,,04:20,,,,,,04:36,,05:24,,,,,,,,,05:06,,04:23,05:01,,,,,05:13,,,,,,,04:48,,,,,,,04:31,,04:28,,04:41,05:10,,,04:18,,,04:38,05:29,,,04:25,,,05:40,05:50,,,,,,04:34,,,,,,,04:50,,,,,,,,,,,,,,05:58,,,05:45,,,,,04:53,,
WR_Down_90013,,,,,,,,,05:21,,,,,05:35,,,,,,,,,,,,,,,,,,,,,,,,,,,,,,,,,,,,,,,,,,,,,,,,,,,,,,,,05:30,,,,,,,,,,,,,,,,,,,,,,,,,,,,,,,,,,,,,05:48,,,,,,,
WR_Down_90015,,05:01,,,,,,04:48,05:22,,,,,,,,04:18,,04:23,,,,,,04:39,,,,,,,,,,,05:09,,04:26,05:04,,,,,05:16,,,,,,,04:51,,,,,,,04:34,,04:31,,04:44,05:13,,,04:21,,,04:41,,,,04:28,,,,,,,,,,04:37,,,,,,,04:53,,,,,,,,,,,,,,,,,,,,,,04:56,,
WR_Down_90017,,05:08,,,,,,04:55,05:30,,,,,,,,,,,,,,,,,,,,,,,,,,,05:17,,,,,,,,,,,,,,,,,,,,,,,,,,,05:21,,,,,,,,,,,,,,,,,,,,,,,,,,,,,,,,,,,,,,,,,,,,,,,,,,,
WR_Down_90019,,05:22,,,,,,05:08,05:44,,,,,,,,04:38,,04:43,,,,,,04:59,,,,,,,,,,,05:30,,04:46,05:25,,,,,05:37,,,,,,,05:11,,,,,,,04:54,,04:51,,05:04,05:34,,,04:41,,,05:01,,,,04:48,,,,,,,,,,04:57,,05:28,,,,,05:13,,,,,,,,,,,,,,,,,,,,,,05:16,,
WR_Down_90021,,05:12,,,,,,05:03,05:26,,,,,05:40,,,04:40,,04:45,,,,,,04:57,,05:30,,,,,,,,,,,04:48,,,,,,,,,,,,,,,,,,,,,,,,,,,,04:43,,,,05:35,,,04:50,,,05:45,05:55,,,,,,,,,,,,,,,,,,,,,,,,,,,06:02,,,05:50,,,,,,,
WR_Down_90025,,05:28,,,,,,05:16,05:49,,,,,,,,04:46,,04:51,,,,,,05:07,,,,,,,,,,,05:36,,04:54,05:31,,,,,05:43,,,,,,,05:19,,,,,,,05:02,,04:59,,05:12,05:40,,,04:49,,,05:09,,,,04:56,,,,,,,,,,05:05,,05:34,,,,,05:21,,,,,,,,,,,,,,,,,,,,,,05:24,,
WR_Down_90027,,05:33,,,,,,05:20,05:55,,,,,,,,,,,,,,,,,,,,,,,,,,,05:41,,,,,,,,,,,,,,,,,,,,,,,,,,,05:45,,,,,,,,,,,,,,,,,,,,,,,,,,,,,,,,,,,,,,,,,,,,,,,,,,,
WR_Down_90029,,05:37,,,,,,05:25,05:58,,,,,,,,04:55,,05:00,,,,,,05:16,,,,,,,,,,,05:45,,05:03,05:40,,,,,05:52,,,,,,,05:28,,,,,,,05:11,,05:08,,05:21,05:49,,,04:58,,,05:18,,,,05:05,,,,,,,,,,05:14,,05:43,,,,,05:30,,,,,,,,,,,,,,,,,,,,,,05:33,,
WR_Down_90031,,05:43,,,,,,05:30,06:05,,,,,,,,05:00,,05:05,,,,,,05:21,,,,,,,,,,,05:51,,05:08,05:46,,,,,05:58,,,,,,,05:33,,,,,,,05:16,,05:13,,05:26,05:55,,,05:03,,,05:23,,,,05:10,,,,,,,,,,05:19,,05:49,,,,,05:35,,,,,,,,,,,,,,,,,,,,,,05:38,,
WR_Down_90033,,05:40,,,,,,05:30,05:54,,,,,06:07,,,05:07,,05:12,,,,,,05:24,,05:58,,,,,,,,,,,05:15,,,,,,,,,,,,,,,,,,,,,,,,,,,,05:10,,,,06:02,,,05:17,,,06:12,06:22,,,,,,,,,,,,,,,,,,,,,,,,,,,06:30,,,06:17,,,,,,,
WR_Down_90035,,,,,,,,,,,,,,06:08,,,,,,,,,,,,,,,,,,,,,,,,,,,,,,,,,,,,,,,,,,,,,,,,,,,,,,,,,,,,,,,06:26,,,,,,,,,,,,,,,,,,,,,,,,,,,06:34,,,06:21,,,,,,,
WR_Down_90037,,05:49,,,,,,05:35,06:11,,,,,,,,,,,,,,,,05:26,,,,,,,,,,,05:57,,,,,,,,,,,,,,,,,,,,,,,,,,,06:01,,,,,,,,,,,,,,,,,,,,,,,,,,,,,,,,,,,,,,,,,,,,,,,,,,,
WR_Down_90039,,05:56,,,,,,05:40,06:17,,,,,,,,,,,,,,,,,,,,,,,,,,,06:04,,,,,,,,,,,,,,,,,,,,,,,,,,,06:08,,,,,,,,,,,,,,,,,,,,,,,,,,,,,,,,,,,,,,,,,,,,,,,,,,,
WR_Down_90041,,05:45,,,,,,05:37,05:58,,,,,06:12,,,05:15,,05:20,,,,,,05:32,,06:02,,,,,,,,,,,05:23,,,,,,,,,,,,,,,,,,,,,,,,,,,,05:18,,,,06:07,,,05:25,,,06:18,06:28,,,,,,,,,,,,,,,,,,,,,,,,,,,06:38,,,06:23,,,,,,,
WR_Down_90043,,,,,,,,,06:03,,,,,06:18,,,,,,,,,,,,,,,,,,,,,,,,,,,,,,,,,,,,,,,,,,,,,,,,,,,,,,,,06:13,,,,,,,,,,,,,,,,,,,,,,,,,,,,,,,,,,,,,06:31,,,,,,,
WR_Down_90045,,05:58,,,,,,05:45,06:19,,,,,,,,05:15,,05:20,,,,,,05:36,,,,,,,,,,,06:06,,05:23,06:01,,,,,06:13,,,,,,,05:48,,,,,,,05:31,,05:28,,05:41,06:10,,,05:18,,,05:38,,,,05:25,,,,,,,,,,05:34,,06:04,,,,,05:50,,,,,,,,,,,,,,,,,,,,,,05:53,,
WR_Down_90047,,06:02,,,,,,05:48,,,,,,,,,05:19,,05:24,,,,,,05:39,,,,,,,,,,,06:13,,05:27,06:05,,,,,,,,,,,,05:51,,,,,,,05:34,,05:31,,05:44,,,,05:22,,,05:41,,,,05:29,,,,,,,,,,05:37,,06:08,,,,,05:54,,,,,,,,,,,,,,,,,,,,,,05:57,,
WR_Down_90049,,05:54,,,,,,05:45,06:07,,,,,06:21,,,05:23,,05:28,,,,,,05:40,,06:11,,,,,,,,,,,05:31,,,,,,,,,,,,,,,,,,,,,,,,,,,,05:26,,,,06:16,,,05:33,,,06:26,06:36,,,,,,,,,,,,,,,,,,,,,,,,,,,06:43,,,06:31,,,,,,,
WR_Down_90051,,06:12,,,,,,05:59,06:33,,,,,,,,05:28,,05:33,,,,,,05:49,,,,,,,,,,,06:20,,05:36,06:15,,,,,06:27,,,,,,,06:02,,,,,,,05:44,,05:41,,05:55,06:24,,,05:31,,,05:52,,,,05:38,,,,,,,,,,05:47,,06:18,,,,,06:04,,,,,,,,,,,,,,,,,,,,,,06:07,,
WR_Down_90053,,06:00,,,,,,05:51,06:12,,,,,06:27,,,05:29,,05:34,,,,,,05:46,,06:17,,,,,,,,,,,05:37,,,,,,,,,,,,,,,,,,,,,,,,,,,,05:32,,,,06:22,,,05:39,,,06:33,06:43,,,,,,,,,,,,,,,,,,,,,,,,,,,06:53,,,06:38,,,,,,,
WR_Down_90057,,06:15,,,,,,06:02,06:36,,,,,,,,,,,,,,,,05:53,,,,,,,,,,,06:23,,,,,,,,,,,,,,,,,,,,,,,,,,,06:27,,,,,,,,,,,,,,,,,,,,,,,,,,,,,,,,,,,,,,,,,,,,,,,,,,,
WR_Down_90059,,06:19,,,,,,06:06,06:41,,,,,,,,05:36,,05:41,,,,,,05:57,,,,,,,,,,,06:27,,05:44,06:22,,,,,06:34,,,,,,,06:09,,,,,,,05:52,,05:49,,06:02,06:31,,,05:39,,,05:59,,,,05:46,,,,,,,,,,05:55,,06:25,,,,,06:11,,,,,,,,,,,,,,,,,,,,,,06:14,,
WR_Down_90061,,06:28,,,,,,06:15,06:49,,,,,,,,,,,,,,,,,,,,,,,,,,,06:36,,,,,,,,,,,,,,,,,,,,,,,,,,,06:39,,,,,,,,,,,,,,,,,,,,,,,,,,,,,,,,,,,,,,,,,,,,,,,,,,,
WR_Down_90067,,,,,,,,,06:51,,,,,07:04,,,,,,,,,,,,,,,,,,,,,,,,,,,,,,,,,,,,,,,,,,,,,,,,,,,,,,,,06:59,,,,,,,07:20,,,,,,,,,,,,,,,,,,,,,,,,,,,07:27,,,07:15,,,,,,,
WR_Down_90069,,06:33,,,,,,06:20,06:55,,,,,,,,,,,,,,,,06:11,,,,,,,,,,,06:41,,,,,,,,,,,,,,,,,,,,,,,,,,,06:45,,,,,,,,,,,,,,,,,,,,,,,,,,,,,,,,,,,,,,,,,,,,,,,,,,,
WR_Down_90071,,06:39,,,,,,06:26,07:00,,,,,,,,05:56,,06:01,,,,,,06:17,,,,,,,,,,,06:47,,06:04,06:42,,,,,06:54,,,,,,,06:29,,,,,,,06:12,,06:09,,06:22,06:51,,,05:59,,,06:19,,,,06:06,,,,,,,,,,06:15,,06:45,,,,,06:31,,,,,,,,,,,,,,,,,,,,,,06:34,,
WR_Down_90077,,06:42,,,,,,06:29,07:04,,,,,,,,05:59,,06:04,,,,,,06:20,,,,,,,,,,,06:50,,06:07,06:45,,,,,06:57,,,,,,,06:32,,,,,,,06:15,,06:12,,06:25,06:54,,,06:02,,,06:22,,,,06:09,,,,,,,,,,06:18,,06:48,,,,,06:34,,,,,,,,,,,,,,,,,,,,,,06:37,,
WR_Down_90079,,06:46,,,,,,06:33,07:08,,,,,,,,06:03,,06:08,,,,,,06:24,,,,,,,,,,,06:54,,06:11,06:49,,,,,07:01,,,,,,,06:36,,,,,,,06:19,,06:16,,06:29,06:58,,,06:06,,,06:26,,,,06:13,,,,,,,,,,06:22,,06:52,,,,,06:38,,,,,,,,,,,,,,,,,,,,,,06:41,,
WR_Down_90083,,06:35,,,,,,06:27,06:47,,,,,06:55,,,06:05,,06:10,,,,,,06:22,,,,,,,,,,,,,06:13,,,,,,,,,,,,,,,,,,,,,,,,,,,,06:08,,,,,,,06:15,,,,,,,,,,,,,,,,,,,,,,,,,,,,,,,07:17,,,07:03,,,,,,,
WR_Down_90085,,06:50,,,,,,06:37,,,,,,,,,,,,,,,,,06:28,,,,,,,,,,,07:01,,,,,,,,,,,,,,,,,,,,,,,,,,,,,,,,,,,,,,,,,,,,,,,,,,,,,,,,,,,,,,,,,,,,,,,,,,,,,,
WR_Down_90087,,06:54,,,,,,06:41,07:16,,,,,,,,06:11,,06:16,,,,,,06:32,,,,,,,,,,,07:02,,06:19,06:57,,,,,07:09,,,,,,,06:44,,,,,,,06:27,,06:24,,06:37,07:06,,,06:14,,,06:34,,,,06:21,,,,,,,,,,06:30,,07:00,,,,,06:46,,,,,,,,,,,,,,,,,,,,,,06:49,,
WR_Down_90091,,06:46,,,,,,06:38,06:59,,,,,07:14,,,06:15,,06:20,,,,,,06:33,,07:04,,,,,,,,,,,06:23,,,,,,,,,,,,,,,,,,,,,,,,,,,,06:18,,,,07:09,,,06:25,,,07:20,07:30,,,,,,,,,,,,,,,,,,,,,,,,,,,07:38,,,07:25,,,,,,,
WR_Down_90093,,07:00,,,,,,06:47,07:22,,,,,,,,06:17,,06:22,,,,,,06:38,,,,,,,,,,,07:08,,06:25,07:03,,,,,07:15,,,,,,,06:50,,,,,,,06:33,,06:30,,06:43,07:12,,,06:20,,,06:40,,,,06:27,,,,,,,,,,06:36,,07:06,,,,,06:52,,,,,,,,,,,,,,,,,,,,,,06:55,,
WR_Down_90097,,07:06,,,,,,06:52,07:30,,,,,,,,06:21,,06:26,,,,,,06:43,,,,,,,,,,,07:15,,06:29,07:10,,,,,07:22,,,,,,,06:55,,,,,,,06:37,,06:34,,06:48,07:19,,,06:24,,,06:45,,,,06:31,,,,,,,,,,06:40,,07:13,,,,,06:57,,,,,,,,,,,,,,,,,,,,,,07:00,,
WR_Down_90101,,07:15,,,,,,07:02,07:37,,,,,,,,06:32,,06:37,,,,,,06:53,,,,,,,,,,,07:23,,06:40,07:18,,,,,07:30,,,,,,,07:05,,,,,,,06:48,,06:45,,06:58,07:27,,,06:35,,,06:55,,,,06:42,,,,,,,,,,06:51,,07:21,,,,,07:07,,,,,,,,,,,,,,,,,,,,,,07:10,,
WR_Down_90105,,07:07,,,,,,06:58,07:21,,,,,07:36,,,06:35,,06:40,,,,,,06:53,,07:26,,,,,,,,,,,06:43,,,,,,,,,,,,,,,,,,,,,,,,,,,,06:38,,,,07:31,,,06:45,,,07:42,07:52,,,,,,,,,,,,,,,,,,,,,,,,,,,07:59,,,07:47,,,,,,,
WR_Down_90107,,07:22,,,,,,07:09,,,,,,,,,06:39,,06:44,,,,,,07:00,,,,,,,,,,,07:32,,06:47,07:25,,,,,,,,,,,,07:12,,,,,,,06:55,,06:52,,07:05,,,,06:42,,,07:02,,,,06:49,,,,,,,,,,06:58,,07:28,,,,,07:14,,,,,,,,,,,,,,,,,,,,,,07:17,,
WR_Down_90109,,07:16,,,,,,07:06,07:31,,,,,,,,06:42,,06:47,,,,,,07:00,,,,,,,,,,,,,06:50,,,,,,,,,,,,,,,,,,,,,,,,,,,,06:45,,,,,,,06:52,,,,,,,,,,,,,,,,,,,,,,,,,,,,,,,,,,,,,,,,,
WR_Down_90111,,07:32,,,,,,07:18,07:54,,,,,,,,06:48,,06:53,,,,,,07:09,,,,,,,,,,,07:40,,06:56,07:35,,,,,07:47,,,,,,,07:21,,,,,,,07:04,,07:01,,07:14,07:44,,,06:51,,,07:11,,,,06:58,,,,,,,,,,07:07,,07:38,,,,,07:23,,,,,,,,,,,,,,,,,,,,,,07:26,,
WR_Down_90113,,07:19,,,,,,07:10,07:33,,,,,07:47,,,06:48,,06:53,,,,,,07:05,,07:37,,,,,,,,,,,06:56,,,,,,,,,,,,,,,,,,,,,,,,,,,,06:51,,,,07:42,,,06:58,,,07:53,08:04,,,,,,,,,,,,,,,,,,,,,,,,,,,08:12,,,07:58,,,,,,,
WR_Down_90115,,07:34,,,,,,07:21,,,,,,,,,06:51,,06:56,,,,,,07:12,,,,,,,,,,,07:44,,06:59,07:37,,,,,,,,,,,,07:24,,,,,,,07:07,,07:04,,07:17,,,,06:54,,,07:14,,,,07:01,,,,,,,,,,07:10,,07:40,,,,,07:26,,,,,,,,,,,,,,,,,,,,,,07:29,,
WR_Down_90121,,07:45,,,,,,07:31,08:07,,,,,08:22,,,07:00,,07:05,,,,,,07:21,,08:12,,,,,,,,,07:54,,07:08,07:49,,,,,08:01,,,,,,,07:34,,,,,,,07:16,,07:13,,07:27,07:58,,,07:03,,,07:24,08:17,,,07:10,,,08:28,08:38,,,,,,07:19,,07:52,,,,,07:36,,,,,,,,,,,,,,08:45,,,08:33,,,,,07:39,,
WR_Down_90125,,07:49,,,,,,07:36,08:11,,,,,,,,07:05,,07:10,,,,,,07:26,,,,,,,,,,,07:58,,07:13,07:53,,,,,08:05,,,,,,,07:39,,,,,,,07:21,,07:18,,07:32,08:02,,,07:08,,,07:29,,,,07:15,,,,,,,,,,07:24,,07:56,,,,,07:41,,,,,,,,,,,,,,,,,,,,,,07:44,,
WR_Down_90127,,07:38,,,,,,07:30,07:51,,,,,08:05,,,07:07,,07:12,,,,,,07:24,,07:55,,,,,,,,,,,07:15,,,,,,,,,,,,,,,,,,,,,,,,,,,,07:10,,,,08:00,,,07:17,,,08:11,08:21,,,,,,,,,,,,,,,,,,,,,,,,,,,08:28,,,08:16,,,,,,,
WR_Down_90129,,07:53,,,,,,07:40,08:15,,,,,,,,07:09,,07:14,,,,,,07:30,,,,,,,,,,,08:02,,07:17,07:57,,,,,08:09,,,,,,,07:43,,,,,,,07:25,,07:22,,07:36,08:06,,,07:12,,,07:33,,,,07:19,,,,,,,,,,07:28,,08:00,,,,,07:45,,,,,,,,,,,,,,,,,,,,,,07:48,,
WR_Down_90131,,07:54,,,,,,07:43,,,,,,,,,07:12,,07:17,,,,,,07:33,,,,,,,,,,,08:04,,07:20,07:58,,,,,,,,,,,,07:46,,,,,,,07:28,,07:25,,07:39,,,,07:15,,,07:36,,,,07:22,,,,,,,,,,07:31,,08:01,,,,,07:48,,,,,,,,,,,,,,,,,,,,,,07:51,,
WR_Down_90133,,,,,,,,07:46,,,,,,,,,07:15,,07:20,,,,,,07:36,,,,,,,,,,,,,07:23,,,,,,,,,,,,,07:49,,,,,,,07:31,,07:28,,07:42,,,,07:18,,,07:39,,,,07:25,,,,,,,,,,07:34,,,,,,,07:51,,,,,,,,,,,,,,,,,,,,,,07:54,,
WR_Down_90135,,07:48,,,,,,07:39,08:02,,,,,,,,07:16,,07:21,,,,,,07:33,,,,,,,,,,,,,07:24,,,,,,,,,,,,,,,,,,,,,,,,,,,,07:19,,,,,,,07:26,,,,,,,,,,,,,,,,,,,,,,,,,,,,,,,,,,08:26,,,,,,,
WR_Down_90139,,08:05,,,,,,07:52,08:25,,,,,,,,07:21,,07:26,,,,,,07:42,,,,,,,,,,,08:13,,07:29,08:08,,,,,08:20,,,,,,,07:55,,,,,,,07:37,,07:34,,07:48,08:17,,,07:24,,,07:45,,,,07:31,,,,,,,,,,07:40,,08:11,,,,,07:57,,,,,,,,,,,,,,,,,,,,,,08:00,,
WR_Down_90141,,08:08,,,,,,07:54,08:30,,,,,,,,,,,,,,,,,,,,,,,,,,,08:16,,,,,,,,,,,,,,,,,,,,,,,,,,,08:20,,,,,,,,,,,,,,,,,,,,,,,,,,,,,,,,,,,,,,,,,,,,,,,,,,,
WR_Down_90143,,,,,,,,07:44,,,,,,,,,07:20,,,,,,,,07:37,,,,,,,,,,,08:00,,,,,,,,,,,,,,,,,,,,,,,,,,,,,,,,,,,,,07:29,,,,,,,,,,,,,,,,,,,,,,,,,,,,,,,,,,,,,,,,,
WR_Down_90145,,08:11,,,,,,07:57,08:33,,,,,,,,,,,,,,,,07:46,,,,,,,,,,,08:19,,,,,,,,,,,,,,,,,,,,,,,,,,,08:23,,,,,,,,,,,,,,,,,,,,,,,,,,,,,,,,,,,,,,,,,,,,,,,,,,,
WR_Down_90147,,07:58,,,,,,07:47,08:12,,,,,08:22,,,07:24,,07:29,,,,,,07:41,,,,,,,,,,,,,07:32,,,,,,,,,,,,,,,,,,,,,,,,,,,,07:27,,,,,,,07:34,,,,,,,,,,,,,,,,,,,,,,,,,,,,,,,08:44,,,08:31,,,,,,,
WR_Down_90149,,08:12,,,,,,08:00,,,,,,,,,07:27,,07:32,,,,,,07:49,,,,,,,,,,,08:23,,07:35,08:16,,,,,,,,,,,,08:03,,,,,,,07:44,,07:41,,07:55,,,,07:30,,,07:52,,,,07:37,,,,,,,,,,07:47,,08:19,,,,,08:05,,,,,,,,,,,,,,,,,,,,,,08:08,,
WR_Down_90151,,08:14,,,,,,08:02,08:36,,,,,,,,07:30,,07:35,,,,,,07:52,,,,,,,,,,,08:22,,07:38,08:17,,,,,08:29,,,,,,,08:05,,,,,,,07:47,,07:44,,07:57,08:26,,,07:33,,,07:54,,,,07:40,,,,,,,,,,07:50,,08:20,,,,,08:07,,,,,,,,,,,,,,,,,,,,,,08:10,,
WR_Down_90153,,08:03,,,,,,07:55,08:18,,,,,08:32,,,07:32,,07:37,,,,,,07:49,,08:22,,,,,,,,,,,07:40,,,,,,,,,,,,,,,,,,,,,,,,,,,,07:35,,,,08:27,,,07:42,,,08:38,08:48,,,,,,,,,,,,,,,,,,,,,,,,,,,08:57,,,08:43,,,,,,,
WR_Down_90155,,,,,,,,08:05,,,,,,,,,07:33,,07:38,,,,,,07:55,,,,,,,,,,,,,07:41,,,,,,,,,,,,,,,,,,,,07:50,,07:47,,08:00,,,,07:36,,,07:57,,,,07:43,,,,,,,,,,07:53,,,,,,,,,,,,,,,,,,,,,,,,,,,,,,,
WR_Down_90157,,08:21,,,,,,08:07,,,,,,,,,07:36,,07:41,,,,,,07:58,,,,,,,,,,,08:31,,07:44,08:25,,,,,,,,,,,,08:10,,,,,,,07:53,,07:50,,08:03,,,,07:39,,,08:00,,,,07:46,,,,,,,,,,07:56,,08:28,,,,,08:12,,,,,,,,,,,,,,,,,,,,,,08:15,,
WR_Down_90161,,08:23,,,,,,08:10,08:43,,,,,08:58,,,07:39,,07:44,,,,,,08:01,,08:48,,,,,,,,,08:31,,07:47,08:26,,,,,08:38,,,,,,,08:13,,,,,,,07:56,,07:53,,08:06,08:35,,,07:42,,,08:03,08:53,,,07:49,,,09:04,09:13,,,,,,07:59,,08:29,,,,,08:15,,,,,,,,,,,,,,09:20,,,09:08,,,,,08:18,,
WR_Down_90163,,08:26,,,,,,08:13,08:47,,,,,,,,07:42,,07:47,,,,,,08:04,,,,,,,,,,,08:34,,07:50,08:29,,,,,08:41,,,,,,,08:16,,,,,,,07:59,,07:56,,08:09,08:38,,,07:45,,,08:06,,,,07:52,,,,,,,,,,08:02,,08:32,,,,,08:18,,,,,,,,,,,,,,,,,,,,,,08:21,,
WR_Down_90165,,,,,,,,08:16,,,,,,,,,07:45,,07:50,,,,,,08:07,,,,,,,,,,,,,07:53,,,,,,,,,,,,,08:19,,,,,,,08:02,,07:59,,08:12,,,,07:48,,,08:09,,,,07:55,,,,,,,,,,08:05,,,,,,,08:21,,,,,,,,,,,,,,,,,,,,,,08:24,,
WR_Down_90167,,08:16,,,,,,08:07,08:28,,,,,08:43,,,07:45,,07:50,,,,,,08:02,,08:33,,,,,,,,,,,07:53,,,,,,,,,,,,,,,,,,,,,,,,,,,,07:48,,,,08:38,,,07:55,,,08:49,08:59,,,,,,,,,,,,,,,,,,,,,,,,,,,09:05,,,08:54,,,,,,,
WR_Down_90169,,08:33,,,,,,08:19,08:54,,,,,,,,07:48,,07:53,,,,,,08:10,,,,,,,,,,,08:41,,07:56,08:36,,,,,08:48,,,,,,,08:23,,,,,,,08:05,,08:02,,08:15,08:45,,,07:51,,,08:12,,,,07:58,,,,,,,,,,08:08,,08:39,,,,,08:25,,,,,,,,,,,,,,,,,,,,,,08:28,,
WR_Down_90171,,08:19,,,,,,08:11,08:35,,,,,,,,07:50,,,,,,,,08:05,,,,,,,,,,,,,,,,,,,,,,,,,,,,,,,,,,,,,,,,,,,,,,,,07:58,,,,,,,,,,,,,,,,,,,,,,,,,,,,,,,,,,,,,,,,,
WR_Down_90173,,08:35,,,,,,08:22,,,,,,,,,07:51,,07:56,,,,,,08:13,,,,,,,,,,,08:46,,07:59,08:39,,,,,,,,,,,,08:25,,,,,,,08:08,,08:05,,08:18,,,,07:54,,,08:15,,,,08:01,,,,,,,,,,08:11,,08:42,,,,,08:27,,,,,,,,,,,,,,,,,,,,,,08:30,,
WR_Down_90175,,08:39,,,,,,08:25,,,,,,,,,07:54,,07:59,,,,,,08:16,,,,,,,,,,,,,08:02,,,,,,,,,,,,,08:28,,,,,,,08:11,,08:08,,08:21,,,,07:57,,,08:18,,,,08:04,,,,,,,,,,08:14,,,,,,,08:30,,,,,,,,,,,,,,,,,,,,,,08:33,,
WR_Down_90179,,08:41,,,,,,08:28,09:02,,,,,,,,07:57,,08:02,,,,,,08:19,,,,,,,,,,,08:49,,08:05,08:44,,,,,08:56,,,,,,,08:31,,,,,,,08:14,,08:11,,08:24,08:53,,,08:00,,,08:21,,,,08:07,,,,,,,,,,08:17,,08:47,,,,,08:33,,,,,,,,,,,,,,,,,,,,,,08:36,,
WR_Down_90181,,,,,,,,08:21,,,,,,,,,08:00,,,,,,,,08:15,,,,,,,,,,,08:38,,,,,,,,,,,,,,,,,,,,,,,,,,,,,,,,,,,,,08:08,,,,,,,,,,,,,,,,,,,,,,,,,,,,,,,,,,,,,,,,,
WR_Down_90183,,08:45,,,,,,08:33,09:05,,,,,,,,08:03,,08:08,,,,,,08:24,,,,,,,,,,,08:53,,08:11,08:48,,,,,09:00,,,,,,,08:36,,,,,,,08:19,,08:16,,08:29,08:57,,,08:06,,,08:26,,,,08:13,,,,,,,,,,08:22,,08:51,,,,,08:38,,,,,,,,,,,,,,,,,,,,,,08:41,,
WR_Down_90185,,,,,,,,,09:06,,,,,09:19,,,,,,,,,,,,,,,,,,,,,,,,,,,,,,,,,,,,,,,,,,,,,,,,,,,,,,,,09:14,,,,,,,09:35,,,,,,,,,,,,,,,,,,,,,,,,,,,09:41,,,09:30,,,,,,,
WR_Down_90187,,08:50,,,,,,08:36,09:11,,,,,,,,08:06,,08:11,,,,,,08:27,,,,,,,,,,,08:58,,08:14,08:53,,,,,09:05,,,,,,,08:39,,,,,,,08:22,,08:19,,08:32,09:02,,,08:09,,,08:29,,,,08:16,,,,,,,,,,08:25,,08:56,,,,,08:41,,,,,,,,,,,,,,,,,,,,,,08:44,,
WR_Down_90189,,08:38,,,,,,08:30,08:53,,,,,09:07,,,08:08,,,,,,,,08:24,,08:57,,,,,,,,,,,,,,,,,,,,,,,,,,,,,,,,,,,,,,,,,,,09:02,,,08:16,,,09:13,09:24,,,,,,,,,,,,,,,,,,,,,,,,,,,09:33,,,09:18,,,,,,,
WR_Down_90191,,08:53,,,,,,08:40,,,,,,,,,08:10,,08:15,,,,,,08:31,,,,,,,,,,,,,08:18,,,,,,,,,,,,,08:43,,,,,,,08:26,,08:23,,08:36,,,,08:13,,,08:33,,,,08:20,,,,,,,,,,08:29,,,,,,,08:45,,,,,,,,,,,,,,,,,,,,,,08:48,,
WR_Down_90193,,08:41,,,,,,08:33,08:57,,,,,,,,08:11,,,,,,,,08:27,,,,,,,,,,,,,,,,,,,,,,,,,,,,,,,,,,,,,,,,,,,,,,,,08:19,,,,,,,,,,,,,,,,,,,,,,,,,,,,,,,,,,,,,,,,,
WR_Down_90195,,08:55,,,,,,08:41,09:15,,,,,09:31,,,,,,,,,,,,,,,,,,,,,,09:03,,,,,,,,,,,,,,,,,,,,,,,,,,,09:07,,,,,,,09:24,,,,,,,,,,,,,,,,,,,,,,,,,,,,,,,,,,,,,,,,,,,,
WR_Down_90197,,08:59,,,,,,08:45,09:22,,,,,,,,08:15,,08:20,,,,,,08:36,,,,,,,,,,,09:08,,08:23,09:03,,,,,09:15,,,,,,,08:49,,,,,,,08:31,,08:28,,08:41,09:12,,,08:18,,,08:38,,,,08:25,,,,,,,,,,08:34,,09:06,,,,,08:51,,,,,,,,,,,,,,,,,,,,,,08:54,,
WR_Down_90199,,09:02,,,,,,08:48,,,,,,,,,08:18,,08:23,,,,,,08:39,,,,,,,,,,,09:13,,08:26,09:06,,,,,,,,,,,,08:51,,,,,,,08:34,,08:31,,08:44,,,,08:21,,,08:41,,,,08:28,,,,,,,,,,08:37,,09:09,,,,,08:54,,,,,,,,,,,,,,,,,,,,,,08:57,,
WR_Down_90201,,08:55,,,,,,08:45,09:09,,,,,09:24,,,08:20,,08:26,,,,,,08:39,,09:14,,,,,,,,,,,08:29,,,,,,,,,,,,,,,,,,,,,,,,,,,,08:23,,,,09:19,,,08:31,,,09:30,09:40,,,,,,,,,,,,,,,,,,,,,,,,,,,09:48,,,09:35,,,,,,,
WR_Down_90203,,09:06,,,,,,08:53,09:28,,,,,,,,08:23,,08:28,,,,,,08:44,,,,,,,,,,,09:14,,08:31,09:09,,,,,09:21,,,,,,,08:56,,,,,,,08:39,,08:36,,08:49,09:18,,,08:26,,,08:46,,,,08:33,,,,,,,,,,08:42,,09:12,,,,,08:58,,,,,,,,,,,,,,,,,,,,,,09:01,,
WR_Down_90205,,09:10,,,,,,08:57,09:33,,,,,,,,08:27,,08:32,,,,,,08:48,,,,,,,,,,,09:18,,08:35,09:13,,,,,09:25,,,,,,,09:00,,,,,,,08:43,,08:40,,08:53,09:22,,,08:30,,,08:50,,,,08:37,,,,,,,,,,08:46,,09:16,,,,,09:02,,,,,,,,,,,,,,,,,,,,,,09:05,,
WR_Down_90209,,09:18,,,,,,09:03,,,,,,,,,08:32,,08:37,,,,,,08:53,,,,,,,,,,,09:29,,08:40,09:22,,,,,,,,,,,,09:07,,,,,,,08:48,,08:45,,08:59,,,,08:35,,,08:56,,,,08:42,,,,,,,,,,08:51,,09:25,,,,,09:10,,,,,,,,,,,,,,,,,,,,,,09:13,,
WR_Down_90213,,09:05,,,,,,08:55,09:20,,,,,09:33,,,08:35,,,,,,,,08:50,,09:23,,,,,,,,,,,,,,,,,,,,,,,,,,,,,,,,,,,,,,,,,,,09:28,,,08:43,,,09:39,09:49,,,,,,,,,,,,,,,,,,,,,,,,,,,09:57,,,09:44,,,,,,,
WR_Down_90215,,09:20,,,,,,09:05,09:43,,,,,,,,08:35,,08:40,,,,,,08:56,,,,,,,,,,,09:29,,08:43,09:24,,,,,09:36,,,,,,,09:08,,,,,,,08:51,,08:48,,09:01,09:33,,,08:38,,,08:58,,,,08:45,,,,,,,,,,08:54,,09:27,,,,,09:11,,,,,,,,,,,,,,,,,,,,,,09:14,,
WR_Down_90217,,09:09,,,,,,08:59,09:24,,,,,09:38,,,08:39,,,,,,,,08:54,,09:28,,,,,,,,,,,,,,,,,,,,,,,,,,,,,,,,,,,,,,,,,,,09:33,,,08:47,,,09:44,,,,,,,,,,,,,,,,,,,,,,,,,,,,,,,09:52,,,,,,,
WR_Down_90219,,09:22,,,,,,09:08,,,,,,,,,08:38,,08:43,,,,,,08:59,,,,,,,,,,,09:34,,08:46,09:26,,,,,,,,,,,,09:11,,,,,,,08:54,,08:51,,09:04,,,,08:41,,,09:01,,,,08:48,,,,,,,,,,08:57,,09:29,,,,,09:14,,,,,,,,,,,,,,,,,,,,,,09:17,,
WR_Down_90221,,09:26,,,,,,09:12,09:49,,,,,,,,,,,,,,,,,,,,,,,,,,,09:35,,,,,,,,,,,,,,,,,,,,,,,,,,,09:39,,,,,,,,,,,,,,,,,,,,,,,,,,,,,,,,,,,,,,,,,,,,,,,,,,,
WR_Down_90223,,,,,,,,09:03,,,,,,,,,08:43,,,,,,,,08:58,,,,,,,,,,,09:20,,,,,,,,,,,,,,,,,,,,,,,,,,,,,,,,,,,,,08:51,,,,,,,,,,,,,,,,,,,,,,,,,,,,,,,,,,,,,,,,,
WR_Down_90225,,09:32,,,,,,09:16,09:55,,,,,,,,08:46,,08:51,,,,,,09:07,,,,,,,,,,,09:41,,08:54,09:36,,,,,09:48,,,,,,,09:20,,,,,,,09:02,,08:59,,09:12,09:45,,,08:49,,,09:09,,,,08:56,,,,,,,,,,09:05,,09:39,,,,,09:23,,,,,,,,,,,,,,,,,,,,,,09:26,,
WR_Down_90227,,09:34,,,,,,09:20,,,,,,,,,08:50,,08:55,,,,,,09:11,,,,,,,,,,,,,08:58,,,,,,,,,,,,,09:23,,,,,,,09:06,,09:03,,09:16,,,,08:53,,,09:13,,,,09:00,,,,,,,,,,09:09,,,,,,,09:26,,,,,,,,,,,,,,,,,,,,,,09:29,,
WR_Down_90229,,09:37,,,,,,09:23,10:00,,,,,,,,08:53,,08:58,,,,,,09:14,,,,,,,,,,,09:46,,09:01,09:41,,,,,09:53,,,,,,,09:26,,,,,,,09:09,,09:06,,09:19,09:50,,,08:56,,,09:16,,,,09:03,,,,,,,,,,09:12,,09:44,,,,,09:29,,,,,,,,,,,,,,,,,,,,,,09:32,,
WR_Down_90231,,09:41,,,,,,09:26,,,,,,,,,08:56,,09:01,,,,,,09:17,,,,,,,,,,,09:52,,09:04,09:45,,,,,,,,,,,,09:29,,,,,,,09:12,,09:09,,09:22,,,,08:59,,,09:19,,,,09:06,,,,,,,,,,09:15,,09:48,,,,,09:32,,,,,,,,,,,,,,,,,,,,,,09:35,,
WR_Down_90233,,09:26,,,,,,09:17,09:40,,,,,09:56,,,08:56,,,,,,,,09:12,,09:46,,,,,,,,,,,,,,,,,,,,,,,,,,,,,,,,,,,,,,,,,,,09:51,,,09:05,,,10:02,10:12,,,,,,,,,,,,,,,,,,,,,,,,,,,10:20,,,10:07,,,,,,,
WR_Down_90235,,09:45,,,,,,09:30,,,,,,,,,09:00,,09:05,,,,,,09:21,,,,,,,,,,,,,09:08,,,,,,,,,,,,,09:33,,,,,,,09:16,,09:13,,09:26,,,,09:03,,,09:23,,,,09:10,,,,,,,,,,09:19,,,,,,,09:36,,,,,,,,,,,,,,,,,,,,,,09:39,,
WR_Down_90237,,,,,,,,,09:46,,,,,10:03,,,,,,,,,,,,,,,,,,,,,,,,,,,,,,,,,,,,,,,,,,,,,,,,,,,,,,,,09:56,,,,,,,,,,,,,,,,,,,,,,,,,,,,,,,,,,,,,,,,,,,,
WR_Down_90241,,09:47,,,,,,09:34,,,,,,,,,09:04,,09:09,,,,,,09:25,,,,,,,,,,,09:55,,09:12,09:50,,,,,10:02,,,,,,,09:37,,,,,,,09:20,,09:17,,09:30,09:59,,,09:07,,,09:27,,,,09:14,,,,,,,,,,09:23,,09:53,,,,,09:40,,,,,,,,,,,,,,,,,,,,,,09:43,,
WR_Down_90243,,09:32,,,,,,09:23,09:45,,,,,09:59,,,09:03,,,,,,,,09:18,,09:49,,,,,,,,,,,,,,,,,,,,,,,,,,,,,,,,,,,,,,,,,,,09:54,,,09:11,,,10:05,10:16,,,,,,,,,,,,,,,,,,,,,,,,,,,10:24,,,10:10,,,,,,,
WR_Down_90245,,,,,,,,09:26,,,,,,,,,09:06,,,,,,,,09:21,,,,,,,,,,,09:42,,,,,,,,,,,,,,,,,,,,,,,,,,,,,,,,,,,,,09:14,,,,,,,,,,,,,,,,,,,,,,,,,,,,,,,,,,,,,,,,,
WR_Down_90247,,09:50,,,,,,09:37,,,,,,,,,09:07,,09:12,,,,,,09:28,,,,,,,,,,,10:01,,09:15,09:54,,,,,,,,,,,,09:40,,,,,,,09:23,,09:20,,09:33,,,,09:10,,,09:30,,,,09:17,,,,,,,,,,09:26,,09:57,,,,,09:43,,,,,,,,,,,,,,,,,,,,,,09:46,,
WR_Down_90251,,09:54,,,,,,09:41,,,,,,,,,09:11,,09:16,,,,,,09:32,,,,,,,,,,,10:02,,09:19,09:57,,,,,10:09,,,,,,,09:44,,,,,,,09:27,,09:24,,09:37,10:06,,,09:14,,,09:34,,,,09:21,,,,,,,,,,09:30,,10:00,,,,,09:47,,,,,,,,,,,,,,,,,,,,,,09:50,,
WR_Down_90255,,09:41,,,,,,09:32,09:55,,,,,,,,09:13,,,,,,,,09:27,,,,,,,,,,,,,,,,,,,,,,,,,,,,,,,,,,,,,,,,,,,,,,,,09:20,,,,,,,,,,,,,,,,,,,,,,,,,,,,,,,,,,,,,,,,,
WR_Down_90257,,10:03,,,,,,09:49,10:25,,,,,,,,09:19,,09:24,,,,,,09:40,,,,,,,,,,,10:11,,09:27,10:06,,,,,10:18,,,,,,,09:52,,,,,,,09:35,,09:32,,09:45,10:15,,,09:22,,,09:42,,,,09:29,,,,,,,,,,09:38,,10:09,,,,,09:55,,,,,,,,,,,,,,,,,,,,,,09:58,,
WR_Down_90259,,10:05,,,,,,09:52,,,,,,,,,09:22,,09:27,,,,,,09:43,,,,,,,,,,,10:15,,09:30,10:08,,,,,,,,,,,,09:55,,,,,,,09:38,,09:35,,09:48,,,,09:25,,,09:45,,,,09:32,,,,,,,,,,09:41,,10:11,,,,,09:58,,,,,,,,,,,,,,,,,,,,,,10:01,,
WR_Down_90263,,,,,,,,09:55,,,,,,,,,09:25,,09:30,,,,,,09:46,,,,,,,,,,,,,09:33,,,,,,,,,,,,,09:58,,,,,,,09:41,,09:38,,09:51,,,,09:28,,,09:48,,,,09:35,,,,,,,,,,09:44,,,,,,,10:01,,,,,,,,,,,,,,,,,,,,,,10:04,,
WR_Down_90265,,10:12,,,,,,09:58,10:33,,,,,,,,09:28,,09:33,,,,,,09:49,,,,,,,,,,,10:20,,09:36,10:15,,,,,10:27,,,,,,,10:01,,,,,,,09:44,,09:41,,09:54,10:24,,,09:31,,,09:51,,,,09:38,,,,,,,,,,09:47,,10:18,,,,,10:03,,,,,,,,,,,,,,,,,,,,,,10:06,,
WR_Down_90269,,10:14,,,,,,10:01,,,,,,,,,09:31,,09:36,,,,,,09:52,,,,,,,,,,,10:25,,09:39,10:18,,,,,,,,,,,,10:04,,,,,,,09:47,,09:44,,09:57,,,,09:34,,,09:54,,,,09:41,,,,,,,,,,09:50,,10:21,,,,,10:06,,,,,,,,,,,,,,,,,,,,,,10:09,,
WR_Down_90271,,10:03,,,,,,09:53,10:17,,,,,,,,09:33,,,,,,,,09:48,,,,,,,,,,,,,,,,,,,,,,,,,,,,,,,,,,,,,,,,,,,,,,,,09:41,,,,,,,,,,,,,,,,,,,,,,,,,,,,,,,,,,,,,,,,,
WR_Down_90273,,10:17,,,,,,10:04,10:38,,,,,10:55,,,09:34,,09:39,,,,,,09:55,,10:43,,,,,,,,,10:25,,09:42,10:20,,,,,10:32,,,,,,,10:07,,,,,,,09:50,,09:47,,10:00,10:29,,,09:37,,,09:57,10:48,,,09:44,,,,,,,,,,09:53,,10:23,,,,,10:09,,,,,,,,,,,,,,,,,,,,,,10:12,,
WR_Down_90275,,10:06,,,,,,09:58,10:21,,,,,10:34,,,09:36,,09:41,,,,,,09:53,,10:25,,,,,,,,,,,09:44,,,,,,,,,,,,,,,,,,,,,,,,,,,,09:39,,,,10:30,,,09:46,,,10:40,10:50,,,,,,,,,,,,,,,,,,,,,,,,,,,10:57,,,10:45,,,,,,,
WR_Down_90275A,,,,,,,,,,,,,,10:41,,,,,,,,,,,,,,,,,,,,,,,,,,,,,,,,,,,,,,,,,,,,,,,,,,,,,,,,,,,,,,,10:59,,,,,,,,,,,,,,,,,,,,,,,,,,,11:10,,,10:54,,,,,,,
WR_Down_90277,,10:21,,,,,,10:08,10:42,,,,,,,,09:38,,09:43,,,,,,09:59,,,,,,,,,,,10:29,,09:46,10:24,,,,,10:36,,,,,,,10:11,,,,,,,09:54,,09:51,,10:04,10:33,,,09:41,,,10:01,,,,09:48,,,,,,,,,,09:57,,10:27,,,,,10:13,,,,,,,,,,,,,,,,,,,,,,10:16,,
WR_Down_90279,,10:25,,,,,,10:11,,,,,,,,,09:41,,09:46,,,,,,10:02,,,,,,,,,,,,,09:49,,,,,,,,,,,,,10:14,,,,,,,09:57,,09:54,,10:07,,,,09:44,,,10:04,,,,09:51,,,,,,,,,,10:00,,,,,,,10:16,,,,,,,,,,,,,,,,,,,,,,10:19,,
WR_Down_90281,,10:28,,,,,,10:14,10:49,,,,,,,,09:44,,09:49,,,,,,10:05,,,,,,,,,,,10:36,,09:52,10:31,,,,,10:43,,,,,,,10:17,,,,,,,10:00,,09:57,,10:10,10:40,,,09:47,,,10:07,,,,09:54,,,,,,,,,,10:03,,10:34,,,,,10:20,,,,,,,,,,,,,,,,,,,,,,10:23,,
WR_Down_90283,,10:16,,,,,,10:05,10:31,,,,,,,,09:44,,,,,,,,09:59,,,,,,,,,,,,,,,,,,,,,,,,,,,,,,,,,,,,,,,,,,,,,,,,09:52,,,,,,,,,,,,,,,,,,,,,,,,,,,,,,,,,,,,,,,,,
WR_Down_90285,,10:32,,,,,,10:18,10:53,,,,,,,,09:47,,09:52,,,,,,10:09,,,,,,,,,,,10:40,,09:55,10:35,,,,,10:47,,,,,,,10:21,,,,,,,10:03,,10:00,,10:14,10:44,,,09:50,,,10:11,,,,09:57,,,,,,,,,,10:06,,10:38,,,,,10:24,,,,,,,,,,,,,,,,,,,,,,10:27,,
WR_Down_90287,,10:19,,,,,,10:09,10:33,,,,,10:47,,,09:48,,,,,,,,10:03,,10:37,,,,,,,,,,,,,,,,,,,,,,,,,,,,,,,,,,,,,,,,,,,10:42,,,09:56,,,10:53,11:04,,,,,,,,,,,,,,,,,,,,,,,,,,,11:11,,,10:58,,,,,,,
WR_Down_90289,,10:36,,,,,,10:22,,,,,,,,,09:50,,09:55,,,,,,10:12,,,,,,,,,,,10:47,,09:58,10:40,,,,,,,,,,,,10:26,,,,,,,10:06,,10:03,,10:17,,,,09:53,,,10:14,,,,10:00,,,,,,,,,,10:09,,10:43,,,,,10:28,,,,,,,,,,,,,,,,,,,,,,10:31,,
WR_Down_90291,,10:37,,,,,,10:24,10:57,,,,,,,,09:53,,09:58,,,,,,10:15,,,,,,,,,,,10:45,,10:01,10:40,,,,,10:52,,,,,,,10:27,,,,,,,10:09,,10:06,,10:20,10:49,,,09:56,,,10:17,,,,10:03,,,,,,,,,,10:12,,10:43,,,,,10:29,,,,,,,,,,,,,,,,,,,,,,10:32,,
WR_Down_90293,,,,,,,,10:27,,,,,,,,,09:56,,10:01,,,,,,10:18,,,,,,,,,,,,,10:04,,,,,,,,,,,,,10:30,,,,,,,10:12,,10:09,,10:23,,,,09:59,,,10:20,,,,10:06,,,,,,,,,,10:15,,,,,,,10:33,,,,,,,,,,,,,,,,,,,,,,10:36,,
WR_Down_90297,,10:44,,,,,,10:30,11:05,,,,,,,,10:00,,10:05,,,,,,10:21,,,,,,,,,,,10:52,,10:08,10:47,,,,,10:59,,,,,,,10:33,,,,,,,10:16,,10:13,,10:26,10:56,,,10:03,,,10:23,,,,10:10,,,,,,,,,,10:19,,10:50,,,,,10:36,,,,,,,,,,,,,,,,,,,,,,10:39,,
WR_Down_90299,,10:47,,,,,,10:33,,,,,,,,,10:03,,10:08,,,,,,10:24,,,,,,,,,,,10:57,,10:11,10:51,,,,,,,,,,,,10:36,,,,,,,10:19,,10:16,,10:29,,,,10:06,,,10:26,,,,10:13,,,,,,,,,,10:22,,10:54,,,,,10:39,,,,,,,,,,,,,,,,,,,,,,10:42,,
WR_Down_90301,,10:50,,,,,,10:36,11:12,,,,,,,,10:06,,10:11,,,,,,10:27,,,,,,,,,,,10:59,,10:14,10:54,,,,,11:06,,,,,,,10:39,,,,,,,10:22,,10:19,,10:32,11:03,,,10:09,,,10:29,,,,10:16,,,,,,,,,,10:25,,10:57,,,,,10:42,,,,,,,,,,,,,,,,,,,,,,10:45,,
WR_Down_90303,,10:41,,,,,,10:28,10:57,,,,,,,,10:08,,,,,,,,10:23,,,,,,,,,,,,,,,,,,,,,,,,,,,,,,,,,,,,,,,,,,,,,,,,10:16,,,,,,,,,,,,,,,,,,,,,,,,,,,,,,,,,,,,,,,,,
WR_Down_90305,,10:54,,,,,,10:40,11:15,,,,,,,,10:10,,10:15,,,,,,10:31,,,,,,,,,,,11:02,,10:18,10:57,,,,,11:09,,,,,,,10:43,,,,,,,10:26,,10:23,,10:36,11:06,,,10:13,,,10:33,,,,10:20,,,,,,,,,,10:29,,11:00,,,,,10:45,,,,,,,,,,,,,,,,,,,,,,10:48,,
WR_Down_90307,,10:44,,,,,,10:32,,,,,,,,,10:11,,,,,,,,10:26,,,,,,,,,,,,,,,,,,,,,,,,,,,,,,,,,,,,,,10:54,,,,,,,,,,10:19,,,,,,,,,,,,,,,,,,,,,,,,,,,,,,,,,,,,,,,,,
WR_Down_90309,,10:56,,,,,,10:43,,,,,,,,,10:13,,10:18,,,,,,10:34,,,,,,,,,,,11:06,,10:21,10:59,,,,,,,,,,,,10:46,,,,,,,10:29,,10:26,,10:39,,,,10:16,,,10:36,,,,10:23,,,,,,,,,,10:32,,11:02,,,,,10:49,,,,,,,,,,,,,,,,,,,,,,10:52,,
WR_Down_90311,,11:00,,,,,,10:47,11:22,,,,,,,,10:17,,10:22,,,,,,10:38,,,,,,,,,,,11:08,,10:25,11:03,,,,,11:15,,,,,,,10:50,,,,,,,10:33,,10:30,,10:43,11:12,,,10:20,,,10:40,,,,10:27,,,,,,,,,,10:36,,11:06,,,,,10:53,,,,,,,,,,,,,,,,,,,,,,10:56,,
WR_Down_90313,,10:51,,,,,,10:40,11:06,,,,,11:21,,,10:17,,,,,,,,10:34,,11:11,,,,,,,,,,,,,,,,,,,,,,,,,,,,,,,,,,,,,,,,,,,11:16,,,10:27,,,11:27,11:38,,,,,,,,,,,,,,,,,,,,,,,,,,,11:44,,,11:32,,,,,,,
WR_Down_90315,,11:03,,,,,,10:50,11:25,,,,,,,,10:20,,10:25,,,,,,10:41,,,,,,,,,,,11:11,,10:28,11:06,,,,,11:18,,,,,,,10:53,,,,,,,10:36,,10:33,,10:46,11:15,,,10:23,,,10:43,,,,10:30,,,,,,,,,,10:39,,11:09,,,,,10:56,,,,,,,,,,,,,,,,,,,,,,10:59,,
WR_Down_90321,,11:12,,,,,,10:57,11:34,,,,,,,,10:27,,10:32,,,,,,10:48,,,,,,,,,,,11:20,,10:35,11:15,,,,,11:27,,,,,,,11:00,,,,,,,10:43,,10:40,,10:53,11:24,,,10:30,,,10:50,,,,10:37,,,,,,,,,,10:46,,11:18,,,,,11:03,,,,,,,,,,,,,,,,,,,,,,11:06,,
WR_Down_90323,,11:00,,,,,,10:51,11:15,,,,,11:29,,,10:29,,,,,,,,10:46,,11:19,,,,,,,,,,,,,,,,,,,,,,,,,,,,,,,,,,,,,,,,,,,11:24,,,10:39,,,11:34,11:44,,,,,,,,,,,,,,,,,,,,,,,,,,,11:51,,,11:39,,,,,,,
WR_Down_90325,,11:14,,,,,,11:00,,,,,,,,,10:30,,10:35,,,,,,10:51,,,,,,,,,,,,,10:38,,,,,,,,,,,,,11:03,,,,,,,10:46,,10:43,,10:56,,,,10:33,,,10:53,,,,10:40,,,,,,,,,,10:49,,,,,,,11:05,,,,,,,,,,,,,,,,,,,,,,11:08,,
WR_Down_90329,,11:16,,,,,,11:03,11:38,,,,,,,,10:33,,10:38,,,,,,10:54,,,,,,,,,,,11:24,,10:41,11:19,,,,,11:31,,,,,,,11:06,,,,,,,10:49,,10:46,,10:59,11:28,,,10:36,,,10:56,,,,10:43,,,,,,,,,,10:52,,11:22,,,,,11:08,,,,,,,,,,,,,,,,,,,,,,11:11,,
WR_Down_90333,,11:19,,,,,,11:06,11:41,,,,,11:57,,,10:36,,10:41,,,,,,10:57,,11:46,,,,,,,,,11:27,,10:44,11:22,,,,,11:34,,,,,,,11:09,,,,,,,10:52,,10:49,,11:02,11:31,,,10:39,,,10:59,11:51,,,10:46,,,12:03,12:13,,,,,,10:55,,11:25,,,,,11:11,,,,,,,,,,,,,,,,,12:08,,,,,11:14,,
WR_Down_90337,,,,,,,,,,,,,,,,,10:39,,10:44,,,,,,,,,,,,,,,,,,,10:47,,,,,,,,,,,,,,,,,,,,,,,,,,,,10:42,,,,,,,10:49,,,,,,,,,,,,,,,,,,,,,,,,,,,,,,,,,,,,,,,,,
WR_Down_90339,,11:14,,,,,,11:05,,,,,,,,,10:42,,,,,,,,10:59,,,,,,,,,,,,,,,,,,,,,,,,,,,,,,,,,,,,,,11:21,,,,,,,,,,10:52,,,,,,,,,,,,,,,,,,,,,,,,,,,,,,,,,,,,,,,,,
WR_Down_90341,,11:25,,,,,,11:12,11:47,,,,,,,,10:42,,10:47,,,,,,11:03,,,,,,,,,,,11:33,,10:50,11:28,,,,,11:40,,,,,,,11:15,,,,,,,10:58,,10:55,,11:08,11:37,,,10:45,,,11:05,,,,10:52,,,,,,,,,,11:01,,11:31,,,,,11:17,,,,,,,,,,,,,,,,,,,,,,11:20,,
WR_Down_90343,,,,,,,,11:15,,,,,,,,,10:45,,10:50,,,,,,11:06,,,,,,,,,,,,,10:53,,,,,,,,,,,,,11:18,,,,,,,11:01,,10:58,,11:11,,,,10:48,,,11:08,,,,10:55,,,,,,,,,,11:04,,,,,,,11:21,,,,,,,,,,,,,,,,,,,,,,11:24,,
WR_Down_90347,,11:21,,,,,,11:12,11:35,,,,,,,,10:50,,,,,,,,11:06,,,,,,,,,,,,,,,,,,,,,,,,,,,,,,,,,,,,,,,,,,,,,,,,10:59,,,,,,,,,,,,,,,,,,,,,,,,,,,,,,,,,,,,,,,,,
WR_Down_90349,,11:33,,,,,,11:18,11:54,,,,,12:11,,,10:48,,10:53,,,,,,11:09,,11:58,,,,,,,,,11:41,,10:56,11:36,,,,,11:48,,,,,,,11:21,,,,,,,11:04,,11:01,,11:14,11:45,,,10:51,,,11:11,12:03,,,10:58,,,,,,,,,,11:07,,11:39,,,,,11:23,,,,,,,,,,,,,,,,,,,,,,11:27,,
WR_Down_90351,,11:34,,,,,,11:21,,,,,,,,,10:51,,10:56,,,,,,11:12,,,,,,,,,,,11:44,,10:59,11:37,,,,,,,,,,,,11:24,,,,,,,11:07,,11:04,,11:17,,,,10:54,,,11:14,,,,11:01,,,,,,,,,,11:10,,11:40,,,,,11:26,,,,,,,,,,,,,,,,,,,,,,11:29,,
WR_Down_90353,,11:37,,,,,,11:24,11:59,,,,,,,,10:54,,10:59,,,,,,11:15,,,,,,,,,,,11:45,,11:02,11:40,,,,,11:52,,,,,,,11:27,,,,,,,11:10,,11:07,,11:20,11:49,,,10:57,,,11:17,,,,11:04,,,,,,,,,,11:13,,11:43,,,,,11:29,,,,,,,,,,,,,,,,,,,,,,11:32,,
WR_Down_90355,,11:29,,,,,,11:20,11:43,,,,,11:57,,,10:57,,,,,,,,11:14,,11:47,,,,,,,,,,,,,,,,,,,,,,,,,,,,,,,,,,,,,,,,,,,11:52,,,11:07,,,12:03,12:13,,,,,,,,,,,,,,,,,,,,,,,,,,,12:20,,,12:08,,,,,,,
WR_Down_90357,,11:41,,,,,,11:28,12:03,,,,,,,,10:57,,11:02,,,,,,11:19,,,,,,,,,,,11:49,,11:05,11:44,,,,,11:56,,,,,,,11:31,,,,,,,11:13,,11:10,,11:24,11:53,,,11:00,,,11:21,,,,11:07,,,,,,,,,,11:16,,11:47,,,,,11:33,,,,,,,,,,,,,,,,,,,,,,11:36,,
WR_Down_90359,,,,,,,,,,,,,,,,,11:00,,11:05,,,,,,,,,,,,,,,,,,,11:08,,,,,,,,,,,,,,,,,,,,,,,,,,,,11:03,,,,,,,11:10,,,,,,,,,,,,,,,,,,,,,,,,,,,,,,,,,,,,,,,,,
WR_Down_90361,,11:32,,,,,,11:23,,,,,,,,,11:00,,11:05,,,,,,11:17,,,,,,,,,,,,,11:08,,,,,,,,,,,,,,,,,,,,,,,,,11:39,,,11:03,,,,,,,11:10,,,,,,,,,,,,,,,,,,,,,,,,,,,,,,,,,,,,,,,,,
WR_Down_90363,,11:46,,,,,,11:33,12:07,,,,,,,,11:03,,11:08,,,,,,11:24,,,,,,,,,,,11:54,,11:11,11:49,,,,,12:01,,,,,,,11:36,,,,,,,11:19,,11:16,,11:29,11:58,,,11:06,,,11:26,,,,11:13,,,,,,,,,,11:22,,11:52,,,,,11:38,,,,,,,,,,,,,,,,,,,,,,11:41,,
WR_Down_90365,,11:37,,,,,,11:28,11:51,,,,,12:06,,,11:06,,11:11,,,,,,11:23,,11:56,,,,,,,,,,,11:14,,,,,,,,,,,,,,,,,,,,,,,,,,,,11:09,,,,12:01,,,11:16,,,12:12,12:22,,,,,,,,,,,,,,,,,,,,,,,,,,,12:30,,,12:17,,,,,,,
WR_Down_90369,,,,,,,,,12:08,,,,,12:22,,,,,,,,,,,,,,,,,,,,,,,,,,,,,,,,,,,,,,,,,,,,,,,,,,,,,,,,12:17,,,,,,,12:38,,,,,,,,,,,,,,,,,,,,,,,,,,,12:45,,,12:33,,,,,,,
WR_Down_90371,,11:48,,,,,,11:36,,,,,,,,,11:06,,11:11,,,,,,11:27,,,,,,,,,,,11:58,,11:14,11:52,,,,,,,,,,,,11:39,,,,,,,11:22,,11:19,,11:32,,,,11:09,,,11:29,,,,11:16,,,,,,,,,,11:25,,11:55,,,,,11:41,,,,,,,,,,,,,,,,,,,,,,11:44,,
WR_Down_90373,,11:53,,,,,,11:39,12:15,,,,,,,,11:09,,11:14,,,,,,11:30,,,,,,,,,,,12:01,,11:17,11:56,,,,,12:08,,,,,,,11:42,,,,,,,11:25,,11:22,,11:35,12:05,,,11:12,,,11:32,,,,11:19,,,,,,,,,,11:28,,11:59,,,,,11:44,,,,,,,,,,,,,,,,,,,,,,11:47,,
WR_Down_90375,,11:40,,,,,,11:31,11:55,,,,,12:09,,,11:09,,11:14,,,,,,11:26,,11:59,,,,,,,,,,,11:17,,,,,,,,,,,,,,,,,,,,,,,,,,,,11:12,,,,12:04,,,11:19,,,12:15,12:27,,,,,,,,,,,,,,,,,,,,,,,,,,,12:35,,,12:21,,,,,,,
WR_Down_90379,,11:43,,,,,,11:34,11:59,,,,,,,,11:12,,11:17,,,,,,11:29,,,,,,,,,,,,,11:20,,,,,,,,,,,,,,,,,,,,,,,,,,,,11:15,,,,,,,11:22,,,,,,,,,,,,,,,,,,,,,,,,,,,,,,,,,,,,,,,,,
WR_Down_90381,,11:59,,,,,,11:45,12:21,,,,,,,,11:15,,11:20,,,,,,11:36,,,,,,,,,,,12:08,,11:23,12:03,,,,,12:15,,,,,,,11:48,,,,,,,11:31,,11:28,,11:41,12:12,,,11:18,,,11:38,,,,11:25,,,,,,,,,,11:34,,12:06,,,,,11:50,,,,,,,,,,,,,,,,,,,,,,11:53,,
WR_Down_90385,,12:02,,,,,,11:48,,,,,,,,,11:18,,11:23,,,,,,11:39,,,,,,,,,,,12:13,,11:26,12:06,,,,,,,,,,,,11:52,,,,,,,11:34,,11:31,,11:44,,,,11:21,,,11:41,,,,11:28,,,,,,,,,,11:37,,12:09,,,,,11:55,,,,,,,,,,,,,,,,,,,,,,11:58,,
WR_Down_90387,,11:54,,,,,,11:44,12:10,,,,,,,,11:21,,11:26,,,,,,11:38,,,,,,,,,,,,,11:29,,,,,,,,,,,,,,,,,,,,,,,,,,,,11:24,,,,,,,11:31,,,,,,,,,,,,,,,,,,,,,,,,,,,,,,,,,,,,,,,,,
WR_Down_90389,,,,,,,,,,,,,,,,,11:21,,11:26,,,,,,,,,,,,,,,,,,,11:29,,,,,,,,,,,,,,,,,,,,,,,,,,,,11:24,,,,,,,11:31,,,,,,,,,,,,,,,,,,,,,,,,,,,,,,,,,,,,,,,,,
WR_Down_90391,,11:57,,,,,,11:47,,,,,,,,,11:24,,11:29,,,,,,11:41,,,,,,,,,,,,,11:32,,,,,,,,,,,,,,,,,,,,,,,,,12:09,,,11:27,,,,,,,11:34,,,,,,,,,,,,,,,,,,,,,,,,,,,,,,,,,,,,,,,,,
WR_Down_90393,,12:07,,,,,,11:54,12:29,,,,,,,,11:24,,11:29,,,,,,11:45,,,,,,,,,,,12:15,,11:32,12:10,,,,,12:22,,,,,,,11:57,,,,,,,11:40,,11:37,,11:50,12:19,,,11:27,,,11:47,,,,11:34,,,,,,,,,,11:43,,12:13,,,,,11:59,,,,,,,,,,,,,,,,,,,,,,12:02,,
WR_Down_90395,,,,,,,,,,,,,,,,,11:27,,11:32,,,,,,,,,,,,,,,,,,,11:35,,,,,,,,,,,,,,,,,,,,,,,,,,,,11:30,,,,,,,11:37,,,,,,,,,,,,,,,,,,,,,,,,,,,,,,,,,,,,,,,,,
WR_Down_90399,,12:11,,,,,,11:57,12:32,,,,,12:50,,,,,,,,,,,,,,,,,,,,,,12:19,,,,,,,,,,,,,,,,,,,,,,,,,,,12:23,,,,,,,12:42,,,,,,,,,,,,,,,,,,,,,,,,,,,,,,,,,,,,,,,,,,,,
WR_Down_90401,,12:16,,,,,,12:03,12:37,,,,,,,,11:33,,11:38,,,,,,11:54,,,,,,,,,,,12:24,,11:41,12:19,,,,,12:31,,,,,,,12:06,,,,,,,11:49,,11:46,,11:59,12:28,,,11:36,,,11:56,,,,11:43,,,,,,,,,,11:52,,12:22,,,,,12:08,,,,,,,,,,,,,,,,,,,,,,12:11,,
WR_Down_90403,,12:06,,,,,,11:56,12:20,,,,,12:33,,,11:33,,11:38,,,,,,11:50,,12:24,,,,,,,,,,,11:41,,,,,,,,,,,,,,,,,,,,,,,,,,,,11:36,,,,12:28,,,11:43,,,12:38,,,,,,,,,,,,,,,,,,,,,,,,,,,,,,,12:43,,,,,,,
WR_Down_90405,,12:10,,,,,,12:01,12:23,,,,,12:36,,,11:38,,11:43,,,,,,11:55,,12:27,,,,,,,,,,,11:46,,,,,,,,,,,,,,,,,,,,,,,,,,,,11:41,,,,12:31,,,11:48,,,12:42,,,,,,,,,,,,,,,,,,,,,,,,,,,,,,,12:49,,,,,,,
WR_Down_90407,,12:22,,,,,,12:08,12:43,,,,,12:57,,,11:38,,11:43,,,,,,11:59,,12:47,,,,,,,,,12:30,,11:46,12:25,,,,,12:37,,,,,,,12:11,,,,,,,11:54,,11:51,,12:04,12:34,,,11:41,,,12:01,12:52,,,11:48,,,13:03,,,,,,,11:57,,12:28,,,,,12:13,,,,,,,,,,,,,,13:20,,,13:08,,,,,12:16,,
WR_Down_90409,,12:25,,,,,,12:11,12:46,,,,,,,,11:41,,11:46,,,,,,12:02,,,,,,,,,,,12:33,,11:49,12:28,,,,,12:40,,,,,,,12:14,,,,,,,11:57,,11:54,,12:07,12:37,,,11:44,,,12:04,,,,11:51,,,,,,,,,,12:00,,12:31,,,,,12:16,,,,,,,,,,,,,,,,,,,,,,12:19,,
WR_Down_90411,,12:28,,,,,,12:14,12:49,,,,,,,,11:44,,11:49,,,,,,12:05,,,,,,,,,,,12:36,,11:52,12:31,,,,,12:43,,,,,,,12:17,,,,,,,12:00,,11:57,,12:10,12:40,,,11:47,,,12:07,,,,11:54,,,,,,,,,,12:03,,12:34,,,,,12:19,,,,,,,,,,,,,,,,,,,,,,12:22,,
WR_Down_90413,,12:32,,,,,,12:19,12:55,,,,,,,,11:49,,11:54,,,,,,12:10,,,,,,,,,,,12:41,,11:57,12:36,,,,,12:48,,,,,,,12:22,,,,,,,12:05,,12:02,,12:15,12:45,,,11:52,,,12:12,,,,11:59,,,,,,,,,,12:08,,12:39,,,,,12:24,,,,,,,,,,,,,,,,,,,,,,12:27,,
WR_Down_90417,,12:35,,,,,,12:22,,,,,,,,,11:52,,11:57,,,,,,12:13,,,,,,,,,,,12:45,,12:00,12:39,,,,,,,,,,,,12:25,,,,,,,12:08,,12:05,,12:18,,,,11:55,,,12:15,,,,12:02,,,,,,,,,,12:11,,12:42,,,,,12:27,,,,,,,,,,,,,,,,,,,,,,12:30,,
WR_Down_90419,,12:39,,,,,,12:26,13:00,,,,,,,,11:56,,12:01,,,,,,12:17,,,,,,,,,,,12:47,,12:04,12:42,,,,,12:54,,,,,,,12:29,,,,,,,12:12,,12:09,,12:22,12:51,,,11:59,,,12:19,,,,12:06,,,,,,,,,,12:15,,12:45,,,,,12:31,,,,,,,,,,,,,,,,,,,,,,12:34,,
WR_Down_90421,,12:30,,,,,,12:22,12:46,,,,,13:01,,,12:00,,12:05,,,,,,12:17,,12:51,,,,,,,,,,,12:08,,,,,,,,,,,,,,,,,,,,,,,,,,,,12:03,,,,12:56,,,12:10,,,13:07,13:18,,,,,,,,,,,,,,,,,,,,,,,,,,,13:25,,,13:13,,,,,,,
WR_Down_90423,,12:45,,,,,,12:32,13:07,,,,,,,,12:02,,12:07,,,,,,12:23,,,,,,,,,,,12:54,,12:10,12:49,,,,,13:01,,,,,,,12:35,,,,,,,12:18,,12:15,,12:28,12:58,,,12:05,,,12:25,,,,12:12,,,,,,,,,,12:21,,12:52,,,,,12:37,,,,,,,,,,,,,,,,,,,,,,12:40,,
WR_Down_90425,,12:36,,,,,,12:28,12:50,,,,,13:07,,,12:06,,12:11,,,,,,12:23,,12:54,,,,,,,,,,,12:14,,,,,,,,,,,,,,,,,,,,,,,,,,,,12:09,,,,12:59,,,12:16,,,,,,,,,,,,,,,,,,,,,,,,,,,,,,,,,,,,,,,,,
WR_Down_90427,,12:48,,,,,,12:35,13:10,,,,,,,,12:05,,12:10,,,,,,12:26,,,,,,,,,,,12:57,,12:13,12:52,,,,,13:04,,,,,,,12:38,,,,,,,12:21,,12:18,,12:31,13:01,,,12:08,,,12:28,,,,12:15,,,,,,,,,,12:24,,12:55,,,,,12:40,,,,,,,,,,,,,,,,,,,,,,12:43,,
WR_Down_90431,,12:52,,,,,,12:38,,,,,,,,,12:08,,12:13,,,,,,12:29,,,,,,,,,,,13:03,,12:16,12:56,,,,,,,,,,,,12:41,,,,,,,12:24,,12:21,,12:34,,,,12:11,,,12:31,,,,12:18,,,,,,,,,,12:27,,12:59,,,,,12:43,,,,,,,,,,,,,,,,,,,,,,12:46,,
WR_Down_90433,,12:55,,,,,,12:41,13:17,,,,,,,,12:11,,12:16,,,,,,12:32,,,,,,,,,,,13:04,,12:19,12:59,,,,,13:11,,,,,,,12:44,,,,,,,12:27,,12:24,,12:37,13:08,,,12:14,,,12:34,,,,12:21,,,,,,,,,,12:30,,13:02,,,,,12:47,,,,,,,,,,,,,,,,,,,,,,12:50,,
WR_Down_90435,,12:43,,,,,,12:35,12:58,,,,,,,,12:13,,12:18,,,,,,12:30,,,,,,,,,,,,,12:21,,,,,,,,,,,,,,,,,,,,,,,,,,,,12:16,,,,,,,12:23,,,,,,,,,,,,,,,,,,,,,,,,,,,,,,,,,,,,,,,,,
WR_Down_90437,,12:59,,,,,,12:46,13:21,,,,,,,,12:16,,12:21,,,,,,12:37,,,,,,,,,,,13:07,,12:24,13:02,,,,,13:14,,,,,,,12:49,,,,,,,12:32,,12:29,,12:42,13:11,,,12:19,,,12:39,,,,12:26,,,,,,,,,,12:35,,13:05,,,,,12:51,,,,,,,,,,,,,,,,,,,,,,12:54,,
WR_Down_90441,,13:02,,,,,,12:49,13:24,,,,,,,,12:19,,12:24,,,,,,12:40,,,,,,,,,,,13:10,,12:27,13:05,,,,,13:17,,,,,,,12:52,,,,,,,12:35,,12:32,,12:45,13:14,,,12:22,,,12:42,,,,12:29,,,,,,,,,,12:38,,13:08,,,,,12:54,,,,,,,,,,,,,,,,,,,,,,12:57,,
WR_Down_90443,,12:52,,,,,,12:43,13:05,,,,,13:18,,,12:20,,12:25,,,,,,12:37,,13:09,,,,,,,,,,,12:28,,,,,,,,,,,,,,,,,,,,,,,,,,,,12:23,,,,13:13,,,12:30,,,13:24,,,,,,,,,,,,,,,,,,,,,,,,,,,,,,,13:32,,,,,,,
WR_Down_90445,,13:06,,,,,,12:52,13:27,,,,,,,,12:22,,12:27,,,,,,12:43,,,,,,,,,,,13:14,,12:30,13:09,,,,,13:21,,,,,,,12:55,,,,,,,12:38,,12:35,,12:48,13:18,,,12:25,,,12:45,,,,12:32,,,,,,,,,,12:41,,13:12,,,,,12:58,,,,,,,,,,,,,,,,,,,,,,13:01,,
WR_Down_90447,,13:10,,,,,,12:56,13:32,,,,,,,,12:26,,12:31,,,,,,12:47,,,,,,,,,,,13:18,,12:34,13:13,,,,,13:25,,,,,,,12:59,,,,,,,12:42,,12:39,,12:52,13:22,,,12:29,,,12:49,,,,12:36,,,,,,,,,,12:45,,13:16,,,,,13:02,,,,,,,,,,,,,,,,,,,,,,13:05,,
WR_Down_90449,,13:13,,,,,,12:59,13:34,,,,,13:48,,,12:29,,12:34,,,,,,12:50,,13:38,,,,,,,,,13:21,,12:37,13:16,,,,,13:28,,,,,,,13:02,,,,,,,12:45,,12:42,,12:55,13:25,,,12:32,,,12:52,13:43,,,12:39,,,13:54,14:04,,,,,,12:48,,13:19,,,,,13:05,,,,,,,,,,,,,,14:10,,,13:59,,,,,13:08,,
WR_Down_90453,,13:17,,,,,,13:03,13:38,,,,,,,,12:33,,12:38,,,,,,12:54,,,,,,,,,,,13:25,,12:41,13:20,,,,,13:32,,,,,,,13:06,,,,,,,12:49,,12:46,,12:59,13:29,,,12:36,,,12:56,,,,12:43,,,,,,,,,,12:52,,13:23,,,,,13:09,,,,,,,,,,,,,,,,,,,,,,13:12,,
WR_Down_90459,,13:22,,,,,,13:07,,,,,,,,,12:37,,12:42,,,,,,12:58,,,,,,,,,,,13:33,,12:45,13:26,,,,,,,,,,,,13:10,,,,,,,12:53,,12:50,,13:03,,,,12:40,,,13:00,,,,12:47,,,,,,,,,,12:56,,13:29,,,,,13:13,,,,,,,,,,,,,,,,,,,,,,13:16,,
WR_Down_90461,,13:25,,,,,,13:11,13:46,,,,,,,,12:41,,12:46,,,,,,13:02,,,,,,,,,,,13:33,,12:49,13:28,,,,,13:40,,,,,,,13:14,,,,,,,12:57,,12:54,,13:07,13:37,,,12:44,,,13:04,,,,12:51,,,,,,,,,,13:00,,13:31,,,,,13:17,,,,,,,,,,,,,,,,,,,,,,13:20,,
WR_Down_90463,,13:13,,,,,,13:04,13:28,,,,,13:42,,,12:41,,12:46,,,,,,12:58,,13:32,,,,,,,,,,,12:49,,,,,,,,,,,,,,,,,,,,,,,,,,,,12:44,,,,13:37,,,12:51,,,13:48,13:58,,,,,,,,,,,,,,,,,,,,,,,,,,,14:04,,,13:53,,,,,,,
WR_Down_90465,,13:33,,,,,,13:18,13:54,,,,,,,,12:48,,12:53,,,,,,13:09,,,,,,,,,,,13:41,,12:56,13:36,,,,,13:48,,,,,,,13:21,,,,,,,13:04,,13:01,,13:14,13:45,,,12:51,,,13:11,,,,12:58,,,,,,,,,,13:07,,13:39,,,,,13:24,,,,,,,,,,,,,,,,,,,,,,13:27,,
WR_Down_90465A,,13:20,,,,,,13:05,13:40,,,,,13:55,,,,,,,,,,,,,,,,,,,,,,13:28,,,,,,,,,,,,,,,,,,,,,,,,,,,13:32,,,,,,,13:49,,,,,,,,,,,,,,,,,,,,,,,,,,,,,,,,,,,,,,,,,,,,
WR_Down_90467,,13:38,,,,,,13:24,13:59,,,,,,,,12:54,,12:59,,,,,,13:15,,,,,,,,,,,13:46,,13:02,13:41,,,,,13:53,,,,,,,13:27,,,,,,,13:10,,13:07,,13:20,13:50,,,12:57,,,13:17,,,,13:04,,,,,,,,,,13:13,,13:44,,,,,13:30,,,,,,,,,,,,,,,,,,,,,,13:33,,
WR_Down_90469,,13:28,,,,,,13:19,13:45,,,,,14:02,,,,,,,,,,,13:12,,,,,,,,,,,,,,,,,,,,,,,,,,,,,,,,,,,,,,,,,,,,,13:57,,,,,,,14:18,,,,,,,,,,,,,,,,,,,,,,,,,,,14:24,,,14:13,,,,,,,
WR_Down_90471,,13:41,,,,,,13:28,14:03,,,,,,,,12:58,,13:03,,,,,,13:19,,,,,,,,,,,13:49,,13:06,13:44,,,,,13:56,,,,,,,13:31,,,,,,,13:14,,13:11,,13:24,13:53,,,13:01,,,13:21,,,,13:08,,,,,,,,,,13:17,,13:47,,,,,13:33,,,,,,,,,,,,,,,,,,,,,,13:36,,
WR_Down_90473,,13:45,,,,,,13:32,14:07,,,,,,,,13:02,,13:07,,,,,,13:23,,,,,,,,,,,13:53,,13:10,13:48,,,,,14:00,,,,,,,13:35,,,,,,,13:18,,13:15,,13:28,13:57,,,13:05,,,13:25,,,,13:12,,,,,,,,,,13:21,,13:51,,,,,13:37,,,,,,,,,,,,,,,,,,,,,,13:40,,
WR_Down_90475,,13:48,,,,,,13:35,14:10,,,,,,,,13:05,,13:10,,,,,,13:26,,,,,,,,,,,13:56,,13:13,13:51,,,,,14:03,,,,,,,13:38,,,,,,,13:21,,13:18,,13:31,14:00,,,13:08,,,13:28,,,,13:15,,,,,,,,,,13:24,,13:54,,,,,13:40,,,,,,,,,,,,,,,,,,,,,,13:43,,
WR_Down_90481,,13:56,,,,,,13:42,14:18,,,,,,,,13:12,,13:17,,,,,,13:33,,,,,,,,,,,14:04,,13:20,13:59,,,,,14:11,,,,,,,13:45,,,,,,,13:28,,13:25,,13:38,14:08,,,13:15,,,13:35,,,,13:22,,,,,,,,,,13:31,,14:02,,,,,13:48,,,,,,,,,,,,,,,,,,,,,,13:51,,
WR_Down_90483,,14:00,,,,,,13:46,14:21,,,,,,,,13:16,,13:21,,,,,,13:37,,,,,,,,,,,14:08,,13:24,14:03,,,,,14:15,,,,,,,13:49,,,,,,,13:32,,13:29,,13:42,14:12,,,13:19,,,13:39,,,,13:26,,,,,,,,,,13:35,,14:06,,,,,13:52,,,,,,,,,,,,,,,,,,,,,,13:55,,
WR_Down_90485,,13:46,,,,,,13:38,14:01,,,,,14:16,,,13:16,,13:21,,,,,,13:33,,14:06,,,,,,,,,,,13:24,,,,,,,,,,,,,,,,,,,,,,,,,,,,13:19,,,,14:11,,,13:26,,,14:22,,,,,,,,,,,,,,,,,,,,,,,,,,,,,,,14:27,,,,,,,
WR_Down_90487,,14:03,,,,,,13:49,14:24,,,,,14:40,,,13:19,,13:24,,,,,,13:40,,14:28,,,,,,,,,14:11,,13:27,14:06,,,,,14:18,,,,,,,13:52,,,,,,,13:35,,13:32,,13:45,14:15,,,13:22,,,13:42,14:33,,,13:29,,,,,,,,,,13:38,,14:09,,,,,13:55,,,,,,,,,,,,,,,,,,,,,,13:58,,
WR_Down_90489,,13:50,,,,,,13:42,14:05,,,,,14:20,,,13:20,,13:25,,,,,,13:37,,14:11,,,,,,,,,,,13:28,,,,,,,,,,,,,,,,,,,,,,,,,,,,13:23,,,,14:16,,,13:30,,,14:26,14:36,,,,,,,,,,,,,,,,,,,,,,,,,,,14:44,,,14:31,,,,,,,
WR_Down_90491,,14:06,,,,,,13:53,,,,,,,,,13:23,,13:28,,,,,,13:44,,,,,,,,,,,14:16,,13:31,14:09,,,,,,,,,,,,13:56,,,,,,,13:39,,13:36,,13:49,,,,13:26,,,13:46,,,,13:33,,,,,,,,,,13:42,,14:12,,,,,13:59,,,,,,,,,,,,,,,,,,,,,,14:02,,
WR_Down_90493,,14:10,,,,,,13:57,14:32,,,,,,,,13:27,,13:32,,,,,,13:48,,,,,,,,,,,14:18,,13:35,14:13,,,,,14:25,,,,,,,14:00,,,,,,,13:43,,13:40,,13:53,14:22,,,13:30,,,13:50,,,,13:37,,,,,,,,,,13:46,,14:16,,,,,14:03,,,,,,,,,,,,,,,,,,,,,,14:06,,
WR_Down_90495,,14:16,,,,,,14:02,14:38,,,,,,,,13:32,,13:37,,,,,,13:53,,,,,,,,,,,14:25,,13:40,14:20,,,,,14:32,,,,,,,14:05,,,,,,,13:48,,13:45,,13:58,14:29,,,13:35,,,13:55,,,,13:42,,,,,,,,,,13:51,,14:23,,,,,14:08,,,,,,,,,,,,,,,,,,,,,,14:11,,
WR_Down_90497,,14:06,,,,,,13:55,14:28,,,,,,,,13:32,,13:37,,,,,,13:49,,,,,,,,,,,14:15,,13:40,14:10,,,,,14:22,,,,,,,,,,,,,,,,,,,14:19,,,13:35,,,,,,,13:42,,,,,,,,,,,,,,,,,,,,,,,,,,,,,,,,,,,,,,,,,
WR_Down_90499,,14:20,,,,,,14:08,14:41,,,,,,,,13:38,,13:43,,,,,,13:59,,,,,,,,,,,14:28,,13:46,14:23,,,,,14:35,,,,,,,14:11,,,,,,,13:54,,13:51,,14:04,14:32,,,13:41,,,14:01,,,,13:48,,,,,,,,,,13:57,,14:26,,,,,14:13,,,,,,,,,,,,,,,,,,,,,,14:16,,
WR_Down_90501,,14:09,,,,,,14:01,14:22,,,,,14:36,,,13:38,,13:43,,,,,,13:55,,14:26,,,,,,,,,,,13:46,,,,,,,,,,,,,,,,,,,,,,,,,,,,13:41,,,,14:31,,,13:48,,,14:42,14:53,,,,,,,,,,,,,,,,,,,,,,,,,,,15:00,,,14:47,,,,,,,
WR_Down_90501A,,,,,,,,14:12,,,,,,,,,13:41,,13:46,,,,,,14:02,,,,,,,,,,,,,13:49,,,,,,,,,,,,,,,,,,,,13:57,,13:54,,14:07,,,,13:44,,,14:04,,,,13:51,,,,,,,,,,14:00,,,,,,,,,,,,,,,,,,,,,,,,,,,,,,,
WR_Down_90503,,14:14,,,,,,14:06,14:28,,,,,14:42,,,,,,,,,,,14:00,,,,,,,,,,,,,,,,,,,,,,,,,,,,,,,,,,,,,,,,,,,,,14:37,,,,,,,15:00,,,,,,,,,,,,,,,,,,,,,,,,,,,15:07,,,14:54,,,,,,,
WR_Down_90505,,14:28,,,,,,14:15,14:50,,,,,,,,13:45,,13:50,,,,,,14:06,,,,,,,,,,,14:36,,13:53,14:31,,,,,14:43,,,,,,,14:18,,,,,,,14:01,,13:58,,14:11,14:40,,,13:48,,,14:08,,,,13:55,,,,,,,,,,14:04,,14:34,,,,,14:20,,,,,,,,,,,,,,,,,,,,,,14:23,,
WR_Down_90507,,14:32,,,,,,14:18,14:54,,,,,,,,13:48,,13:53,,,,,,14:09,,,,,,,,,,,14:40,,13:56,14:35,,,,,14:47,,,,,,,14:22,,,,,,,14:04,,14:01,,14:14,14:44,,,13:51,,,14:11,,,,13:58,,,,,,,,,,14:07,,14:38,,,,,14:24,,,,,,,,,,,,,,,,,,,,,,14:27,,
WR_Down_90513,,14:43,,,,,,14:28,15:04,,,,,,,,13:58,,14:03,,,,,,14:19,,,,,,,,,,,14:51,,14:06,14:46,,,,,14:58,,,,,,,14:31,,,,,,,14:14,,14:11,,14:24,14:55,,,14:01,,,14:21,,,,14:08,,,,,,,,,,14:17,,14:49,,,,,14:34,,,,,,,,,,,,,,,,,,,,,,14:37,,
WR_Down_90517,,14:47,,,,,,14:32,,,,,,,,,14:02,,14:07,,,,,,14:23,,,,,,,,,,,14:59,,14:10,14:51,,,,,,,,,,,,14:35,,,,,,,14:18,,14:15,,14:28,,,,14:05,,,14:25,,,,14:12,,,,,,,,,,14:21,,14:54,,,,,14:38,,,,,,,,,,,,,,,,,,,,,,14:41,,
WR_Down_90519,,14:35,,,,,,14:26,14:49,,,,,15:03,,,14:02,,14:07,,,,,,14:20,,14:53,,,,,,,,,,,14:10,,,,,,,,,,,,,,,,,,,,,,,,,,,,14:05,,,,14:58,,,14:12,,,15:09,15:19,,,,,,,,,,,,,,,,,,,,,,,,,,,15:25,,,15:14,,,,,,,
WR_Down_90521,,14:39,,,,,,14:30,15:01,,,,,,,,14:05,,14:10,,,,,,14:22,,,,,,,,,,,14:48,,14:13,14:43,,,,,14:55,,,,,,,,,,,,,,,,,,,14:52,,,14:08,,,,,,,14:15,,,,,,,,,,,,,,,,,,,,,,,,,,,,,,,,,,,,,,,,,
WR_Down_90523,,14:42,,,,,,14:33,14:53,,,,,15:07,,,14:10,,14:15,,,,,,14:27,,14:57,,,,,,,,,,,14:18,,,,,,,,,,,,,,,,,,,,,,,,,,,,14:13,,,,15:02,,,14:20,,,15:13,15:23,,,,,,,,,,,,,,,,,,,,,,,,,,,15:32,,,15:18,,,,,,,
WR_Down_90525,,14:51,,,,,,14:38,15:12,,,,,,,,14:08,,14:13,,,,,,14:29,,,,,,,,,,,14:59,,14:16,14:54,,,,,15:06,,,,,,,14:41,,,,,,,14:24,,14:21,,14:34,15:03,,,14:11,,,14:31,,,,14:18,,,,,,,,,,14:27,,14:57,,,,,14:44,,,,,,,,,,,,,,,,,,,,,,14:47,,
WR_Down_90527,,14:57,,,,,,14:43,15:18,,,,,,,,14:13,,14:18,,,,,,14:34,,,,,,,,,,,15:06,,14:21,15:01,,,,,15:13,,,,,,,14:46,,,,,,,14:29,,14:26,,14:39,15:10,,,14:16,,,14:36,,,,14:23,,,,,,,,,,14:32,,15:04,,,,,14:49,,,,,,,,,,,,,,,,,,,,,,14:52,,
WR_Down_90531,,15:01,,,,,,14:47,15:23,,,,,,,,14:17,,14:22,,,,,,14:38,,,,,,,,,,,15:10,,14:25,15:05,,,,,15:17,,,,,,,14:50,,,,,,,14:33,,14:30,,14:43,15:14,,,14:20,,,14:40,,,,14:27,,,,,,,,,,14:36,,15:08,,,,,14:53,,,,,,,,,,,,,,,,,,,,,,14:56,,
WR_Down_90533,,15:05,,,,,,14:50,,,,,,,,,14:20,,14:25,,,,,,14:41,,,,,,,,,,,,,14:28,,,,,,,,,,,,,14:53,,,,,,,14:36,,14:33,,14:46,,,,14:23,,,14:43,,,,14:30,,,,,,,,,,14:39,,,,,,,14:56,,,,,,,,,,,,,,,,,,,,,,14:59,,
WR_Down_90535,,15:08,,,,,,14:54,15:30,,,,,,,,14:24,,14:29,,,,,,14:45,,,,,,,,,,,15:17,,14:32,15:12,,,,,15:24,,,,,,,14:57,,,,,,,14:40,,14:37,,14:50,15:21,,,14:27,,,14:47,,,,14:34,,,,,,,,,,14:43,,15:15,,,,,15:00,,,,,,,,,,,,,,,,,,,,,,15:03,,
WR_Down_90537,,15:11,,,,,,14:57,15:33,,,,,15:50,,,14:27,,14:32,,,,,,14:48,,15:38,,,,,,,,,15:20,,14:35,15:15,,,,,15:27,,,,,,,15:00,,,,,,,14:43,,14:40,,14:54,15:24,,,14:30,,,14:50,15:43,,,14:37,,,,,,,,,,14:46,,15:18,,,,,15:03,,,,,,,,,,,,,,,,,,,,,,15:06,,
WR_Down_90539,,15:14,,,,,,15:00,15:37,,,,,,,,14:30,,14:35,,,,,,14:51,,,,,,,,,,,15:23,,14:38,15:18,,,,,15:30,,,,,,,15:03,,,,,,,14:46,,14:43,,14:57,15:27,,,14:33,,,14:53,,,,14:40,,,,,,,,,,14:49,,15:21,,,,,15:06,,,,,,,,,,,,,,,,,,,,,,15:09,,
WR_Down_90541,,15:09,,,,,,15:00,15:20,,,,,15:34,,,14:33,,14:38,,,,,,14:54,,15:24,,,,,,,,,,,14:41,,,,,,,,,,,,,,,,,,,,,,,,,,,,14:36,,,,15:29,,,14:45,,,15:39,15:49,,,,,,,,,,,,,,,,,,,,,,,,,,,15:56,,,15:43,,,,,,,
WR_Down_90543,,15:17,,,,,,15:03,15:38,,,,,,,,14:33,,14:38,,,,,,14:54,,,,,,,,,,,15:25,,14:41,15:20,,,,,15:32,,,,,,,15:06,,,,,,,14:49,,14:46,,14:59,15:29,,,14:36,,,14:56,,,,14:43,,,,,,,,,,14:52,,15:23,,,,,15:09,,,,,,,,,,,,,,,,,,,,,,15:12,,
WR_Down_90547,,15:16,,,,,,15:05,15:27,,,,,15:43,,,14:40,,14:45,,,,,,14:58,,15:33,,,,,,,,,,,14:48,,,,,,,,,,,,,,,,,,,,,,,,,,,,14:43,,,,15:38,,,14:50,,,15:48,15:58,,,,,,,,,,,,,,,,,,,,,,,,,,,16:05,,,15:53,,,,,,,
WR_Down_90549,,15:21,,,,,,15:07,15:43,,,,,,,,14:37,,14:42,,,,,,14:58,,,,,,,,,,,15:29,,14:45,15:24,,,,,15:36,,,,,,,15:10,,,,,,,14:53,,14:50,,15:03,15:33,,,14:40,,,15:00,,,,14:47,,,,,,,,,,14:56,,15:27,,,,,15:13,,,,,,,,,,,,,,,,,,,,,,15:16,,
WR_Down_90551,,15:24,,,,,,15:11,15:47,,,,,,,,14:41,,14:46,,,,,,15:02,,,,,,,,,,,15:32,,14:49,15:27,,,,,15:39,,,,,,,15:14,,,,,,,14:57,,14:54,,15:07,15:36,,,14:44,,,15:04,,,,14:51,,,,,,,,,,15:00,,15:30,,,,,15:16,,,,,,,,,,,,,,,,,,,,,,15:19,,
WR_Down_90553,,15:27,,,,,,,15:49,,,,,16:04,,,,,,,,,,,,,,,,,,,,,,15:36,,,,,,,,,,,,,,,,,,,,,,,,,,,15:40,,,,,,,15:58,,,,,,,,,,,,,,,,,,,,,,,,,,,,,,,,,,,,,,,,,,,,
WR_Down_90555,,15:29,,,,,,15:15,,,,,,,,,14:45,,14:50,,,,,,15:06,,,,,,,,,,,15:40,,14:53,15:33,,,,,,,,,,,,15:18,,,,,,,15:01,,14:58,,15:11,,,,14:48,,,15:08,,,,14:55,,,,,,,,,,15:04,,15:36,,,,,15:21,,,,,,,,,,,,,,,,,,,,,,15:24,,
WR_Down_90557,,15:34,,,,,,15:19,15:55,,,,,,,,14:49,,14:54,,,,,,15:10,,,,,,,,,,,15:42,,14:57,15:37,,,,,15:49,,,,,,,15:22,,,,,,,15:05,,15:02,,15:15,15:46,,,14:52,,,15:12,,,,14:59,,,,,,,,,,15:08,,15:40,,,,,15:25,,,,,,,,,,,,,,,,,,,,,,15:28,,
WR_Down_90559,,15:21,,,,,,15:13,15:35,,,,,,,,14:50,,14:55,,,,,,15:07,,,,,,,,,,,,,14:58,,,,,,,,,,,,,,,,,,,,,,,,,,,,14:53,,,,,,,15:00,,,,,,,,,,,,,,,,,,,,,,,,,,,,,,,,,,,,,,,,,
WR_Down_90561,,15:37,,,,,,15:23,15:58,,,,,,,,14:53,,14:58,,,,,,15:14,,,,,,,,,,,15:45,,15:01,15:40,,,,,15:52,,,,,,,15:26,,,,,,,15:09,,15:06,,15:19,15:49,,,14:56,,,15:16,,,,15:03,,,,,,,,,,15:12,,15:43,,,,,15:29,,,,,,,,,,,,,,,,,,,,,,15:32,,
WR_Down_90565,,15:42,,,,,,15:27,,,,,,,,,14:57,,15:02,,,,,,15:18,,,,,,,,,,,15:53,,15:05,15:46,,,,,,,,,,,,15:30,,,,,,,15:13,,15:10,,15:23,,,,15:00,,,15:20,,,,15:07,,,,,,,,,,15:16,,15:49,,,,,15:33,,,,,,,,,,,,,,,,,,,,,,15:36,,
WR_Down_90567,,15:28,,,,,,15:20,15:41,,,,,15:55,,,14:58,,15:03,,,,,,15:15,,15:45,,,,,,,,,,,15:06,,,,,,,,,,,,,,,,,,,,,,,,,,,,15:01,,,,15:50,,,15:08,,,16:00,16:12,,,,,,,,,,,,,,,,,,,,,,,,,,,16:19,,,16:05,,,,,,,
WR_Down_90569,,,,,,,,,16:00,,,,,16:14,,,,,,,,,,,,,,,,,,,,,,,,,,,,,,,,,,,,,,,,,,,,,,,,,,,,,,,,16:09,,,,,,,,,,,,,,,,,,,,,,,,,,,,,,,,,,,,,16:26,,,,,,,
WR_Down_90571,,15:43,,,,,,15:30,16:06,,,,,,,,15:00,,15:05,,,,,,15:21,,,,,,,,,,,15:53,,15:08,15:48,,,,,16:00,,,,,,,15:33,,,,,,,15:16,,15:13,,15:26,15:57,,,15:03,,,15:23,,,,15:10,,,,,,,,,,15:19,,15:51,,,,,15:35,,,,,,,,,,,,,,,,,,,,,,15:38,,
WR_Down_90573,,15:48,,,,,,15:35,16:09,,,,,16:23,,,,,,,,,,,,,,,,,,,,,,15:57,,,,,,,,,,,,,,,,,,,,,,,,,,,16:01,,,,,,,16:18,,,,,,,16:39,,,,,,,,,,,,,,,,,,,,,,,,,,,16:48,,,16:34,,,,,,,
WR_Down_90577,,15:55,,,,,,15:41,16:17,,,,,,,,15:10,,15:15,,,,,,15:31,,,,,,,,,,,16:04,,15:18,15:59,,,,,16:11,,,,,,,15:45,,,,,,,15:26,,15:23,,15:36,16:08,,,15:13,,,15:33,,,,15:20,,,,,,,,,,15:29,,16:02,,,,,15:47,,,,,,,,,,,,,,,,,,,,,,15:50,,
WR_Down_90579,,15:45,,,,,,15:36,16:00,,,,,,,,15:12,,15:17,,,,,,15:29,,,,,,,,,,,,,15:20,,,,,,,,,,,,,,,,,,,,,,,,,,,,15:15,,,,,,,15:22,,,,,,,,,,,,,,,,,,,,,,,,,,,,,,,,,,,,,,,,,
WR_Down_90581,,15:58,,,,,,15:43,,,,,,,,,15:13,,15:18,,,,,,15:34,,,,,,,,,,,16:10,,15:21,16:02,,,,,,,,,,,,15:46,,,,,,,15:29,,15:26,,15:39,,,,15:16,,,15:36,,,,15:23,,,,,,,,,,15:32,,16:05,,,,,15:49,,,,,,,,,,,,,,,,,,,,,,15:52,,
WR_Down_90583,,15:59,,,,,,15:46,16:20,,,,,,,,15:16,,15:21,,,,,,15:37,,,,,,,,,,,16:07,,15:24,16:02,,,,,16:14,,,,,,,15:49,,,,,,,15:32,,15:29,,15:42,16:11,,,15:19,,,15:39,,,,15:26,,,,,,,,,,15:35,,16:05,,,,,15:51,,,,,,,,,,,,,,,,,,,,,,15:54,,
WR_Down_90587,,16:02,,,,,,15:49,16:23,,,,,,,,15:19,,15:24,,,,,,15:40,,,,,,,,,,,16:10,,15:27,16:05,,,,,16:17,,,,,,,15:52,,,,,,,15:35,,15:32,,15:45,16:14,,,15:22,,,15:42,,,,15:29,,,,,,,,,,15:38,,16:08,,,,,15:54,,,,,,,,,,,,,,,,,,,,,,15:57,,
WR_Down_90589,,16:05,,,,,,15:52,16:26,,,,,,,,15:22,,15:27,,,,,,15:43,,,,,,,,,,,16:13,,15:30,16:08,,,,,16:20,,,,,,,15:55,,,,,,,15:38,,15:35,,15:48,16:17,,,15:25,,,15:45,,,,15:32,,,,,,,,,,15:41,,16:11,,,,,15:57,,,,,,,,,,,,,,,,,,,,,,16:00,,
WR_Down_90593,,16:10,,,,,,15:56,,,,,,,,,15:26,,15:31,,,,,,15:47,,,,,,,,,,,16:21,,15:34,16:14,,,,,,,,,,,,15:59,,,,,,,15:42,,15:39,,15:52,,,,15:29,,,15:49,,,,15:36,,,,,,,,,,15:45,,16:17,,,,,16:01,,,,,,,,,,,,,,,,,,,,,,16:04,,
WR_Down_90595,,16:16,,,,,,16:02,16:37,,,,,,,,15:32,,15:37,,,,,,15:53,,,,,,,,,,,16:24,,15:40,16:19,,,,,16:31,,,,,,,16:06,,,,,,,15:48,,15:45,,15:58,16:28,,,15:35,,,15:55,,,,15:42,,,,,,,,,,15:51,,16:22,,,,,16:08,,,,,,,,,,,,,,,,,,,,,,16:11,,
WR_Down_90599,,16:19,,,,,,16:06,16:39,,,,,16:53,,,15:36,,15:41,,,,,,15:57,,16:43,,,,,,,,,16:27,,15:44,16:22,,,,,16:34,,,,,,,16:09,,,,,,,15:52,,15:49,,16:02,16:31,,,15:39,,,15:59,16:48,,,15:46,,,16:59,,,,,,,15:55,,16:25,,,,,16:11,,,,,,,,,,,,,,,,,17:04,,,,,16:14,,
WR_Down_90601,,16:21,,,,,,16:13,16:35,,,,,16:50,,,15:50,,15:55,,,,,,16:07,,16:40,,,,,,,,,,,15:58,,,,,,,,,,,,,,,,,,,,,,,,,,,,15:53,,,,16:45,,,16:00,,,,17:01,,,,,,,,,,,,,,,,,,,,,,,,,,,17:08,,,16:56,,,,,,,
WR_Down_90603,,16:24,,,,,,16:11,16:46,,,,,,,,15:41,,15:46,,,,,,16:02,,,,,,,,,,,16:33,,15:49,16:28,,,,,16:40,,,,,,,16:14,,,,,,,15:57,,15:54,,16:07,16:37,,,15:44,,,16:04,,,,15:51,,,,,,,,,,16:00,,16:31,,,,,16:16,,,,,,,,,,,,,,,,,,,,,,16:19,,
WR_Down_90607,,16:30,,,,,,16:15,16:53,,,,,,,,15:45,,15:50,,,,,,16:06,,,,,,,,,,,16:39,,15:53,16:34,,,,,16:47,,,,,,,16:19,,,,,,,16:01,,15:58,,16:11,16:44,,,15:48,,,16:08,,,,15:55,,,,,,,,,,16:04,,16:37,,,,,16:21,,,,,,,,,,,,,,,,,,,,,,16:24,,
WR_Down_90609,,16:34,,,,,,16:19,16:56,,,,,,,,15:49,,15:54,,,,,,16:10,,,,,,,,,,,16:42,,15:57,16:37,,,,,16:49,,,,,,,16:23,,,,,,,16:05,,16:02,,16:15,16:46,,,15:52,,,16:12,,,,15:59,,,,,,,,,,16:08,,16:40,,,,,16:25,,,,,,,,,,,,,,,,,,,,,,16:28,,
WR_Down_90611,,16:35,,,,,,16:22,,,,,,,,,15:52,,15:57,,,,,,16:13,,,,,,,,,,,16:46,,16:00,16:39,,,,,,,,,,,,16:25,,,,,,,16:08,,16:05,,16:18,,,,15:55,,,16:15,,,,16:02,,,,,,,,,,16:11,,16:42,,,,,16:27,,,,,,,,,,,,,,,,,,,,,,16:30,,
WR_Down_90613,,16:39,,,,,,16:26,17:00,,,,,,,,15:56,,16:01,,,,,,16:17,,,,,,,,,,,16:47,,16:04,16:42,,,,,16:54,,,,,,,16:29,,,,,,,16:12,,16:09,,16:22,16:51,,,15:59,,,16:19,,,,16:06,,,,,,,,,,16:15,,16:45,,,,,16:31,,,,,,,,,,,,,,,,,,,,,,16:34,,
WR_Down_90615,,16:27,,,,,,16:19,16:40,,,,,16:54,,,15:56,,16:01,,,,,,16:14,,16:44,,,,,,,,,,,16:04,,,,,,,,,,,,,,,,,,,,,,,,,,,,15:59,,,,16:49,,,16:06,,,17:00,17:10,,,,,,,,,,,,,,,,,,,,,,,,,,,17:18,,,17:05,,,,,,,
WR_Down_90617,,16:31,,,,,,16:23,16:46,,,,,,,,16:00,,16:05,,,,,,16:18,,,,,,,,,,,,,16:08,,,,,,,,,,,,,,,,,,,,,,,,,,,,16:03,,,,,,,16:10,,,,,,,,,,,,,,,,,,,,,,,,,,,,,,,,,,,,,,,,,
WR_Down_90619,,16:42,,,,,,16:29,17:02,,,,,17:16,,,,,,,,,,,16:20,,,,,,,,,,,16:50,,,,,,,,,,,,,,,,,,,,,,,,,,,16:54,,,,,,,17:11,,,,,,,17:32,,,,,,,,,,,,,,,,,,,,,,,,,,,17:39,,,17:27,,,,,,,
WR_Down_90621,,16:45,,,,,,16:32,17:06,,,,,,,,16:02,,16:07,,,,,,16:23,,,,,,,,,,,16:53,,16:10,16:48,,,,,17:00,,,,,,,16:35,,,,,,,16:18,,16:15,,16:28,16:57,,,16:05,,,16:25,,,,16:12,,,,,,,,,,16:21,,16:51,,,,,16:37,,,,,,,,,,,,,,,,,,,,,,16:40,,
WR_Down_90623,,16:48,,,,,,16:35,17:09,,,,,,,,16:05,,16:10,,,,,,16:26,,,,,,,,,,,16:56,,16:13,16:51,,,,,17:03,,,,,,,16:38,,,,,,,16:21,,16:18,,16:31,17:00,,,16:08,,,16:28,,,,16:15,,,,,,,,,,16:24,,16:54,,,,,16:40,,,,,,,,,,,,,,,,,,,,,,16:43,,
WR_Down_90625,,16:53,,,,,,16:38,,,,,,,,,16:08,,16:13,,,,,,16:29,,,,,,,,,,,17:04,,16:16,16:57,,,,,,,,,,,,16:41,,,,,,,16:24,,16:21,,16:34,,,,16:11,,,16:31,,,,16:18,,,,,,,,,,16:27,,17:00,,,,,16:43,,,,,,,,,,,,,,,,,,,,,,16:46,,
WR_Down_90627,,16:55,,,,,,16:41,17:16,,,,,,,,16:11,,16:16,,,,,,16:32,,,,,,,,,,,17:03,,16:19,16:58,,,,,17:10,,,,,,,16:44,,,,,,,16:27,,16:24,,16:37,17:07,,,16:14,,,16:34,,,,16:21,,,,,,,,,,16:30,,17:01,,,,,16:47,,,,,,,,,,,,,,,,,,,,,,16:50,,
WR_Down_90631,,16:47,,,,,,16:38,17:01,,,,,17:15,,,16:16,,16:21,,,,,,16:33,,17:05,,,,,,,,,,,16:24,,,,,,,,,,,,,,,,,,,,,,,,,,,,16:19,,,,17:10,,,16:26,,,17:21,17:31,,,,,,,,,,,,,,,,,,,,,,,,,,,17:37,,,17:26,,,,,,,
WR_Down_90635,,17:05,,,,,,16:51,17:27,,,,,,,,16:21,,16:26,,,,,,16:42,,,,,,,,,,,17:13,,16:29,17:08,,,,,17:20,,,,,,,16:54,,,,,,,16:37,,16:34,,16:47,17:17,,,16:24,,,16:44,,,,16:31,,,,,,,,,,16:40,,17:11,,,,,16:57,,,,,,,,,,,,,,,,,,,,,,17:00,,
WR_Down_90637,,16:52,,,,,,16:43,17:05,,,,,17:22,,,16:21,,16:26,,,,,,16:38,,17:10,,,,,,,,,,,16:29,,,,,,,,,,,,,,,,,,,,,,,,,,,,16:24,,,,17:15,,,16:31,,,,,,,,,,,,,,,,,,,,,,,,,,,,,,,,,,,,,,,,,
WR_Down_90641,,17:11,,,,,,16:57,17:32,,,,,,,,16:27,,16:32,,,,,,16:48,,,,,,,,,,,17:19,,16:35,17:14,,,,,17:26,,,,,,,17:00,,,,,,,16:43,,16:40,,16:53,17:23,,,16:30,,,16:50,,,,16:37,,,,,,,,,,16:46,,17:17,,,,,17:03,,,,,,,,,,,,,,,,,,,,,,17:06,,
WR_Down_90645,,17:13,,,,,,,17:34,,,,,17:49,,,,,,,,,,,,,,,,,,,,,,17:22,,,,,,,,,,,,,,,,,,,,,,,,,,,17:26,,,,,,,17:44,,,,,,,18:05,,,,,,,,,,,,,,,,,,,,,,,,,,,18:15,,,18:00,,,,,,,
WR_Down_90647,,17:17,,,,,,17:03,17:38,,,,,,,,16:33,,16:38,,,,,,16:54,,,,,,,,,,,17:25,,16:41,17:20,,,,,17:32,,,,,,,17:06,,,,,,,16:49,,16:46,,16:59,17:29,,,16:36,,,16:56,,,,16:43,,,,,,,,,,16:52,,17:23,,,,,17:09,,,,,,,,,,,,,,,,,,,,,,17:12,,
WR_Down_90649,,17:20,,,,,,17:06,17:41,,,,,,,,16:36,,16:41,,,,,,16:57,,,,,,,,,,,17:28,,16:44,17:23,,,,,17:35,,,,,,,17:09,,,,,,,16:52,,16:49,,17:02,17:32,,,16:39,,,16:59,,,,16:46,,,,,,,,,,16:55,,17:26,,,,,17:11,,,,,,,,,,,,,,,,,,,,,,17:14,,
WR_Down_90651,,17:23,,,,,,17:10,,,,,,,,,16:40,,16:45,,,,,,17:01,,,,,,,,,,,17:33,,16:48,17:27,,,,,,,,,,,,17:13,,,,,,,16:56,,16:53,,17:06,,,,16:43,,,17:03,,,,16:50,,,,,,,,,,16:59,,17:30,,,,,17:16,,,,,,,,,,,,,,,,,,,,,,17:19,,
WR_Down_90653,,,,,,,,17:13,,,,,,,,,16:43,,16:48,,,,,,17:04,,,,,,,,,,,,,16:51,,,,,,,,,,,,,17:16,,,,,,,16:59,,16:56,,17:09,,,,16:46,,,17:06,,,,16:53,,,,,,,,,,17:02,,,,,,,17:18,,,,,,,,,,,,,,,,,,,,,,17:21,,
WR_Down_90655,,17:13,,,,,,17:05,17:28,,,,,17:44,,,16:43,,16:48,,,,,,17:00,,17:34,,,,,,,,,,,16:51,,,,,,,,,,,,,,,,,,,,,,,,,,,,16:46,,,,17:39,,,16:53,,,17:50,18:00,,,,,,,,,,,,,,,,,,,,,,,,,,,18:08,,,17:55,,,,,,,
WR_Down_90657,,17:29,,,,,,17:16,17:50,,,,,,,,16:46,,16:51,,,,,,17:07,,,,,,,,,,,17:37,,16:54,17:32,,,,,17:44,,,,,,,17:19,,,,,,,17:02,,16:59,,17:12,17:41,,,16:49,,,17:09,,,,16:56,,,,,,,,,,17:05,,17:35,,,,,17:21,,,,,,,,,,,,,,,,,,,,,,17:24,,
WR_Down_90659,,17:32,,,,,,17:18,17:54,,,,,18:10,,,,,,,,,,,,,,,,,,,,,,17:40,,,,,,,,,,,,,,,,,,,,,,,,,,,17:44,,,,,,,18:05,,,,,,,18:30,,,,,,,,,,,,,,,,,,,,,,,,,,,18:37,,,18:23,,,,,,,
WR_Down_90661,,17:34,,,,,,17:21,17:57,,,,,,,,16:51,,16:56,,,,,,17:12,,,,,,,,,,,17:42,,16:59,17:37,,,,,17:49,,,,,,,17:25,,,,,,,17:07,,17:04,,17:17,17:46,,,16:54,,,17:14,,,,17:01,,,,,,,,,,17:10,,17:40,,,,,17:27,,,,,,,,,,,,,,,,,,,,,,17:30,,
WR_Down_90663,,17:38,,,,,,17:24,18:00,,,,,,,,16:54,,16:59,,,,,,17:15,,,,,,,,,,,17:46,,17:02,17:41,,,,,17:53,,,,,,,17:28,,,,,,,17:10,,17:07,,17:20,17:50,,,16:57,,,17:17,,,,17:04,,,,,,,,,,17:13,,17:44,,,,,17:30,,,,,,,,,,,,,,,,,,,,,,17:33,,
WR_Down_90667,,17:35,,,,,,17:26,17:49,,,,,17:57,,,,,,,,,,,17:18,,,,,,,,,,,,,,,,,,,,,,,,,,,,,,,,,,,,,,,,,,,,,,,,,,,,,,,,,,,,,,,,,,,,,,,,,,,,,,,18:14,,,18:05,,,,,,,
WR_Down_90669,,17:40,,,,,,17:27,,,,,,,,,16:57,,17:02,,,,,,17:18,,,,,,,,,,,17:51,,17:05,17:44,,,,,,,,,,,,17:30,,,,,,,17:13,,17:10,,17:23,,,,17:00,,,17:20,,,,17:07,,,,,,,,,,17:16,,17:47,,,,,17:33,,,,,,,,,,,,,,,,,,,,,,17:36,,
WR_Down_90671,,17:43,,,,,,17:30,18:06,,,,,,,,17:00,,17:05,,,,,,17:21,,,,,,,,,,,17:52,,17:08,17:47,,,,,18:00,,,,,,,17:33,,,,,,,17:16,,17:13,,17:26,17:57,,,17:03,,,17:23,,,,17:10,,,,,,,,,,17:19,,17:50,,,,,17:35,,,,,,,,,,,,,,,,,,,,,,17:38,,
WR_Down_90673,,17:48,,,,,,17:34,,,,,,,,,17:04,,17:09,,,,,,17:25,,,,,,,,,,,18:00,,17:12,17:52,,,,,,,,,,,,17:37,,,,,,,17:20,,17:17,,17:30,,,,17:07,,,17:27,,,,17:14,,,,,,,,,,17:23,,17:55,,,,,17:40,,,,,,,,,,,,,,,,,,,,,,17:43,,
WR_Down_90675,,,,,,,,17:37,,,,,,,,,17:07,,17:12,,,,,,17:28,,,,,,,,,,,,,17:15,,,,,,,,,,,,,17:40,,,,,,,17:23,,17:20,,17:33,,,,17:10,,,17:30,,,,17:17,,,,,,,,,,17:26,,,,,,,17:42,,,,,,,,,,,,,,,,,,,,,,17:45,,
WR_Down_90677,,17:53,,,,,,17:40,18:16,,,,,,,,17:10,,17:15,,,,,,17:31,,,,,,,,,,,18:01,,17:18,17:56,,,,,18:08,,,,,,,17:43,,,,,,,17:26,,17:23,,17:36,18:05,,,17:13,,,17:33,,,,17:20,,,,,,,,,,17:29,,17:59,,,,,17:45,,,,,,,,,,,,,,,,,,,,,,17:48,,
WR_Down_90679,,17:45,,,,,,17:37,17:59,,,,,18:13,,,17:12,,17:17,,,,,,17:30,,18:03,,,,,,,,,,,17:20,,,,,,,,,,,,,,,,,,,,,,,,,,,,17:15,,,,18:08,,,17:22,,,18:19,18:29,,,,,,,,,,,,,,,,,,,,,,,,,,,18:39,,,18:24,,,,,,,
WR_Down_90681,,18:01,,,,,,17:46,18:23,,,,,,,,17:16,,17:21,,,,,,17:37,,,,,,,,,,,18:09,,17:24,18:04,,,,,18:16,,,,,,,17:50,,,,,,,17:32,,17:29,,17:42,18:13,,,17:19,,,17:39,,,,17:26,,,,,,,,,,17:35,,18:07,,,,,17:53,,,,,,,,,,,,,,,,,,,,,,17:56,,
WR_Down_90685,,18:04,,,,,,17:50,18:25,,,,,18:40,,,17:19,,17:24,,,,,,17:41,,18:30,,,,,,,,,18:12,,17:27,18:07,,,,,18:19,,,,,,,17:53,,,,,,,17:36,,17:32,,17:46,18:16,,,17:22,,,17:43,18:35,,,17:29,,,18:46,18:57,,,,,,17:39,,18:10,,,,,17:56,,,,,,,,,,,,,,19:06,,,18:51,,,,,17:59,,
WR_Down_90687,,17:54,,,,,,17:46,18:14,,,,,,,,17:24,,17:29,,,,,,17:41,,,,,,,,,,,18:01,,17:32,17:57,,,,,18:08,,,,,,,,,,,,,,,,,,,18:05,,,17:27,,,,,,,17:34,,,,,,,,,,,,,,,,,,,,,,,,,,,,,,,,,,,,,,,,,
WR_Down_90689,,18:08,,,,,,17:54,18:28,,,,,,,,,,,,,,,,17:45,,,,,,,,,,,18:16,,,,,,,,,,,,,,,,,,,,,,,,,,,18:20,,,,,,,,,,,,,,,,,,,,,,,,,,,,,,,,,,,,,,,,,,,,,,,,,,,
WR_Down_90691,,,,,,,,17:57,,,,,,,,,17:27,,17:32,,,,,,17:48,,,,,,,,,,,,,17:35,,,,,,,,,,,,,,,,,,,,17:43,,17:40,,17:53,,,,17:30,,,17:50,,,,17:37,,,,,,,,,,17:46,,,,,,,,,,,,,,,,,,,,,,,,,,,,,,,
WR_Down_90693,,17:58,,,,,,17:50,18:20,,,,,,,,17:28,,17:33,,,,,,17:45,,,,,,,,,,,18:05,,17:36,18:01,,,,,18:12,,,,,,,,,,,,,,,,,,,18:09,,,17:31,,,,,,,17:38,,,,,,,,,,,,,,,,,,,,,,,,,,,,,,,,,,,,,,,,,
WR_Down_90695,,18:14,,,,,,18:00,,,,,,,,,17:30,,17:35,,,,,,17:51,,,,,,,,,,,18:25,,17:38,18:18,,,,,,,,,,,,18:03,,,,,,,17:46,,17:43,,17:56,,,,17:33,,,17:53,,,,17:40,,,,,,,,,,17:49,,18:21,,,,,18:05,,,,,,,,,,,,,,,,,,,,,,18:08,,
WR_Down_90697,,18:15,,,,,,18:03,18:38,,,,,,,,17:33,,17:38,,,,,,17:54,,,,,,,,,,,18:24,,17:41,18:19,,,,,18:31,,,,,,,18:06,,,,,,,17:49,,17:46,,17:59,18:28,,,17:36,,,17:56,,,,17:43,,,,,,,,,,17:52,,18:22,,,,,18:08,,,,,,,,,,,,,,,,,,,,,,18:11,,
WR_Down_90699,,18:18,,,,,,18:06,18:41,,,,,,,,,,,,,,,,,,,,,,,,,,,18:27,,,,,,,,,,,,,,,,,,,,,,,,,,,18:31,,,,,,,,,,,,,,,,,,,,,,,,,,,,,,,,,,,,,,,,,,,,,,,,,,,
WR_Down_90701,,,,,,,,,18:40,,,,,18:54,,,,,,,,,,,,,,,,,,,,,,,,,,,,,,,,,,,,,,,,,,,,,,,,,,,,,,,,18:49,,,,,,,19:10,,,,,,,,,,,,,,,,,,,,,,,,,,,19:17,,,19:05,,,,,,,
WR_Down_90703,,18:08,,,,,,18:00,18:22,,,,,18:37,,,17:36,,17:41,,,,,,17:54,,18:27,,,,,,,,,,,17:44,,,,,,,,,,,,,,,,,,,,,,,,,,,,17:39,,,,18:32,,,17:46,,,18:43,18:52,,,,,,,,,,,,,,,,,,,,,,,,,,,19:00,,,18:47,,,,,,,
WR_Down_90705,,18:24,,,,,,18:09,18:47,,,,,,,,17:39,,17:44,,,,,,18:00,,,,,,,,,,,18:33,,17:47,18:28,,,,,18:40,,,,,,,18:13,,,,,,,17:55,,17:52,,18:05,18:37,,,17:42,,,18:02,,,,17:49,,,,,,,,,,17:58,,18:31,,,,,18:15,,,,,,,,,,,,,,,,,,,,,,18:18,,
WR_Down_90707,,18:11,,,,,,18:03,18:34,,,,,,,,17:39,,17:44,,,,,,17:57,,,,,,,,,,,18:20,,17:47,18:15,,,,,18:27,,,,,,,,,,,,,,,,,,,18:24,,,17:42,,,,,,,17:49,,,,,,,,,,,,,,,,,,,,,,,,,,,,,,,,,,,,,,,,,
WR_Down_90709,,18:28,,,,,,18:13,,,,,,,,,17:42,,17:47,,,,,,18:03,,,,,,,,,,,18:39,,17:50,18:32,,,,,,,,,,,,18:17,,,,,,,17:58,,17:55,,18:08,,,,17:45,,,18:05,,,,17:52,,,,,,,,,,18:01,,18:35,,,,,18:20,,,,,,,,,,,,,,,,,,,,,,18:23,,
WR_Down_90711,,,,,,,,18:15,,,,,,,,,17:45,,17:50,,,,,,18:06,,,,,,,,,,,,,17:53,,,,,,,,,,,,,18:18,,,,,,,18:01,,17:58,,18:11,,,,17:48,,,18:08,,,,17:55,,,,,,,,,,18:04,,,,,,,18:21,,,,,,,,,,,,,,,,,,,,,,18:24,,
WR_Down_90713,,18:32,,,,,,18:18,18:55,,,,,,,,17:48,,17:53,,,,,,18:09,,,,,,,,,,,18:41,,17:56,18:36,,,,,18:48,,,,,,,18:21,,,,,,,18:04,,18:01,,18:14,18:45,,,17:51,,,18:11,,,,17:58,,,,,,,,,,18:07,,18:39,,,,,18:24,,,,,,,,,,,,,,,,,,,,,,18:27,,
WR_Down_90715,,,,,,,,18:21,,,,,,,,,17:51,,17:56,,,,,,18:12,,,,,,,,,,,,,17:59,,,,,,,,,,,,,,,,,,,,18:07,,18:04,,18:17,,,,17:54,,,18:14,,,,18:01,,,,,,,,,,18:10,,,,,,,,,,,,,,,,,,,,,,,,,,,,,,,
WR_Down_90717,,18:27,,,,,,18:16,18:52,,,,,,,,17:53,,17:58,,,,,,18:11,,,,,,,,,,,18:37,,18:01,18:32,,,,,18:45,,,,,,,,,,,,,,,,,,,18:41,,,17:56,,,,,,,18:03,,,,,,,,,,,,,,,,,,,,,,,,,,,,,,,,,,,,,,,,,
WR_Down_90719,,18:38,,,,,,18:24,19:01,,,,,19:14,,,17:54,,17:59,,,,,,18:15,,19:05,,,,,,,,,18:48,,18:02,18:42,,,,,18:55,,,,,,,18:27,,,,,,,18:10,,18:07,,18:20,18:52,,,17:57,,,18:17,19:09,,,18:04,,,19:20,19:30,,,,,,18:13,,18:45,,,,,18:31,,,,,,,,,,,,,,19:36,,,19:25,,,,,18:34,,
WR_Down_90721,,18:30,,,,,,18:20,18:41,,,,,18:53,,,17:56,,18:01,,,,,,18:14,,18:45,,,,,,,,,,,18:04,,,,,,,,,,,,,,,,,,,,,,,,,,,,17:59,,,,18:49,,,18:06,,,18:58,19:08,,,,,,,,,,,,,,,,,,,,,,,,,,,19:15,,,19:03,,,,,,,
WR_Down_90725,,18:35,,,,,,18:24,18:59,,,,,,,,17:59,,18:04,,,,,,18:18,,,,,,,,,,,18:45,,18:07,18:40,,,,,18:52,,,,,,,,,,,,,,,,,,,18:49,,,18:02,,,,,,,18:09,,,,,,,,,,,,,,,,,,,,,,,,,,,,,,,,,,,,,,,,,
WR_Down_90727,,18:42,,,,,,18:30,19:06,,,,,,,,,,,,,,,,18:21,,,,,,,,,,,18:52,,,,,,,,,,,,,,,,,,,,,,,,,,,18:56,,,,,,,,,,,,,,,,,,,,,,,,,,,,,,,,,,,,,,,,,,,,,,,,,,,
WR_Down_90727A,,18:42,,,,,,18:30,19:06,,,,,,,,18:00,,18:05,,,,,,18:21,,,,,,,,,,,18:52,,18:08,18:46,,,,,18:59,,,,,,,18:33,,,,,,,18:16,,18:13,,18:26,18:56,,,18:03,,,18:23,,,,18:10,,,,,,,,,,18:19,,18:49,,,,,18:35,,,,,,,,,,,,,,,,,,,,,,18:38,,
WR_Down_90729,,18:45,,,,,,18:33,19:08,,,,,19:22,,,18:03,,18:08,,,,,,18:24,,19:12,,,,,,,,,18:55,,18:11,18:49,,,,,19:02,,,,,,,18:36,,,,,,,18:19,,18:16,,18:29,18:59,,,18:06,,,18:26,19:17,,,18:13,,,19:28,19:38,,,,,,18:22,,18:52,,,,,18:38,,,,,,,,,,,,,,19:45,,,19:33,,,,,18:41,,
WR_Down_90731,,18:48,,,,,,18:36,19:11,,,,,,,,18:06,,18:11,,,,,,18:27,,,,,,,,,,,18:58,,18:14,18:52,,,,,19:05,,,,,,,18:39,,,,,,,18:22,,18:19,,18:32,19:02,,,18:09,,,18:29,,,,18:16,,,,,,,,,,18:25,,18:55,,,,,18:41,,,,,,,,,,,,,,,,,,,,,,18:44,,
WR_Down_90735,,18:45,,,,,,18:35,19:00,,,,,,,,18:11,,18:16,,,,,,18:29,,,,,,,,,,,,,18:19,,,,,,,,,,,,,,,,,,,,,,,,,,,,18:14,,,,,,,18:21,,,,,,,,,,,,,,,,,,,,,,,,,,,,,,,,,,,,,,,,,
WR_Down_90737,,18:56,,,,,,18:43,19:17,,,,,19:32,,,18:13,,18:18,,,,,,18:34,,19:22,,,,,,,,,19:04,,18:21,18:59,,,,,19:11,,,,,,,18:46,,,,,,,18:29,,18:26,,18:39,19:08,,,18:16,,,18:36,19:27,,,18:23,,,19:38,19:51,,,,,,18:32,,19:02,,,,,18:49,,,,,,,,,,,,,,19:59,,,19:44,,,,,18:52,,
WR_Down_90739,,18:48,,,,,,18:38,19:02,,,,,19:16,,,18:14,,18:19,,,,,,18:32,,19:06,,,,,,,,,,,18:22,,,,,,,,,,,,,,,,,,,,,,,,,,,,18:17,,,,19:11,,,18:24,,,19:22,19:31,,,,,,,,,,,,,,,,,,,,,,,,,,,19:38,,,19:26,,,,,,,
WR_Down_90743,,18:59,,,,,,18:46,19:20,,,,,,,,18:16,,18:21,,,,,,18:37,,,,,,,,,,,19:07,,18:24,19:02,,,,,19:14,,,,,,,18:49,,,,,,,18:32,,18:29,,18:42,19:11,,,18:19,,,18:39,,,,18:26,,,,,,,,,,18:35,,19:05,,,,,18:52,,,,,,,,,,,,,,,,,,,,,,18:55,,
WR_Down_90745,,19:03,,,,,,18:49,19:25,,,,,,,,18:19,,18:24,,,,,,18:40,,,,,,,,,,,19:11,,18:27,19:06,,,,,19:18,,,,,,,18:52,,,,,,,18:35,,18:32,,18:45,19:15,,,18:22,,,18:42,,,,18:29,,,,,,,,,,18:38,,19:09,,,,,18:56,,,,,,,,,,,,,,,,,,,,,,18:59,,
WR_Down_90747,,19:06,,,,,,18:52,,,,,,,,,18:22,,18:27,,,,,,18:43,,,,,,,,,,,19:16,,18:30,19:10,,,,,,,,,,,,18:55,,,,,,,18:38,,18:35,,18:48,,,,18:25,,,18:45,,,,18:32,,,,,,,,,,18:41,,19:13,,,,,18:58,,,,,,,,,,,,,,,,,,,,,,19:01,,
WR_Down_90751,,,,,,,,18:55,,,,,,,,,18:25,,18:30,,,,,,18:46,,,,,,,,,,,,,18:33,,,,,,,,,,,,,,,,,,,,18:41,,18:38,,18:51,,,,18:28,,,18:48,,,,18:35,,,,,,,,,,18:44,,,,,,,,,,,,,,,,,,,,,,,,,,,,,,,
WR_Down_90753,,18:57,,,,,,18:48,19:12,,,,,,,,18:25,,18:30,,,,,,18:42,,,,,,,,,,,,,18:33,,,,,,,,,,,,,,,,,,,,,,,,,,,,18:28,,,,,,,18:35,,,,,,,,,,,,,,,,,,,,,,,,,,,,,,,,,,,,,,,,,
WR_Down_90755,,19:15,,,,,,18:58,19:37,,,,,,,,18:28,,18:33,,,,,,18:49,,,,,,,,,,,19:24,,18:36,19:19,,,,,19:31,,,,,,,19:02,,,,,,,18:44,,18:41,,18:54,19:28,,,18:31,,,18:51,,,,18:38,,,,,,,,,,18:47,,19:22,,,,,19:06,,,,,,,,,,,,,,,,,,,,,,19:09,,
WR_Down_90759,,19:19,,,,,,19:02,19:42,,,,,,,,18:32,,18:37,,,,,,18:53,,,,,,,,,,,19:28,,18:40,19:23,,,,,19:35,,,,,,,19:06,,,,,,,18:48,,18:45,,18:58,19:32,,,18:35,,,18:55,,,,18:42,,,,,,,,,,18:51,,19:26,,,,,19:10,,,,,,,,,,,,,,,,,,,,,,19:13,,
WR_Down_90761,,19:03,,,,,,18:54,19:20,,,,,,,,18:31,,18:36,,,,,,18:48,,,,,,,,,,,,,18:39,,,,,,19:14,,,,,,,,,,,,,,,,,,,19:11,,,18:34,,,,,,,18:41,,,,,,,,,,,,,,,,,,,,,,,,,,,,,,,,,,,,,,,,,
WR_Down_90763,,19:22,,,,,,19:05,19:45,,,,,,,,18:35,,18:40,,,,,,18:56,,,,,,,,,,,19:31,,18:43,19:26,,,,,19:38,,,,,,,19:09,,,,,,,18:51,,18:48,,19:01,19:35,,,18:38,,,18:58,,,,18:45,,,,,,,,,,18:54,,19:29,,,,,19:13,,,,,,,,,,,,,,,,,,,,,,19:16,,
WR_Down_90765,,19:06,,,,,,18:58,19:23,,,,,,,,18:35,,18:40,,,,,,18:52,,,,,,,,,,,19:14,,18:43,19:09,,,,,,,,,,,,,,,,,,,,,,,,,,,18:38,,,,,,,18:45,,,,,,,,,,,,,,,,,,,,,,,,,,,,,,,,,,,,,,,,,
WR_Down_90769,,19:17,,,,,,19:08,19:29,,,,,19:46,,,18:46,,18:51,,,,,,19:03,,19:34,,,,,,,,,,,18:54,,,,,,,,,,,,,,,,,,,,,,,,,,,,18:49,,,,19:39,,,18:56,,,,,,,,,,,,,,,,,,,,,,,,,,,,,,,,,,,,,,,,,
WR_Down_90771,,,,,,,,19:11,,,,,,,,,18:41,,18:46,,,,,,19:02,,,,,,,,,,,,,18:49,,,,,,,,,,,,,,,,,,,,18:57,,18:54,,19:07,,,,18:44,,,19:04,,,,18:51,,,,,,,,,,19:00,,,,,,,,,,,,,,,,,,,,,,,,,,,,,,,
WR_Down_90773,,19:31,,,,,,19:15,19:54,,,,,,,,,,,,,,,,,,,,,,,,,,,19:40,,,,,,,,,,,,,,,,,,,,,,,,,,,19:44,,,,,,,,,,,,,,,,,,,,,,,,,,,,,,,,,,,,,,,,,,,,,,,,,,,
WR_Down_90775,,19:34,,,,,,19:18,19:57,,,,,,,,18:47,,18:52,,,,,,19:08,,,,,,,,,,,19:43,,18:55,19:38,,,,,19:50,,,,,,,19:22,,,,,,,19:03,,19:00,,19:13,19:47,,,18:50,,,19:10,,,,18:57,,,,,,,,,,19:06,,19:41,,,,,19:26,,,,,,,,,,,,,,,,,,,,,,19:29,,
WR_Down_90777,,19:37,,,,,,19:21,19:59,,,,,20:14,,,18:51,,18:56,,,,,,19:12,,20:04,,,,,,,,,19:46,,18:59,19:41,,,,,19:53,,,,,,,19:25,,,,,,,19:07,,19:04,,19:17,19:50,,,18:54,,,19:14,20:09,,,19:01,,,20:20,20:32,,,,,,19:10,,19:44,,,,,19:29,,,,,,,,,,,,,,20:40,,,20:25,,,,,19:32,,
WR_Down_90779,,19:23,,,,,,19:13,19:37,,,,,19:51,,,18:50,,18:55,,,,,,19:07,,19:41,,,,,,,,,,,18:58,,,,,,,,,,,,,,,,,,,,,,,,,,,,18:53,,,,19:46,,,19:00,,,19:57,20:10,,,,,,,,,,,,,,,,,,,,,,,,,,,20:19,,,20:04,,,,,,,
WR_Down_90781,,19:42,,,,,,19:24,,,,,,,,,18:54,,18:59,,,,,,19:15,,,,,,,,,,,19:53,,19:02,19:46,,,,,,,,,,,,19:28,,,,,,,19:10,,19:07,,19:20,,,,18:57,,,19:17,,,,19:04,,,,,,,,,,19:13,,19:49,,,,,19:32,,,,,,,,,,,,,,,,,,,,,,19:35,,
WR_Down_90783,,19:43,,,,,,19:27,,,,,,,,,18:57,,19:02,,,,,,19:18,,,,,,,,,,,,,19:05,,,,,,,,,,,,,19:31,,,,,,,19:13,,19:10,,19:23,,,,19:00,,,19:20,,,,19:07,,,,,,,,,,19:16,,,,,,,19:34,,,,,,,,,,,,,,,,,,,,,,19:37,,
WR_Down_90787,,19:46,,,,,,19:30,20:07,,,,,,,,19:00,,19:05,,,,,,19:21,,,,,,,,,,,19:54,,19:08,19:49,,,,,20:01,,,,,,,19:34,,,,,,,19:16,,19:13,,19:26,19:58,,,19:03,,,19:23,,,,19:10,,,,,,,,,,19:19,,19:52,,,,,19:37,,,,,,,,,,,,,,,,,,,,,,19:40,,
WR_Down_90789,,,,,,,,19:34,,,,,,,,,19:03,,19:08,,,,,,19:24,,,,,,,,,,,,,19:11,,,,,,,,,,,,,,,,,,,,19:19,,19:16,,19:29,,,,19:06,,,19:26,,,,19:13,,,,,,,,,,19:22,,,,,,,,,,,,,,,,,,,,,,,,,,,,,,,
WR_Down_90791,,19:36,,,,,,19:27,19:51,,,,,20:05,,,19:05,,19:10,,,,,,19:22,,19:55,,,,,,,,,,,19:13,,,,,,,,,,,,,,,,,,,,,,,,,,,,19:08,,,,20:00,,,19:15,,,20:10,20:20,,,,,,,,,,,,,,,,,,,,,,,,,,,20:27,,,20:13,,,,,,,
WR_Down_90793,,19:51,,,,,,19:37,20:15,,,,,,,,19:07,,19:12,,,,,,19:28,,,,,,,,,,,20:01,,19:15,19:55,,,,,20:08,,,,,,,19:40,,,,,,,19:23,,19:20,,19:33,20:05,,,19:10,,,19:30,,,,19:17,,,,,,,,,,19:26,,19:58,,,,,19:42,,,,,,,,,,,,,,,,,,,,,,19:45,,
WR_Down_90795,,19:43,,,,,,19:35,19:59,,,,,,,,19:11,,19:16,,,,,,19:28,,,,,,,,,,,,,19:19,,,,,,,,,,,,,,,,,,,,,,,,,,,,19:14,,,,,,,19:21,,,,,,,,,,,,,,,,,,,,,,,,,,,,,,,,,,,,,,,,,
WR_Down_90799,,,,,,,,19:40,,,,,,,,,19:10,,19:15,,,,,,19:31,,,,,,,,,,,,,19:18,,,,,,,,,,,,,19:43,,,,,,,19:26,,19:23,,19:36,,,,19:13,,,19:33,,,,19:20,,,,,,,,,,19:29,,,,,,,19:45,,,,,,,,,,,,,,,,,,,,,,19:48,,
WR_Down_90801,,19:57,,,,,,19:44,,,,,,,,,19:14,,19:19,,,,,,19:35,,,,,,,,,,,20:08,,19:22,20:01,,,,,,,,,,,,19:47,,,,,,,19:30,,19:27,,19:40,,,,19:17,,,19:37,,,,19:24,,,,,,,,,,19:33,,20:04,,,,,19:49,,,,,,,,,,,,,,,,,,,,,,19:52,,
WR_Down_90803,,19:50,,,,,,19:41,20:09,,,,,,,,19:19,,19:24,,,,,,19:35,,,,,,,,,,,,,19:27,,,,,,20:02,,,,,,,,,,,,,,,,,,,19:59,,,19:22,,,,,,,19:29,,,,,,,,,,,,,,,,,,,,,,,,,,,,,,,,,,,,,,,,,
WR_Down_90807,,,,,,,,,20:21,,,,,20:36,,,,,,,,,,,,,,,,,,,,,,,,,,,,,,,,,,,,,,,,,,,,,,,,,,,,,,,,20:31,,,,,,,20:53,,,,,,,,,,,,,,,,,,,,,,,,,,,20:59,,,20:48,,,,,,,
WR_Down_90809,,20:04,,,,,,19:50,20:26,,,,,,,,19:20,,19:25,,,,,,19:41,,,,,,,,,,,20:12,,19:28,20:07,,,,,20:20,,,,,,,19:53,,,,,,,19:36,,19:33,,19:46,20:17,,,19:23,,,19:43,,,,19:30,,,,,,,,,,19:39,,20:10,,,,,19:56,,,,,,,,,,,,,,,,,,,,,,19:59,,
WR_Down_90813,,20:10,,,,,,19:55,20:33,,,,,,,,19:25,,19:30,,,,,,19:46,,,,,,,,,,,20:18,,19:33,20:13,,,,,20:26,,,,,,,19:59,,,,,,,19:41,,19:38,,19:51,20:23,,,19:28,,,19:48,,,,19:35,,,,,,,,,,19:44,,20:16,,,,,20:02,,,,,,,,,,,,,,,,,,,,,,20:05,,
WR_Down_90817,,,,,,,,19:59,,,,,,,,,19:28,,19:33,,,,,,19:49,,,,,,,,,,,,,19:36,,,,,,,,,,,,,,,,,,,,19:44,,19:41,,19:54,,,,19:31,,,19:51,,,,19:38,,,,,,,,,,19:47,,,,,,,,,,,,,,,,,,,,,,,,,,,,,,,
WR_Down_90819,,20:01,,,,,,19:52,20:15,,,,,20:28,,,19:30,,19:35,,,,,,19:47,,20:18,,,,,,,,,,,19:38,,,,,,,,,,,,,,,,,,,,,,,,,,,,19:33,,,,20:23,,,19:40,,,20:34,20:44,,,,,,,,,,,,,,,,,,,,,,,,,,,20:51,,,20:39,,,,,,,
WR_Down_90821,,20:14,,,,,,20:01,,,,,,,,,19:31,,19:36,,,,,,19:52,,,,,,,,,,,20:24,,19:39,20:18,,,,,,,,,,,,20:04,,,,,,,19:47,,19:44,,19:57,,,,19:34,,,19:54,,,,19:41,,,,,,,,,,19:50,,20:21,,,,,20:06,,,,,,,,,,,,,,,,,,,,,,20:09,,
WR_Down_90823,,20:17,,,,,,20:04,20:40,,,,,,,,19:34,,19:39,,,,,,19:55,,,,,,,,,,,20:25,,19:42,20:20,,,,,20:33,,,,,,,20:07,,,,,,,19:50,,19:47,,20:00,20:30,,,19:37,,,19:57,,,,19:44,,,,,,,,,,19:53,,20:23,,,,,20:09,,,,,,,,,,,,,,,,,,,,,,20:12,,
WR_Down_90825,,20:05,,,,,,19:56,20:23,,,,,,,,19:34,,19:39,,,,,,19:51,,,,,,,,,,,,,19:42,,,,,,20:16,,,,,,,,,,,,,,,,,,,20:13,,,19:37,,,,,,,19:44,,,,,,,,,,,,,,,,,,,,,,,,,,,,,,,,,,,,,,,,,
WR_Down_90827,,20:20,,,,,,20:07,,,,,,,,,19:37,,19:42,,,,,,19:58,,,,,,,,,,,20:33,,19:45,20:24,,,,,,,,,,,,20:10,,,,,,,19:53,,19:50,,20:03,,,,19:40,,,20:00,,,,19:47,,,,,,,,,,19:56,,20:27,,,,,20:13,,,,,,,,,,,,,,,,,,,,,,20:16,,
WR_Down_90829,,20:12,,,,,,20:03,20:27,,,,,20:43,,,19:40,,19:45,,,,,,19:58,,20:33,,,,,,,,,,,19:48,,,,,,,,,,,,,,,,,,,,,,,,,,,,19:43,,,,20:38,,,19:50,,,20:49,20:59,,,,,,,,,,,,,,,,,,,,,,,,,,,21:06,,,20:54,,,,,,,
WR_Down_90831,,20:25,,,,,,20:09,20:47,,,,,21:01,,,,,,,,,,,,,,,,,,,,,,20:34,,,,,,,,,,,,,,,,,,,,,,,,,,,20:38,,,,,,,20:56,,,,,,,21:17,,,,,,,,,,,,,,,,,,,,,,,,,,,21:24,,,21:12,,,,,,,
WR_Down_90833,,20:29,,,,,,20:15,20:52,,,,,,,,19:45,,19:50,,,,,,20:06,,,,,,,,,,,20:38,,19:53,20:33,,,,,20:45,,,,,,,20:18,,,,,,,20:01,,19:58,,20:11,20:42,,,19:48,,,20:08,,,,19:55,,,,,,,,,,20:04,,20:36,,,,,20:20,,,,,,,,,,,,,,,,,,,,,,20:23,,
WR_Down_90835,,20:31,,,,,,20:18,,,,,,,,,19:48,,19:53,,,,,,20:09,,,,,,,,,,,20:41,,19:56,20:35,,,,,,,,,,,,20:21,,,,,,,20:04,,20:01,,20:14,,,,19:51,,,20:11,,,,19:58,,,,,,,,,,20:07,,20:38,,,,,20:23,,,,,,,,,,,,,,,,,,,,,,20:26,,
WR_Down_90837,,20:20,,,,,,20:11,20:35,,,,,20:49,,,19:49,,19:54,,,,,,20:06,,20:39,,,,,,,,,,,19:57,,,,,,,,,,,,,,,,,,,,,,,,,,,,19:52,,,,20:44,,,19:59,,,20:55,21:07,,,,,,,,,,,,,,,,,,,,,,,,,,,21:14,,,21:00,,,,,,,
WR_Down_90839,,20:36,,,,,,20:21,20:59,,,,,,,,19:51,,19:56,,,,,,20:12,,,,,,,,,,,20:45,,19:59,20:40,,,,,20:52,,,,,,,20:25,,,,,,,20:07,,20:04,,20:17,20:49,,,19:54,,,20:14,,,,20:01,,,,,,,,,,20:10,,20:43,,,,,20:27,,,,,,,,,,,,,,,,,,,,,,20:30,,
WR_Down_90841,,20:39,,,,,,20:24,21:01,,,,,,,,19:54,,19:59,,,,,,20:15,,,,,,,,,,,20:48,,20:02,20:43,,,,,20:55,,,,,,,20:28,,,,,,,20:10,,20:07,,20:20,20:52,,,19:57,,,20:17,,,,20:04,,,,,,,,,,20:13,,20:46,,,,,20:30,,,,,,,,,,,,,,,,,,,,,,20:33,,
WR_Down_90843,,20:27,,,,,,20:17,20:42,,,,,,,,19:54,,19:59,,,,,,20:11,,,,,,,,,,,,,20:02,,,,,,,,,,,,,,,,,,,,,,,,,,,,19:57,,,,,,,20:04,,,,,,,,,,,,,,,,,,,,,,,,,,,,,,,,,,,,,,,,,
WR_Down_90845,,20:42,,,,,,20:28,,,,,,,,,19:57,,20:02,,,,,,20:19,,,,,,,,,,,20:52,,20:05,20:46,,,,,,,,,,,,20:32,,,,,,,20:13,,20:10,,20:24,,,,20:00,,,20:21,,,,20:07,,,,,,,,,,20:16,,20:49,,,,,20:34,,,,,,,,,,,,,,,,,,,,,,20:37,,
WR_Down_90849,,20:46,,,,,,20:31,21:09,,,,,,,,20:01,,20:06,,,,,,20:22,,,,,,,,,,,20:54,,20:09,20:49,,,,,21:01,,,,,,,20:34,,,,,,,20:17,,20:14,,20:27,20:58,,,20:04,,,20:24,,,,20:11,,,,,,,,,,20:20,,20:52,,,,,20:36,,,,,,,,,,,,,,,,,,,,,,20:39,,
WR_Down_90853,,20:38,,,,,,20:29,20:56,,,,,,,,,,,,,,,,20:23,,,,,,,,,,,,,,,,,,,,,,,,,,,,,,,,,,,,,,20:46,,,,,,,,,,,,,,,,,,,,,,,,,,,,,,,,,,,,,,,,,,,,,,,,,,,
WR_Down_90855,,,,,,,,20:34,,,,,,,,,20:04,,20:09,,,,,,20:25,,,,,,,,,,,,,20:12,,,,,,,,,,,,,,,,,,,,20:20,,20:17,,20:30,,,,20:07,,,20:27,,,,20:14,,,,,,,,,,20:23,,,,,,,,,,,,,,,,,,,,,,,,,,,,,,,
WR_Down_90859,,20:42,,,,,,20:33,21:04,,,,,,,,20:10,,20:15,,,,,,20:27,,,,,,,,,,,20:51,,20:18,20:46,,,,,20:58,,,,,,,,,,,,,,,,,,,20:55,,,20:13,,,,,,,20:20,,,,,,,,,,,,,,,,,,,,,,,,,,,,,,,,,,,,,,,,,
WR_Down_90861,,20:55,,,,,,20:40,,,,,,,,,20:10,,20:15,,,,,,20:31,,,,,,,,,,,21:06,,20:18,20:59,,,,,,,,,,,,20:43,,,,,,,20:26,,20:23,,20:36,,,,20:13,,,20:33,,,,20:20,,,,,,,,,,20:29,,21:02,,,,,20:46,,,,,,,,,,,,,,,,,,,,,,20:49,,
WR_Down_90863,,20:56,,,,,,20:43,21:17,,,,,,,,20:13,,20:18,,,,,,20:34,,,,,,,,,,,21:04,,20:21,20:59,,,,,21:11,,,,,,,20:46,,,,,,,20:29,,20:26,,20:39,21:08,,,20:16,,,20:36,,,,20:23,,,,,,,,,,20:32,,21:02,,,,,20:48,,,,,,,,,,,,,,,,,,,,,,20:51,,
WR_Down_90865,,20:48,,,,,,,21:02,,,,,21:17,,,,,,,,,,,,,,,,,,,,,,,,,,,,,,,,,,,,,,,,,,,,,,,,,,,,,,,,21:12,,,,,,,21:33,,,,,,,,,,,,,,,,,,,,,,,,,,,21:41,,,21:28,,,,,,,
WR_Down_90867,,21:00,,,,,,20:46,21:21,,,,,21:36,,,,,,,,,,,,,,,,,,,,,,21:08,,,,,,,,,,,,,,,,,,,,,,,,,,,21:12,,,,,,,21:30,,,,,,,,,,,,,,,,,,,,,,,,,,,,,,,,,,,,,,,,,,,,
WR_Down_90869,,20:48,,,,,,20:39,21:10,,,,,,,,20:17,,20:22,,,,,,20:34,,,,,,,,,,,20:57,,20:25,20:52,,,,,21:04,,,,,,,,,,,,,,,,,,,21:01,,,20:20,,,,,,,20:27,,,,,,,,,,,,,,,,,,,,,,,,,,,,,,,,,,,,,,,,,
WR_Down_90871,,21:04,,,,,,20:50,21:26,,,,,,,,20:20,,20:25,,,,,,20:41,,,,,,,,,,,21:12,,20:28,21:07,,,,,21:19,,,,,,,20:53,,,,,,,20:36,,20:33,,20:46,21:16,,,20:23,,,20:43,,,,20:30,,,,,,,,,,20:39,,21:10,,,,,20:56,,,,,,,,,,,,,,,,,,,,,,20:59,,
WR_Down_90873,,,,,,,,,21:17,,,,,21:32,,,,,,,,,,,,,,,,,,,,,,,,,,,,,,,,,,,,,,,,,,,,,,,,,,,,,,,,21:27,,,,,,,21:49,,,,,,,,,,,,,,,,,,,,,,,,,,,21:56,,,21:43,,,,,,,
WR_Down_90875,,,,,,,,20:55,,,,,,,,,20:24,,20:29,,,,,,20:45,,,,,,,,,,,,,20:32,,,,,,,,,,,,,,,,,,,,20:40,,20:37,,20:50,,,,20:27,,,20:47,,,,20:34,,,,,,,,,,20:43,,,,,,,,,,,,,,,,,,,,,,,,,,,,,,,
WR_Down_90877,,20:55,,,,,,20:46,21:10,,,,,21:23,,,20:24,,20:29,,,,,,20:41,,21:13,,,,,,,,,,,20:32,,,,,,,,,,,,,,,,,,,,,,,,,,,,20:27,,,,21:18,,,20:34,,,21:29,21:38,,,,,,,,,,,,,,,,,,,,,,,,,,,21:44,,,21:33,,,,,,,
WR_Down_90879,,21:02,,,,,,20:54,21:18,,,,,21:32,,,,,,,,,,,20:47,,,,,,,,,,,,,,,,,,,,,,,,,,,,,,,,,,,,,,,,,,,,,21:27,,,,,,,21:47,,,,,,,,,,,,,,,,,,,,,,,,,,,21:54,,,21:42,,,,,,,
WR_Down_90881,,21:13,,,,,,20:57,,,,,,,,,20:27,,20:32,,,,,,20:48,,,,,,,,,,,21:24,,20:35,21:17,,,,,,,,,,,,21:01,,,,,,,20:43,,20:40,,20:53,,,,20:30,,,20:50,,,,20:37,,,,,,,,,,20:46,,21:20,,,,,21:04,,,,,,,,,,,,,,,,,,,,,,21:07,,
WR_Down_90885,,21:15,,,,,,21:00,21:36,,,,,,,,20:30,,20:35,,,,,,20:51,,,,,,,,,,,21:23,,20:38,21:18,,,,,21:30,,,,,,,21:04,,,,,,,20:46,,20:43,,20:56,21:27,,,20:33,,,20:53,,,,20:40,,,,,,,,,,20:49,,21:21,,,,,21:06,,,,,,,,,,,,,,,,,,,,,,21:09,,
WR_Down_90887,,21:05,,,,,,20:57,21:21,,,,,,,,20:30,,20:35,,,,,,20:50,,,,,,,,,,,,,20:38,,,,,,,,,,,,,,,,,,,,,,,,,,,,20:33,,,,,,,20:41,,,,,,,,,,,,,,,,,,,,,,,,,,,,,,,,,,,,,,,,,
WR_Down_90889,,21:18,,,,,,21:03,21:39,,,,,,,,20:33,,20:38,,,,,,20:54,,,,,,,,,,,21:26,,20:41,21:21,,,,,21:33,,,,,,,21:07,,,,,,,20:49,,20:46,,20:59,21:30,,,20:36,,,20:56,,,,20:43,,,,,,,,,,20:52,,21:24,,,,,21:09,,,,,,,,,,,,,,,,,,,,,,21:12,,
WR_Down_90891,,21:22,,,,,,21:07,21:43,,,,,,,,20:37,,20:42,,,,,,20:58,,,,,,,,,,,21:30,,20:45,21:25,,,,,21:37,,,,,,,21:11,,,,,,,20:53,,20:50,,21:03,21:34,,,20:40,,,21:00,,,,20:47,,,,,,,,,,20:56,,21:28,,,,,21:13,,,,,,,,,,,,,,,,,,,,,,21:16,,
WR_Down_90893,,21:09,,,,,,21:00,21:24,,,,,21:39,,,20:38,,20:43,,,,,,20:55,,21:29,,,,,,,,,,,20:46,,,,,,,,,,,,,,,,,,,,,,,,,,,,20:41,,,,21:34,,,20:48,,,21:45,21:55,,,,,,,,,,,,,,,,,,,,,,,,,,,22:03,,,21:50,,,,,,,
WR_Down_90895,,21:12,,,,,,21:03,21:28,,,,,,,,20:41,,20:46,,,,,,20:58,,,,,,,,,,,,,20:49,,,,,,,,,,,,,,,,,,,,,,,,,,,,20:44,,,,,,,20:51,,,,,,,,,,,,,,,,,,,,,,,,,,,,,,,,,,,,,,,,,
WR_Down_90897,,21:28,,,,,,21:14,21:50,,,,,22:04,,,20:44,,20:49,,,,,,21:05,,21:54,,,,,,,,,21:37,,20:52,21:32,,,,,21:44,,,,,,,21:17,,,,,,,21:00,,20:57,,21:10,21:41,,,20:47,,,21:07,21:59,,,20:54,,,22:10,22:20,,,,,,21:03,,21:35,,,,,21:19,,,,,,,,,,,,,,22:29,,,22:15,,,,,21:22,,
WR_Down_90899,,,,,,,,21:17,,,,,,,,,20:47,,20:52,,,,,,21:08,,,,,,,,,,,,,20:55,,,,,,,,,,,,,,,,,,,,21:03,,21:00,,21:13,,,,20:50,,,21:10,,,,20:57,,,,,,,,,,21:06,,,,,,,,,,,,,,,,,,,,,,,,,,,,,,,
WR_Down_90901,,21:36,,,,,,21:22,21:59,,,,,,,,20:52,,20:57,,,,,,21:13,,,,,,,,,,,21:45,,21:00,21:40,,,,,21:53,,,,,,,21:26,,,,,,,21:08,,21:05,,21:18,21:50,,,20:55,,,21:15,,,,21:02,,,,,,,,,,21:11,,21:43,,,,,21:28,,,,,,,,,,,,,,,,,,,,,,21:31,,
WR_Down_90903,,21:22,,,,,,21:14,21:37,,,,,21:51,,,20:52,,20:57,,,,,,21:09,,21:41,,,,,,,,,,,21:00,,,,,,,,,,,,,,,,,,,,,,,,,,,,20:55,,,,21:46,,,21:02,,,21:57,22:07,,,,,,,,,,,,,,,,,,,,,,,,,,,22:13,,,22:02,,,,,,,
WR_Down_90905,,21:25,,,,,,21:17,21:49,,,,,,,,,,,,,,,,21:08,,,,,,,,,,,21:33,,,,,,,,,,,,,,,,,,,,,,,,,,,21:38,,,,,,,,,,,,,,,,,,,,,,,,,,,,,,,,,,,,,,,,,,,,,,,,,,,
WR_Down_90907,,21:40,,,,,,21:25,22:04,,,,,,,,20:55,,21:00,,,,,,21:16,,,,,,,,,,,21:50,,21:03,21:45,,,,,21:57,,,,,,,21:29,,,,,,,21:11,,21:08,,21:21,21:54,,,20:58,,,21:18,,,,21:05,,,,,,,,,,21:14,,21:48,,,,,21:31,,,,,,,,,,,,,,,,,,,,,,21:34,,
WR_Down_90909,,21:45,,,,,,21:29,,,,,,,,,20:58,,21:03,,,,,,21:20,,,,,,,,,,,21:56,,21:06,21:49,,,,,,,,,,,,21:33,,,,,,,21:14,,21:11,,21:25,,,,21:01,,,21:22,,,,21:08,,,,,,,,,,21:17,,21:52,,,,,21:36,,,,,,,,,,,,,,,,,,,,,,21:39,,
WR_Down_90911,,,,,,,,,,,,,,,,,21:01,,21:06,,,,,,,,,,,,,,,,,,,21:09,,,,,,,,,,,,,,,,,,,,,,,,,,,,21:04,,,,,,,21:11,,,,,,,,,,,,,,,,,,,,,,,,,,,,,,,,,,,,,,,,,
WR_Down_90913,,21:49,,,,,,21:35,22:11,,,,,22:25,,,21:05,,21:10,,,,,,21:26,,22:15,,,,,,,,,21:58,,21:13,21:53,,,,,22:05,,,,,,,21:39,,,,,,,21:21,,21:18,,21:31,22:02,,,21:08,,,21:28,22:20,,,21:15,,,22:31,22:41,,,,,,21:24,,21:56,,,,,21:42,,,,,,,,,,,,,,22:49,,,22:36,,,,,21:45,,
WR_Down_90915,,21:38,,,,,,21:28,,,,,,,,,21:05,,21:10,,,,,,21:22,,,,,,,,,,,21:45,,21:13,21:41,,,,,,,,,,,,,,,,,,,,,,,,21:49,,,21:08,,,,,,,21:15,,,,,,,,,,,,,,,,,,,,,,,,,,,,,,,,,,,,,,,,,
WR_Down_90917,,21:53,,,,,,21:39,22:14,,,,,,,,21:08,,21:13,,,,,,21:30,,,,,,,,,,,22:02,,21:16,21:57,,,,,22:09,,,,,,,21:43,,,,,,,21:24,,21:21,,21:35,22:06,,,21:11,,,21:32,,,,21:18,,,,,,,,,,21:27,,22:00,,,,,21:46,,,,,,,,,,,,,,,,,,,,,,21:49,,
WR_Down_90919,,21:45,,,,,,21:36,22:07,,,,,,,,21:12,,21:17,,,,,,21:29,,,,,,,,,,,21:54,,21:20,21:49,,,,,22:01,,,,,,,,,,,,,,,,,,,21:58,,,21:15,,,,,,,21:22,,,,,,,,,,,,,,,,,,,,,,,,,,,,,,,,,,,,,,,,,
WR_Down_90921,,21:58,,,,,,21:44,22:20,,,,,,,,21:14,,21:19,,,,,,21:35,,,,,,,,,,,22:06,,21:22,22:01,,,,,22:13,,,,,,,21:47,,,,,,,21:30,,21:27,,21:40,22:10,,,21:17,,,21:37,,,,21:24,,,,,,,,,,21:33,,22:04,,,,,21:49,,,,,,,,,,,,,,,,,,,,,,21:52,,
WR_Down_90923,,22:01,,,,,,21:47,,,,,,,,,21:17,,21:22,,,,,,21:38,,,,,,,,,,,,,21:25,,,,,,,,,,,,,21:50,,,,,,,21:33,,21:30,,21:43,,,,21:20,,,21:40,,,,21:27,,,,,,,,,,21:36,,,,,,,21:52,,,,,,,,,,,,,,,,,,,,,,21:55,,
WR_Down_90925,,22:04,,,,,,21:50,22:26,,,,,,,,21:20,,21:25,,,,,,21:41,,,,,,,,,,,22:13,,21:28,22:08,,,,,22:20,,,,,,,21:53,,,,,,,21:36,,21:33,,21:46,22:17,,,21:23,,,21:43,,,,21:30,,,,,,,,,,21:39,,22:11,,,,,21:55,,,,,,,,,,,,,,,,,,,,,,21:58,,
WR_Down_90927,,21:52,,,,,,21:44,22:07,,,,,22:22,,,21:22,,21:27,,,,,,21:39,,22:12,,,,,,,,,,,21:30,,,,,,,,,,,,,,,,,,,,,,,,,,,,21:25,,,,22:17,,,21:32,,,22:28,22:38,,,,,,,,,,,,,,,,,,,,,,,,,,,22:46,,,22:33,,,,,,,
WR_Down_90931,,22:10,,,,,,21:56,22:34,,,,,,,,21:26,,21:31,,,,,,21:47,,,,,,,,,,,22:18,,21:34,22:13,,,,,22:25,,,,,,,21:59,,,,,,,21:42,,21:39,,21:52,22:22,,,21:29,,,21:49,,,,21:36,,,,,,,,,,21:45,,22:16,,,,,22:01,,,,,,,,,,,,,,,,,,,,,,22:04,,
WR_Down_90933,,22:03,,,,,,21:55,22:17,,,,,22:33,,,21:33,,21:38,,,,,,21:50,,22:23,,,,,,,,,,,21:41,,,,,,,,,,,,,,,,,,,,,,,,,,,,21:36,,,,22:28,,,21:43,,,22:39,22:50,,,,,,,,,,,,,,,,,,,,,,,,,,,22:59,,,22:44,,,,,,,
WR_Down_90935,,,,,,,,22:03,,,,,,,,,21:33,,21:38,,,,,,21:54,,,,,,,,,,,,,21:41,,,,,,,,,,,,,,,,,,,,21:49,,21:46,,21:59,,,,21:36,,,21:56,,,,21:43,,,,,,,,,,21:52,,,,,,,,,,,,,,,,,,,,,,,,,,,,,,,
WR_Down_90937,,,,,,,,,22:40,,,,,22:56,,,,,,,,,,,,,,,,,,,,,,,,,,,,,,,,,,,,,,,,,,,,,,,,,,,,,,,,22:51,,,,,,,23:13,,,,,,,,,,,,,,,,,,,,,,,,,,,23:20,,,23:07,,,,,,,
WR_Down_90939,,22:20,,,,,,22:06,22:41,,,,,,,,21:36,,21:41,,,,,,21:57,,,,,,,,,,,22:28,,21:44,22:23,,,,,22:35,,,,,,,22:09,,,,,,,21:52,,21:49,,22:02,22:32,,,21:39,,,21:59,,,,21:46,,,,,,,,,,21:55,,22:26,,,,,22:11,,,,,,,,,,,,,,,,,,,,,,22:14,,
WR_Down_90943,,22:26,,,,,,22:12,22:49,,,,,,,,21:42,,21:47,,,,,,22:03,,,,,,,,,,,22:35,,21:50,22:30,,,,,22:43,,,,,,,22:15,,,,,,,21:58,,21:55,,22:08,22:39,,,21:45,,,22:05,,,,21:52,,,,,,,,,,22:01,,22:33,,,,,22:17,,,,,,,,,,,,,,,,,,,,,,22:20,,
WR_Down_90945,,22:15,,,,,,22:06,22:31,,,,,22:45,,,21:44,,21:49,,,,,,22:01,,22:35,,,,,,,,,,,21:52,,,,,,,,,,,,,,,,,,,,,,,,,,,,21:47,,,,22:40,,,21:54,,,22:51,23:02,,,,,,,,,,,,,,,,,,,,,,,,,,,23:09,,,22:56,,,,,,,
WR_Down_90947,,22:29,,,,,,22:15,22:52,,,,,,,,21:45,,21:50,,,,,,22:06,,,,,,,,,,,22:38,,21:53,22:33,,,,,22:46,,,,,,,22:18,,,,,,,22:01,,21:58,,22:11,22:42,,,21:48,,,22:08,,,,21:55,,,,,,,,,,22:04,,22:36,,,,,22:20,,,,,,,,,,,,,,,,,,,,,,22:23,,
WR_Down_90949,,22:32,,,,,,22:18,22:55,,,,,,,,21:48,,21:53,,,,,,22:09,,,,,,,,,,,22:41,,21:56,22:36,,,,,22:49,,,,,,,22:21,,,,,,,22:04,,22:01,,22:14,22:45,,,21:51,,,22:11,,,,21:58,,,,,,,,,,22:07,,22:39,,,,,22:23,,,,,,,,,,,,,,,,,,,,,,22:26,,
WR_Down_90951,,22:19,,,,,,22:10,22:39,,,,,,,,21:48,,21:53,,,,,,22:05,,,,,,,,,,,,,21:56,,,,,,22:31,,,,,,,,,,,,,,,,,,,22:28,,,21:51,,,,,,,21:58,,,,,,,,,,,,,,,,,,,,,,,,,,,,,,,,,,,,,,,,,
WR_Down_90953,,22:37,,,,,,22:22,23:00,,,,,,,,21:52,,21:57,,,,,,22:13,,,,,,,,,,,22:46,,22:00,22:41,,,,,22:53,,,,,,,22:26,,,,,,,22:08,,22:05,,22:18,22:50,,,21:55,,,22:15,,,,22:02,,,,,,,,,,22:11,,22:44,,,,,22:28,,,,,,,,,,,,,,,,,,,,,,22:31,,
WR_Down_90955,,,,,,,,22:25,,,,,,,,,21:55,,22:00,,,,,,22:16,,,,,,,,,,,,,22:03,,,,,,,,,,,,,,,,,,,,22:11,,22:08,,22:21,,,,21:58,,,22:18,,,,22:05,,,,,,,,,,22:14,,,,,,,,,,,,,,,,,,,,,,,,,,,,,,,
WR_Down_90957,,,,,,,,,22:55,,,,,23:10,,,,,,,,,,,,,,,,,,,,,,,,,,,,,,,,,,,,,,,,,,,,,,,,,,,,,,,,23:04,,,,,,,,,,,,,,,,,,,,,,,,,,,,,,,,,,,,,,,,,,,,
WR_Down_90959,,22:33,,,,,,22:24,22:49,,,,,23:04,,,22:01,,22:06,,,,,,22:18,,22:54,,,,,,,,,,,22:09,,,,,,,,,,,,,,,,,,,,,,,,,,,,22:04,,,,22:59,,,22:11,,,23:10,23:20,,,,,,,,,,,,,,,,,,,,,,,,,,,23:26,,,23:15,,,,,,,
WR_Down_90961,,22:47,,,,,,22:31,23:09,,,,,23:24,,,,,,,,,,,,,,,,,,,,,,22:55,,,,,,,,,,,,,,,,,,,,,,,,,,,23:00,,,,,,,23:18,,,,,,,23:40,,,,,,,,,,,,,,,,,,,,,,,,,,,23:47,,,23:35,,,,,,,
WR_Down_90963,,22:37,,,,,,22:28,22:53,,,,,23:08,,,22:05,,22:10,,,,,,22:22,,22:58,,,,,,,,,,,22:13,,,,,,,,,,,,,,,,,,,,,,,,,,,,22:08,,,,23:03,,,22:15,,,23:14,23:26,,,,,,,,,,,,,,,,,,,,,,,,,,,,,,23:19,,,,,,,
WR_Down_90965,,22:50,,,,,,22:35,23:12,,,,,,,,22:05,,22:10,,,,,,22:26,,,,,,,,,,,22:58,,22:13,22:53,,,,,23:06,,,,,,,22:39,,,,,,,22:21,,22:18,,22:31,23:03,,,22:08,,,22:28,,,,22:15,,,,,,,,,,22:24,,22:56,,,,,22:41,,,,,,,,,,,,,,,,,,,,,,22:44,,
WR_Down_90967,,22:54,,,,,,22:39,23:16,,,,,,,,22:09,,22:14,,,,,,22:30,,,,,,,,,,,23:02,,22:17,22:57,,,,,23:10,,,,,,,22:43,,,,,,,22:25,,22:22,,22:35,23:07,,,22:12,,,22:32,,,,22:19,,,,,,,,,,22:28,,23:00,,,,,22:45,,,,,,,,,,,,,,,,,,,,,,22:48,,
WR_Down_90969,,,,,,,,22:42,,,,,,,,,22:12,,22:17,,,,,,22:33,,,,,,,,,,,,,22:20,,,,,,,,,,,,,,,,,,,,22:28,,22:25,,22:38,,,,22:15,,,22:35,,,,22:22,,,,,,,,,,22:31,,,,,,,,,,,,,,,,,,,,,,,,,,,,,,,
WR_Down_90971,,22:44,,,,,,22:35,23:06,,,,,,,,22:12,,22:17,,,,,,22:29,,,,,,,,,,,22:52,,22:20,22:47,,,,,23:00,,,,,,,,,,,,,,,,,,,22:57,,,22:15,,,,,,,22:22,,,,,,,,,,,,,,,,,,,,,,,,,,,,,,,,,,,,,,,,,
WR_Down_90973,,22:48,,,,,,22:40,23:03,,,,,23:17,,,22:18,,22:23,,,,,,22:35,,23:07,,,,,,,,,,,22:26,,,,,,,,,,,,,,,,,,,,,,,,,,,,22:21,,,,23:12,,,22:28,,,23:23,23:34,,,,,,,,,,,,,,,,,,,,,,,,,,,23:41,,,23:29,,,,,,,
WR_Down_90977,,23:02,,,,,,22:48,23:25,,,,,,,,22:18,,22:23,,,,,,22:39,,,,,,,,,,,23:11,,22:26,23:06,,,,,23:18,,,,,,,22:51,,,,,,,22:34,,22:31,,22:44,23:15,,,22:21,,,22:41,,,,22:28,,,,,,,,,,22:37,,23:09,,,,,22:53,,,,,,,,,,,,,,,,,,,,,,22:56,,
WR_Down_90979,,22:54,,,,,,22:46,23:14,,,,,,,,22:24,,22:29,,,,,,22:41,,,,,,,,,,,23:01,,22:32,22:57,,,,,23:08,,,,,,,,,,,,,,,,,,,23:05,,,22:27,,,,,,,22:34,,,,,,,,,,,,,,,,,,,,,,,,,,,,,,,,,,,,,,,,,
WR_Down_90981,,23:06,,,,,,22:53,23:30,,,,,23:45,,,22:23,,22:28,,,,,,22:44,,23:34,,,,,,,,,23:20,,22:31,23:13,,,,,23:23,,,,,,,22:56,,,,,,,22:39,,22:36,,22:49,23:21,,,22:26,,,22:46,23:39,,,22:33,,,,,,,,,,22:42,,23:16,,,,,22:58,,,,,,,,,,,,,,,,,,,,,,23:01,,
WR_Down_90983,,23:00,,,,,,22:52,23:16,,,,,23:30,,,22:30,,22:35,,,,,,22:47,,23:20,,,,,,,,,,,22:38,,,,,,,,,,,,,,,,,,,,,,,,,,,,22:33,,,,23:25,,,22:40,,,23:36,23:46,,,,,,,,,,,,,,,,,,,,,,,,,,,23:52,,,23:41,,,,,,,
WR_Down_90985,,23:12,,,,,,,23:34,,,,,23:48,,,,,,,,,,,,,,,,,,,,,,23:21,,,,,,,,,,,,,,,,,,,,,,,,,,,23:25,,,,,,,23:43,,,,,,,,,,,,,,,,,,,,,,,,,,,,,,,,,,,,,23:59,,,,,,,
WR_Down_90987,,23:16,,,,,,23:03,23:37,,,,,,,,22:33,,22:38,,,,,,22:54,,,,,,,,,,,23:24,,22:41,23:19,,,,,23:31,,,,,,,23:06,,,,,,,22:49,,22:46,,22:59,23:28,,,22:36,,,22:56,,,,22:43,,,,,,,,,,22:52,,23:22,,,,,23:08,,,,,,,,,,,,,,,,,,,,,,23:11,,
WR_Down_90989,,23:04,,,,,,22:55,23:25,,,,,,,,22:33,,22:38,,,,,,22:50,,,,,,,,,,,23:12,,22:41,23:07,,,,,23:19,,,,,,,,,,,,,,,,,,,23:16,,,22:36,,,,,,,22:43,,,,,,,,,,,,,,,,,,,,,,,,,,,,,,,,,,,,,,,,,
WR_Down_90991,,23:19,,,,,,23:06,23:40,,,,,23:55,,,22:36,,22:41,,,,,,22:57,,23:44,,,,,,,,,23:27,,22:44,23:22,,,,,23:34,,,,,,,23:09,,,,,,,22:52,,22:49,,23:02,23:31,,,22:39,,,22:59,23:49,,,22:46,,,,,,,,,,22:55,,23:25,,,,,23:11,,,,,,,,,,,,,,,,,,,,,,23:14,,
WR_Down_90993,,23:22,,,,,,23:09,23:44,,,,,,,,22:39,,22:44,,,,,,23:00,,,,,,,,,,,23:30,,22:47,23:25,,,,,23:37,,,,,,,23:12,,,,,,,22:55,,22:52,,23:05,23:34,,,22:42,,,23:02,,,,22:49,,,,,,,,,,22:58,,23:28,,,,,23:14,,,,,,,,,,,,,,,,,,,,,,23:17,,
WR_Down_90995,,23:13,,,,,,23:04,23:26,,,,,23:40,,,22:42,,22:47,,,,,,22:59,,23:30,,,,,,,,,,,22:50,,,,,,,,,,,,,,,,,,,,,,,,,,,,22:45,,,,23:35,,,22:52,,,23:46,23:56,,,,,,,,,,,,,,,,,,,,,,,,,,,,,,23:51,,,,,,,
WR_Down_90997,,,,,,,,23:15,,,,,,,,,22:45,,22:50,,,,,,23:06,,,,,,,,,,,,,22:53,,,,,,,,,,,,,,,,,,,,23:01,,22:58,,23:11,,,,22:48,,,23:08,,,,22:55,,,,,,,,,,23:04,,,,,,,,,,,,,,,,,,,,,,,,,,,,,,,
WR_Down_90999,,23:34,,,,,,23:19,23:56,,,,,,,,22:49,,22:54,,,,,,23:10,,,,,,,,,,,23:42,,22:57,23:37,,,,,23:49,,,,,,,23:23,,,,,,,23:05,,23:02,,23:15,23:46,,,22:52,,,23:12,,,,22:59,,,,,,,,,,23:08,,23:40,,,,,23:25,,,,,,,,,,,,,,,,,,,,,,23:28,,
WR_Down_91001,,23:40,,,,,,23:25,,,,,,,,,22:53,,22:58,,,,,,23:15,,,,,,,,,,,23:48,,23:01,23:43,,,,,23:55,,,,,,,23:28,,,,,,,23:09,,23:06,,23:20,23:52,,,22:56,,,23:17,,,,23:03,,,,,,,,,,23:12,,23:46,,,,,23:31,,,,,,,,,,,,,,,,,,,,,,23:34,,
WR_Down_91003,,,,,,,,23:30,,,,,,,,,23:00,,23:05,,,,,,23:21,,,,,,,,,,,,,23:08,,,,,,,,,,,,,,,,,,,,23:16,,23:13,,23:26,,,,23:03,,,23:23,,,,23:10,,,,,,,,,,23:19,,,,,,,,,,,,,,,,,,,,,,,,,,,,,,,
WR_Down_91007,,23:52,,,,,,23:39,00:13,,,,,00:28,,,23:09,,23:14,,,,,,23:30,,,,,,,,,,,00:00,,23:17,23:55,,,,,,,,,,,,23:42,,,,,,,23:25,,23:22,,23:35,00:04,,,23:12,,,23:32,00:22,,,23:19,,,,,,,,,,23:28,,23:58,,,,,23:44,,,,,,,,,,,,,,,,,,,,,,23:47,,
WR_Down_91009,,23:43,,,,,,23:34,00:05,,,,,00:20,,,23:14,,23:17,,,,,,23:29,,,,,,,,,,,23:52,,23:20,23:47,,,,,23:59,,,,,,,,,,,,,,,,,,,23:56,,,23:15,,,,00:14,,,23:22,,,,,,,,,,,,,,,,,,,,,,,,,,,,,,,,,,,,,,,,,
WR_Down_91011,,23:59,,,,,,23:46,00:21,,,,,,,,23:15,,23:20,,,,,,23:36,,,,,,,,,,,00:07,,23:23,,,,,,,,,,,,,23:49,,,,,,,23:31,,23:28,,23:42,00:11,,,23:18,,,23:39,,,,23:25,,,,,,,,,,23:34,,,,,,,23:51,,,,,,,,,,,,,,,,,,,,,,23:54,,
WR_Down_91015,,00:05,,,,,,23:51,00:25,,,,,00:40,,,23:21,,23:26,,,,,,23:42,,,,,,,,,,,00:13,,23:29,,,,,,,,,,,,,23:54,,,,,,,23:37,,23:34,,23:47,00:17,,,23:24,,,23:44,00:33,,,23:31,,,,,,,,,,23:40,,,,,,,23:56,,,,,,,,,,,,,,,,,,,,,,23:59,,
WR_Down_91017,,23:56,,,,,,23:46,00:18,,,,,00:31,,,23:23,,23:28,,,,,,23:40,,,,,,,,,,,00:05,,23:31,,,,,,,,,,,,,,,,,,,,,,,,,00:09,,,23:26,,,,00:26,,,23:33,,,,00:47,,,,,,,,,,,,,,,,,,,,,,,,,,,00:53,,,00:42,,,,,,,
WR_Down_91019,,00:14,,,,,,23:57,00:35,,,,,00:50,,,23:27,,23:32,,,,,,23:48,,,,,,,,,,,00:23,,23:35,,,,,,,,,,,,,,,,,,,,23:43,,23:40,,23:53,00:27,,,23:30,,,23:50,00:44,,,23:37,,,,,,,,,,23:46,,,,,,,,,,,,,,,,,,,,,,,,,,,,,,,
WR_Down_91021,,,,,,,,,,,,,,,,,23:31,,23:36,,,,,,23:52,,,,,,,,,,,,,23:39,,,,,,,,,,,,,,,,,,,,23:47,,23:44,,23:57,,,,23:34,,,23:54,,,,23:41,,,,,,,,,,23:50,,,,,,,,,,,,,,,,,,,,,,,,,,,,,,,
WR_Down_91023,,00:22,,,,,,00:08,00:43,,,,,01:00,,,23:38,,23:43,,,,,,23:59,,,,,,,,,,,00:30,,23:46,,,,,,,,,,,,,,,,,,,,23:54,,23:51,,,00:34,,,23:41,,,,00:52,,,23:48,,,,,,,,,,23:57,,,,,,,,,,,,,,,,,,,,,,,,,,,,,,,
WR_Down_91025,,00:11,,,,,,00:02,00:31,,,,,00:45,,,23:40,,23:45,,,,,,23:57,,,,,,,,,,,00:19,,23:48,,,,,,,,,,,,,,,,,,,,,,,,,00:23,,,23:43,,,,00:40,,,23:50,,,,01:01,,,,,,,,,,,,,,,,,,,,,,,,,,,01:08,,,00:56,,,,,,,
WR_Down_91027,,00:30,,,,,,00:16,00:51,,,,,01:05,,,23:46,,23:51,,,,,,00:07,,,,,,,,,,,00:38,,23:54,,,,,,,,,,,,,,,,,,,,,,23:59,,,00:42,,,23:49,,,,01:00,,,23:56,,,,01:20,,,,,,,,,,,,,,,,,,,,,,,,,,,,,,01:16,,,,,,,
WR_Down_91029,,00:33,,,,,,00:19,,,,,,,,,23:49,,23:54,,,,,,00:10,,,,,,,,,,,00:45,,23:57,,,,,,,,,,,,,,,,,,,,,,,,,,,,23:52,,,,,,,23:59,,,,,,,,,,,,,,,,,,,,,,,,,,,,,,,,,,,,,,,,,
WR_Down_91031,,00:37,,,,,,00:22,00:59,,,,,,,,23:52,,23:57,,,,,,00:13,,,,,,,,,,,00:45,,,,,,,,,,,,,,,,,,,,,,,,,,,00:49,,,23:55,,,,,,,,,,,,,,,,,,,,,,,,,,,,,,,,,,,,,,,,,,,,,,,,
WR_Down_91033,,00:42,,,,,,00:28,01:03,,,,,01:17,,,,,,,,,,,00:19,,,,,,,,,,,00:50,,,,,,,,,,,,,,,,,,,,,,,,,,,00:54,,,,,,,01:12,,,,,,,01:33,,,,,,,,,,,,,,,,,,,,,,,,,,,01:40,,,01:28,,,,,,,
WR_Down_91035,,00:46,,,,,,,01:07,,,,,01:23,,,,,,,,,,,,,,,,,,,,,,00:54,,,,,,,,,,,,,,,,,,,,,,,,,,,00:58,,,,,,,01:16,,,,,,,,,,,,,,,,,,,,,,,,,,,,,,,,,,,,,,,,,,,,
WR_Down_91039,,01:00,,,,,,00:47,,,,,,,,,00:16,,00:21,,,,,,00:37,,,,,,,,,,,,,00:24,,,,,,,,,,,,,00:50,,,,,,,00:32,,00:29,,00:42,,,,00:19,,,00:39,,,,00:26,,,,,,,,,,00:35,,,,,,,00:52,,,,,,,,,,,,,,,,,,,,,,00:55,,
WR_Down_91041,,00:53,,,,,,00:40,01:14,,,,,,,,00:09,,00:14,,,,,,00:30,,,,,,,,,,,01:01,,00:17,00:56,,,,,01:08,,,,,,,00:43,,,,,,,00:25,,00:22,,00:35,01:05,,,00:12,,,00:32,,,,00:19,,,,,,,,,,00:28,,00:59,,,,,00:45,,,,,,,,,,,,,,,,,,,,,,00:48,,
WR_Down_91043,,01:04,,,,,,00:50,01:24,,,,,01:37,,,00:20,,00:25,,,,,,00:41,,01:27,,,,,,,,,01:12,,00:28,01:07,,,,,01:19,,,,,,,00:53,,,,,,,00:36,,00:33,,00:46,01:16,,,00:23,,,00:43,01:32,,,00:30,,,01:43,01:53,,,,,,00:39,,01:10,,,,,00:55,,,,,,,,,,,,,,02:00,,,01:48,,,,,00:58,,
WR_Down_91045,,01:11,,,,,,00:58,01:32,,,,,01:48,,,00:28,,00:33,,,,,,00:49,,01:36,,,,,,,,,01:19,,00:36,01:14,,,,,01:26,,,,,,,01:01,,,,,,,00:44,,00:41,,00:54,01:23,,,00:31,,,00:51,01:41,,,00:38,,,,,,,,,,00:47,,01:17,,,,,01:03,,,,,,,,,,,,,,,,,,,,,,01:06,,
WR_Down_91047,,,,,,,,01:02,,,,,,,,,00:31,,00:36,,,,,,00:52,,,,,,,,,,,,,00:39,,,,,,,,,,,,,,,,,,,,00:47,,00:44,,00:57,,,,00:34,,,00:54,,,,00:41,,,,,,,,,,00:50,,,,,,,,,,,,,,,,,,,,,,,,,,,,,,,
WR_Down_91049,,01:22,,,,,,01:08,01:43,,,,,,,,00:38,,00:43,,,,,,00:59,,,,,,,,,,,01:30,,00:46,01:25,,,,,01:37,,,,,,,01:11,,,,,,,00:54,,00:51,,01:04,01:34,,,00:41,,,01:01,,,,00:48,,,,,,,,,,00:57,,01:28,,,,,01:13,,,,,,,,,,,,,,,,,,,,,,01:16,,
WR_Down_91051,,01:27,,,,,,01:13,01:48,,,,,02:03,,,00:43,,00:48,,,,,,01:04,,01:52,,,,,,,,,01:35,,00:51,01:30,,,,,01:42,,,,,,,01:16,,,,,,,00:59,,00:56,,01:09,01:39,,,00:46,,,01:06,01:57,,,00:53,,,,,,,,,,01:02,,01:33,,,,,01:18,,,,,,,,,,,,,,,,,,,,,,01:21,,
WR_Down_91053,,01:34,,,,,,01:21,01:54,,,,,02:08,,,00:50,,00:55,,,,,,01:11,,01:58,,,,,,,,,01:42,,00:58,01:37,,,,,01:49,,,,,,,01:24,,,,,,,01:06,,01:03,,01:16,01:46,,,00:53,,,01:13,02:03,,,01:00,,,02:14,02:24,,,,,,01:09,,01:40,,,,,01:26,,,,,,,,,,,,,,02:30,,,02:19,,,,,01:29,,
WR_Down_91055,,01:44,,,,,,01:30,02:05,,,,,,,,01:00,,01:05,,,,,,01:21,,,,,,,,,,,01:52,,01:08,01:47,,,,,01:59,,,,,,,01:33,,,,,,,01:16,,01:13,,01:26,01:56,,,01:03,,,01:23,,,,01:10,,,,,,,,,,01:19,,01:50,,,,,01:35,,,,,,,,,,,,,,,,,,,,,,01:38,,
WR_Down_92001,,,,,,,,,04:40,,,,,04:54,,,,,,,,,,,,,,,,,,,,,,,,,,,,,,,,,,,,,,,,,,,,,,,,,,,,,,,,04:49,,,,,,,05:09,,,,,,,,,,,,,,,,,,,,,,,,,,,05:15,,,05:04,,,,,,,
WR_Down_92003,,04:25,,,,,,,04:46,,,,,05:00,,,,,,,,,,,,,,,,,,,,,,04:34,,,,,,,,,,,,,,,,,,,,,,,,,,,04:38,,,,,,,04:55,,,,,,,05:16,,,,,,,,,,,,,,,,,,,,,,,,,,,05:23,,,05:11,,,,,,,
WR_Down_92005,,04:40,,,,,,,05:01,,,,,05:15,,,,,,,,,,,,,,,,,,,,,,04:49,,,,,,,,,,,,,,,,,,,,,,,,,,,04:53,,,,,,,05:10,,,,,,,05:31,,,,,,,,,,,,,,,,,,,,,,,,,,,05:38,,,05:26,,,,,,,
WR_Down_92007,,,,,,,,,,,,,,05:45,,,,,,,,,,,,,,,,,,,,,,,,,,,,,,,,,,,,,,,,,,,,,,,,,,,,,,,,,,,,,,,06:02,,,,,,,,,,,,,,,,,,,,,,,,,,,06:11,,,05:57,,,,,,,
WR_Down_92009,,05:32,,,,,,05:22,05:45,,,,,05:59,,,,,,,,,,,05:15,,,,,,,,,,,,,,,,,,,,,,,,,,,,,,,,,,,,,,,,,,,,,05:54,,,,,,,06:14,,,,,,,,,,,,,,,,,,,,,,,,,,,06:20,,,06:09,,,,,,,
WR_Down_92011,,,,,,,,,06:16,,,,,06:31,,,,,,,,,,,,,,,,,,,,,,,,,,,,,,,,,,,,,,,,,,,,,,,,,,,,,,,,06:26,,,,,,,06:47,,,,,,,,,,,,,,,,,,,,,,,,,,,06:56,,,06:42,,,,,,,
WR_Down_92013,,06:05,,,,,,,06:27,,,,,06:42,,,,,,,,,,,,,,,,,,,,,,06:14,,,,,,,,,,,,,,,,,,,,,,,,,,,06:18,,,,,,,06:37,,,,,,,06:58,,,,,,,,,,,,,,,,,,,,,,,,,,,07:05,,,06:53,,,,,,,
WR_Down_92015,,,,,,,,,06:36,,,,,06:50,,,,,,,,,,,,,,,,,,,,,,,,,,,,,,,,,,,,,,,,,,,,,,,,,,,,,,,,06:46,,,,,,,07:06,,,,,,,,,,,,,,,,,,,,,,,,,,,07:13,,,07:01,,,,,,,
WR_Down_92017,,,,,,,,,07:04,,,,,,,,,,,,,,,,,,,,,,,,,,,,,,,,,,,,,,,,,,,,,,,,,,,,,,,,,,,,,,,,,,,,,,,,,,,,,,,,,,,,,,,,,,,,,,,,,,07:25,,,,,,,
WR_Down_92019,,06:49,,,,,,,07:10,,,,,07:24,,,,,,,,,,,,,,,,,,,,,,06:57,,,,,,,,,,,,,,,,,,,,,,,,,,,07:01,,,,,,,07:19,,,,,,,,,,,,,,,,,,,,,,,,,,,,,,,,,,,,,,,,,,,,
WR_Down_92021,,06:53,,,,,,06:45,07:05,,,,,07:13,,,06:25,,,,,,,,06:40,,,,,,,,,,,,,,,,,,,,,,,,,,,,,,,,,,,,,,,,,,,,,,,,06:33,,,,,,,,,,,,,,,,,,,,,,,,,,,,,,,07:32,,,07:21,,,,,,,
WR_Down_92023,,07:00,,,,,,,07:15,,,,,07:24,,,,,,,,,,,,,,,,,,,,,,,,,,,,,,,,,,,,,,,,,,,,,,,,,,,,,,,,,,,,,,,,,,,,,,,,,,,,,,,,,,,,,,,,,,07:44,,,07:34,,,,,,,
WR_Down_92025,,07:03,,,,,,,07:25,,,,,07:41,,,,,,,,,,,,,,,,,,,,,,07:12,,,,,,,,,,,,,,,,,,,,,,,,,,,07:16,,,,,,,07:36,,,,,,,07:58,,,,,,,,,,,,,,,,,,,,,,,,,,,08:07,,,07:52,,,,,,,
WR_Down_92027,,07:04,,,,,,06:54,07:18,,,,,07:28,,,06:32,,,,,,,,06:49,,,,,,,,,,,,,,,,,,,,,,,,,,,,,,,,,,,,,,,,,,,,,,,,06:42,,,,,,,,,,,,,,,,,,,,,,,,,,,,,,,07:49,,,07:37,,,,,,,
WR_Down_92029,,07:28,,,,,,07:20,07:40,,,,,07:54,,,06:59,,,,,,,,07:15,,07:44,,,,,,,,,,,,,,,,,,,,,,,,,,,,,,,,,,,,,,,,,,,07:49,,,07:08,,,08:00,08:10,,,,,,,,,,,,,,,,,,,,,,,,,,,08:18,,,08:05,,,,,,,
WR_Down_92031,,,,,,,,,07:42,,,,,07:56,,,,,,,,,,,,,,,,,,,,,,,,,,,,,,,,,,,,,,,,,,,,,,,,,,,,,,,,07:51,,,,,,,08:12,,,,,,,,,,,,,,,,,,,,,,,,,,,08:19,,,08:07,,,,,,,
WR_Down_92033,,07:41,,,,,,,08:03,,,,,08:17,,,,,,,,,,,,,,,,,,,,,,07:50,,,,,,,,,,,,,,,,,,,,,,,,,,,07:54,,,,,,,08:12,,,,,,,08:33,,,,,,,,,,,,,,,,,,,,,,,,,,,08:39,,,08:28,,,,,,,
WR_Down_92035,,,,,,,,,08:10,,,,,08:26,,,,,,,,,,,,,,,,,,,,,,,,,,,,,,,,,,,,,,,,,,,,,,,,,,,,,,,,08:21,,,,,,,08:42,,,,,,,,,,,,,,,,,,,,,,,,,,,08:50,,,08:37,,,,,,,
WR_Down_92037,,08:16,,,,,,,08:38,,,,,08:52,,,,,,,,,,,,,,,,,,,,,,08:25,,,,,,,,,,,,,,,,,,,,,,,,,,,08:29,,,,,,,08:47,,,,,,,09:07,,,,,,,,,,,,,,,,,,,,,,,,,,,09:13,,,09:02,,,,,,,
WR_Down_92039,,,,,,,,,08:25,,,,,08:39,,,,,,,,,,,,,,,,,,,,,,,,,,,,,,,,,,,,,,,,,,,,,,,,,,,,,,,,,,,,,,,,,,,,,,,,,,,,,,,,,,,,,,,,,,,,,,,,,,,,
WR_Down_92041,,,,,,,,,08:30,,,,,08:45,,,,,,,,,,,,,,,,,,,,,,,,,,,,,,,,,,,,,,,,,,,,,,,,,,,,,,,,08:40,,,,,,,,,,,,,,,,,,,,,,,,,,,,,,,,,,,,,08:57,,,,,,,
WR_Down_92043,,08:27,,,,,,,08:43,,,,,08:57,,,,,,,,,,,,,,,,,,,,,,,,,,,,,,,,,,,,,,,,,,,,,,,,,,,,,,,,08:52,,,,,,,09:13,,,,,,,,,,,,,,,,,,,,,,,,,,,09:19,,,09:08,,,,,,,
WR_Down_92045,,,,,,,,,09:10,,,,,09:24,,,,,,,,,,,,,,,,,,,,,,,,,,,,,,,,,,,,,,,,,,,,,,,,,,,,,,,,09:19,,,,,,,,,,,,,,,,,,,,,,,,,,,,,,,,,,,,,,,,,,,,
WR_Down_92047,,08:35,,,,,,08:26,08:49,,,,,09:03,,,08:05,,,,,,,,08:20,,08:53,,,,,,,,,,,,,,,,,,,,,,,,,,,,,,,,,,,,,,,,,,,08:58,,,08:13,,,09:09,09:19,,,,,,,,,,,,,,,,,,,,,,,,,,,09:28,,,09:14,,,,,,,
WR_Down_92049,,08:45,,,,,,08:37,09:02,,,,,09:12,,,,,,,,,,,08:30,,,,,,,,,,,,,,,,,,,,,,,,,,,,,,,,,,,,,,,,,,,,,,,,,,,,,,,,,,,,,,,,,,,,,,,,,,,,,,,09:36,,,09:23,,,,,,,
WR_Down_92051,,08:52,,,,,,,09:06,,,,,09:20,,,,,,,,,,,,,,,,,,,,,,,,,,,,,,,,,,,,,,,,,,,,,,,,,,,,,,,,09:15,,,,,,,09:37,,,,,,,,,,,,,,,,,,,,,,,,,,,09:44,,,09:32,,,,,,,
WR_Down_92053,,09:17,,,,,,,09:37,,,,,09:51,,,,,,,,,,,,,,,,,,,,,,09:26,,,,,,,,,,,,,,,,,,,,,,,,,,,09:30,,,,,,,09:46,,,,,,,10:07,,,,,,,,,,,,,,,,,,,,,,,,,,,10:13,,,10:02,,,,,,,
WR_Down_92055,,,,,,,,,09:27,,,,,09:41,,,,,,,,,,,,,,,,,,,,,,,,,,,,,,,,,,,,,,,,,,,,,,,,,,,,,,,,09:36,,,,,,,09:56,,,,,,,,,,,,,,,,,,,,,,,,,,,10:01,,,09:51,,,,,,,
WR_Down_92057,,09:29,,,,,,,09:50,,,,,10:05,,,,,,,,,,,,,,,,,,,,,,09:38,,,,,,,,,,,,,,,,,,,,,,,,,,,09:42,,,,,,,10:00,,,,,,,10:21,,,,,,,,,,,,,,,,,,,,,,,,,,,10:29,,,10:15,,,,,,,
WR_Down_92059,,,,,,,,,10:00,,,,,10:14,,,,,,,,,,,,,,,,,,,,,,,,,,,,,,,,,,,,,,,,,,,,,,,,,,,,,,,,,,,,,,,,,,,,,,,,,,,,,,,,,,,,,,,,,,,,,,,,,,,,
WR_Down_92061,,,,,,,,,10:08,,,,,10:23,,,,,,,,,,,,,,,,,,,,,,,,,,,,,,,,,,,,,,,,,,,,,,,,,,,,,,,,10:18,,,,,,,10:39,,,,,,,,,,,,,,,,,,,,,,,,,,,10:47,,,10:34,,,,,,,
WR_Down_92063,,,,,,,,,10:19,,,,,10:33,,,,,,,,,,,,,,,,,,,,,,,,,,,,,,,,,,,,,,,,,,,,,,,,,,,,,,,,10:28,,,,,,,,,,,,,,,,,,,,,,,,,,,,,,,,,,,,,10:44,,,,,,,
WR_Down_92065,,09:49,,,,,,09:42,10:04,,,,,10:18,,,09:19,,,,,,,,09:36,,10:08,,,,,,,,,,,,,,,,,,,,,,,,,,,,,,,,,,,,,,,,,,,10:13,,,09:27,,,10:23,10:33,,,,,,,,,,,,,,,,,,,,,,,,,,,10:39,,,10:28,,,,,,,
WR_Down_92067,,09:59,,,,,,,10:23,,,,,10:37,,,,,,,,,,,,,,,,,,,,,,10:09,,,,,,,,,,,,,,,,,,,,,,,,,,,10:13,,,,,,,10:32,,,,,,,10:53,,,,,,,,,,,,,,,,,,,,,,,,,,,11:01,,,10:48,,,,,,,
WR_Down_92069,,10:09,,,,,,10:01,10:24,,,,,10:38,,,,,,,,,,,09:55,,,,,,,,,,,,,,,,,,,,,,,,,,,,,,,,,,,,,,,,,,,,,10:33,,,,,,,10:55,,,,,,,,,,,,,,,,,,,,,,,,,,,11:05,,,10:50,,,,,,,
WR_Down_92071,,10:13,,,,,,,10:27,,,,,10:42,,,,,,,,,,,,,,,,,,,,,,,,,,,,,,,,,,,,,,,,,,,,,,,,,,,,,,,,10:37,,,,,,,11:00,,,,,,,,,,,,,,,,,,,,,,,,,,,,,,10:54,,,,,,,
WR_Down_92073,,10:30,,,,,,10:20,10:44,,,,,10:58,,,,,,,,,,,10:13,,,,,,,,,,,,,,,,,,,,,,,,,,,,,,,,,,,,,,,,,,,,,10:53,,,,,,,11:14,,,,,,,,,,,,,,,,,,,,,,,,,,,11:21,,,11:09,,,,,,,
WR_Down_92075,,10:37,,,,,,,10:51,,,,,11:05,,,,,,,,,,,,,,,,,,,,,,,,,,,,,,,,,,,,,,,,,,,,,,,,,,,,,,,,11:00,,,,,,,11:21,,,,,,,,,,,,,,,,,,,,,,,,,,,11:28,,,11:16,,,,,,,
WR_Down_92077,,,,,,,,,11:00,,,,,11:14,,,,,,,,,,,,,,,,,,,,,,,,,,,,,,,,,,,,,,,,,,,,,,,,,,,,,,,,11:09,,,,,,,11:30,,,,,,,,,,,,,,,,,,,,,,,,,,,11:37,,,11:25,,,,,,,
WR_Down_92079,,10:48,,,,,,,11:03,,,,,11:15,,,,,,,,,,,,,,,,,,,,,,,,,,,,,,,,,,,,,,,,,,,,,,,,,,,,,,,,,,,,,,,11:31,,,,,,,,,,,,,,,,,,,,,,,,,,,11:37,,,11:26,,,,,,,
WR_Down_92081,,11:05,,,,,,,11:27,,,,,11:40,,,,,,,,,,,,,,,,,,,,,,11:14,,,,,,,,,,,,,,,,,,,,,,,,,,,11:18,,,,,,,11:35,,,,,,,11:56,,,,,,,,,,,,,,,,,,,,,,,,,,,12:02,,,11:51,,,,,,,
WR_Down_92083,,11:11,,,,,,11:02,11:24,,,,,11:36,,,,,,,,,,,10:55,,,,,,,,,,,,,,,,,,,,,,,,,,,,,,,,,,,,,,,,,,,,,11:31,,,,,,,11:50,,,,,,,,,,,,,,,,,,,,,,,,,,,11:57,,,11:45,,,,,,,
WR_Down_92085,,,,,,,,,11:37,,,,,11:52,,,,,,,,,,,,,,,,,,,,,,,,,,,,,,,,,,,,,,,,,,,,,,,,,,,,,,,,11:47,,,,,,,12:08,,,,,,,,,,,,,,,,,,,,,,,,,,,12:16,,,12:03,,,,,,,
WR_Down_92087,,,,,,,,,12:21,,,,,12:36,,,,,,,,,,,,,,,,,,,,,,,,,,,,,,,,,,,,,,,,,,,,,,,,,,,,,,,,12:31,,,,,,,12:52,,,,,,,,,,,,,,,,,,,,,,,,,,,12:59,,,12:47,,,,,,,
WR_Down_92089,,12:01,,,,,,,12:24,,,,,12:39,,,,,,,,,,,,,,,,,,,,,,12:11,,,,,,,,,,,,,,,,,,,,,,,,,,,12:15,,,,,,,12:34,,,,,,,,,,,,,,,,,,,,,,,,,,,,,,,,,,13:03,,,12:51,,,,,,,
WR_Down_92091,,12:00,,,,,,11:50,12:13,,,,,12:26,,,11:27,,,,,,,,11:44,,12:16,,,,,,,,,,,,,,,,,,,,,,,,,,,,,,,,,,,,,,,,,,,12:21,,,11:37,,,12:32,,,,,,,,,,,,,,,,,,,,,,,,,,,,12:48,,,12:36,,,,,,,
WR_Down_92093,,12:18,,,,,,,12:39,,,,,12:53,,,,,,,,,,,,,,,,,,,,,,12:27,,,,,,,,,,,,,,,,,,,,,,,,,,,12:31,,,,,,,12:48,,,,,,,,,,,,,,,,,,,,,,,,,,,,,,,,,,13:15,,,13:04,,,,,,,
WR_Down_92095,,12:14,,,,,,,,,,,,12:34,,,,,,,,,,,12:00,,,,,,,,,,,,,,,,,,,,,,,,,,,,,,,,,,,,,,,,,,,,,,,,,,,,,,,,,,,,,,,,,,,,,,,,,,,,,,,12:59,,,12:49,,,,,,,
WR_Down_92097,,12:35,,,,,,,12:58,,,,,13:13,,,,,,,,,,,,,,,,,,,,,,12:45,,,,,,,,,,,,,,,,,,,,,,,,,,,12:49,,,,,,,13:07,,,,,,,13:29,,,,,,,,,,,,,,,,,,,,,,,,,,,13:35,,,13:24,,,,,,,
WR_Down_92099,,12:40,,,,,,12:32,12:54,,,,,13:09,,,12:09,,,,,,,,12:26,,12:59,,,,,,,,,,,,,,,,,,,,,,,,,,,,,,,,,,,,,,,,,,,13:04,,,12:19,,,13:15,13:25,,,,,,,,,,,,,,,,,,,,,,,,,,,13:33,,,13:20,,,,,,,
WR_Down_92101,,,,,,,,,13:01,,,,,13:17,,,,,,,,,,,,,,,,,,,,,,,,,,,,,,,,,,,,,,,,,,,,,,,,,,,,,,,,13:12,,,,,,,13:33,,,,,,,,,,,,,,,,,,,,,,,,,,,13:40,,,13:28,,,,,,,
WR_Down_92103,,12:51,,,,,,,13:13,,,,,13:27,,,,,,,,,,,,,,,,,,,,,,13:00,,,,,,,,,,,,,,,,,,,,,,,,,,,13:04,,,,,,,13:22,,,,,,,13:43,,,,,,,,,,,,,,,,,,,,,,,,,,,13:51,,,13:38,,,,,,,
WR_Down_92105,,13:24,,,,,,13:14,13:41,,,,,13:55,,,12:54,,,,,,,,13:09,,13:45,,,,,,,,,,,,,,,,,,,,,,,,,,,,,,,,,,,,,,,,,,,13:50,,,13:02,,,14:00,14:11,,,,,,,,,,,,,,,,,,,,,,,,,,,14:20,,,14:05,,,,,,,
WR_Down_92107,,13:32,,,,,,13:23,13:49,,,,,14:01,,,13:03,,,,,,,,13:18,,,,,,,,,,,,,,,,,,,,,,,,,,,,,,,,,,,,,,,,,,,,,,,,13:11,,,,,,,,,,,,,,,,,,,,,,,,,,,,,,,14:21,,,14:09,,,,,,,
WR_Down_92109,,13:37,,,,,,13:29,13:52,,,,,14:08,,,,,,,,,,,13:23,,,,,,,,,,,,,,,,,,,,,,,,,,,,,,,,,,,,,,,,,,,,,14:03,,,,,,,14:24,,,,,,,,,,,,,,,,,,,,,,,,,,,14:32,,,14:19,,,,,,,
WR_Down_92111,,13:55,,,,,,13:47,14:07,,,,,14:15,,,,,,,,,,,13:40,,,,,,,,,,,,,,,,,,,,,,,,,,,,,,,,,,,,,,,,,,,,,,,,,,,,14:30,,,,,,,,,,,,,,,,,,,,,,,,,,,14:37,,,14:24,,,,,,,
WR_Down_92113,,14:00,,,,,,,,,,,,14:26,,,,,,,,,,,,,,,,,,,,,,,,,,,,,,,,,,,,,,,,,,,,,,,,,,,,,,,,,,,,,,,,,,,,,,,,,,,,,,,,,,,,,,,,,,14:42,,,14:33,,,,,,,
WR_Down_92115,,14:13,,,,,,,14:35,,,,,14:50,,,,,,,,,,,,,,,,,,,,,,14:22,,,,,,,,,,,,,,,,,,,,,,,,,,,14:26,,,,,,,14:45,,,,,,,15:06,,,,,,,,,,,,,,,,,,,,,,,,,,,15:12,,,15:01,,,,,,,
WR_Down_92117,,14:24,,,,,,,14:38,,,,,14:54,,,,,,,,,,,,,,,,,,,,,,,,,,,,,,,,,,,,,,,,,,,,,,,,,,,,,,,,14:49,,,,,,,,,,,,,,,,,,,,,,,,,,,,,,,,,,,,,15:06,,,,,,,
WR_Down_92119,,14:32,,,,,,14:23,14:46,,,,,14:59,,,,,,,,,,,14:17,,,,,,,,,,,,,,,,,,,,,,,,,,,,,,,,,,,,,,,,,,,,,14:54,,,,,,,15:15,,,,,,,,,,,,,,,,,,,,,,,,,,,15:21,,,15:10,,,,,,,
WR_Down_92121,,14:54,,,,,,,15:16,,,,,15:32,,,,,,,,,,,,,,,,,,,,,,15:03,,,,,,,,,,,,,,,,,,,,,,,,,,,15:07,,,,,,,15:27,,,,,,,,,,,,,,,,,,,,,,,,,,,,,,,,,,,,,15:45,,,,,,,
WR_Down_92123,,14:50,,,,,,,15:05,,,,,15:19,,,,,,,,,,,,,,,,,,,,,,,,,,,,,,,,,,,,,,,,,,,,,,,,,,,,,,,,15:14,,,,,,,15:34,,,,,,,,,,,,,,,,,,,,,,,,,,,15:41,,,15:29,,,,,,,
WR_Down_92125,,15:06,,,,,,14:57,15:17,,,,,15:27,,,,,,,,,,,14:50,,,,,,,,,,,,,,,,,,,,,,,,,,,,,,,,,,,,,,,,,,,,,,,,,,,,,,,,,,,,,,,,,,,,,,,,,,,,,,,15:47,,,15:35,,,,,,,
WR_Down_92127,,,,,,,,,15:23,,,,,15:35,,,,,,,,,,,,,,,,,,,,,,,,,,,,,,,,,,,,,,,,,,,,,,,,,,,,,,,,,,,,,,,,,,,,,,,,,,,,,,,,,,,,,,,,,,16:00,,,15:48,,,,,,,
WR_Down_92129,,15:42,,,,,,15:33,15:57,,,,,16:12,,,,,,,,,,,15:25,,,,,,,,,,,,,,,,,,,,,,,,,,,,,,,,,,,,,,,,,,,,,16:07,,,,,,,16:28,,,,,,,,,,,,,,,,,,,,,,,,,,,16:37,,,16:23,,,,,,,
WR_Down_92131,,15:51,,,,,,15:43,16:06,,,,,16:21,,,15:21,,,,,,,,15:38,,16:11,,,,,,,,,,,,,,,,,,,,,,,,,,,,,,,,,,,,,,,,,,,16:16,,,15:31,,,16:27,16:37,,,,,,,,,,,,,,,,,,,,,,,,,,,16:43,,,16:32,,,,,,,
WR_Down_92133,,16:10,,,,,,,16:31,,,,,16:46,,,,,,,,,,,,,,,,,,,,,,16:20,,,,,,,,,,,,,,,,,,,,,,,,,,,16:24,,,,,,,16:41,,,,,,,17:02,,,,,,,,,,,,,,,,,,,,,,,,,,,17:10,,,16:57,,,,,,,
WR_Down_92135,,16:00,,,,,,15:52,16:13,,,,,16:29,,,,,,,,,,,15:45,,,,,,,,,,,,,,,,,,,,,,,,,,,,,,,,,,,,,,,,,,,,,16:24,,,,,,,16:46,,,,,,,,,,,,,,,,,,,,,,,,,,,16:55,,,16:40,,,,,,,
WR_Down_92137,,16:21,,,,,,,16:43,,,,,16:57,,,,,,,,,,,,,,,,,,,,,,16:30,,,,,,,,,,,,,,,,,,,,,,,,,,,16:34,,,,,,,16:52,,,,,,,17:13,,,,,,,,,,,,,,,,,,,,,,,,,,,17:20,,,17:08,,,,,,,
WR_Down_92139,,16:34,,,,,,16:26,16:48,,,,,17:01,,,16:05,,,,,,,,16:21,,16:51,,,,,,,,,,,,,,,,,,,,,,,,,,,,,,,,,,,,,,,,,,,16:56,,,16:14,,,17:07,17:17,,,,,,,,,,,,,,,,,,,,,,,,,,,17:25,,,17:12,,,,,,,
WR_Down_92141,,16:58,,,,,,,17:18,,,,,17:32,,,,,,,,,,,,,,,,,,,,,,17:07,,,,,,,,,,,,,,,,,,,,,,,,,,,17:11,,,,,,,17:27,,,,,,,17:48,,,,,,,,,,,,,,,,,,,,,,,,,,,17:57,,,17:43,,,,,,,
WR_Down_92143,,16:43,,,,,,16:34,16:57,,,,,17:11,,,16:12,,,,,,,,16:29,,17:01,,,,,,,,,,,,,,,,,,,,,,,,,,,,,,,,,,,,,,,,,,,17:06,,,16:22,,,17:16,17:26,,,,,,,,,,,,,,,,,,,,,,,,,,,17:33,,,17:21,,,,,,,
WR_Down_92145,,16:56,,,,,,,17:13,,,,,17:28,,,,,,,,,,,,,,,,,,,,,,,,,,,,,,,,,,,,,,,,,,,,,,,,,,,,,,,,17:23,,,,,,,17:44,,,,,,,,,,,,,,,,,,,,,,,,,,,17:52,,,17:39,,,,,,,
WR_Down_92147,,17:03,,,,,,16:55,17:17,,,,,17:25,,,,,,,,,,,16:48,,,,,,,,,,,,,,,,,,,,,,,,,,,,,,,,,,,,,,,,,,,,,,,,,,,,,,,,,,,,,,,,,,,,,,,,,,,,,,,17:44,,,17:33,,,,,,,
WR_Down_92149,,,,,,,,,17:21,,,,,17:36,,,,,,,,,,,,,,,,,,,,,,,,,,,,,,,,,,,,,,,,,,,,,,,,,,,,,,,,17:31,,,,,,,17:53,,,,,,,,,,,,,,,,,,,,,,,,,,,18:01,,,17:47,,,,,,,
WR_Down_92151,,,,,,,,,17:43,,,,,17:57,,,,,,,,,,,,,,,,,,,,,,,,,,,,,,,,,,,,,,,,,,,,,,,,,,,,,,,,17:52,,,,,,,,,,,,,,,,,,,,,,,,,,,,,,,,,,,,,18:10,,,,,,,
WR_Down_92153,,17:42,,,,,,17:34,17:56,,,,,18:10,,,,,,,,,,,17:27,,,,,,,,,,,,,,,,,,,,,,,,,,,,,,,,,,,,,,,,,,,,,18:05,,,,,,,18:26,,,,,,,,,,,,,,,,,,,,,,,,,,,18:34,,,18:20,,,,,,,
WR_Down_92155,,17:47,,,,,,,18:10,,,,,18:25,,,,,,,,,,,,,,,,,,,,,,17:57,,,,,,,,,,,,,,,,,,,,,,,,,,,18:02,,,,,,,18:20,,,,,,,18:41,,,,,,,,,,,,,,,,,,,,,,,,,,,18:48,,,18:36,,,,,,,
WR_Down_92157,,,,,,,,,18:15,,,,,18:30,,,,,,,,,,,,,,,,,,,,,,,,,,,,,,,,,,,,,,,,,,,,,,,,,,,,,,,,18:25,,,,,,,18:46,,,,,,,,,,,,,,,,,,,,,,,,,,,18:53,,,18:41,,,,,,,
WR_Down_92159,,18:20,,,,,,,18:43,,,,,18:57,,,,,,,,,,,,,,,,,,,,,,18:30,,,,,,,,,,,,,,,,,,,,,,,,,,,18:34,,,,,,,18:52,,,,,,,19:13,,,,,,,,,,,,,,,,,,,,,,,,,,,19:20,,,19:08,,,,,,,
WR_Down_92161,,18:10,,,,,,,18:25,,,,,18:38,,,,,,,,,,,,,,,,,,,,,,,,,,,,,,,,,,,,,,,,,,,,,,,,,,,,,,,,18:33,,,,,,,18:52,,,,,,,,,,,,,,,,,,,,,,,,,,,18:59,,,18:47,,,,,,,
WR_Down_92163,,,,,,,,,18:50,,,,,19:06,,,,,,,,,,,,,,,,,,,,,,,,,,,,,,,,,,,,,,,,,,,,,,,,,,,,,,,,19:00,,,,,,,,,,,,,,,,,,,,,,,,,,,,,,,,,,,,,19:18,,,,,,,
WR_Down_92165,,18:27,,,,,,,18:44,,,,,18:57,,,,,,,,,,,,,,,,,,,,,,,,,,,,,,,,,,,,,,,,,,,,,,,,,,,,,,,,,,,,,,,,,,,,,,,,,,,,,,,,,,,,,,,,,,19:20,,,19:06,,,,,,,
WR_Down_92167,,18:50,,,,,,,19:13,,,,,19:27,,,,,,,,,,,,,,,,,,,,,,19:01,,,,,,,,,,,,,,,,,,,,,,,,,,,19:05,,,,,,,19:22,,,,,,,19:42,,,,,,,,,,,,,,,,,,,,,,,,,,,19:49,,,19:37,,,,,,,
WR_Down_92169,,18:52,,,,,,,19:11,,,,,19:26,,,,,,,,,,,,,,,,,,,,,,,,,,,,,,,,,,,,,,,,,,,,,,,,,,,,,,,,19:21,,,,,,,19:42,,,,,,,,,,,,,,,,,,,,,,,,,,,19:49,,,19:37,,,,,,,
WR_Down_92171,,19:10,,,,,,,19:33,,,,,19:47,,,,,,,,,,,,,,,,,,,,,,19:21,,,,,,,,,,,,,,,,,,,,,,,,,,,19:25,,,,,,,19:42,,,,,,,20:04,,,,,,,,,,,,,,,,,,,,,,,,,,,20:11,,,19:58,,,,,,,
WR_Down_92173,,,,,,,,,19:22,,,,,19:37,,,,,,,,,,,,,,,,,,,,,,,,,,,,,,,,,,,,,,,,,,,,,,,,,,,,,,,,19:32,,,,,,,19:54,,,,,,,,,,,,,,,,,,,,,,,,,,,,,,19:48,,,,,,,
WR_Down_92175,,19:28,,,,,,,19:50,,,,,20:07,,,,,,,,,,,,,,,,,,,,,,19:37,,,,,,,,,,,,,,,,,,,,,,,,,,,19:41,,,,,,,20:01,,,,,,,20:25,,,,,,,,,,,,,,,,,,,,,,,,,,,20:33,,,20:19,,,,,,,
WR_Down_92177,,19:20,,,,,,,19:33,,,,,19:48,,,,,,,,,,,,,,,,,,,,,,,,,,,,,,,,,,,,,,,,,,,,,,,,,,,,,,,,19:42,,,,,,,20:06,,,,,,,,,,,,,,,,,,,,,,,,,,,20:15,,,20:00,,,,,,,
WR_Down_92179,,19:40,,,,,,19:32,19:55,,,,,20:10,,,,,,,,,,,19:23,,,,,,,,,,,,,,,,,,,,,,,,,,,,,,,,,,,,,,,,,,,,,20:05,,,,,,,20:26,,,,,,,,,,,,,,,,,,,,,,,,,,,20:34,,,20:21,,,,,,,
WR_Down_92181,,19:47,,,,,,19:38,20:02,,,,,20:16,,,19:15,,,,,,,,19:31,,20:06,,,,,,,,,,,,,,,,,,,,,,,,,,,,,,,,,,,,,,,,,,,20:11,,,19:24,,,20:22,20:32,,,,,,,,,,,,,,,,,,,,,,,,,,,20:41,,,20:27,,,,,,,
WR_Down_92183,,,,,,,,,20:16,,,,,20:31,,,,,,,,,,,,,,,,,,,,,,,,,,,,,,,,,,,,,,,,,,,,,,,,,,,,,,,,20:26,,,,,,,20:48,,,,,,,,,,,,,,,,,,,,,,,,,,,20:55,,,20:42,,,,,,,
WR_Down_92185,,20:13,,,,,,,20:36,,,,,20:50,,,,,,,,,,,,,,,,,,,,,,20:22,,,,,,,,,,,,,,,,,,,,,,,,,,,20:26,,,,,,,20:45,,,,,,,21:06,,,,,,,,,,,,,,,,,,,,,,,,,,,21:13,,,21:01,,,,,,,
WR_Down_92187,,20:32,,,,,,,20:55,,,,,21:09,,,,,,,,,,,,,,,,,,,,,,20:41,,,,,,,,,,,,,,,,,,,,,,,,,,,20:45,,,,,,,21:04,,,,,,,21:25,,,,,,,,,,,,,,,,,,,,,,,,,,,21:32,,,21:20,,,,,,,
WR_Down_92189,,20:23,,,,,,,20:39,,,,,20:52,,,,,,,,,,,,,,,,,,,,,,,,,,,,,,,,,,,,,,,,,,,,,,,,,,,,,,,,20:47,,,,,,,,,,,,,,,,,,,,,,,,,,,,,,,,,,,,,21:03,,,,,,,
WR_Down_92191,,,,,,,,,20:40,,,,,20:56,,,,,,,,,,,,,,,,,,,,,,,,,,,,,,,,,,,,,,,,,,,,,,,,,,,,,,,,20:51,,,,,,,21:12,,,,,,,,,,,,,,,,,,,,,,,,,,,21:18,,,21:07,,,,,,,
WR_Down_92193,,20:45,,,,,,20:36,20:59,,,,,21:13,,,20:14,,,,,,,,20:30,,21:03,,,,,,,,,,,,,,,,,,,,,,,,,,,,,,,,,,,,,,,,,,,21:08,,,20:23,,,21:19,21:29,,,,,,,,,,,,,,,,,,,,,,,,,,,21:37,,,21:24,,,,,,,
WR_Down_92195,,,,,,,,,21:14,,,,,21:29,,,,,,,,,,,,,,,,,,,,,,,,,,,,,,,,,,,,,,,,,,,,,,,,,,,,,,,,21:24,,,,,,,21:44,,,,,,,,,,,,,,,,,,,,,,,,,,,21:51,,,21:39,,,,,,,
WR_Down_92197,,21:25,,,,,,,21:46,,,,,22:00,,,,,,,,,,,,,,,,,,,,,,21:34,,,,,,,,,,,,,,,,,,,,,,,,,,,21:38,,,,,,,21:55,,,,,,,22:16,,,,,,,,,,,,,,,,,,,,,,,,,,,22:23,,,22:11,,,,,,,
WR_Down_92199,,,,,,,,,22:00,,,,,22:16,,,,,,,,,,,,,,,,,,,,,,,,,,,,,,,,,,,,,,,,,,,,,,,,,,,,,,,,22:11,,,,,,,22:32,,,,,,,,,,,,,,,,,,,,,,,,,,,22:39,,,22:27,,,,,,,
WR_Down_92201,,22:01,,,,,,,22:23,,,,,22:39,,,,,,,,,,,,,,,,,,,,,,22:11,,,,,,,,,,,,,,,,,,,,,,,,,,,22:15,,,,,,,22:34,,,,,,,22:55,,,,,,,,,,,,,,,,,,,,,,,,,,,,,,22:50,,,,,,,
WR_Down_92203,,22:10,,,,,,,22:28,,,,,22:42,,,,,,,,,,,,,,,,,,,,,,,,,,,,,,,,,,,,,,,,,,,,,,,,,,,,,,,,22:37,,,,,,,22:57,,,,,,,,,,,,,,,,,,,,,,,,,,,23:05,,,22:52,,,,,,,
WR_Down_92205,,22:16,,,,,,,22:37,,,,,22:52,,,,,,,,,,,,,,,,,,,,,,22:25,,,,,,,,,,,,,,,,,,,,,,,,,,,22:29,,,,,,,22:46,,,,,,,,,,,,,,,,,,,,,,,,,,,,,,,,,,,,,,,,,,,,
WR_Down_92207,,22:39,,,,,,,23:02,,,,,23:18,,,,,,,,,,,,,,,,,,,,,,22:49,,,,,,,,,,,,,,,,,,,,,,,,,,,22:53,,,,,,,23:11,,,,,,,,,,,,,,,,,,,,,,,,,,,,,,,,,,,,,,,,,,,,
WR_Down_92209,,23:37,,,,,,,23:58,,,,,00:12,,,,,,,,,,,,,,,,,,,,,,23:45,,,,,,,,,,,,,,,,,,,,,,,,,,,23:49,,,,,,,00:07,,,,,,,00:28,,,,,,,,,,,,,,,,,,,,,,,,,,,00:35,,,00:23,,,,,,,
WR_Down_92211,,09:38,,,,,,09:29,09:52,,,,,10:06,,,09:09,,,,,,,,09:24,,09:56,,,,,,,,,,,,,,,,,,,,,,,,,,,,,,,,,,,,,,,,,,,10:01,,,09:17,,,10:11,10:25,,,,,,,,,,,,,,,,,,,,,,,,,,,,,,10:18,,,,,,,
WR_Down_92213,,06:30,,,,,,06:22,06:42,,,,,06:57,,,06:00,,,,,,,,06:17,,06:47,,,,,,,,,,,,,,,,,,,,,,,,,,,,,,,,,,,,,,,,,,,06:52,,,06:10,,,07:02,07:13,,,,,,,,,,,,,,,,,,,,,,,,,,,07:22,,,07:08,,,,,,,
WR_Down_92215,,09:29,,,,,,09:20,09:43,,,,,,,,09:00,,,,,,,,09:15,,,,,,,,,,,,,,,,,,,,,,,,,,,,,,,,,,,,,,,,,,,,,,,,09:08,,,,,,,,,,,,,,,,,,,,,,,,,,,,,,,,,,,,,,,,,
WR_Down_92217,,11:17,,,,,,11:08,11:30,,,,,11:44,,,10:45,,,,,,,,11:02,,11:34,,,,,,,,,,,,,,,,,,,,,,,,,,,,,,,,,,,,,,,,,,,11:39,,,10:55,,,11:50,12:00,,,,,,,,,,,,,,,,,,,,,,,,,,,12:07,,,11:55,,,,,,,
WR_Down_92219,,14:21,,,,,,14:13,14:35,,,,,,,,13:49,,,,,,,,14:08,,,,,,,,,,,,,,,,,,,,,,,,,,,,,,,,,,,,,,,,,,,,,,,,14:00,,,,,,,,,,,,,,,,,,,,,,,,,,,,,,,,,,,,,,,,,
WR_Down_92221,,16:13,,,,,,16:05,16:27,,,,,16:43,,,15:43,,,,,,,,16:00,,16:32,,,,,,,,,,,,,,,,,,,,,,,,,,,,,,,,,,,,,,,,,,,16:37,,,15:53,,,,,,,,,,,,,,,,,,,,,,,,,,,,,,,,,,,,,,,,,
WR_Down_92223,,18:51,,,,,,18:42,19:06,,,,,,,,,,,,,,,,18:35,,,,,,,,,,,,,,,,,,,,,,,,,,,,,,,,,,,,,,,,,,,,,,,,,,,,,,,,,,,,,,,,,,,,,,,,,,,,,,,,,,,,,,,,,
WR_Down_92225,,20:34,,,,,,20:25,20:51,,,,,21:05,,,20:03,,,,,,,,20:20,,20:56,,,,,,,,,,,,,,,,,,,,,,,,,,,,,,,,,,,,,,,,,,,21:00,,,20:13,,,21:11,21:21,,,,,,,,,,,,,,,,,,,,,,,,,,,21:28,,,21:16,,,,,,,
WR_Down_92227,,23:40,,,,,,23:31,23:52,,,,,00:07,,,23:10,,,,,,,,23:26,,23:57,,,,,,,,,,,,,,,,,,,,,,,,,,,,,,,,,,,,,,,,,,,00:02,,,23:19,,,,00:23,,,,,,,,,,,,,,,,,,,,,,,,,,,00:30,,,00:18,,,,,,,
WR_Down_92229,,06:11,,,,,,06:02,06:24,,,,,06:38,,,05:36,,,,,,,,05:57,,06:29,,,,,,,,,,,,,,,,,,,,,,,,,,,,,,,,,,,,,,,,,,,06:33,,,05:48,,,06:43,,,,,,,,,,,,,,,,,,,,,,,,,,,,,,,06:50,,,,,,,
WR_Down_92231,,09:01,,,,,,08:52,09:17,,,,,,,,08:32,,,,,,,,08:47,,,,,,,,,,,,,,,,,,,,,,,,,,,,,,,,,,,,,,,,,,,,,,,,08:40,,,,,,,,,,,,,,,,,,,,,,,,,,,,,,,,,,,,,,,,,
WR_Down_92233,,10:57,,,,,,10:48,11:12,,,,,,,,10:24,,,,,,,,10:43,,,,,,,,,,,,,,,,,,,,,,,,,,,,,,,,,,,,,,,,,,,,,,,,10:35,,,,,,,,,,,,,,,,,,,,,,,,,,,,,,,,,,,,,,,,,
WR_Down_92235,,,,,,,,,11:17,,,,,11:32,,,,,,,,,,,,,,,,,,,,,,,,,,,,,,,,,,,,,,,,,,,,,,,,,,,,,,,,11:27,,,,,,,11:49,,,,,,,,,,,,,,,,,,,,,,,,,,,11:56,,,11:44,,,,,,,
WR_Down_92237,,13:35,,,,,,,13:56,,,,,14:11,,,,,,,,,,,,,,,,,,,,,,13:44,,,,,,,,,,,,,,,,,,,,,,,,,,,13:48,,,,,,,14:05,,,,,,,,,,,,,,,,,,,,,,,,,,,,,,,,,,,,,,,,,,,,
WR_Down_93001,,,,,,,,,,,,,,,,,,,,,,,,,,,,,,,,,,,,,,,,,,,,,,,,,,,,,,,,,,,,,,,,,,,,,,,,,,,,,,,,,,,,,,,,,,,,,,,,,,,,,,,,04:50,,,,,,,,,,
WR_Down_93005,,05:36,,,,,,05:27,05:49,,,,,05:58,,,05:03,,05:09,,,,,,05:20,,,,,,,,,,,,,05:11,,,,,,,,,,,,,,,,,,,,,,,,,,,,05:06,,,,,,,05:13,,,,,,,,,,,,,,,,,,,,,,,,,,,,,,,06:15,,,06:05,,,,,,,
WR_Down_93007,,06:26,,,,,,06:18,06:39,,,,,06:47,,,05:52,,05:58,,,,,,06:13,,,,,,,,,,,,,06:01,,,,,,,,,,,,,,,,,,,,,,,,,,,,05:55,,,,,,,06:05,,,,,,,,,,,,,,,,,,,,,,,,,,,,,,,07:04,,,06:54,,,,,,,
WR_Down_93009,,07:45,,,,,,07:35,07:58,,,,,08:08,,,07:11,,07:17,,,,,,07:29,,,,,,,,,,,,,07:20,,,,,,,,,,,,,,,,,,,,,,,,,,,,07:14,,,,,,,07:22,,,,,,,,,,,,,,,,,,,,,,,,,,,,,,,08:29,,,08:18,,,,,,,
WR_Down_93011,,08:12,,,,,,08:04,08:25,,,,,08:39,,,07:42,,07:47,,,,,,07:59,,,,,,,,,,,,,07:50,,,,,,,,,,,,,,,,,,,,,,,,,,,,07:45,,,,,,,07:52,,,,,,,,,,,,,,,,,,,,,,,,,,,,,,,09:01,,,08:49,,,,,,,
WR_Down_93013,,,,,,,,,,,,,,,,,,,,,,,,,,,,,,,,,,,,,,,,,,,,,,,,,,,,,,,,,,,,,,,,,,,,,,,,,,,,,,,,,,,,,,,,,,,,,,,,,,,,,,,,09:30,,,,,,,,,,
WR_Down_93015,,09:19,,,,,,09:11,09:32,,,,,09:46,,,08:49,,08:54,,,,,,09:06,,,,,,,,,,,,,08:57,,,,,,,,,,,,,,,,,,,,,,,,,,,,08:52,,,,,,,08:59,,,,,,,,,,,,,,,,,,,,,,,,,,,,,,,10:07,,,09:57,,,,,,,
WR_Down_93017,,,,,,,,,10:26,,,,,10:41,,,,,,,,,,,,,,,,,,,,,,,,,,,,,,,,,,,,,,,,,,,,,,,,,,,,,,,,,,,,,,,,,,,,,,,,,,,,,,,,,,,,,,,,,,11:05,,,10:53,,,,,,,
WR_Down_93021,,,,,,,,,,,,,,,,,,,,,,,,,,,,,,,,,,,,,,,,,,,,,,,,,,,,,,,,,,,,,,,,,,,,,,,,,,,,,,,,,,,,,,,,,,,,,,,,,,,,,,,,12:00,,,,,,,,,,
WR_Down_93023,,,,,,,,,,,,,,,,,,,,,,,,,,,,,,,,,,,,,,,,,,,,,,,,,,,,,,,,,,,,,,,,,,,,,,,,,,,,,,,,,,,,,,,,,,,,,,,,,,,,,,,,12:20,,,,,,,,,,
WR_Down_93025,,,,,,,,,,,,,,,,,,,,,,,,,,,,,,,,,,,,,,,,,,,,,,,,,,,,,,,,,,,,,,,,,,,,,,,,,,,,,,,,,,,,,,,,,,,,,,,,,,,,,,,,13:20,,,,,,,,,,
WR_Down_93029,,,,,,,,,,,,,,,,,,,,,,,,,,,,,,,,,,,,,,,,,,,,,,,,,,,,,,,,,,,,,,,,,,,,,,,,,,,,,,,,,,,,,,,,,,,,,,,,,,,,,,,,15:45,,,,,,,,,,
WR_Down_93031,,15:48,,,,,,15:40,16:03,,,,,16:12,,,15:18,,15:23,,,,,,15:35,,,,,,,,,,,,,15:26,,,,,,,,,,,,,,,,,,,,,,,,,,,,15:21,,,,,,,15:28,,,,,,,,,,,,,,,,,,,,,,,,,,,,,,,16:29,,,16:21,,,,,,,
WR_Down_93033,,,,,,,,,,,,,,,,,,,,,,,,,,,,,,,,,,,,,,,,,,,,,,,,,,,,,,,,,,,,,,,,,,,,,,,,,,,,,,,,,,,,,,,,,,,,,,,,,,,,,,,,18:18,,,,,,,,,,
WR_Down_93035,,18:14,,,,,,18:06,18:28,,,,,18:43,,,,,,,,,,,18:00,,,,,,,,,,,,,,,,,,,,,,,,,,,,,,,,,,,,,,,,,,,,,18:38,,,,,,,19:01,,,,,,,,,,,,,,,,,,,,,,,,,,,19:07,,,18:55,,,,,,,
WR_Down_93039,,,,,,,,,,,,,,,,,,,,,,,,,,,,,,,,,,,,,,,,,,,,,,,,,,,,,,,,,,,,,,,,,,,,,,,,,,,,,,,,,,,,,,,,,,,,,,,,,,,,,,,,21:05,,,,,,,,,,
WR_Down_93041,,20:51,,,,,,20:42,21:06,,,,,21:17,,,20:20,,20:25,,,,,,20:37,,,,,,,,,,,,,20:28,,,,,,,,,,,,,,,,,,,,,,,,,,,,20:23,,,,,,,20:30,,,,,,,,,,,,,,,,,,,,,,,,,,,,,,,21:41,,,21:29,,,,,,,
WR_Down_93201,,,,,,,,,,,,,,,,,,,,,,,,,,,,,,,,,,,,,,,,,,,,,,,,,,,,,,,,,,,,,,,,,,,,,,,,,,,,,,,,,,,,,,,,,,,,,,,,,,,,,,,,05:35,,,,,,,,,,
WR_Down_93203,,10:33,,,,,,10:25,10:47,,,,,11:01,,,10:03,,,,,,,,10:20,,,,,,,,,,,,,,,,,,,,,,,,,,,,,,,,,,,,,,,,,,,,,,,,10:13,,,,,,,,,,,,,,,,,,,,,,,,,,,,,,,11:25,,,11:13,,,,,,,
WR_Down_93205,,,,,,,,,,,,,,,,,,,,,,,,,,,,,,,,,,,,,,,,,,,,,,,,,,,,,,,,,,,,,,,,,,,,,,,,,,,,,,,,,,,,,,,,,,,,,,,,,,,,,,,,15:00,,,,,,,,,,
WR_Down_93207,,,,,,,,,,,,,,,,,,,,,,,,,,,,,,,,,,,,,,,,,,,,,,,,,,,,,,,,,,,,,,,,,,,,,,,,,,,,,,,,,,,,,,,,,,,,,,,,,,,,,,,,20:30,,,,,,,,,,
WR_Down_94001,,,,,,,,,05:07,,,,,05:21,,,,,,,,,,,,,,,,,,,,,,,,,,,,,,,,,,,,,,,,,,,,,,,,,,,,,,,,05:16,,,,,,,05:37,,,,,,,,,,,,,,,,,,,,,,,,,,,05:45,,,05:32,,,,,,,
WR_Down_94003,,06:08,,,,,,05:54,06:30,,,,,,,,,,,,,,,,05:45,,,,,,,,,,,06:17,,,,,,,,,,,,,,,,,,,,,,,,,,,06:21,,,,,,,,,,,,,,,,,,,,,,,,,,,,,,,,,,,,,,,,,,,,,,,,,,,
WR_Down_94005,,06:24,,,,,,06:11,06:45,,,,,,,,05:40,,05:45,,,,,,06:01,,,,,,,,,,,06:32,,05:48,06:27,,,,,06:39,,,,,,,06:14,,,,,,,05:56,,05:53,,06:06,06:36,,,05:43,,,06:03,,,,05:50,,,,,,,,,,05:59,,06:30,,,,,06:16,,,,,,,,,,,,,,,,,,,,,,06:19,,
WR_Down_94007,,,,,,,,,,,,,,07:27,,,,,,,,,,,,,,,,,,,,,,,,,,,,,,,,,,,,,,,,,,,,,,,,,,,,,,,,,,,,,,,,,,,,,,,,,,,,,,,,,,,,,,,,,,07:52,,,,,,,,,,
WR_Down_94009,,07:20,,,,,,07:06,07:41,,,,,,,,06:35,,06:41,,,,,,06:57,,,,,,,,,,,07:28,,06:44,07:23,,,,,07:35,,,,,,,07:09,,,,,,,06:52,,06:49,,07:02,07:32,,,06:39,,,06:59,,,,06:46,,,,,,,,,,06:55,,07:26,,,,,07:12,,,,,,,,,,,,,,,,,,,,,,07:15,,
WR_Down_94011,,07:27,,,,,,07:13,07:47,,,,,08:01,,,,,,,,,,,07:05,,,,,,,,,,,07:35,,,,,,,,,,,,,,,,,,,,,,,,,,,07:39,,,,,,,07:56,,,,,,,08:16,,,,,,,,,,,,,,,,,,,,,,,,,,,08:23,,,08:11,,,,,,,
WR_Down_94013,,08:00,,,,,,07:52,08:16,,,,,,,,07:29,,07:34,,,,,,07:46,,,,,,,,,,,,,07:37,,,,,,,,,,,,,,,,,,,,,,,,,,,,07:32,,,,,,,07:39,,,,,,,,,,,,,,,,,,,,,,,,,,,,,,,,,,,,,,,,,
WR_Down_94015,,08:07,,,,,,07:59,08:21,,,,,08:35,,,07:36,,07:41,,,,,,07:53,,08:25,,,,,,,,,,,07:44,,,,,,,,,,,,,,,,,,,,,,,,,,,,07:39,,,,08:30,,,07:46,,,08:41,08:51,,,,,,,,,,,,,,,,,,,,,,,,,,,08:58,,,08:46,,,,,,,
WR_Down_94017,,08:24,,,,,,08:16,08:40,,,,,08:53,,,07:54,,07:59,,,,,,08:11,,08:44,,,,,,,,,,,08:02,,,,,,,,,,,,,,,,,,,,,,,,,,,,07:57,,,,08:49,,,08:04,,,08:59,09:09,,,,,,,,,,,,,,,,,,,,,,,,,,,09:15,,,09:04,,,,,,,
WR_Down_94019,,09:15,,,,,,09:06,09:30,,,,,,,,08:46,,,,,,,,09:01,,,,,,,,,,,,,,,,,,,,,,,,,,,,,,,,,,,,,,,,,,,,,,,,08:54,,,,,,,,,,,,,,,,,,,,,,,,,,,,,,,,,,,,,,,,,
WR_Down_94021,,09:22,,,,,,09:14,09:36,,,,,09:50,,,08:53,,,,,,,,09:09,,09:40,,,,,,,,,,,,,,,,,,,,,,,,,,,,,,,,,,,,,,,,,,,09:45,,,09:02,,,09:56,10:06,,,,,,,,,,,,,,,,,,,,,,,,,,,10:12,,,10:01,,,,,,,
WR_Down_94023,,09:54,,,,,,09:45,10:07,,,,,10:21,,,09:23,,09:28,,,,,,09:40,,10:11,,,,,,,,,,,09:31,,,,,,,,,,,,,,,,,,,,,,,,,,,,09:26,,,,10:16,,,09:33,,,10:26,10:36,,,,,,,,,,,,,,,,,,,,,,,,,,,10:44,,,10:31,,,,,,,
WR_Down_94025,,09:57,,,,,,09:48,10:11,,,,,,,,09:27,,,,,,,,09:43,,,,,,,,,,,,,,,,,,,,,,,,,,,,,,,,,,,,,,,,,,,,,,,,09:35,,,,,,,,,,,,,,,,,,,,,,,,,,,,,,,,,,,,,,,,,
WR_Down_94027,,10:00,,,,,,09:50,10:15,,,,,10:29,,,09:30,,,,,,,,09:45,,,,,,,,,,,,,,,,,,,,,,,,,,,,,,,,,,,,,,,,,,,,,,,,09:38,,,,,,,,,,,,,,,,,,,,,,,,,,,,,,,10:52,,,10:40,,,,,,,
WR_Down_94029,,11:09,,,,,,10:54,11:31,,,,,,,,10:24,,10:29,,,,,,10:45,,,,,,,,,,,11:17,,10:32,11:12,,,,,11:24,,,,,,,10:57,,,,,,,10:40,,10:37,,10:50,11:21,,,10:27,,,10:47,,,,10:34,,,,,,,,,,10:43,,11:15,,,,,11:00,,,,,,,,,,,,,,,,,,,,,,11:03,,
WR_Down_94031,,11:03,,,,,,10:54,11:18,,,,,,,,10:32,,,,,,,,10:49,,,,,,,,,,,,,,,,,,,,,,,,,,,,,,,,,,,,,,,,,,,,,,,,10:42,,,,,,,,,,,,,,,,,,,,,,,,,,,,,,,,,,,,,,,,,
WR_Down_94033,,11:07,,,,,,10:58,11:21,,,,,11:38,,,10:36,,,,,,,,10:53,,11:26,,,,,,,,,,,,,,,,,,,,,,,,,,,,,,,,,,,,,,,,,,,11:31,,,10:46,,,,,,,,,,,,,,,,,,,,,,,,,,,,,,,,,,,,,,,,,
WR_Down_94035,,11:26,,,,,,11:16,11:39,,,,,11:51,,,10:53,,,,,,,,11:10,,11:42,,,,,,,,,,,,,,,,,,,,,,,,,,,,,,,,,,,,,,,,,,,11:46,,,11:03,,,11:57,12:07,,,,,,,,,,,,,,,,,,,,,,,,,,,12:14,,,12:02,,,,,,,
WR_Down_94037,,11:47,,,,,,11:38,12:01,,,,,12:15,,,11:15,,11:20,,,,,,11:32,,12:05,,,,,,,,,,,11:23,,,,,,,,,,,,,,,,,,,,,,,,,,,,11:18,,,,12:10,,,11:25,,,12:21,12:31,,,,,,,,,,,,,,,,,,,,,,,,,,,12:38,,,12:26,,,,,,,
WR_Down_94039,,12:18,,,,,,12:10,12:28,,,,,12:43,,,11:48,,11:53,,,,,,12:05,,12:33,,,,,,,,,,,11:56,,,,,,,,,,,,,,,,,,,,,,,,,,,,11:51,,,,12:38,,,11:58,,,12:49,12:59,,,,,,,,,,,,,,,,,,,,,,,,,,,13:08,,,12:53,,,,,,,
WR_Down_94041,,12:46,,,,,,12:38,13:01,,,,,13:09,,,12:16,,12:21,,,,,,12:33,,,,,,,,,,,,,12:24,,,,,,,,,,,,,,,,,,,,,,,,,,,,12:19,,,,,,,12:26,,,,,,,,,,,,,,,,,,,,,,,,,,,,,,,13:27,,,13:17,,,,,,,
WR_Down_94043,,13:03,,,,,,12:52,13:18,,,,,13:27,,,12:29,,12:34,,,,,,12:46,,,,,,,,,,,,,12:37,,,,,,,,,,,,,,,,,,,,,,,,,,,,12:32,,,,,,,12:39,,,,,,,,,,,,,,,,,,,,,,,,,,,,,,,13:46,,,13:36,,,,,,,
WR_Down_94045,,13:07,,,,,,12:57,13:21,,,,,13:37,,,12:34,,12:39,,,,,,12:51,,13:27,,,,,,,,,,,12:42,,,,,,,,,,,,,,,,,,,,,,,,,,,,12:37,,,,13:32,,,12:44,,,13:43,13:53,,,,,,,,,,,,,,,,,,,,,,,,,,,13:59,,,13:48,,,,,,,
WR_Down_94047,,13:29,,,,,,13:15,13:50,,,,,,,,12:45,,12:50,,,,,,13:06,,,,,,,,,,,13:37,,12:53,13:32,,,,,13:44,,,,,,,13:18,,,,,,,13:01,,12:58,,13:11,13:41,,,12:48,,,13:08,,,,12:55,,,,,,,,,,13:04,,13:35,,,,,13:21,,,,,,,,,,,,,,,,,,,,,,13:24,,
WR_Down_94049,,13:52,,,,,,13:38,14:13,,,,,14:28,,,13:08,,13:13,,,,,,13:29,,14:18,,,,,,,,,14:00,,13:16,13:55,,,,,14:07,,,,,,,13:41,,,,,,,13:24,,13:21,,13:34,14:04,,,13:11,,,13:31,14:23,,,13:18,,,14:34,14:45,,,,,,13:27,,13:58,,,,,13:44,,,,,,,,,,,,,,14:52,,,14:40,,,,,13:47,,
WR_Down_94051,,14:28,,,,,,14:18,14:41,,,,,14:50,,,13:53,,13:59,,,,,,14:12,,,,,,,,,,,,,14:01,,,,,,,,,,,,,,,,,,,,,,,,,,,,13:56,,,,,,,14:04,,,,,,,,,,,,,,,,,,,,,,,,,,,,,,,15:08,,,14:58,,,,,,,
WR_Down_94053,,14:46,,,,,,14:38,14:59,,,,,15:17,,,14:15,,14:20,,,,,,14:32,,15:05,,,,,,,,,,,14:23,,,,,,,,,,,,,,,,,,,,,,,,,,,,14:18,,,,15:10,,,14:25,,,,,,,,,,,,,,,,,,,,,,,,,,,,,,,,,,,,,,,,,
WR_Down_94055,,15:24,,,,,,15:16,15:38,,,,,15:51,,,14:53,,14:58,,,,,,15:10,,15:42,,,,,,,,,,,15:01,,,,,,,,,,,,,,,,,,,,,,,,,,,,14:56,,,,15:46,,,15:03,,,15:57,16:06,,,,,,,,,,,,,,,,,,,,,,,,,,,16:15,,,16:01,,,,,,,
WR_Down_94057,,,,,,,,,15:44,,,,,16:00,,,,,,,,,,,,,,,,,,,,,,,,,,,,,,,,,,,,,,,,,,,,,,,,,,,,,,,,15:55,,,,,,,16:16,,,,,,,,,,,,,,,,,,,,,,,,,,,16:25,,,16:11,,,,,,,
WR_Down_94059,,15:51,,,,,,15:38,16:13,,,,,,,,15:05,,15:10,,,,,,15:27,,,,,,,,,,,16:00,,15:13,15:55,,,,,16:07,,,,,,,15:41,,,,,,,15:21,,15:18,,15:33,16:04,,,15:08,,,15:30,,,,15:15,,,,,,,,,,15:24,,15:58,,,,,15:43,,,,,,,,,,,,,,,,,,,,,,15:46,,
WR_Down_94061,,15:39,,,,,,15:30,15:53,,,,,16:07,,,15:07,,15:12,,,,,,15:24,,15:57,,,,,,,,,,,15:15,,,,,,,,,,,,,,,,,,,,,,,,,,,,15:10,,,,16:02,,,15:17,,,16:13,16:23,,,,,,,,,,,,,,,,,,,,,,,,,,,16:30,,,16:18,,,,,,,
WR_Down_94063,,15:57,,,,,,15:49,16:09,,,,,16:23,,,15:26,,15:31,,,,,,15:44,,16:13,,,,,,,,,,,15:34,,,,,,,,,,,,,,,,,,,,,,,,,,,,15:29,,,,16:18,,,15:36,,,16:29,16:38,,,,,,,,,,,,,,,,,,,,,,,,,,,16:45,,,16:33,,,,,,,
WR_Down_94065,,16:03,,,,,,15:55,16:17,,,,,16:35,,,15:32,,15:37,,,,,,15:50,,16:23,,,,,,,,,,,15:40,,,,,,,,,,,,,,,,,,,,,,,,,,,,15:35,,,,16:28,,,15:42,,,,,,,,,,,,,,,,,,,,,,,,,,,,,,,,,,,,,,,,,
WR_Down_94067,,17:10,,,,,,17:01,17:24,,,,,17:40,,,16:39,,16:44,,,,,,16:56,,17:30,,,,,,,,,,,16:47,,,,,,,,,,,,,,,,,,,,,,,,,,,,16:42,,,,17:35,,,16:49,,,17:46,17:56,,,,,,,,,,,,,,,,,,,,,,,,,,,18:04,,,17:51,,,,,,,
WR_Down_94069,,17:25,,,,,,,17:39,,,,,17:54,,,,,,,,,,,,,,,,,,,,,,,,,,,,,,,,,,,,,,,,,,,,,,,,,,,,,,,,17:49,,,,,,,18:11,,,,,,,,,,,,,,,,,,,,,,,,,,,18:20,,,18:05,,,,,,,
WR_Down_94071,,17:38,,,,,,17:30,17:52,,,,,18:06,,,17:03,,17:08,,,,,,17:23,,17:57,,,,,,,,,,,17:11,,,,,,,,,,,,,,,,,,,,,,,,,,,,17:06,,,,18:01,,,17:15,,,18:11,18:21,,,,,,,,,,,,,,,,,,,,,,,,,,,18:28,,,18:16,,,,,,,
WR_Down_94073,,17:48,,,,,,17:40,18:02,,,,,,,,17:15,,17:20,,,,,,17:33,,,,,,,,,,,,,17:23,,,,,,,,,,,,,,,,,,,,,,,,,,,,17:18,,,,,,,17:25,,,,,,,,,,,,,,,,,,,,,,,,,,,,,,,,,,,,,,,,,
WR_Down_94075,,18:23,,,,,,18:13,18:38,,,,,,,,17:50,,17:55,,,,,,18:08,,,,,,,,,,,,,17:58,,,,,,,,,,,,,,,,,,,,,,,,,,,,17:53,,,,,,,18:00,,,,,,,,,,,,,,,,,,,,,,,,,,,,,,,,,,,,,,,,,
WR_Down_94077,,18:42,,,,,,18:32,18:56,,,,,19:13,,,18:06,,18:11,,,,,,18:26,,19:01,,,,,,,,,,,18:14,,,,,,,,,,,,,,,,,,,,,,,,,,,,18:09,,,,19:06,,,18:16,,,,,,,,,,,,,,,,,,,,,,,,,,,,,,,,,,,,,,,,,
WR_Down_94079,,18:54,,,,,,18:45,19:08,,,,,19:22,,,18:22,,18:27,,,,,,18:39,,19:12,,,,,,,,,,,18:30,,,,,,,,,,,,,,,,,,,,,,,,,,,,18:25,,,,19:17,,,18:32,,,19:28,19:39,,,,,,,,,,,,,,,,,,,,,,,,,,,19:46,,,19:33,,,,,,,
WR_Down_94081,,19:00,,,,,,18:51,19:16,,,,,19:31,,,18:28,,18:33,,,,,,18:45,,19:21,,,,,,,,,,,18:36,,,,,,,,,,,,,,,,,,,,,,,,,,,,18:31,,,,19:26,,,18:38,,,19:36,19:46,,,,,,,,,,,,,,,,,,,,,,,,,,,19:56,,,19:41,,,,,,,
WR_Down_94083,,19:31,,,,,,19:23,19:43,,,,,19:58,,,19:00,,19:05,,,,,,19:18,,19:48,,,,,,,,,,,19:08,,,,,,,,,,,,,,,,,,,,,,,,,,,,19:03,,,,19:53,,,19:10,,,20:04,20:14,,,,,,,,,,,,,,,,,,,,,,,,,,,20:22,,,20:09,,,,,,,
WR_Down_94085,,19:54,,,,,,19:45,20:12,,,,,20:27,,,,,,,,,,,19:38,,,,,,,,,,,,,,,,,,,,,,,,,,,,,,,,,,,,,,,,,,,,,20:21,,,,,,,,,,,,,,,,,,,,,,,,,,,,,,,,,,,,,,,,,,,,
WR_Down_94087,,20:07,,,,,,19:52,20:28,,,,,20:43,,,,,,,,,,,,,,,,,,,,,,20:15,,,,,,,,,,,,,,,,,,,,,,,,,,,20:20,,,,,,,20:38,,,,,,,,,,,,,,,,,,,,,,,,,,,,,,,,,,,,,,,,,,,,
WR_Down_94089,,20:15,,,,,,20:06,20:32,,,,,20:46,,,19:43,,19:48,,,,,,20:01,,20:36,,,,,,,,,,,19:51,,,,,,,,,,,,,,,,,,,,,,,,,,,,19:46,,,,20:41,,,19:53,,,20:52,21:02,,,,,,,,,,,,,,,,,,,,,,,,,,,21:09,,,20:57,,,,,,,
WR_Down_94091,,20:31,,,,,,20:21,20:45,,,,,20:59,,,19:58,,20:03,,,,,,20:15,,20:49,,,,,,,,,,,20:06,,,,,,,,,,,,,,,,,,,,,,,,,,,,20:01,,,,20:54,,,20:08,,,21:05,21:15,,,,,,,,,,,,,,,,,,,,,,,,,,,21:21,,,21:10,,,,,,,
WR_Down_94093,,20:58,,,,,,20:49,21:14,,,,,21:29,,,20:27,,20:32,,,,,,20:44,,21:19,,,,,,,,,,,20:35,,,,,,,,,,,,,,,,,,,,,,,,,,,,20:30,,,,21:24,,,20:37,,,21:34,21:45,,,,,,,,,,,,,,,,,,,,,,,,,,,,,,21:39,,,,,,,
WR_Down_94095,,21:35,,,,,,21:26,21:52,,,,,22:08,,,,,,,,,,,21:19,,,,,,,,,,,,,,,,,,,,,,,,,,,,,,,,,,,,,,,,,,,,,22:03,,,,,,,22:25,,,,,,,,,,,,,,,,,,,,,,,,,,,22:32,,,22:20,,,,,,,
WR_Down_94097,,22:07,,,,,,21:53,22:28,,,,,22:43,,,21:23,,21:28,,,,,,21:44,,22:32,,,,,,,,,22:15,,21:31,22:10,,,,,22:22,,,,,,,21:56,,,,,,,21:39,,21:36,,21:49,22:19,,,21:26,,,21:46,22:37,,,21:33,,,,,,,,,,21:42,,22:13,,,,,21:58,,,,,,,,,,,,,,,,,,,,,,22:01,,
WR_Down_94099,,22:22,,,,,,22:14,,,,,,,,,21:51,,21:56,,,,,,22:08,,,,,,,,,,,22:29,,21:59,22:25,,,,,,,,,,,,,,,,,,,,,,,,22:34,,,21:54,,,,,,,22:01,,,,,,,,,,,,,,,,,,,,,,,,,,,,,,,,,,,,,,,,,
WR_Down_94101,,22:29,,,,,,22:20,22:45,,,,,23:00,,,21:57,,22:02,,,,,,22:14,,22:50,,,,,,,,,,,22:05,,,,,,,,,,,,,,,,,,,,,,,,,,,,22:00,,,,22:55,,,22:07,,,23:06,23:16,,,,,,,,,,,,,,,,,,,,,,,,,,,23:22,,,23:11,,,,,,,
WR_Down_94103,,,,,,,,,23:19,,,,,23:34,,,,,,,,,,,,,,,,,,,,,,,,,,,,,,,,,,,,,,,,,,,,,,,,,,,,,,,,23:29,,,,,,,23:50,,,,,,,,,,,,,,,,,,,,,,,,,,,23:56,,,23:45,,,,,,,
WR_Down_94105,,,,,,,,,00:10,,,,,00:25,,,,,,,,,,,,,,,,,,,,,,,,,,,,,,,,,,,,,,,,,,,,,,,,,,,,,,,,00:18,,,,,,,,,,,,,,,,,,,,,,,,,,,,,,,,,,,,,,,,,,,,
WR_Down_94107,,07:10,,,,,,06:56,07:34,,,,,,,,,,,,,,,,06:47,,,,,,,,,,,07:19,,,,,,,,,,,,,,,,,,,,,,,,,,,07:23,,,,,,,,,,,,,,,,,,,,,,,,,,,,,,,,,,,,,,,,,,,,,,,,,,,
WR_Down_94109,,,,,,,,,07:37,,,,,07:52,,,,,,,,,,,,,,,,,,,,,,,,,,,,,,,,,,,,,,,,,,,,,,,,,,,,,,,,,,,,,,,,,,,,,,,,,,,,,,,,,,,,,,,,,,,,,,,,,,,,
WR_Down_94111,,06:57,,,,,,06:44,07:19,,,,,,,,06:14,,06:19,,,,,,06:35,,,,,,,,,,,07:05,,06:22,07:00,,,,,07:12,,,,,,,06:47,,,,,,,06:30,,06:27,,06:40,07:09,,,06:17,,,06:37,,,,06:24,,,,,,,,,,06:33,,07:03,,,,,06:49,,,,,,,,,,,,,,,,,,,,,,06:52,,
WR_Down_94113,,08:58,,,,,,08:49,09:13,,,,,09:28,,,08:27,,08:32,,,,,,08:44,,09:18,,,,,,,,,,,08:35,,,,,,,,,,,,,,,,,,,,,,,,,,,,08:30,,,,09:23,,,08:37,,,09:34,09:45,,,,,,,,,,,,,,,,,,,,,,,,,,,09:51,,,09:40,,,,,,,
WR_Down_94115,,12:03,,,,,,11:53,12:16,,,,,12:31,,,11:30,,11:35,,,,,,11:47,,12:20,,,,,,,,,,,11:38,,,,,,,,,,,,,,,,,,,,,,,,,,,,11:33,,,,12:25,,,11:40,,,,,,,,,,,,,,,,,,,,,,,,,,,,,,,,,,,,,,,,,
WR_Down_94117,,14:36,,,,,,14:22,14:56,,,,,15:12,,,13:52,,13:57,,,,,,14:13,,15:01,,,,,,,,,14:44,,14:00,14:39,,,,,14:51,,,,,,,14:25,,,,,,,14:08,,14:05,,14:18,14:48,,,13:55,,,14:15,15:07,,,14:02,,,15:18,15:29,,,,,,14:11,,14:42,,,,,14:28,,,,,,,,,,,,,,15:36,,,15:23,,,,,14:31,,
WR_Down_94119,,18:41,,,,,,18:27,,,,,,,,,17:57,,18:02,,,,,,18:18,,,,,,,,,,,18:51,,18:05,18:45,,,,,,,,,,,,18:30,,,,,,,18:13,,18:10,,18:23,,,,18:00,,,18:20,,,,18:07,,,,,,,,,,18:16,,18:48,,,,,18:33,,,,,,,,,,,,,,,,,,,,,,18:36,,
WR_Down_94121,,20:51,,,,,,20:37,,,,,,,,,20:07,,20:12,,,,,,20:28,,,,,,,,,,,21:02,,20:15,20:55,,,,,,,,,,,,20:40,,,,,,,20:23,,20:20,,20:33,,,,20:10,,,20:30,,,,20:17,,,,,,,,,,20:26,,20:58,,,,,20:42,,,,,,,,,,,,,,,,,,,,,,20:45,,
WR_Down_94123,,07:39,,,,,,07:25,08:00,,,,,,,,06:55,,07:00,,,,,,07:16,,,,,,,,,,,07:47,,07:03,07:42,,,,,07:54,,,,,,,07:28,,,,,,,07:11,,07:08,,07:21,07:51,,,06:58,,,07:18,,,,07:05,,,,,,,,,,07:14,,07:45,,,,,07:30,,,,,,,,,,,,,,,,,,,,,,07:33,,
WR_Down_94125,,09:57,,,,,,09:44,,,,,,,,,09:14,,09:19,,,,,,09:35,,,,,,,,,,,10:07,,09:22,10:01,,,,,,,,,,,,09:47,,,,,,,09:30,,09:27,,09:40,,,,09:17,,,09:37,,,,09:24,,,,,,,,,,09:33,,10:04,,,,,09:50,,,,,,,,,,,,,,,,,,,,,,09:53,,
WR_Down_94127,,,,,,,,,,,,,,,,,11:12,,11:17,,,,,,,,,,,,,,,,,,,11:20,,,,,,,,,,,,,,,,,,,,,,,,,,,,11:15,,,,,,,11:22,,,,,,,,,,,,,,,,,,,,,,,,,,,,,,,,,,,,,,,,,
WR_Down_94129,,17:01,,,,,,16:47,17:23,,,,,,,,,,,,,,,,16:38,,,,,,,,,,,17:09,,,,,,,,,,,,,,,,,,,,,,,,,,,17:13,,,,,,,,,,,,,,,,,,,,,,,,,,,,,,,,,,,,,,,,,,,,,,,,,,,
WR_Down_94131,,19:25,,,,,,19:08,19:47,,,,,20:03,,,18:38,,18:43,,,,,,18:59,,19:51,,,,,,,,,19:34,,18:46,19:29,,,,,19:41,,,,,,,19:12,,,,,,,18:54,,18:51,,19:04,19:38,,,18:41,,,19:01,19:56,,,18:48,,,,,,,,,,18:57,,19:32,,,,,19:16,,,,,,,,,,,,,,,,,,,,,,19:20,,
WR_Down_94133,,21:08,,,,,,,21:30,,,,,21:45,,,,,,,,,,,,,,,,,,,,,,21:17,,,,,,,,,,,,,,,,,,,,,,,,,,,21:21,,,,,,,21:39,,,,,,,,,,,,,,,,,,,,,,,,,,,,,,,,,,,,,,,,,,,,
WR_Down_94135,,07:33,,,,,,07:25,07:45,,,,,07:59,,,07:03,,07:08,,,,,,07:20,,,,,,,,,,,,,07:11,,,,,,,,,,,,,,,,,,,,,,,,,,,,07:06,,,,,,,07:13,,,,,,,,,,,,,,,,,,,,,,,,,,,,,,,08:23,,,08:10,,,,,,,
WR_Down_94137,,10:26,,,,,,10:16,10:42,,,,,,,,09:56,,,,,,,,10:11,,,,,,,,,,,,,,,,,,,,,,,,,,,,,,,,,,,,,,,,,,,,,,,,10:04,,,,,,,,,,,,,,,,,,,,,,,,,,,,,,,,,,,,,,,,,
WR_Down_94139,,12:25,,,,,,12:17,,,,,,,,,11:51,,11:56,,,,,,12:10,,,,,,,,,,,,,11:59,,,,,,,,,,,,,,,,,,,,,,,,,12:36,,,11:54,,,,,,,12:01,,,,,,,,,,,,,,,,,,,,,,,,,,,,,,,,,,,,,,,,,
WR_Down_94141,,19:57,,,,,,19:48,20:19,,,,,,,,19:25,,19:30,,,,,,19:42,,,,,,,,,,,20:06,,19:33,20:01,,,,,20:13,,,,,,,,,,,,,,,,,,,20:10,,,19:28,,,,,,,19:35,,,,,,,,,,,,,,,,,,,,,,,,,,,,,,,,,,,,,,,,,
WR_Down_94143,,22:23,,,,,,22:09,22:46,,,,,,,,21:39,,21:44,,,,,,22:00,,,,,,,,,,,22:32,,21:47,22:27,,,,,22:39,,,,,,,22:12,,,,,,,21:55,,21:52,,22:05,22:36,,,21:42,,,22:02,,,,21:49,,,,,,,,,,21:58,,22:30,,,,,22:14,,,,,,,,,,,,,,,,,,,,,,22:17,,
WR_Down_94145,,00:57,,,,,,00:44,01:18,,,,,01:33,,,00:13,,00:18,,,,,,00:34,,01:22,,,,,,,,,01:05,,00:21,01:00,,,,,01:12,,,,,,,00:47,,,,,,,00:29,,00:26,,00:39,01:09,,,00:16,,,00:36,01:27,,,00:23,,,,,,,,,,00:32,,01:03,,,,,00:49,,,,,,,,,,,,,,,,,,,,,,00:52,,
WR_Up_90002,,04:05,,,,,,04:19,,,,,,,,,04:50,,04:44,,,,,,04:28,,,,,,,,,,,,,04:42,,,,,,,,,,,,,04:15,,,,,,,04:34,,04:37,,04:22,,,,04:47,,,04:25,,,,04:40,,,,,,,,,,04:31,,,,,,,04:12,,,,,,,,,,,,,,,,,,,,,,04:09,,
WR_Up_90004,,04:11,,,,,,04:24,03:50,,,,,,,,04:56,,04:49,,,,,,04:33,,,,,,,,,,,04:01,,04:47,04:06,,,,,03:55,,,,,,,04:20,,,,,,,04:39,,04:42,,04:27,03:58,,,04:52,,,04:30,,,,04:45,,,,,,,,,,04:36,,04:03,,,,,04:17,,,,,,,,,,,,,,,,,,,,,,04:14,,
WR_Up_90006,,04:20,,,,,,04:33,04:00,,,,,03:47,,,05:05,,04:58,,,,,,04:42,,03:56,,,,,,,,,04:10,,04:56,04:15,,,,,04:04,,,,,,,04:29,,,,,,,04:48,,04:51,,04:36,04:07,,,05:01,,,04:39,03:52,,,04:54,,,03:41,03:31,,,,,,04:45,,04:12,,,,,04:26,,,,,,,,,,,,,,03:25,,,03:36,,,,,04:23,,
WR_Up_90008,,04:27,,,,,,04:40,04:05,,,,,,,,05:12,,05:05,,,,,,04:49,,,,,,,,,,,04:17,,05:03,04:22,,,,,04:11,,,,,,,04:36,,,,,,,04:55,,04:58,,04:43,04:14,,,05:08,,,04:46,,,,05:01,,,,,,,,,,04:52,,04:19,,,,,04:33,,,,,,,,,,,,,,,,,,,,,,04:30,,
WR_Up_90010,,04:32,,,,,,04:45,04:10,,,,,,,,05:16,,05:10,,,,,,04:54,,,,,,,,,,,04:22,,05:08,04:27,,,,,04:16,,,,,,,04:41,,,,,,,05:00,,05:03,,04:48,04:19,,,05:13,,,04:51,,,,05:06,,,,,,,,,,04:57,,04:24,,,,,04:38,,,,,,,,,,,,,,,,,,,,,,04:35,,
WR_Up_90012,,,,,,,,,04:11,,,,,03:56,,,,,,,,,,,,,,,,,,,,,,,,,,,,,,,,,,,,,,,,,,,,,,,,,,,,,,,,04:01,,,,,,,03:40,,,,,,,,,,,,,,,,,,,,,,,,,,,,,,03:46,,,,,,,
WR_Up_90014,,04:36,,,,,,04:49,04:15,,,,,,,,05:21,,05:14,,,,,,04:58,,,,,,,,,,,04:26,,05:12,04:31,,,,,04:20,,,,,,,04:45,,,,,,,05:04,,05:07,,04:52,04:23,,,05:17,,,04:55,,,,05:10,,,,,,,,,,05:01,,04:28,,,,,04:42,,,,,,,,,,,,,,,,,,,,,,04:39,,
WR_Up_90016,,04:41,,,,,,04:54,04:20,,,,,,,,05:25,,05:19,,,,,,05:03,,,,,,,,,,,04:31,,05:17,04:36,,,,,04:25,,,,,,,04:50,,,,,,,05:09,,05:12,,04:57,04:28,,,05:22,,,05:00,,,,05:15,,,,,,,,,,05:06,,04:33,,,,,04:47,,,,,,,,,,,,,,,,,,,,,,04:44,,
WR_Up_90018,,04:31,,,,,,04:41,04:16,,,,,04:02,,,05:08,,04:59,,,,,,04:47,,04:11,,,,,,,,,,,04:57,,,,,,,,,,,,,,,,,,,,,,,,,,,,05:02,,,,04:07,,,04:55,,,03:56,03:46,,,,,,,,,,,,,,,,,,,,,,,,,,,03:40,,,03:51,,,,,,,
WR_Up_90020,,04:39,,,,,,04:48,04:25,,,,,04:10,,,05:14,,05:05,,,,,,04:54,,04:20,,,,,,,,,,,05:03,,,,,,,,,,,,,,,,,,,,,,,,,,,,05:08,,,,04:16,,,05:01,,,,,,,,,,,,,,,,,,,,,,,,,,,,,,,,,,,,,,,,,
WR_Up_90022,,04:46,,,,,,04:59,04:25,,,,,,,,05:30,,05:24,,,,,,05:08,,,,,,,,,,,04:37,,05:22,04:42,,,,,04:31,,,,,,,04:55,,,,,,,05:14,,05:17,,05:02,04:34,,,05:27,,,05:05,,,,05:20,,,,,,,,,,05:11,,04:39,,,,,04:52,,,,,,,,,,,,,,,,,,,,,,04:49,,
WR_Up_90028,,,,,,,,,04:35,,,,,04:21,,,,,,,,,,,,,,,,,,,,,,,,,,,,,,,,,,,,,,,,,,,,,,,,,,,,,,,,04:26,,,,,,,04:06,,,,,,,,,,,,,,,,,,,,,,,,,,,04:00,,,04:11,,,,,,,
WR_Up_90030,,05:00,,,,,,05:13,04:38,,,,,,,,05:44,,05:38,,,,,,05:22,,,,,,,,,,,04:49,,05:36,04:54,,,,,04:43,,,,,,,05:09,,,,,,,05:28,,05:31,,05:16,04:46,,,05:41,,,05:19,,,,05:34,,,,,,,,,,05:25,,04:51,,,,,05:06,,,,,,,,,,,,,,,,,,,,,,05:03,,
WR_Up_90032,,05:04,,,,,,05:18,04:42,,,,,,,,05:49,,05:43,,,,,,05:27,,,,,,,,,,,04:54,,05:41,04:59,,,,,04:48,,,,,,,05:14,,,,,,,05:33,,05:36,,05:21,04:51,,,05:46,,,05:24,,,,05:39,,,,,,,,,,05:30,,04:56,,,,,05:11,,,,,,,,,,,,,,,,,,,,,,05:08,,
WR_Up_90036,,05:15,,,,,,05:29,04:53,,,,,,,,06:00,,05:54,,,,,,05:38,,,,,,,,,,,05:05,,05:52,05:10,,,,,04:59,,,,,,,05:25,,,,,,,05:44,,05:47,,05:32,05:02,,,05:57,,,05:35,,,,05:50,,,,,,,,,,05:41,,05:07,,,,,05:22,,,,,,,,,,,,,,,,,,,,,,05:19,,
WR_Up_90038,,05:09,,,,,,05:18,04:56,,,,,04:41,,,05:42,,05:35,,,,,,05:24,,04:51,,,,,,,,,,,05:33,,,,,,,,,,,,,,,,,,,,,,,,,,,,05:38,,,,04:46,,,05:31,,,04:35,04:26,,,,,,,,,,,,,,,,,,,,,,,,,,,04:20,,,04:31,,,,,,,
WR_Up_90040,,05:20,,,,,,05:34,04:58,,,,,,,,06:06,,05:59,,,,,,05:43,,,,,,,,,,,05:10,,05:57,05:15,,,,,05:04,,,,,,,05:30,,,,,,,05:49,,05:52,,05:37,05:07,,,06:02,,,05:40,,,,05:55,,,,,,,,,,05:46,,05:12,,,,,05:27,,,,,,,,,,,,,,,,,,,,,,05:24,,
WR_Up_90042,,05:13,,,,,,05:22,05:00,,,,,04:45,,,05:46,,05:39,,,,,,05:28,,04:55,,,,,,,,,,,05:37,,,,,,,,,,,,,,,,,,,,,,,,,,,,05:42,,,,04:51,,,05:35,,,,,,,,,,,,,,,,,,,,,,,,,,,,,,,,,,,,,,,,,
WR_Up_90048,,05:26,,,,,,05:40,05:05,,,,,,,,06:14,,06:06,,,,,,05:49,,,,,,,,,,,05:17,,06:04,05:22,,,,,05:11,,,,,,,05:36,,,,,,,05:56,,05:59,,05:43,05:14,,,06:09,,,05:46,,,,06:02,,,,,,,,,,05:53,,05:19,,,,,05:33,,,,,,,,,,,,,,,,,,,,,,05:30,,
WR_Up_90050,,05:30,,,,,,05:44,05:10,,,,,04:55,,,06:17,,06:10,,,,,,05:53,,05:05,,,,,,,,,05:20,,06:08,05:25,,,,,05:14,,,,,,,05:39,,,,,,,05:59,,06:02,,05:47,05:17,,,06:13,,,05:50,05:01,,,06:06,,,,,,,,,,05:56,,05:22,,,,,05:36,,,,,,,,,,,,,,,,,,,,,,05:33,,
WR_Up_90052,,05:32,,,,,,05:48,,,,,,,,,06:21,,06:14,,,,,,05:57,,,,,,,,,,,,,06:12,,,,,,,,,,,,,05:43,,,,,,,06:03,,06:06,,05:51,,,,06:17,,,05:54,,,,06:10,,,,,,,,,,06:00,,,,,,,05:40,,,,,,,,,,,,,,,,,,,,,,05:37,,
WR_Up_90054,,05:25,,,,,,05:35,05:10,,,,,04:57,,,06:03,,05:52,,,,,,05:41,,05:06,,,,,,,,,,,05:50,,,,,,,,,,,,,,,,,,,,,,,,,,,,05:55,,,,05:02,,,05:48,,,04:51,04:42,,,,,,,,,,,,,,,,,,,,,,,,,,,04:35,,,04:47,,,,,,,
WR_Up_90056,,05:38,,,,,,05:51,05:15,,,,,,,,06:24,,06:16,,,,,,06:00,,,,,,,,,,,05:27,,06:14,05:32,,,,,05:21,,,,,,,05:47,,,,,,,06:06,,06:09,,05:54,05:24,,,06:19,,,05:57,,,,06:12,,,,,,,,,,06:03,,05:29,,,,,05:44,,,,,,,,,,,,,,,,,,,,,,05:41,,
WR_Up_90058,,05:50,,,,,,06:03,05:30,,,,,05:15,,,06:34,,06:28,,,,,,06:13,,05:25,,,,,,,,,05:41,,06:26,05:46,,,,,05:35,,,,,,,05:59,,,,,,,06:18,,06:21,,06:06,05:38,,,06:31,,,06:09,05:21,,,06:24,,,,,,,,,,06:15,,05:43,,,,,05:56,,,,,,,,,,,,,,,,,,,,,,05:53,,
WR_Up_90060,,05:53,,,,,,06:06,05:31,,,,,,,,06:37,,06:31,,,,,,06:16,,,,,,,,,,,05:44,,06:29,05:49,,,,,05:38,,,,,,,06:02,,,,,,,06:21,,06:24,,06:09,05:41,,,06:34,,,06:12,,,,06:27,,,,,,,,,,06:18,,05:46,,,,,05:59,,,,,,,,,,,,,,,,,,,,,,05:56,,
WR_Up_90064,,06:03,,,,,,06:16,05:40,,,,,,,,06:47,,06:41,,,,,,06:26,,,,,,,,,,,05:53,,06:39,05:58,,,,,05:47,,,,,,,06:12,,,,,,,06:31,,06:34,,06:19,05:50,,,06:44,,,06:22,,,,06:37,,,,,,,,,,06:28,,05:55,,,,,06:09,,,,,,,,,,,,,,,,,,,,,,06:06,,
WR_Up_90068,,06:06,,,,,,06:22,,,,,,,,,06:54,,06:47,,,,,,06:32,,,,,,,,,,,05:56,,06:45,06:02,,,,,,,,,,,,06:16,,,,,,,06:37,,06:40,,06:25,,,,06:50,,,06:28,,,,06:43,,,,,,,,,,06:34,,06:00,,,,,06:13,,,,,,,,,,,,,,,,,,,,,,06:10,,
WR_Up_90070,,06:03,,,,,,06:12,05:49,,,,,05:34,,,06:38,,06:29,,,,,,06:18,,05:43,,,,,,,,,,,06:27,,,,,,,,,,,,,,,,,,,,,,,,,,,,06:32,,,,05:39,,,06:25,,,05:28,05:18,,,,,,,,,,,,,,,,,,,,,,,,,,,05:11,,,05:23,,,,,,,
WR_Up_90072,,06:13,,,,,,06:27,05:52,,,,,05:38,,,06:59,,06:52,,,,,,06:37,,05:48,,,,,,,,,06:03,,06:50,06:08,,,,,05:57,,,,,,,06:23,,,,,,,06:42,,06:45,,06:30,06:00,,,06:55,,,06:33,05:44,,,06:48,,,,,,,,,,06:39,,06:05,,,,,06:20,,,,,,,,,,,,,,,,,,,,,,06:17,,
WR_Up_90074,,06:11,,,,,,06:21,05:56,,,,,05:45,,,06:45,,06:38,,,,,,06:27,,,,,,,,,,,,,06:36,,,,,,,,,,,,,,,,,,,,,,,,,,,,06:41,,,,,,,06:34,,,,,,,,,,,,,,,,,,,,,,,,,,,,,,,05:28,,,05:37,,,,,,,
WR_Up_90076,,06:16,,,,,,06:31,05:54,,,,,,,,07:02,,06:56,,,,,,06:41,,,,,,,,,,,06:06,,06:54,06:11,,,,,06:00,,,,,,,06:26,,,,,,,06:46,,06:49,,06:34,06:03,,,06:59,,,06:37,,,,06:52,,,,,,,,,,06:43,,06:08,,,,,06:23,,,,,,,,,,,,,,,,,,,,,,06:20,,
WR_Up_90078,,06:19,,,,,,06:34,05:57,,,,,,,,07:06,,06:59,,,,,,06:44,,,,,,,,,,,06:09,,06:57,06:14,,,,,06:03,,,,,,,06:29,,,,,,,06:49,,06:52,,06:37,06:06,,,07:02,,,06:40,,,,06:55,,,,,,,,,,06:46,,06:11,,,,,06:26,,,,,,,,,,,,,,,,,,,,,,06:23,,
WR_Up_90080,,06:26,,,,,,06:40,06:04,,,,,,,,07:11,,07:05,,,,,,06:50,,,,,,,,,,,06:15,,07:03,06:20,,,,,06:09,,,,,,,06:35,,,,,,,06:55,,06:58,,06:43,06:12,,,07:08,,,06:46,,,,07:01,,,,,,,,,,06:52,,06:17,,,,,06:32,,,,,,,,,,,,,,,,,,,,,,06:29,,
WR_Up_90082,,06:29,,,,,,06:43,06:07,,,,,,,,07:14,,07:08,,,,,,06:53,,,,,,,,,,,06:18,,07:06,06:23,,,,,06:12,,,,,,,06:38,,,,,,,06:58,,07:01,,06:46,06:15,,,07:11,,,06:49,,,,07:04,,,,,,,,,,06:55,,06:20,,,,,06:35,,,,,,,,,,,,,,,,,,,,,,06:32,,
WR_Up_90084,,06:31,,,,,,,06:09,,,,,05:52,,,,,,,,,,,,,,,,,,,,,,06:21,,,,,,,,,,,,,,,,,,,,,,,,,,,06:18,,,,,,,05:58,,,,,,,05:36,,,,,,,,,,,,,,,,,,,,,,,,,,,05:30,,,05:41,,,,,,,
WR_Up_90086,,06:33,,,,,,06:46,,,,,,,,,07:19,,07:11,,,,,,06:56,,,,,,,,,,,,,07:09,,,,,,,,,,,,,06:42,,,,,,,07:01,,07:04,,06:49,,,,07:14,,,06:52,,,,07:07,,,,,,,,,,06:58,,,,,,,06:39,,,,,,,,,,,,,,,,,,,,,,06:36,,
WR_Up_90088,,06:33,,,,,,06:49,,,,,,,,,07:22,,07:14,,,,,,06:59,,,,,,,,,,,06:23,,07:12,06:29,,,,,,,,,,,,06:43,,,,,,,07:04,,07:07,,06:52,,,,07:17,,,06:55,,,,07:10,,,,,,,,,,07:01,,06:26,,,,,06:40,,,,,,,,,,,,,,,,,,,,,,06:37,,
WR_Up_90090,,06:36,,,,,,06:52,06:13,,,,,,,,07:25,,07:17,,,,,,07:02,,,,,,,,,,,06:26,,07:15,06:31,,,,,06:20,,,,,,,06:45,,,,,,,07:07,,07:10,,06:55,06:23,,,07:20,,,06:58,,,,07:13,,,,,,,,,,07:04,,06:28,,,,,06:42,,,,,,,,,,,,,,,,,,,,,,06:39,,
WR_Up_90098,,06:26,,,,,,06:35,,,,,,06:03,,,07:02,,06:52,,,,,,06:41,,06:12,,,,,,,,,,,06:50,,,,,,,,,,,,,,,,,,,,,,,,,,,,06:55,,,,06:08,,,06:48,,,05:57,05:45,,,,,,,,,,,,,,,,,,,,,,,,,,,05:39,,,05:52,,,,,,,
WR_Up_90100,,06:41,,,,,,06:56,06:19,,,,,,,,07:30,,07:21,,,,,,07:06,,,,,,,,,,,06:31,,07:19,06:36,,,,,06:25,,,,,,,06:50,,,,,,,07:11,,07:14,,06:59,06:28,,,07:24,,,07:02,,,,07:17,,,,,,,,,,07:08,,06:33,,,,,06:47,,,,,,,,,,,,,,,,,,,,,,06:44,,
WR_Up_90102,,06:34,,,,,,06:43,06:22,,,,,06:07,,,07:08,,07:00,,,,,,06:49,,06:16,,,,,,,,,,,06:58,,,,,,,,,,,,,,,,,,,,,,,,,,,,07:03,,,,06:12,,,06:56,,,06:02,,,,,,,,,,,,,,,,,,,,,,,,,,,,,,,05:56,,,,,,,
WR_Up_90104,,06:44,,,,,,06:53,06:21,,,,,,,,07:17,,07:10,,,,,,06:59,,,,,,,,,,,06:34,,07:08,06:39,,,,,06:28,,,,,,,,,,,,,,,,,,,06:31,,,07:13,,,,,,,07:06,,,,,,,,,,,,,,,,,,,,,,,,,,,,,,,,,,,,,,,,,
WR_Up_90106,,06:38,,,,,,06:47,06:25,,,,,06:12,,,07:12,,07:05,,,,,,06:53,,06:21,,,,,,,,,,,07:02,,,,,,,,,,,,,,,,,,,,,,,,,,,,07:08,,,,06:17,,,07:00,,,06:06,05:56,,,,,,,,,,,,,,,,,,,,,,,,,,,05:50,,,06:01,,,,,,,
WR_Up_90108,,06:47,,,,,,07:00,06:25,,,,,06:10,,,07:33,,07:25,,,,,,07:10,,06:20,,,,,,,,,06:37,,07:23,06:42,,,,,06:31,,,,,,,06:56,,,,,,,07:15,,07:18,,07:03,06:34,,,07:28,,,07:06,06:16,,,07:21,,,,,,,,,,07:12,,06:39,,,,,06:53,,,,,,,,,,,,,,,,,,,,,,06:50,,
WR_Up_90110,,06:50,,,,,,07:03,06:26,,,,,,,,07:36,,07:28,,,,,,07:13,,,,,,,,,,,06:40,,07:26,06:45,,,,,06:34,,,,,,,06:59,,,,,,,07:18,,07:21,,07:06,06:37,,,07:31,,,07:09,,,,07:24,,,,,,,,,,07:15,,06:42,,,,,06:56,,,,,,,,,,,,,,,,,,,,,,06:53,,
WR_Up_90112,,06:53,,,,,,07:06,06:30,,,,,,,,07:39,,07:31,,,,,,07:16,,,,,,,,,,,06:44,,07:29,06:49,,,,,06:38,,,,,,,07:02,,,,,,,07:21,,07:24,,07:09,06:41,,,07:34,,,07:12,,,,07:27,,,,,,,,,,07:18,,06:46,,,,,06:59,,,,,,,,,,,,,,,,,,,,,,06:56,,
WR_Up_90116,,07:01,,,,,,07:14,06:40,,,,,,,,07:45,,07:39,,,,,,07:24,,,,,,,,,,,06:52,,07:37,06:56,,,,,06:46,,,,,,,07:10,,,,,,,07:29,,07:32,,07:17,06:49,,,07:42,,,07:20,,,,07:35,,,,,,,,,,07:26,,06:54,,,,,07:07,,,,,,,,,,,,,,,,,,,,,,07:04,,
WR_Up_90120,,06:54,,,,,,07:04,06:40,,,,,06:24,,,07:29,,07:22,,,,,,07:10,,06:33,,,,,,,,,,,07:20,,,,,,,,,,,,,,,,,,,,,,,,,,,,07:25,,,,06:29,,,07:18,,,06:18,06:09,,,,,,,,,,,,,,,,,,,,,,,,,,,06:03,,,06:14,,,,,,,
WR_Up_90122,,07:02,,,,,,07:12,06:46,,,,,06:32,,,07:36,,07:29,,,,,,07:18,,06:41,,,,,,,,,,,07:27,,,,,,,,,,,,,,,,,,,,,,,,,,,,07:32,,,,06:37,,,07:25,,,06:26,06:17,,,,,,,,,,,,,,,,,,,,,,,,,,,06:11,,,06:22,,,,,,,
WR_Up_90124,,07:04,,,,,,07:17,06:44,,,,,,,,07:48,,07:42,,,,,,07:27,,,,,,,,,,,06:55,,07:40,07:00,,,,,06:49,,,,,,,07:13,,,,,,,07:32,,07:35,,07:20,06:52,,,07:45,,,07:23,,,,07:38,,,,,,,,,,07:29,,06:57,,,,,07:10,,,,,,,,,,,,,,,,,,,,,,07:07,,
WR_Up_90126,,07:07,,,,,,07:20,06:47,,,,,,,,07:51,,07:45,,,,,,07:30,,,,,,,,,,,06:58,,07:43,07:03,,,,,06:52,,,,,,,07:16,,,,,,,07:35,,07:38,,07:23,06:55,,,07:48,,,07:26,,,,07:41,,,,,,,,,,07:32,,07:00,,,,,07:13,,,,,,,,,,,,,,,,,,,,,,07:10,,
WR_Up_90128,,07:10,,,,,,07:24,06:50,,,,,,,,07:54,,07:48,,,,,,07:33,,,,,,,,,,,07:01,,07:46,07:06,,,,,06:55,,,,,,,07:20,,,,,,,07:38,,07:41,,07:27,06:58,,,07:51,,,07:30,,,,07:44,,,,,,,,,,07:35,,07:03,,,,,07:17,,,,,,,,,,,,,,,,,,,,,,07:13,,
WR_Up_90130,,07:07,,,,,,07:16,06:53,,,,,06:39,,,07:40,,07:33,,,,,,07:22,,06:48,,,,,,,,,,,07:31,,,,,,,,,,,,,,,,,,,,,,,,,,,,07:36,,,,06:44,,,07:29,,,06:33,06:23,,,,,,,,,,,,,,,,,,,,,,,,,,,06:17,,,06:28,,,,,,,
WR_Up_90132,,07:12,,,,,,07:27,,,,,,,,,08:00,,07:52,,,,,,07:37,,,,,,,,,,,07:00,,07:50,07:07,,,,,,,,,,,,07:22,,,,,,,07:42,,07:45,,07:30,,,,07:55,,,07:33,,,,07:48,,,,,,,,,,07:39,,07:04,,,,,07:19,,,,,,,,,,,,,,,,,,,,,,07:16,,
WR_Up_90138,,07:16,,,,,,07:31,,,,,,,,,08:03,,07:56,,,,,,07:41,,,,,,,,,,,07:07,,07:54,07:13,,,,,,,,,,,,07:26,,,,,,,07:46,,07:49,,07:34,,,,07:59,,,07:37,,,,07:52,,,,,,,,,,07:43,,07:11,,,,,07:23,,,,,,,,,,,,,,,,,,,,,,07:20,,
WR_Up_90140,,07:22,,,,,,07:35,07:00,,,,,,,,08:07,,08:00,,,,,,07:45,,,,,,,,,,,07:12,,07:58,07:17,,,,,07:05,,,,,,,07:31,,,,,,,07:50,,07:53,,07:38,07:08,,,08:03,,,07:41,,,,07:56,,,,,,,,,,07:47,,07:14,,,,,07:28,,,,,,,,,,,,,,,,,,,,,,07:25,,
WR_Up_90142,,07:28,,,,,,07:42,07:06,,,,,,,,08:14,,08:07,,,,,,07:52,,,,,,,,,,,07:18,,08:05,07:23,,,,,07:12,,,,,,,07:37,,,,,,,07:57,,08:00,,07:45,07:15,,,08:10,,,07:48,,,,08:03,,,,,,,,,,07:54,,07:20,,,,,07:34,,,,,,,,,,,,,,,,,,,,,,07:31,,
WR_Up_90144,,07:31,,,,,,07:45,07:09,,,,,,,,08:18,,08:10,,,,,,07:55,,,,,,,,,,,07:21,,08:08,07:26,,,,,07:15,,,,,,,07:40,,,,,,,08:00,,08:03,,07:48,07:18,,,08:13,,,07:51,,,,08:06,,,,,,,,,,07:57,,07:23,,,,,07:37,,,,,,,,,,,,,,,,,,,,,,07:34,,
WR_Up_90146,,07:23,,,,,,07:33,07:10,,,,,06:55,,,07:57,,07:51,,,,,,07:40,,07:05,,,,,,,,,,,07:49,,,,,,,,,,,,,,,,,,,,,,,,,,,,07:54,,,,07:01,,,07:47,,,06:49,,,,,,,,,,,,,,,,,,,,,,,,,,,,,,,06:43,,,,,,,
WR_Up_90148,,07:34,,,,,,07:43,07:13,,,,,,,,08:08,,08:00,,,,,,07:49,,,,,,,,,,,07:25,,07:58,07:29,,,,,07:19,,,,,,,,,,,,,,,,,,,07:22,,,08:03,,,,,,,07:56,,,,,,,,,,,,,,,,,,,,,,,,,,,,,,,,,,,,,,,,,
WR_Up_90150,,07:29,,,,,,07:38,07:15,,,,,07:00,,,08:03,,07:55,,,,,,07:44,,07:09,,,,,,,,,,,07:53,,,,,,,,,,,,,,,,,,,,,,,,,,,,07:58,,,,07:05,,,07:51,,,06:54,06:44,,,,,,,,,,,,,,,,,,,,,,,,,,,06:38,,,06:49,,,,,,,
WR_Up_90152,,07:39,,,,,,07:52,07:19,,,,,07:06,,,08:24,,08:17,,,,,,08:02,,07:15,,,,,,,,,07:29,,08:15,07:34,,,,,07:23,,,,,,,07:48,,,,,,,08:07,,08:10,,07:55,07:26,,,08:20,,,07:58,07:11,,,08:13,,,07:00,06:50,,,,,,08:04,,07:31,,,,,07:45,,,,,,,,,,,,,,06:44,,,06:55,,,,,07:42,,
WR_Up_90154,,07:42,,,,,,07:56,07:21,,,,,,,,08:29,,08:22,,,,,,08:06,,,,,,,,,,,07:33,,08:19,07:38,,,,,07:27,,,,,,,07:51,,,,,,,08:11,,08:14,,07:59,07:30,,,08:25,,,08:02,,,,08:17,,,,,,,,,,08:08,,07:35,,,,,07:48,,,,,,,,,,,,,,,,,,,,,,07:45,,
WR_Up_90158,,07:37,,,,,,07:46,07:23,,,,,07:09,,,08:11,,08:03,,,,,,07:52,,07:18,,,,,,,,,,,08:01,,,,,,,,,,,,,,,,,,,,,,,,,,,,08:06,,,,07:14,,,07:59,,,07:03,06:54,,,,,,,,,,,,,,,,,,,,,,,,,,,06:48,,,06:59,,,,,,,
WR_Up_90160,,07:45,,,,,,08:00,,,,,,,,,08:32,,08:26,,,,,,08:10,,,,,,,,,,,07:35,,08:23,07:41,,,,,,,,,,,,07:54,,,,,,,08:15,,08:18,,08:03,,,,08:29,,,08:06,,,,08:21,,,,,,,,,,08:12,,07:38,,,,,07:51,,,,,,,,,,,,,,,,,,,,,,07:48,,
WR_Up_90162,,07:49,,,,,,08:03,07:28,,,,,,,,08:35,,08:28,,,,,,08:13,,,,,,,,,,,07:40,,08:26,07:45,,,,,07:34,,,,,,,07:59,,,,,,,08:18,,08:21,,08:06,07:37,,,08:31,,,08:09,,,,08:24,,,,,,,,,,08:15,,07:42,,,,,07:56,,,,,,,,,,,,,,,,,,,,,,07:53,,
WR_Up_90164,,07:42,,,,,,07:51,07:28,,,,,07:14,,,08:16,,08:08,,,,,,07:57,,07:23,,,,,,,,,,,08:06,,,,,,,,,,,,,,,,,,,,,,,,,,,,08:11,,,,07:19,,,08:04,,,07:08,06:58,,,,,,,,,,,,,,,,,,,,,,,,,,,06:52,,,07:03,,,,,,,
WR_Up_90166,,07:53,,,,,,08:07,07:32,,,,,,,,08:40,,08:32,,,,,,08:17,,,,,,,,,,,07:44,,08:30,07:49,,,,,07:38,,,,,,,08:03,,,,,,,08:22,,08:25,,08:10,07:41,,,08:35,,,08:13,,,,08:28,,,,,,,,,,08:19,,07:46,,,,,07:59,,,,,,,,,,,,,,,,,,,,,,07:56,,
WR_Up_90168,,07:57,,,,,,08:06,07:36,,,,,,,,08:32,,08:24,,,,,,08:12,,,,,,,,,,,07:48,,08:21,07:52,,,,,07:41,,,,,,,,,,,,,,,,,,,07:44,,,08:28,,,,,,,08:19,,,,,,,,,,,,,,,,,,,,,,,,,,,,,,,,,,,,,,,,,
WR_Up_90170,,,,,,,,08:10,,,,,,,,,08:43,,08:36,,,,,,08:21,,,,,,,,,,,,,08:34,,,,,,,,,,,,,,,,,,,,08:26,,08:29,,08:14,,,,08:39,,,08:17,,,,08:32,,,,,,,,,,08:23,,,,,,,,,,,,,,,,,,,,,,,,,,,,,,,
WR_Up_90172,,08:00,,,,,,08:15,07:40,,,,,,,,08:46,,08:40,,,,,,08:25,,,,,,,,,,,07:51,,08:38,07:56,,,,,07:45,,,,,,,08:10,,,,,,,08:30,,08:33,,08:18,07:48,,,08:43,,,08:21,,,,08:36,,,,,,,,,,08:27,,07:53,,,,,08:06,,,,,,,,,,,,,,,,,,,,,,08:03,,
WR_Up_90176,,08:03,,,,,,08:18,,,,,,,,,08:49,,08:43,,,,,,08:28,,,,,,,,,,,,,08:41,,,,,,,,,,,,,08:14,,,,,,,08:33,,08:36,,08:21,,,,08:46,,,08:24,,,,08:39,,,,,,,,,,08:30,,,,,,,08:10,,,,,,,,,,,,,,,,,,,,,,08:07,,
WR_Up_90178,,08:06,,,,,,08:20,07:43,,,,,,,,08:52,,08:45,,,,,,08:30,,,,,,,,,,,07:55,,08:43,08:00,,,,,07:49,,,,,,,08:16,,,,,,,08:35,,08:38,,08:23,07:52,,,08:48,,,08:26,,,,08:41,,,,,,,,,,08:32,,07:57,,,,,08:12,,,,,,,,,,,,,,,,,,,,,,08:09,,
WR_Up_90180,,08:08,,,,,,08:25,,,,,,,,,08:56,,08:50,,,,,,08:35,,,,,,,,,,,07:56,,08:48,08:03,,,,,,,,,,,,08:20,,,,,,,08:40,,08:43,,08:28,,,,08:53,,,08:31,,,,08:46,,,,,,,,,,08:37,,08:00,,,,,08:15,,,,,,,,,,,,,,,,,,,,,,08:12,,
WR_Up_90182,,08:03,,,,,,08:12,07:46,,,,,07:30,,,08:36,,08:29,,,,,,08:18,,07:40,,,,,,,,,,,08:27,,,,,,,,,,,,,,,,,,,,,,,,,,,,08:33,,,,07:35,,,08:25,,,07:24,07:12,,,,,,,,,,,,,,,,,,,,,,,,,,,07:06,,,07:18,,,,,,,
WR_Up_90186,,08:12,,,,,,08:21,07:55,,,,,07:40,,,08:46,,08:38,,,,,,08:27,,07:50,,,,,,,,,,,08:36,,,,,,,,,,,,,,,,,,,,,,,,,,,,08:41,,,,07:46,,,08:34,,,,,,,,,,,,,,,,,,,,,,,,,,,,,,,,,,,,,,,,,
WR_Up_90188,,08:16,,,,,,08:30,,,,,,,,,09:01,,08:54,,,,,,08:39,,,,,,,,,,,08:07,,08:52,08:13,,,,,,,,,,,,08:25,,,,,,,08:44,,08:47,,08:33,,,,08:57,,,08:36,,,,08:50,,,,,,,,,,08:41,,08:10,,,,,08:22,,,,,,,,,,,,,,,,,,,,,,08:19,,
WR_Up_90190,,08:20,,,,,,08:34,08:01,,,,,07:47,,,,,,,,,,,,,,,,,,,,,,08:11,,,,,,,,,,,,,,,,,,,,,,,,,,,08:08,,,,,,,07:52,,,,,,,07:31,,,,,,,,,,,,,,,,,,,,,,,,,,,07:25,,,07:36,,,,,,,
WR_Up_90192,,,,,,,,08:27,,,,,,,,,08:52,,08:44,,,,,,08:33,,,,,,,,,,,,,08:42,08:14,,,,,,,,,,,,,,,,,,,,,,,,08:08,,,08:47,,,,,,,08:40,,,,,,,,,,,,,,,,,,,,,,,,,,,,,,,,,,,,,,,,,
WR_Up_90194,,08:23,,,,,,08:36,08:03,,,,,,,,09:06,,09:00,,,,,,08:45,,,,,,,,,,,08:14,,08:58,08:19,,,,,08:08,,,,,,,08:32,,,,,,,08:50,,08:53,,08:39,08:11,,,09:03,,,08:42,,,,08:56,,,,,,,,,,08:47,,08:16,,,,,08:29,,,,,,,,,,,,,,,,,,,,,,08:26,,
WR_Up_90200,,08:31,,,,,,08:44,08:11,,,,,07:57,,,09:15,,09:09,,,,,,08:54,,08:06,,,,,,,,,08:21,,09:07,08:26,,,,,08:15,,,,,,,08:40,,,,,,,08:59,,09:02,,08:47,08:18,,,09:12,,,08:50,08:02,,,09:05,,,07:51,07:41,,,,,,08:56,,08:23,,,,,08:37,,,,,,,,,,,,,,07:35,,,07:46,,,,,08:34,,
WR_Up_90202,,08:34,,,,,,08:47,,,,,,,,,09:18,,09:12,,,,,,08:57,,,,,,,,,,,,,09:10,,,,,,,,,,,,,08:43,,,,,,,09:02,,09:05,,08:50,,,,09:15,,,08:53,,,,09:08,,,,,,,,,,08:59,,,,,,,08:40,,,,,,,,,,,,,,,,,,,,,,08:37,,
WR_Up_90204,,,,,,,,08:35,,,,,,,,,09:00,,08:52,,,,,,08:41,,,,,,,,,,,08:16,,08:50,08:21,,,,,,,,,,,,,,,,,,,,,,,,,,,08:55,,,,,,,08:48,,,,,,,,,,,,,,,,,,,,,,,,,,,,,,,,,,,,,,,,,
WR_Up_90206,,08:28,,,,,,08:38,08:14,,,,,08:01,,,09:03,,08:55,,,,,,08:44,,08:10,,,,,,,,,,,08:53,,,,,,,,,,,,,,,,,,,,,,,,,,,,08:58,,,,08:06,,,08:51,,,07:55,07:45,,,,,,,,,,,,,,,,,,,,,,,,,,,07:38,,,07:50,,,,,,,
WR_Up_90210,,08:36,,,,,,08:50,,,,,,,,,09:22,,09:15,,,,,,09:00,,,,,,,,,,,08:27,,09:13,08:32,,,,,,,,,,,,08:46,,,,,,,09:05,,09:08,,08:53,,,,09:18,,,08:56,,,,09:11,,,,,,,,,,09:02,,08:30,,,,,08:43,,,,,,,,,,,,,,,,,,,,,,08:40,,
WR_Up_90212,,08:37,,,,,,08:53,08:16,,,,,,,,09:25,,09:18,,,,,,09:03,,,,,,,,,,,08:27,,09:16,08:32,,,,,08:21,,,,,,,08:48,,,,,,,09:08,,09:11,,08:56,08:24,,,09:21,,,08:59,,,,09:14,,,,,,,,,,09:05,,08:30,,,,,08:45,,,,,,,,,,,,,,,,,,,,,,08:41,,
WR_Up_90214,,08:40,,,,,,08:56,08:19,,,,,,,,09:28,,09:21,,,,,,09:06,,,,,,,,,,,08:30,,09:19,08:35,,,,,08:24,,,,,,,08:51,,,,,,,09:11,,09:14,,08:59,08:27,,,09:24,,,09:02,,,,09:17,,,,,,,,,,09:08,,08:32,,,,,08:48,,,,,,,,,,,,,,,,,,,,,,08:44,,
WR_Up_90216,,08:43,,,,,,08:59,08:22,,,,,08:08,,,,,,,,,,,,,,,,,,,,,,08:33,,,,,,,,,,,,,,,,,,,,,,,,,,,08:30,,,,,,,08:14,,,,,,,07:51,,,,,,,,,,,,,,,,,,,,,,,,,,,07:45,,,07:56,,,,,,,
WR_Up_90220,,,,,,,,08:45,,,,,,,,,09:10,,09:02,,,,,,08:51,,,,,,,,,,,,,09:00,08:32,,,,,,,,,,,,,,,,,,,,,,,,08:26,,,09:05,,,,,,,08:58,,,,,,,,,,,,,,,,,,,,,,,,,,,,,,,,,,,,,,,,,
WR_Up_90222,,08:46,,,,,,09:01,,,,,,,,,09:31,,09:25,,,,,,09:10,,,,,,,,,,,08:36,,09:23,08:42,,,,,,,,,,,,08:56,,,,,,,09:15,,09:18,,09:04,,,,09:28,,,09:07,,,,09:21,,,,,,,,,,09:12,,08:39,,,,,08:53,,,,,,,,,,,,,,,,,,,,,,08:50,,
WR_Up_90224,,08:48,,,,,,09:04,,,,,,,,,09:35,,09:28,,,,,,09:13,,,,,,,,,,,,,09:26,,,,,,,,,,,,,08:58,,,,,,,09:18,,09:21,,09:07,,,,09:31,,,09:10,,,,09:24,,,,,,,,,,09:15,,,,,,,08:55,,,,,,,,,,,,,,,,,,,,,,08:52,,
WR_Up_90226,,08:52,,,,,,09:08,08:30,,,,,,,,09:41,,09:33,,,,,,09:18,,,,,,,,,,,08:41,,09:31,08:46,,,,,08:35,,,,,,,09:03,,,,,,,09:23,,09:26,,09:11,08:38,,,09:36,,,09:14,,,,09:29,,,,,,,,,,09:20,,08:43,,,,,09:00,,,,,,,,,,,,,,,,,,,,,,08:57,,
WR_Up_90230,,08:55,,,,,,09:05,08:34,,,,,,,,09:30,,09:22,,,,,,09:11,,,,,,,,,,,08:46,,09:20,08:50,,,,,08:40,,,,,,,,,,,,,,,,,,,08:43,,,09:25,,,,,,,09:18,,,,,,,,,,,,,,,,,,,,,,,,,,,,,,,,,,,,,,,,,
WR_Up_90232,,08:57,,,,,,09:11,,,,,,,,,09:44,,09:36,,,,,,09:21,,,,,,,,,,,,,09:34,,,,,,,,,,,,,09:07,,,,,,,09:26,,09:29,,09:14,,,,09:39,,,09:17,,,,09:32,,,,,,,,,,09:23,,,,,,,09:04,,,,,,,,,,,,,,,,,,,,,,09:01,,
WR_Up_90236,,09:00,,,,,,09:14,08:38,,,,,,,,09:47,,09:39,,,,,,09:24,,,,,,,,,,,08:49,,09:37,08:54,,,,,08:43,,,,,,,09:10,,,,,,,09:29,,09:32,,09:17,08:46,,,09:42,,,09:20,,,,09:35,,,,,,,,,,09:26,,08:51,,,,,09:07,,,,,,,,,,,,,,,,,,,,,,09:04,,
WR_Up_90238,,09:03,,,,,,09:13,08:40,,,,,,,,09:37,,09:30,,,,,,09:19,,,,,,,,,,,08:52,,09:28,08:57,,,,,08:46,,,,,,,,,,,,,,,,,,,08:49,,,09:33,,,,,,,09:26,,,,,,,,,,,,,,,,,,,,,,,,,,,,,,,,,,,,,,,,,
WR_Up_90240,,,,,,,,09:16,,,,,,,,,09:50,,09:42,,,,,,09:27,,,,,,,,,,,,,09:40,,,,,,,,,,,,,,,,,,,,09:32,,09:35,,09:20,,,,09:45,,,09:23,,,,09:38,,,,,,,,,,09:29,,,,,,,,,,,,,,,,,,,,,,,,,,,,,,,
WR_Up_90242,,08:59,,,,,,09:08,08:43,,,,,08:27,,,09:33,,09:25,,,,,,09:14,,08:37,,,,,,,,,,,09:23,,,,,,,,,,,,,,,,,,,,,,,,,,,,09:28,,,,08:33,,,09:21,,,08:21,,,,,,,,,,,,,,,,,,,,,,,,,,,,,,,08:14,,,,,,,
WR_Up_90244,,09:06,,,,,,09:19,08:45,,,,,08:31,,,09:53,,09:45,,,,,,09:30,,08:40,,,,,,,,,08:55,,09:43,09:00,,,,,08:49,,,,,,,09:15,,,,,,,09:35,,09:38,,09:23,08:52,,,09:48,,,09:26,08:36,,,09:41,,,08:25,08:15,,,,,,09:32,,08:57,,,,,09:12,,,,,,,,,,,,,,08:08,,,08:20,,,,,09:09,,
WR_Up_90246,,09:06,,,,,,09:24,,,,,,,,,09:56,,09:49,,,,,,09:34,,,,,,,,,,,08:55,,09:47,09:01,,,,,,,,,,,,09:19,,,,,,,09:39,,09:42,,09:27,,,,09:52,,,09:30,,,,09:45,,,,,,,,,,09:36,,08:58,,,,,09:14,,,,,,,,,,,,,,,,,,,,,,09:11,,
WR_Up_90248,,09:09,,,,,,09:27,08:47,,,,,,,,09:59,,09:52,,,,,,09:37,,,,,,,,,,,08:59,,09:50,09:04,,,,,08:53,,,,,,,09:21,,,,,,,09:42,,09:45,,09:30,08:56,,,09:55,,,09:33,,,,09:48,,,,,,,,,,09:39,,09:01,,,,,09:18,,,,,,,,,,,,,,,,,,,,,,09:14,,
WR_Up_90250,,,,,,,,09:16,,,,,,,,,09:40,,09:33,,,,,,09:22,,,,,,,,,,,08:56,,09:31,09:02,,,,,,,,,,,,,,,,,,,,,,,,,,,09:36,,,,,,,09:29,,,,,,,,,,,,,,,,,,,,,,,,,,,,,,,,,,,,,,,,,
WR_Up_90252,,09:09,,,,,,09:19,08:55,,,,,08:41,,,09:44,,09:36,,,,,,09:25,,08:50,,,,,,,,,,,09:34,,,,,,,,,,,,,,,,,,,,,,,,,,,,09:39,,,,08:46,,,09:32,,,08:36,08:25,,,,,,,,,,,,,,,,,,,,,,,,,,,08:18,,,08:31,,,,,,,
WR_Up_90254,,09:15,,,,,,09:30,08:52,,,,,,,,10:01,,09:55,,,,,,09:40,,,,,,,,,,,09:05,,09:53,09:10,,,,,08:59,,,,,,,09:26,,,,,,,09:45,,09:48,,09:33,09:02,,,09:58,,,09:36,,,,09:51,,,,,,,,,,09:42,,09:07,,,,,09:23,,,,,,,,,,,,,,,,,,,,,,09:19,,
WR_Up_90256,,09:19,,,,,,09:35,08:58,,,,,,,,10:06,,10:00,,,,,,09:45,,,,,,,,,,,09:09,,09:58,09:14,,,,,09:03,,,,,,,09:31,,,,,,,09:50,,09:53,,09:38,09:06,,,10:03,,,09:41,,,,09:56,,,,,,,,,,09:47,,09:11,,,,,09:28,,,,,,,,,,,,,,,,,,,,,,09:24,,
WR_Up_90258,,09:22,,,,,,09:38,09:01,,,,,,,,10:09,,10:03,,,,,,09:48,,,,,,,,,,,09:12,,10:01,09:17,,,,,09:06,,,,,,,09:34,,,,,,,09:53,,09:56,,09:41,09:09,,,10:06,,,09:44,,,,09:59,,,,,,,,,,09:50,,09:14,,,,,09:31,,,,,,,,,,,,,,,,,,,,,,09:27,,
WR_Up_90262,,09:28,,,,,,09:41,09:06,,,,,,,,10:13,,10:06,,,,,,09:51,,,,,,,,,,,09:18,,10:04,09:23,,,,,09:12,,,,,,,09:37,,,,,,,09:56,,09:59,,09:44,09:15,,,10:09,,,09:47,,,,10:02,,,,,,,,,,09:53,,09:20,,,,,09:34,,,,,,,,,,,,,,,,,,,,,,09:31,,
WR_Up_90264,,09:28,,,,,,09:44,,,,,,,,,10:16,,10:09,,,,,,09:54,,,,,,,,,,,09:18,,10:07,09:24,,,,,,,,,,,,09:38,,,,,,,09:59,,10:02,,09:47,,,,10:12,,,09:50,,,,10:05,,,,,,,,,,09:56,,09:21,,,,,09:35,,,,,,,,,,,,,,,,,,,,,,09:32,,
WR_Up_90266,,09:29,,,,,,09:40,09:13,,,,,08:59,,,10:03,,09:56,,,,,,09:45,,09:08,,,,,,,,,,,09:54,,,,,,,,,,,,,,,,,,,,,,,,,,,,09:59,,,,09:04,,,09:52,,,08:53,,,,,,,,,,,,,,,,,,,,,,,,,,,,,,,08:47,,,,,,,
WR_Up_90268,,09:36,,,,,,09:50,09:15,,,,,,,,10:23,,10:15,,,,,,10:00,,,,,,,,,,,09:27,,10:13,09:32,,,,,09:21,,,,,,,09:46,,,,,,,10:05,,10:08,,09:53,09:24,,,10:18,,,09:56,,,,10:11,,,,,,,,,,10:02,,09:29,,,,,09:43,,,,,,,,,,,,,,,,,,,,,,09:40,,
WR_Up_90270,,09:32,,,,,,09:43,09:17,,,,,09:03,,,10:08,,09:59,,,,,,09:48,,09:12,,,,,,,,,,,09:57,,,,,,,,,,,,,,,,,,,,,,,,,,,,10:02,,,,09:08,,,09:55,,,08:57,08:47,,,,,,,,,,,,,,,,,,,,,,,,,,,08:40,,,08:52,,,,,,,
WR_Up_90272,,09:38,,,,,,09:53,,,,,,,,,10:27,,10:18,,,,,,10:03,,,,,,,,,,,,,10:16,,,,,,,,,,,,,09:49,,,,,,,10:08,,10:11,,09:56,,,,10:21,,,09:59,,,,10:14,,,,,,,,,,10:05,,,,,,,09:46,,,,,,,,,,,,,,,,,,,,,,09:43,,
WR_Up_90274,,09:41,,,,,,09:56,09:21,,,,,09:06,,,10:30,,10:21,,,,,,10:06,,09:15,,,,,,,,,09:31,,10:19,09:36,,,,,09:25,,,,,,,09:52,,,,,,,10:11,,10:14,,09:59,09:28,,,10:24,,,10:02,09:11,,,10:17,,,,,,,,,,10:08,,09:33,,,,,09:49,,,,,,,,,,,,,,,,,,,,,,09:46,,
WR_Up_90276,,09:45,,,,,,09:59,,,,,,,,,10:33,,10:24,,,,,,10:09,,,,,,,,,,,09:34,,10:22,09:40,,,,,,,,,,,,09:55,,,,,,,10:14,,10:17,,10:02,,,,10:27,,,10:05,,,,10:20,,,,,,,,,,10:11,,09:37,,,,,09:52,,,,,,,,,,,,,,,,,,,,,,09:49,,
WR_Up_90280,,09:47,,,,,,10:02,09:28,,,,,09:13,,,10:36,,10:27,,,,,,10:12,,09:23,,,,,,,,,09:38,,10:25,09:43,,,,,09:32,,,,,,,09:57,,,,,,,10:17,,10:20,,10:05,09:35,,,10:30,,,10:08,09:26,,,10:23,,,09:06,08:55,,,,,,10:14,,09:40,,,,,09:54,,,,,,,,,,,,,,08:49,,,09:01,,,,,09:51,,
WR_Up_90282,,,,,,,,09:50,,,,,,,,,10:14,,10:07,,,,,,09:56,,,,,,,,,,,09:30,,10:05,09:35,,,,,,,,,,,,,,,,,,,,,,,,,,,10:10,,,,,,,10:03,,,,,,,,,,,,,,,,,,,,,,,,,,,,,,,,,,,,,,,,,
WR_Up_90284,,09:50,,,,,,10:06,,,,,,,,,10:39,,10:31,,,,,,10:16,,,,,,,,,,,,,10:29,,,,,,,,,,,,,10:01,,,,,,,10:21,,10:24,,10:09,,,,10:34,,,10:12,,,,10:27,,,,,,,,,,10:18,,,,,,,09:58,,,,,,,,,,,,,,,,,,,,,,09:55,,
WR_Up_90286,,09:52,,,,,,10:09,,,,,,,,,10:42,,10:34,,,,,,10:19,,,,,,,,,,,09:40,,10:32,09:47,,,,,,,,,,,,10:03,,,,,,,10:24,,10:27,,10:12,,,,10:37,,,10:15,,,,10:30,,,,,,,,,,10:21,,09:44,,,,,10:00,,,,,,,,,,,,,,,,,,,,,,09:57,,
WR_Up_90288,,09:53,,,,,,10:12,09:28,,,,,,,,10:45,,10:37,,,,,,10:22,,,,,,,,,,,09:42,,10:35,09:47,,,,,09:35,,,,,,,10:05,,,,,,,10:27,,10:30,,10:15,09:38,,,10:40,,,10:18,,,,10:33,,,,,,,,,,10:24,,09:44,,,,,10:01,,,,,,,,,,,,,,,,,,,,,,09:58,,
WR_Up_90290,,09:48,,,,,,09:58,09:31,,,,,09:15,,,10:23,,10:15,,,,,,10:04,,09:25,,,,,,,,,,,10:13,,,,,,,,,,,,,,,,,,,,,,,,,,,,10:18,,,,09:20,,,10:11,,,09:09,09:00,,,,,,,,,,,,,,,,,,,,,,,,,,,08:53,,,09:05,,,,,,,
WR_Up_90292,,10:00,,,,,,10:15,09:38,,,,,,,,10:48,,10:40,,,,,,10:25,,,,,,,,,,,09:50,,10:38,09:55,,,,,09:44,,,,,,,10:11,,,,,,,10:30,,10:33,,10:18,09:47,,,10:43,,,10:21,,,,10:36,,,,,,,,,,10:27,,09:52,,,,,10:08,,,,,,,,,,,,,,,,,,,,,,10:05,,
WR_Up_90294,,,,,,,,,09:41,,,,,09:26,,,,,,,,,,,,,,,,,,,,,,,,,,,,,,,,,,,,,,,,,,,,,,,,,,,,,,,,09:31,,,,,,,09:10,,,,,,,,,,,,,,,,,,,,,,,,,,,09:04,,,09:15,,,,,,,
WR_Up_90296,,10:03,,,,,,10:18,09:41,,,,,,,,10:51,,10:43,,,,,,10:28,,,,,,,,,,,09:53,,10:41,09:58,,,,,09:47,,,,,,,10:14,,,,,,,10:33,,10:36,,10:21,09:50,,,10:46,,,10:24,,,,10:39,,,,,,,,,,10:30,,09:55,,,,,10:11,,,,,,,,,,,,,,,,,,,,,,10:08,,
WR_Up_90300,,,,,,,,10:13,,,,,,,,,10:36,,10:30,,,,,,10:19,,,,,,,,,,,09:53,,10:28,09:58,,,,,,,,,,,,,,,,,,,,,,,,,,,10:33,,,,,,,10:26,,,,,,,,,,,,,,,,,,,,,,,,,,,,,,,,,,,,,,,,,
WR_Up_90302,,10:07,,,,,,10:22,,,,,,,,,10:54,,10:47,,,,,,10:32,,,,,,,,,,,09:57,,10:45,10:03,,,,,,,,,,,,10:18,,,,,,,10:37,,10:40,,10:25,,,,10:50,,,10:28,,,,10:43,,,,,,,,,,10:34,,10:00,,,,,10:15,,,,,,,,,,,,,,,,,,,,,,10:12,,
WR_Up_90306,,10:12,,,,,,10:25,09:50,,,,,,,,10:57,,10:50,,,,,,10:35,,,,,,,,,,,10:02,,10:48,10:07,,,,,09:56,,,,,,,10:21,,,,,,,10:40,,10:43,,10:28,09:59,,,10:53,,,10:31,,,,10:46,,,,,,,,,,10:37,,10:04,,,,,10:18,,,,,,,,,,,,,,,,,,,,,,10:15,,
WR_Up_90308,,10:14,,,,,,10:28,,,,,,,,,11:00,,10:53,,,,,,10:38,,,,,,,,,,,,,10:51,,,,,,,,,,,,,10:24,,,,,,,10:43,,10:46,,10:31,,,,10:56,,,10:34,,,,10:49,,,,,,,,,,10:40,,,,,,,10:21,,,,,,,,,,,,,,,,,,,,,,10:18,,
WR_Up_90310,,10:12,,,,,,10:22,09:55,,,,,09:39,,,10:46,,10:39,,,,,,10:28,,09:50,,,,,,,,,,,10:37,,,,,,,,,,,,,,,,,,,,,,,,,,,,10:42,,,,09:45,,,10:35,,,09:33,09:22,,,,,,,,,,,,,,,,,,,,,,,,,,,09:15,,,09:27,,,,,,,
WR_Up_90312,,10:17,,,,,,10:31,09:55,,,,,,,,11:03,,10:56,,,,,,10:41,,,,,,,,,,,10:07,,10:54,10:12,,,,,10:01,,,,,,,10:27,,,,,,,10:46,,10:49,,10:34,10:04,,,10:59,,,10:37,,,,10:52,,,,,,,,,,10:43,,10:09,,,,,10:24,,,,,,,,,,,,,,,,,,,,,,10:21,,
WR_Up_90316,,10:21,,,,,,10:34,10:00,,,,,,,,11:06,,11:00,,,,,,10:45,,,,,,,,,,,10:11,,10:58,10:16,,,,,10:05,,,,,,,10:30,,,,,,,10:50,,10:53,,10:38,10:08,,,11:03,,,10:41,,,,10:56,,,,,,,,,,10:47,,10:13,,,,,10:27,,,,,,,,,,,,,,,,,,,,,,10:24,,
WR_Up_90320,,10:26,,,,,,10:40,10:04,,,,,,,,11:12,,11:06,,,,,,10:51,,,,,,,,,,,10:16,,11:04,10:21,,,,,10:10,,,,,,,10:35,,,,,,,10:56,,10:59,,10:44,10:13,,,11:09,,,10:47,,,,11:02,,,,,,,,,,10:53,,10:18,,,,,10:32,,,,,,,,,,,,,,,,,,,,,,10:29,,
WR_Up_90322,,10:18,,,,,,10:28,10:05,,,,,09:49,,,10:53,,10:45,,,,,,10:34,,10:00,,,,,,,,,,,10:43,,,,,,,,,,,,,,,,,,,,,,,,,,,,10:48,,,,09:56,,,10:41,,,,,,,,,,,,,,,,,,,,,,,,,,,,,,,,,,,,,,,,,
WR_Up_90324,,10:25,,,,,,10:35,10:10,,,,,09:53,,,10:57,,10:51,,,,,,10:40,,10:04,,,,,,,,,,,10:49,,,,,,,,,,,,,,,,,,,,,,,,,,,,10:54,,,,09:59,,,10:47,,,09:46,09:36,,,,,,,,,,,,,,,,,,,,,,,,,,,09:30,,,09:41,,,,,,,
WR_Up_90326,,10:27,,,,,,10:44,,,,,,,,,11:15,,11:09,,,,,,10:54,,,,,,,,,,,10:18,,11:07,10:24,,,,,,,,,,,,10:39,,,,,,,10:59,,11:02,,10:47,,,,11:12,,,10:50,,,,11:05,,,,,,,,,,10:56,,10:21,,,,,10:36,,,,,,,,,,,,,,,,,,,,,,10:33,,
WR_Up_90328,,10:28,,,,,,10:38,10:06,,,,,,,,11:03,,10:55,,,,,,10:44,,,,,,,,,,,10:19,,10:53,10:24,,,,,10:13,,,,,,,,,,,,,,,,,,,10:16,,,10:58,,,,,,,10:51,,,,,,,,,,,,,,,,,,,,,,,,,,,,,,,,,,,,,,,,,
WR_Up_90330,,10:31,,,,,,10:47,,,,,,,,,11:18,,11:12,,,,,,10:57,,,,,,,,,,,,,11:10,,,,,,,,,,,,,10:42,,,,,,,11:02,,11:05,,10:50,,,,11:15,,,10:53,,,,11:08,,,,,,,,,,10:59,,,,,,,10:39,,,,,,,,,,,,,,,,,,,,,,10:36,,
WR_Up_90332,,10:34,,,,,,10:49,10:12,,,,,,,,11:21,,11:14,,,,,,10:59,,,,,,,,,,,10:24,,11:12,10:29,,,,,10:18,,,,,,,10:44,,,,,,,11:04,,11:07,,10:52,10:21,,,11:17,,,10:55,,,,11:10,,,,,,,,,,11:01,,10:26,,,,,10:41,,,,,,,,,,,,,,,,,,,,,,10:38,,
WR_Up_90334,,10:31,,,,,,10:41,10:18,,,,,10:05,,,11:06,,10:58,,,,,,10:47,,10:14,,,,,,,,,,,10:56,,,,,,,,,,,,,,,,,,,,,,,,,,,,11:01,,,,10:10,,,10:54,,,09:59,09:49,,,,,,,,,,,,,,,,,,,,,,,,,,,09:43,,,09:54,,,,,,,
WR_Up_90338,,10:39,,,,,,10:52,,,,,,,,,11:24,,11:17,,,,,,11:02,,,,,,,,,,,10:29,,11:15,10:35,,,,,,,,,,,,10:48,,,,,,,11:07,,11:10,,10:55,,,,11:20,,,10:58,,,,11:13,,,,,,,,,,11:04,,10:32,,,,,10:45,,,,,,,,,,,,,,,,,,,,,,10:42,,
WR_Up_90340,,10:40,,,,,,10:55,10:19,,,,,,,,11:27,,11:20,,,,,,11:05,,,,,,,,,,,10:31,,11:18,10:36,,,,,10:25,,,,,,,10:50,,,,,,,11:10,,11:13,,10:58,10:28,,,11:23,,,11:01,,,,11:16,,,,,,,,,,11:07,,10:33,,,,,10:47,,,,,,,,,,,,,,,,,,,,,,10:44,,
WR_Up_90342,,10:35,,,,,,10:44,10:22,,,,,10:08,,,11:09,,11:01,,,,,,10:50,,10:17,,,,,,,,,,,10:59,,,,,,,,,,,,,,,,,,,,,,,,,,,,11:04,,,,10:13,,,10:57,,,10:03,09:53,,,,,,,,,,,,,,,,,,,,,,,,,,,09:47,,,09:58,,,,,,,
WR_Up_90344,,10:43,,,,,,10:53,10:22,,,,,,,,11:18,,11:09,,,,,,10:58,,,,,,,,,,,10:34,,11:07,10:39,,,,,10:28,,,,,,,,,,,,,,,,,,,10:31,,,11:12,,,,,,,11:05,,,,,,,,,,,,,,,,,,,,,,,,,,,,,,,,,,,,,,,,,
WR_Up_90346,,10:40,,,,,,10:50,10:26,,,,,10:11,,,11:15,,11:06,,,,,,10:55,,10:21,,,,,,,,,,,11:04,,,,,,,,,,,,,,,,,,,,,,,,,,,,11:09,,,,10:17,,,11:02,,,,,,,,,,,,,,,,,,,,,,,,,,,,,,,,,,,,,,,,,
WR_Up_90348,,10:45,,,,,,10:59,,,,,,,,,11:30,,11:24,,,,,,11:09,,,,,,,,,,,,,11:22,,,,,,,,,,,,,10:55,,,,,,,11:14,,11:17,,11:03,,,,11:27,,,11:06,,,,11:20,,,,,,,,,,11:11,,,,,,,10:52,,,,,,,,,,,,,,,,,,,,,,10:49,,
WR_Up_90350,,10:48,,,,,,11:03,10:28,,,,,10:14,,,11:36,,11:28,,,,,,11:13,,10:24,,,,,,,,,10:38,,11:26,10:43,,,,,10:32,,,,,,,10:59,,,,,,,11:18,,11:21,,11:06,10:35,,,11:31,,,11:09,10:20,,,11:24,,,10:08,,,,,,,11:15,,10:40,,,,,10:56,,,,,,,,,,,,,,,,,10:02,,,,,10:53,,
WR_Up_90352,,10:51,,,,,,11:06,10:31,,,,,,,,11:40,,11:31,,,,,,11:16,,,,,,,,,,,10:42,,11:29,10:47,,,,,10:36,,,,,,,11:02,,,,,,,11:21,,11:24,,11:09,10:39,,,11:34,,,11:12,,,,11:26,,,,,,,,,,11:18,,10:44,,,,,10:59,,,,,,,,,,,,,,,,,,,,,,10:56,,
WR_Up_90356,,10:47,,,,,,10:57,10:33,,,,,10:18,,,11:21,,11:13,,,,,,11:02,,10:27,,,,,,,,,,,11:11,,,,,,,,,,,,,,,,,,,,,,,,,,,,11:16,,,,10:23,,,11:09,,,10:12,10:02,,,,,,,,,,,,,,,,,,,,,,,,,,,09:56,,,10:07,,,,,,,
WR_Up_90358,,10:56,,,,,,11:06,10:36,,,,,,,,11:30,,11:23,,,,,,11:12,,,,,,,,,,,10:46,,11:21,10:51,,,,,10:40,,,,,,,,,,,,,,,,,,,10:43,,,11:26,,,,,,,11:19,,,,,,,,,,,,,,,,,,,,,,,,,,,,,,,,,,,,,,,,,
WR_Up_90362,,11:03,,,,,,11:16,10:40,,,,,,,,11:46,,11:40,,,,,,11:25,,,,,,,,,,,10:53,,11:38,10:58,,,,,10:46,,,,,,,11:12,,,,,,,11:30,,11:33,,11:19,10:49,,,11:43,,,11:22,,,,11:36,,,,,,,,,,11:27,,10:55,,,,,11:09,,,,,,,,,,,,,,,,,,,,,,11:06,,
WR_Up_90364,,11:00,,,,,,11:10,10:47,,,,,10:33,,,11:35,,11:27,,,,,,11:16,,10:42,,,,,,,,,,,11:25,,,,,,,,,,,,,,,,,,,,,,,,,,,,11:30,,,,10:38,,,11:23,,,10:27,10:18,,,,,,,,,,,,,,,,,,,,,,,,,,,10:12,,,10:23,,,,,,,
WR_Up_90366,,11:03,,,,,,11:18,,,,,,,,,11:49,,11:43,,,,,,11:28,,,,,,,,,,,10:53,,11:41,11:00,,,,,,,,,,,,11:14,,,,,,,11:33,,11:36,,11:21,,,,11:46,,,11:24,,,,11:39,,,,,,,,,,11:30,,10:57,,,,,11:11,,,,,,,,,,,,,,,,,,,,,,11:08,,
WR_Up_90368,,11:08,,,,,,11:21,10:47,,,,,,,,11:52,,11:46,,,,,,11:31,,,,,,,,,,,10:58,,11:44,11:03,,,,,10:51,,,,,,,11:17,,,,,,,11:36,,11:39,,11:24,10:54,,,11:49,,,11:27,,,,11:42,,,,,,,,,,11:33,,11:00,,,,,11:14,,,,,,,,,,,,,,,,,,,,,,11:11,,
WR_Up_90372,,11:12,,,,,,11:26,,,,,,,,,11:57,,11:51,,,,,,11:36,,,,,,,,,,,11:02,,11:49,11:09,,,,,,,,,,,,11:22,,,,,,,11:41,,11:44,,11:29,,,,11:54,,,11:32,,,,11:47,,,,,,,,,,11:38,,11:06,,,,,11:19,,,,,,,,,,,,,,,,,,,,,,11:16,,
WR_Up_90374,,11:15,,,,,,11:28,10:53,,,,,,,,12:00,,11:53,,,,,,11:38,,,,,,,,,,,11:05,,11:51,11:10,,,,,10:58,,,,,,,11:24,,,,,,,11:43,,11:46,,11:31,11:01,,,11:56,,,11:34,,,,11:49,,,,,,,,,,11:40,,11:07,,,,,11:21,,,,,,,,,,,,,,,,,,,,,,11:18,,
WR_Up_90376,,11:18,,,,,,11:31,10:57,,,,,,,,12:03,,11:56,,,,,,11:41,,,,,,,,,,,11:09,,11:54,11:14,,,,,11:02,,,,,,,11:27,,,,,,,11:46,,11:49,,11:34,11:05,,,11:59,,,11:37,,,,11:52,,,,,,,,,,11:43,,11:11,,,,,11:24,,,,,,,,,,,,,,,,,,,,,,11:21,,
WR_Up_90378,,11:21,,,,,,11:34,,,,,,,,,12:07,,11:59,,,,,,11:44,,,,,,,,,,,,,11:57,,,,,,,,,,,,,11:31,,,,,,,11:49,,11:52,,11:37,,,,12:02,,,11:40,,,,11:55,,,,,,,,,,11:46,,,,,,,11:28,,,,,,,,,,,,,,,,,,,,,,11:25,,
WR_Up_90380,,11:24,,,,,,11:37,11:01,,,,,,,,12:10,,12:02,,,,,,11:47,,,,,,,,,,,11:13,,12:00,11:18,,,,,11:07,,,,,,,11:34,,,,,,,11:52,,11:55,,11:40,11:10,,,12:05,,,11:43,,,,11:58,,,,,,,,,,11:49,,11:15,,,,,11:31,,,,,,,,,,,,,,,,,,,,,,11:28,,
WR_Up_90382,,11:30,,,,,,11:45,11:07,,,,,10:51,,,,,,,,,,,,,,,,,,,,,,11:20,,,,,,,,,,,,,,,,,,,,,,,,,,,11:16,,,,,,,10:56,,,,,,,10:35,,,,,,,,,,,,,,,,,,,,,,,,,,,10:29,,,10:40,,,,,,,
WR_Up_90384,,11:26,,,,,,11:41,,,,,,,,,12:14,,12:06,,,,,,11:51,,,,,,,,,,,11:16,,12:04,11:21,,,,,,,,,,,,11:36,,,,,,,11:56,,11:59,,11:44,,,,12:09,,,11:47,,,,12:02,,,,,,,,,,11:53,,11:19,,,,,11:33,,,,,,,,,,,,,,,,,,,,,,11:30,,
WR_Up_90386,,11:27,,,,,,11:37,11:04,,,,,,,,12:01,,11:54,,,,,,11:43,,,,,,,,,,,11:17,,11:52,11:22,,,,,11:10,,,,,,,,,,,,,,,,,,,11:13,,,11:57,,,,,,,11:50,,,,,,,,,,,,,,,,,,,,,,,,,,,,,,,,,,,,,,,,,
WR_Up_90388,,11:20,,,,,,11:29,11:08,,,,,10:54,,,11:55,,11:47,,,,,,11:35,,11:03,,,,,,,,,,,11:45,,,,,,,,,,,,,,,,,,,,,,,,,,,,11:50,,,,10:59,,,11:43,,,10:49,10:39,,,,,,,,,,,,,,,,,,,,,,,,,,,10:33,,,10:44,,,,,,,
WR_Up_90390,,11:34,,,,,,11:48,11:13,,,,,,,,12:19,,12:13,,,,,,11:58,,,,,,,,,,,11:24,,12:11,11:29,,,,,11:18,,,,,,,11:43,,,,,,,12:03,,12:06,,11:51,11:21,,,12:16,,,11:54,,,,12:09,,,,,,,,,,12:00,,11:26,,,,,11:40,,,,,,,,,,,,,,,,,,,,,,11:37,,
WR_Up_90394,,11:35,,,,,,11:44,11:19,,,,,11:04,,,12:09,,12:01,,,,,,11:50,,11:14,,,,,,,,,,,11:59,,,,,,,,,,,,,,,,,,,,,,,,,,,,12:04,,,,11:10,,,11:57,,,,,,,,,,,,,,,,,,,,,,,,,,,,,,,,,,,,,,,,,
WR_Up_90396,,11:37,,,,,,11:52,,,,,,,,,12:23,,12:17,,,,,,12:02,,,,,,,,,,,,,12:15,,,,,,,,,,,,,11:48,,,,,,,12:07,,12:10,,11:55,,,,12:20,,,11:58,,,,12:13,,,,,,,,,,12:04,,,,,,,11:45,,,,,,,,,,,,,,,,,,,,,,11:42,,
WR_Up_90398,,11:41,,,,,,11:55,11:20,,,,,,,,12:26,,12:20,,,,,,12:05,,,,,,,,,,,11:31,,12:18,11:36,,,,,11:25,,,,,,,11:51,,,,,,,12:10,,12:13,,11:58,11:28,,,12:23,,,12:01,,,,12:16,,,,,,,,,,12:07,,11:33,,,,,11:48,,,,,,,,,,,,,,,,,,,,,,11:45,,
WR_Up_90402,,11:46,,,,,,12:01,11:23,,,,,,,,12:33,,12:26,,,,,,12:11,,,,,,,,,,,11:35,,12:24,11:40,,,,,11:29,,,,,,,11:56,,,,,,,12:16,,12:19,,12:04,11:32,,,12:29,,,12:07,,,,12:22,,,,,,,,,,12:13,,11:37,,,,,11:53,,,,,,,,,,,,,,,,,,,,,,11:50,,
WR_Up_90404,,11:51,,,,,,12:04,11:29,,,,,,,,12:36,,12:29,,,,,,12:14,,,,,,,,,,,11:41,,12:27,11:46,,,,,11:35,,,,,,,12:00,,,,,,,12:19,,12:22,,12:07,11:38,,,12:32,,,12:10,,,,12:25,,,,,,,,,,12:16,,11:43,,,,,11:57,,,,,,,,,,,,,,,,,,,,,,11:54,,
WR_Up_90408,,12:01,,,,,,12:14,11:40,,,,,,,,12:45,,12:39,,,,,,12:24,,,,,,,,,,,11:51,,12:37,11:56,,,,,11:45,,,,,,,12:10,,,,,,,12:29,,12:32,,12:17,11:48,,,12:42,,,12:20,,,,12:35,,,,,,,,,,12:26,,11:53,,,,,12:07,,,,,,,,,,,,,,,,,,,,,,12:04,,
WR_Up_90410,,12:02,,,,,,12:17,,,,,,,,,12:51,,12:42,,,,,,12:27,,,,,,,,,,,11:50,,12:40,11:57,,,,,,,,,,,,12:12,,,,,,,12:32,,12:35,,12:20,,,,12:45,,,12:23,,,,12:38,,,,,,,,,,12:29,,11:54,,,,,12:09,,,,,,,,,,,,,,,,,,,,,,12:06,,
WR_Up_90412,,11:57,,,,,,12:06,11:42,,,,,11:28,,,12:30,,12:23,,,,,,12:12,,11:37,,,,,,,,,,,12:21,,,,,,,,,,,,,,,,,,,,,,,,,,,,12:26,,,,11:33,,,12:19,,,11:22,11:12,,,,,,,,,,,,,,,,,,,,,,,,,,,11:06,,,11:17,,,,,,,
WR_Up_90414,,12:08,,,,,,12:22,11:47,,,,,,,,12:54,,12:47,,,,,,12:32,,,,,,,,,,,11:58,,12:45,12:03,,,,,11:52,,,,,,,12:18,,,,,,,12:37,,12:40,,12:25,11:55,,,12:50,,,12:28,,,,12:43,,,,,,,,,,12:34,,12:00,,,,,12:15,,,,,,,,,,,,,,,,,,,,,,12:12,,
WR_Up_90416,,12:04,,,,,,12:12,11:50,,,,,,,,12:37,,12:29,,,,,,12:18,,,,,,,,,,,,,12:27,,,,,,,,,,,,,,,,,,,,,,,,,,,,12:32,,,,,,,12:25,,,,,,,,,,,,,,,,,,,,,,,,,,,,,,,,,,,,,,,,,
WR_Up_90418,,12:12,,,,,,12:26,,,,,,,,,12:58,,12:51,,,,,,12:36,,,,,,,,,,,12:02,,12:49,12:08,,,,,,,,,,,,12:22,,,,,,,12:41,,12:44,,12:29,,,,12:54,,,12:32,,,,12:47,,,,,,,,,,12:38,,12:05,,,,,12:19,,,,,,,,,,,,,,,,,,,,,,12:16,,
WR_Up_90420,,12:15,,,,,,12:30,11:52,,,,,,,,13:02,,12:55,,,,,,12:40,,,,,,,,,,,12:05,,12:53,12:10,,,,,11:59,,,,,,,12:25,,,,,,,12:45,,12:48,,12:33,12:02,,,12:58,,,12:36,,,,12:51,,,,,,,,,,12:42,,12:07,,,,,12:22,,,,,,,,,,,,,,,,,,,,,,12:19,,
WR_Up_90420A,,12:18,,,,,,12:33,11:56,,,,,11:40,,,,,,,,,,,,,,,,,,,,,,12:08,,,,,,,,,,,,,,,,,,,,,,,,,,,12:05,,,,,,,11:45,,,,,,,11:25,,,,,,,,,,,,,,,,,,,,,,,,,,,11:19,,,11:30,,,,,,,
WR_Up_90422,,12:12,,,,,,12:22,11:58,,,,,11:44,,,12:48,,12:39,,,,,,12:28,,11:53,,,,,,,,,,,12:37,,,,,,,,,,,,,,,,,,,,,,,,,,,,12:42,,,,11:49,,,12:35,,,11:38,11:28,,,,,,,,,,,,,,,,,,,,,,,,,,,11:22,,,11:33,,,,,,,
WR_Up_90424,,12:21,,,,,,12:36,11:59,,,,,,,,13:08,,13:01,,,,,,12:46,,,,,,,,,,,12:11,,12:59,12:16,,,,,12:05,,,,,,,12:31,,,,,,,12:51,,12:54,,12:39,12:08,,,13:04,,,12:42,,,,12:57,,,,,,,,,,12:48,,12:13,,,,,12:28,,,,,,,,,,,,,,,,,,,,,,12:25,,
WR_Up_90426,,12:29,,,,,,12:42,12:07,,,,,,,,13:13,,13:07,,,,,,12:52,,,,,,,,,,,12:19,,13:05,12:24,,,,,12:13,,,,,,,12:38,,,,,,,12:57,,13:00,,12:45,12:16,,,13:10,,,12:48,,,,13:03,,,,,,,,,,12:54,,12:21,,,,,12:35,,,,,,,,,,,,,,,,,,,,,,12:32,,
WR_Up_90428,,12:17,,,,,,12:27,12:02,,,,,11:52,,,12:52,,12:44,,,,,,12:33,,,,,,,,,,,,,12:42,,,,,,,,,,,,,,,,,,,,,,,,,,,,12:47,,,,,,,12:40,,,,,,,,,,,,,,,,,,,,,,,,,,,,,,,11:35,,,11:44,,,,,,,
WR_Up_90430,,12:32,,,,,,12:45,12:11,,,,,,,,13:16,,13:10,,,,,,12:55,,,,,,,,,,,12:22,,13:08,12:27,,,,,12:16,,,,,,,12:41,,,,,,,13:00,,13:03,,12:48,12:19,,,13:13,,,12:51,,,,13:06,,,,,,,,,,12:57,,12:24,,,,,12:38,,,,,,,,,,,,,,,,,,,,,,12:35,,
WR_Up_90432,,12:35,,,,,,12:48,12:14,,,,,,,,13:19,,13:13,,,,,,12:58,,,,,,,,,,,12:25,,13:11,12:30,,,,,12:19,,,,,,,12:44,,,,,,,13:03,,13:06,,12:51,12:22,,,13:16,,,12:54,,,,13:09,,,,,,,,,,13:00,,12:27,,,,,12:41,,,,,,,,,,,,,,,,,,,,,,12:38,,
WR_Up_90436,,12:31,,,,,,12:40,12:17,,,,,,,,13:05,,12:57,,,,,,12:46,,,,,,,,,,,,,12:55,,,,,,,,,,,,,,,,,,,,,,,,,,,,13:00,,,,,,,12:53,,,,,,,,,,,,,,,,,,,,,,,,,,,,,,,,,,,,,,,,,
WR_Up_90438,,12:39,,,,,,12:53,12:19,,,,,,,,13:24,,13:17,,,,,,13:02,,,,,,,,,,,12:30,,13:15,12:35,,,,,12:24,,,,,,,12:48,,,,,,,13:07,,13:10,,12:56,12:27,,,13:20,,,12:59,,,,13:13,,,,,,,,,,13:04,,12:32,,,,,12:45,,,,,,,,,,,,,,,,,,,,,,12:42,,
WR_Up_90440,,12:40,,,,,,12:49,12:26,,,,,12:11,,,13:15,,13:07,,,,,,12:55,,12:20,,,,,,,,,,,13:05,,,,,,,,,,,,,,,,,,,,,,,,,,,,13:10,,,,12:16,,,13:03,,,12:06,11:56,,,,,,,,,,,,,,,,,,,,,,,,,,,11:50,,,12:01,,,,,,,
WR_Up_90442,,12:40,,,,,,12:56,,,,,,,,,13:28,,13:21,,,,,,13:06,,,,,,,,,,,12:30,,13:19,12:36,,,,,,,,,,,,12:50,,,,,,,13:11,,13:14,,12:59,,,,13:24,,,13:02,,,,13:17,,,,,,,,,,13:08,,12:33,,,,,12:47,,,,,,,,,,,,,,,,,,,,,,12:44,,
WR_Up_90444,,12:50,,,,,,13:03,12:29,,,,,,,,13:34,,13:28,,,,,,13:13,,,,,,,,,,,12:41,,13:26,12:46,,,,,12:35,,,,,,,12:59,,,,,,,13:18,,13:21,,13:06,12:38,,,13:31,,,13:09,,,,13:24,,,,,,,,,,13:15,,12:43,,,,,12:56,,,,,,,,,,,,,,,,,,,,,,12:53,,
WR_Up_90444A,,12:54,,,,,,13:07,12:32,,,,,12:14,,,13:38,,13:31,,,,,,13:16,,12:25,,,,,,,,,12:44,,13:29,12:49,,,,,12:38,,,,,,,13:03,,,,,,,13:21,,13:24,,13:10,12:41,,,13:34,,,13:13,12:20,,,13:27,,,,,,,,,,13:18,,12:46,,,,,13:00,,,,,,,,,,,,,,,,,,,,,,12:57,,
WR_Up_90446,,12:57,,,,,,13:10,12:37,,,,,,,,13:41,,13:35,,,,,,13:20,,,,,,,,,,,12:48,,13:33,12:53,,,,,12:42,,,,,,,13:06,,,,,,,13:25,,13:28,,13:13,12:45,,,13:38,,,13:16,,,,13:31,,,,,,,,,,13:22,,12:50,,,,,13:03,,,,,,,,,,,,,,,,,,,,,,13:00,,
WR_Up_90448,,12:50,,,,,,12:59,12:36,,,,,12:20,,,,,,,,,,,13:06,,,,,,,,,,,,,,,,,,,,,,,,,,,,,,,,,,,,,,,,,,,,,12:26,,,,,,,,,,,,,,,,,,,,,,,,,,,,,,,,,,,,,,,,,,,,
WR_Up_90450,,12:54,,,,,,13:03,12:40,,,,,12:24,,,13:28,,13:20,,,,,,13:09,,12:34,,,,,,,,,,,13:18,,,,,,,,,,,,,,,,,,,,,,,,,,,,13:23,,,,12:29,,,13:16,,,12:18,12:07,,,,,,,,,,,,,,,,,,,,,,,,,,,12:00,,,12:13,,,,,,,
WR_Up_90452,,13:00,,,,,,13:13,,,,,,,,,13:45,,13:38,,,,,,13:23,,,,,,,,,,,12:50,,13:36,12:56,,,,,,,,,,,,13:09,,,,,,,13:28,,13:31,,13:16,,,,13:41,,,13:19,,,,13:34,,,,,,,,,,13:25,,12:53,,,,,13:06,,,,,,,,,,,,,,,,,,,,,,13:03,,
WR_Up_90456,,13:05,,,,,,13:18,12:45,,,,,,,,13:51,,13:43,,,,,,13:28,,,,,,,,,,,12:56,,13:41,13:01,,,,,12:50,,,,,,,13:14,,,,,,,13:33,,13:36,,13:21,12:53,,,13:46,,,13:24,,,,13:39,,,,,,,,,,13:30,,12:58,,,,,13:11,,,,,,,,,,,,,,,,,,,,,,13:08,,
WR_Up_90460,,13:11,,,,,,13:24,12:52,,,,,,,,13:55,,13:49,,,,,,13:34,,,,,,,,,,,13:02,,13:47,13:07,,,,,12:56,,,,,,,13:20,,,,,,,13:39,,13:42,,13:27,12:59,,,13:52,,,13:30,,,,13:45,,,,,,,,,,13:36,,13:04,,,,,13:17,,,,,,,,,,,,,,,,,,,,,,13:14,,
WR_Up_90462,,13:14,,,,,,13:27,12:55,,,,,,,,14:01,,13:52,,,,,,13:37,,,,,,,,,,,13:05,,13:50,13:10,,,,,12:59,,,,,,,13:23,,,,,,,13:42,,13:45,,13:30,13:02,,,13:55,,,13:33,,,,13:48,,,,,,,,,,13:39,,13:07,,,,,13:20,,,,,,,,,,,,,,,,,,,,,,13:17,,
WR_Up_90466,,13:21,,,,,,13:34,13:01,,,,,,,,14:05,,13:59,,,,,,13:44,,,,,,,,,,,13:12,,13:57,13:17,,,,,13:06,,,,,,,13:30,,,,,,,13:49,,13:52,,13:37,13:09,,,14:02,,,13:40,,,,13:55,,,,,,,,,,13:46,,13:14,,,,,13:27,,,,,,,,,,,,,,,,,,,,,,13:24,,
WR_Up_90470,,13:17,,,,,,13:26,13:02,,,,,12:48,,,13:51,,13:43,,,,,,13:32,,12:57,,,,,,,,,,,13:41,,,,,,,,,,,,,,,,,,,,,,,,,,,,13:46,,,,12:53,,,13:39,,,12:42,12:32,,,,,,,,,,,,,,,,,,,,,,,,,,,12:26,,,12:37,,,,,,,
WR_Up_90472,,13:26,,,,,,13:39,13:05,,,,,,,,14:10,,14:04,,,,,,13:49,,,,,,,,,,,13:17,,14:02,13:22,,,,,13:11,,,,,,,13:35,,,,,,,13:54,,13:57,,13:42,13:14,,,14:07,,,13:45,,,,14:00,,,,,,,,,,13:51,,13:19,,,,,13:32,,,,,,,,,,,,,,,,,,,,,,13:29,,
WR_Up_90474,,13:29,,,,,,13:43,,,,,,,,,14:14,,14:08,,,,,,13:53,,,,,,,,,,,13:19,,14:06,13:25,,,,,,,,,,,,13:39,,,,,,,13:58,,14:01,,13:46,,,,14:11,,,13:49,,,,14:04,,,,,,,,,,13:55,,13:22,,,,,13:36,,,,,,,,,,,,,,,,,,,,,,13:33,,
WR_Up_90476,,13:32,,,,,,13:46,13:10,,,,,,,,14:17,,14:11,,,,,,13:56,,,,,,,,,,,13:22,,14:09,13:27,,,,,13:16,,,,,,,13:42,,,,,,,14:01,,14:04,,13:49,13:19,,,14:14,,,13:52,,,,14:07,,,,,,,,,,13:58,,13:24,,,,,13:39,,,,,,,,,,,,,,,,,,,,,,13:36,,
WR_Up_90478,,13:28,,,,,,13:37,13:15,,,,,13:00,,,14:05,,13:55,,,,,,13:43,,13:10,,,,,,,,,,,13:53,,,,,,,,,,,,,,,,,,,,,,,,,,,,13:58,,,,13:06,,,13:51,,,12:54,12:44,,,,,,,,,,,,,,,,,,,,,,,,,,,12:38,,,12:49,,,,,,,
WR_Up_90480,,13:36,,,,,,13:50,13:13,,,,,,,,14:21,,14:15,,,,,,14:00,,,,,,,,,,,13:26,,14:13,13:31,,,,,13:20,,,,,,,13:46,,,,,,,14:05,,14:08,,13:53,13:23,,,14:18,,,13:56,,,,14:11,,,,,,,,,,14:02,,13:28,,,,,13:43,,,,,,,,,,,,,,,,,,,,,,13:40,,
WR_Up_90482,,13:40,,,,,,13:53,13:18,,,,,,,,14:24,,14:18,,,,,,14:03,,,,,,,,,,,13:30,,14:16,13:35,,,,,13:24,,,,,,,13:49,,,,,,,14:08,,14:11,,13:56,13:27,,,14:21,,,13:59,,,,14:14,,,,,,,,,,14:05,,13:32,,,,,13:46,,,,,,,,,,,,,,,,,,,,,,13:43,,
WR_Up_90484,,13:43,,,,,,13:56,13:21,,,,,13:07,,,14:27,,14:21,,,,,,14:06,,13:16,,,,,,,,,13:33,,14:19,13:38,,,,,13:27,,,,,,,13:52,,,,,,,14:11,,14:14,,13:59,13:30,,,14:24,,,14:02,13:12,,,14:17,,,13:01,12:51,,,,,,14:08,,13:35,,,,,13:49,,,,,,,,,,,,,,12:45,,,12:56,,,,,13:46,,
WR_Up_90486,,13:38,,,,,,13:47,13:24,,,,,13:09,,,,,,,,,,,13:55,,,,,,,,,,,,,,,,,,,,,,,,,,,,,,,,,,,,,,,,,,,,,13:16,,,,,,,,,,,,,,,,,,,,,,,,,,,,,,,,,,,,,,,,,,,,
WR_Up_90490,,13:46,,,,,,14:01,13:22,,,,,,,,14:32,,14:26,,,,,,14:11,,,,,,,,,,,13:36,,14:24,13:41,,,,,13:30,,,,,,,13:56,,,,,,,14:16,,14:19,,14:04,13:33,,,14:29,,,14:07,,,,14:22,,,,,,,,,,14:13,,13:38,,,,,13:53,,,,,,,,,,,,,,,,,,,,,,13:50,,
WR_Up_90492,,13:50,,,,,,14:05,13:29,,,,,,,,14:38,,14:30,,,,,,14:15,,,,,,,,,,,13:40,,14:28,13:45,,,,,13:34,,,,,,,14:00,,,,,,,14:20,,14:23,,14:08,13:37,,,14:33,,,14:11,,,,14:26,,,,,,,,,,14:17,,13:42,,,,,13:57,,,,,,,,,,,,,,,,,,,,,,13:54,,
WR_Up_90494,,13:53,,,,,,14:03,13:32,,,,,,,,14:30,,14:20,,,,,,14:09,,,,,,,,,,,13:43,,14:18,13:48,,,,,13:37,,,,,,,,,,,,,,,,,,,13:40,,,14:23,,,,,,,14:16,,,,,,,,,,,,,,,,,,,,,,,,,,,,,,,,,,,,,,,,,
WR_Up_90496,,13:56,,,,,,14:09,13:35,,,,,,,,14:41,,14:34,,,,,,14:19,,,,,,,,,,,13:47,,14:32,13:52,,,,,13:40,,,,,,,14:05,,,,,,,14:24,,14:27,,14:12,13:43,,,14:37,,,14:15,,,,14:30,,,,,,,,,,14:21,,13:49,,,,,14:02,,,,,,,,,,,,,,,,,,,,,,13:59,,
WR_Up_90498,,13:46,,,,,,13:56,13:34,,,,,13:17,,,14:20,,14:13,,,,,,14:02,,13:27,,,,,,,,,,,14:11,,,,,,,,,,,,,,,,,,,,,,,,,,,,14:16,,,,13:23,,,14:09,,,13:11,13:01,,,,,,,,,,,,,,,,,,,,,,,,,,,12:55,,,13:06,,,,,,,
WR_Up_90500,,13:49,,,,,,13:59,13:37,,,,,13:21,,,14:23,,14:16,,,,,,14:05,,13:31,,,,,,,,,,,14:14,,,,,,,,,,,,,,,,,,,,,,,,,,,,14:19,,,,13:27,,,14:12,,,13:15,,,,,,,,,,,,,,,,,,,,,,,,,,,,,,,13:09,,,,,,,
WR_Up_90502,,13:59,,,,,,14:13,,,,,,,,,14:44,,14:37,,,,,,14:22,,,,,,,,,,,13:49,,14:35,13:55,,,,,,,,,,,,14:09,,,,,,,14:27,,14:30,,14:16,,,,14:40,,,14:19,,,,14:33,,,,,,,,,,14:24,,13:52,,,,,14:06,,,,,,,,,,,,,,,,,,,,,,14:03,,
WR_Up_90504,,14:02,,,,,,14:16,13:40,,,,,,,,14:48,,14:41,,,,,,14:26,,,,,,,,,,,13:52,,14:39,13:57,,,,,13:46,,,,,,,14:12,,,,,,,14:31,,14:34,,14:19,13:49,,,14:44,,,14:22,,,,14:37,,,,,,,,,,14:28,,13:54,,,,,14:09,,,,,,,,,,,,,,,,,,,,,,14:06,,
WR_Up_90506,,13:59,,,,,,14:09,13:45,,,,,13:30,,,14:33,,14:26,,,,,,14:15,,13:40,,,,,,,,,,,14:24,,,,,,,,,,,,,,,,,,,,,,,,,,,,14:29,,,,13:36,,,14:22,,,,,,,,,,,,,,,,,,,,,,,,,,,,,,,,,,,,,,,,,
WR_Up_90508,,14:07,,,,,,14:21,13:46,,,,,,,,14:53,,14:46,,,,,,14:31,,,,,,,,,,,13:58,,14:44,14:03,,,,,13:52,,,,,,,14:17,,,,,,,14:36,,14:39,,14:24,13:55,,,14:49,,,14:27,,,,14:42,,,,,,,,,,14:33,,14:00,,,,,14:14,,,,,,,,,,,,,,,,,,,,,,14:11,,
WR_Up_90510,,14:12,,,,,,14:25,13:51,,,,,,,,14:57,,14:50,,,,,,14:35,,,,,,,,,,,14:02,,14:48,14:07,,,,,13:56,,,,,,,14:21,,,,,,,14:40,,14:43,,14:28,13:59,,,14:53,,,14:31,,,,14:46,,,,,,,,,,14:37,,14:04,,,,,14:18,,,,,,,,,,,,,,,,,,,,,,14:15,,
WR_Up_90512,,14:14,,,,,,14:23,14:01,,,,,13:46,,,14:47,,14:40,,,,,,14:29,,13:55,,,,,,,,,,,14:38,,,,,,,,,,,,,,,,,,,,,,,,,,,,14:43,,,,13:51,,,14:36,,,13:40,13:31,,,,,,,,,,,,,,,,,,,,,,,,,,,13:25,,,13:36,,,,,,,
WR_Up_90514,,14:19,,,,,,14:32,13:59,,,,,,,,15:02,,14:56,,,,,,14:41,,,,,,,,,,,14:11,,14:54,14:15,,,,,14:05,,,,,,,14:28,,,,,,,14:46,,14:49,,14:35,14:08,,,14:59,,,14:38,,,,14:52,,,,,,,,,,14:43,,14:13,,,,,14:25,,,,,,,,,,,,,,,,,,,,,,14:22,,
WR_Up_90516,,14:24,,,,,,14:37,14:04,,,,,,,,15:08,,15:02,,,,,,14:47,,,,,,,,,,,14:15,,15:00,14:20,,,,,14:09,,,,,,,14:33,,,,,,,14:52,,14:55,,14:40,14:12,,,15:05,,,14:43,,,,14:58,,,,,,,,,,14:49,,14:17,,,,,14:30,,,,,,,,,,,,,,,,,,,,,,14:27,,
WR_Up_90520,,14:28,,,,,,14:41,14:08,,,,,,,,15:13,,15:06,,,,,,14:51,,,,,,,,,,,14:19,,15:04,14:24,,,,,14:13,,,,,,,14:37,,,,,,,14:56,,14:59,,14:44,14:16,,,15:09,,,14:47,,,,15:02,,,,,,,,,,14:53,,14:21,,,,,14:34,,,,,,,,,,,,,,,,,,,,,,14:31,,
WR_Up_90522,,14:23,,,,,,14:32,14:09,,,,,13:55,,,14:56,,14:48,,,,,,14:37,,14:04,,,,,,,,,,,14:46,,,,,,,,,,,,,,,,,,,,,,,,,,,,14:51,,,,14:00,,,14:44,,,13:49,13:40,,,,,,,,,,,,,,,,,,,,,,,,,,,13:34,,,13:45,,,,,,,
WR_Up_90524,,14:31,,,,,,14:44,14:11,,,,,,,,15:16,,15:09,,,,,,14:54,,,,,,,,,,,14:22,,15:07,14:27,,,,,14:16,,,,,,,14:40,,,,,,,14:59,,15:02,,14:47,14:19,,,15:12,,,14:50,,,,15:05,,,,,,,,,,14:56,,14:24,,,,,14:37,,,,,,,,,,,,,,,,,,,,,,14:34,,
WR_Up_90526,,14:35,,,,,,14:48,14:14,,,,,13:59,,,15:19,,15:13,,,,,,14:58,,14:08,,,,,,,,,14:26,,15:11,14:31,,,,,14:20,,,,,,,14:44,,,,,,,15:03,,15:06,,14:51,14:23,,,15:16,,,14:54,14:04,,,15:09,,,13:53,,,,,,,15:00,,14:28,,,,,14:41,,,,,,,,,,,,,,,,,13:48,,,,,14:38,,
WR_Up_90532,,14:38,,,,,,14:51,14:17,,,,,,,,15:23,,15:16,,,,,,15:01,,,,,,,,,,,14:28,,15:14,14:33,,,,,14:22,,,,,,,14:47,,,,,,,15:06,,15:09,,14:54,14:25,,,15:19,,,14:57,,,,15:12,,,,,,,,,,15:03,,14:30,,,,,14:44,,,,,,,,,,,,,,,,,,,,,,14:41,,
WR_Up_90534,,14:39,,,,,,14:54,,,,,,,,,15:26,,15:19,,,,,,15:04,,,,,,,,,,,14:28,,15:17,14:35,,,,,,,,,,,,14:49,,,,,,,15:09,,15:12,,14:57,,,,15:22,,,15:00,,,,15:15,,,,,,,,,,,,14:32,,,,,14:46,,,,,,,,,,,,,,,,,,,,,,14:43,,
WR_Up_90536,,14:41,,,,,,14:51,14:21,,,,,14:07,,,15:15,,15:08,,,,,,14:57,,14:16,,,,,,,,,14:31,,15:06,14:36,,,,,14:25,,,,,,,,,,,,,,,,,,,14:28,,,15:11,,,,14:12,,,15:04,,,,,,,,,,,,,,,,,,,,,,,,,,,,,,,,,,,,,,,,,
WR_Up_90536A,,,,,,,,14:57,,,,,,,,,15:29,,15:22,,,,,,15:07,,,,,,,,,,,,,15:20,,,,,,,,,,,,,,,,,,,,15:12,,15:15,,15:00,,,,15:25,,,15:03,,,,15:18,,,,,,,,,,15:09,,,,,,,,,,,,,,,,,,,,,,,,,,,,,,,
WR_Up_90538,,14:48,,,,,,15:01,14:27,,,,,,,,15:32,,15:26,,,,,,15:11,,,,,,,,,,,14:39,,15:24,14:43,,,,,14:33,,,,,,,14:57,,,,,,,15:16,,15:19,,15:04,14:36,,,15:29,,,15:07,,,,15:22,,,,,,,,,,15:13,,14:41,,,,,14:54,,,,,,,,,,,,,,,,,,,,,,14:51,,
WR_Up_90540,,14:51,,,,,,15:04,14:30,,,,,,,,15:35,,15:29,,,,,,15:14,,,,,,,,,,,14:42,,15:27,14:47,,,,,14:36,,,,,,,15:00,,,,,,,15:19,,15:22,,15:07,14:39,,,15:32,,,15:10,,,,15:25,,,,,,,,,,15:16,,14:44,,,,,14:57,,,,,,,,,,,,,,,,,,,,,,14:54,,
WR_Up_90546,,14:57,,,,,,15:10,14:35,,,,,,,,15:41,,15:35,,,,,,15:20,,,,,,,,,,,14:47,,15:33,14:52,,,,,14:41,,,,,,,15:06,,,,,,,15:25,,15:28,,15:13,14:44,,,15:38,,,15:16,,,,15:31,,,,,,,,,,15:22,,14:49,,,,,15:03,,,,,,,,,,,,,,,,,,,,,,15:00,,
WR_Up_90550,,15:02,,,,,,15:15,14:40,,,,,,,,15:46,,15:40,,,,,,15:25,,,,,,,,,,,14:52,,15:38,14:57,,,,,14:46,,,,,,,15:11,,,,,,,15:30,,15:33,,15:18,14:49,,,15:43,,,15:21,,,,15:36,,,,,,,,,,15:27,,14:54,,,,,15:08,,,,,,,,,,,,,,,,,,,,,,15:05,,
WR_Up_90552,,15:04,,,,,,15:17,14:43,,,,,,,,15:48,,15:42,,,,,,15:27,,,,,,,,,,,14:55,,15:40,15:00,,,,,14:49,,,,,,,15:13,,,,,,,15:32,,15:35,,15:20,14:52,,,15:45,,,15:23,,,,15:38,,,,,,,,,,15:29,,14:57,,,,,15:10,,,,,,,,,,,,,,,,,,,,,,15:07,,
WR_Up_90554,,15:09,,,,,,15:22,14:48,,,,,,,,15:53,,15:47,,,,,,15:32,,,,,,,,,,,15:00,,15:45,15:05,,,,,14:54,,,,,,,15:18,,,,,,,15:37,,15:40,,15:25,14:57,,,15:50,,,15:28,,,,15:43,,,,,,,,,,15:34,,15:02,,,,,15:15,,,,,,,,,,,,,,,,,,,,,,15:12,,
WR_Up_90558,,15:12,,,,,,15:27,,,,,,,,,15:59,,15:52,,,,,,15:37,,,,,,,,,,,,,15:50,,,,,,,,,,,,,15:22,,,,,,,15:42,,15:45,,15:30,,,,15:55,,,15:33,,,,15:48,,,,,,,,,,15:39,,,,,,,15:19,,,,,,,,,,,,,,,,,,,,,,15:16,,
WR_Up_90560,,15:15,,,,,,15:31,14:50,,,,,14:36,,,,,,,,,,,,,,,,,,,,,,15:03,,,,,,,,,,,,,,,,,,,,,,,,,,,15:00,,,,,,,14:41,,,,,,,14:20,,,,,,,,,,,,,,,,,,,,,,,,,,,14:14,,,14:25,,,,,,,
WR_Up_90562,,15:06,,,,,,15:15,14:54,,,,,14:40,,,15:46,,15:36,,,,,,15:25,,14:49,,,,,,,,,,,15:34,,,,,,,,,,,,,,,,,,,,,,,,,,,,15:39,,,,14:45,,,15:32,,,14:34,14:24,,,,,,,,,,,,,,,,,,,,,,,,,,,14:18,,,14:29,,,,,,,
WR_Up_90564,,15:18,,,,,,15:28,14:56,,,,,,,,15:52,,15:46,,,,,,15:35,,,,,,,,,,,15:08,,15:44,15:13,,,,,15:02,,,,,,,,,,,,,,,,,,,15:05,,,15:49,,,,,,,15:42,,,,,,,,,,,,,,,,,,,,,,,,,,,,,,,,,,,,,,,,,
WR_Up_90566,,15:20,,,,,,15:34,,,,,,,,,16:05,,15:59,,,,,,15:44,,,,,,,,,,,15:10,,15:57,15:16,,,,,,,,,,,,15:30,,,,,,,15:49,,15:52,,15:37,,,,16:02,,,15:40,,,,15:55,,,,,,,,,,15:46,,15:13,,,,,15:27,,,,,,,,,,,,,,,,,,,,,,15:24,,
WR_Up_90568,,15:22,,,,,,,14:59,,,,,14:47,,,,,,,,,,,,,,,,,,,,,,15:10,,,,,,,,,,,,,,,,,,,,,,,,,,,15:07,,,,,,,14:52,,,,,,,,,,,,,,,,,,,,,,,,,,,,,,,,,,,,,14:36,,,,,,,
WR_Up_90570,,15:24,,,,,,15:37,15:03,,,,,,,,16:08,,16:02,,,,,,15:47,,,,,,,,,,,15:15,,16:00,15:20,,,,,15:09,,,,,,,15:33,,,,,,,15:52,,15:55,,15:40,15:12,,,16:05,,,15:43,,,,15:58,,,,,,,,,,15:49,,15:17,,,,,15:30,,,,,,,,,,,,,,,,,,,,,,15:27,,
WR_Up_90572,,15:24,,,,,,15:34,15:09,,,,,14:54,,,15:57,,15:51,,,,,,15:40,,15:03,,,,,,,,,,,15:49,,,,,,,,,,,,,,,,,,,,,,,,,,,,15:54,,,,14:59,,,15:47,,,14:48,14:38,,,,,,,,,,,,,,,,,,,,,,,,,,,14:32,,,14:43,,,,,,,
WR_Up_90574,,15:30,,,,,,15:40,15:09,,,,,,,,16:03,,15:57,,,,,,15:46,,,,,,,,,,,15:21,,15:55,15:26,,,,,15:15,,,,,,,,,,,,,,,,,,,15:18,,,16:00,,,,,,,15:53,,,,,,,,,,,,,,,,,,,,,,,,,,,,,,,,,,,,,,,,,
WR_Up_90576,,15:33,,,,,,15:46,15:12,,,,,,,,16:17,,16:11,,,,,,15:56,,,,,,,,,,,15:24,,16:09,15:29,,,,,15:18,,,,,,,15:42,,,,,,,16:01,,16:04,,15:49,15:21,,,16:14,,,15:52,,,,16:07,,,,,,,,,,15:58,,15:26,,,,,15:39,,,,,,,,,,,,,,,,,,,,,,15:36,,
WR_Up_90578,,15:39,,,,,,15:52,15:18,,,,,,,,16:24,,16:17,,,,,,16:02,,,,,,,,,,,15:30,,16:15,15:35,,,,,15:24,,,,,,,15:48,,,,,,,16:07,,16:10,,15:55,15:27,,,16:20,,,15:58,,,,16:13,,,,,,,,,,16:04,,15:32,,,,,15:45,,,,,,,,,,,,,,,,,,,,,,15:42,,
WR_Up_90580,,15:45,,,,,,15:59,15:23,,,,,,,,16:32,,16:25,,,,,,16:09,,,,,,,,,,,15:35,,16:23,15:40,,,,,15:29,,,,,,,15:54,,,,,,,16:15,,16:18,,16:02,15:32,,,16:28,,,16:05,,,,16:21,,,,,,,,,,16:12,,15:37,,,,,15:51,,,,,,,,,,,,,,,,,,,,,,15:48,,
WR_Up_90582,,15:38,,,,,,15:48,15:23,,,,,15:08,,,16:13,,16:05,,,,,,15:54,,15:18,,,,,,,,,,,16:03,,,,,,,,,,,,,,,,,,,,,,,,,,,,16:08,,,,15:14,,,16:01,,,,,,,,,,,,,,,,,,,,,,,,,,,,,,,,,,,,,,,,,
WR_Up_90586,,15:52,,,,,,16:06,15:30,,,,,,,,16:37,,16:31,,,,,,16:16,,,,,,,,,,,15:42,,16:29,15:47,,,,,15:36,,,,,,,16:01,,,,,,,16:21,,16:24,,16:09,15:39,,,16:34,,,16:12,,,,16:27,,,,,,,,,,16:18,,15:44,,,,,15:58,,,,,,,,,,,,,,,,,,,,,,15:55,,
WR_Up_90588,,15:46,,,,,,15:54,15:32,,,,,15:18,,,16:16,,16:10,,,,,,15:59,,15:27,,,,,,,,,,,16:08,,,,,,,,,,,,,,,,,,,,,,,,,,,,16:13,,,,15:23,,,16:06,,,15:12,15:02,,,,,,,,,,,,,,,,,,,,,,,,,,,14:56,,,15:07,,,,,,,
WR_Up_90592,,15:56,,,,,,16:09,,,,,,,,,16:40,,16:34,,,,,,16:19,,,,,,,,,,,15:46,,16:32,15:51,,,,,,,,,,,,16:05,,,,,,,16:24,,16:27,,16:12,,,,16:37,,,16:15,,,,16:30,,,,,,,,,,16:21,,15:48,,,,,16:02,,,,,,,,,,,,,,,,,,,,,,15:59,,
WR_Up_90594,,15:58,,,,,,16:07,15:36,,,,,,,,16:29,,16:23,,,,,,16:12,,,,,,,,,,,15:48,,16:21,15:53,,,,,15:42,,,,,,,,,,,,,,,,,,,15:45,,,16:26,,,,,,,16:19,,,,,,,,,,,,,,,,,,,,,,,,,,,,,,,,,,,,,,,,,
WR_Up_90596,,16:01,,,,,,16:14,15:40,,,,,,,,16:46,,16:39,,,,,,16:24,,,,,,,,,,,15:51,,16:37,15:56,,,,,15:45,,,,,,,16:10,,,,,,,16:29,,16:32,,16:17,15:48,,,16:42,,,16:20,,,,16:35,,,,,,,,,,16:26,,15:53,,,,,16:07,,,,,,,,,,,,,,,,,,,,,,16:04,,
WR_Up_90598,,16:07,,,,,,16:20,15:43,,,,,,,,16:51,,16:45,,,,,,16:30,,,,,,,,,,,15:57,,16:43,16:02,,,,,15:51,,,,,,,16:16,,,,,,,16:35,,16:38,,16:23,15:54,,,16:48,,,16:26,,,,16:41,,,,,,,,,,16:32,,15:59,,,,,16:13,,,,,,,,,,,,,,,,,,,,,,16:10,,
WR_Up_90600,,16:04,,,,,,16:14,15:50,,,,,15:34,,,16:38,,16:31,,,,,,16:20,,15:44,,,,,,,,,,,16:29,,,,,,,,,,,,,,,,,,,,,,,,,,,,16:34,,,,15:39,,,16:27,,,15:28,15:18,,,,,,,,,,,,,,,,,,,,,,,,,,,15:12,,,15:23,,,,,,,
WR_Up_90602,,16:10,,,,,,16:23,15:48,,,,,,,,16:56,,16:48,,,,,,16:33,,,,,,,,,,,16:00,,16:46,16:05,,,,,15:54,,,,,,,16:19,,,,,,,16:38,,16:41,,16:26,15:57,,,16:51,,,16:29,,,,16:44,,,,,,,,,,16:35,,16:02,,,,,16:16,,,,,,,,,,,,,,,,,,,,,,16:13,,
WR_Up_90606,,16:16,,,,,,16:29,15:54,,,,,,,,17:00,,16:54,,,,,,16:39,,,,,,,,,,,16:06,,16:52,16:11,,,,,16:00,,,,,,,16:25,,,,,,,16:44,,16:47,,16:32,16:03,,,16:57,,,16:35,,,,16:50,,,,,,,,,,16:41,,16:08,,,,,16:22,,,,,,,,,,,,,,,,,,,,,,16:19,,
WR_Up_90608,,,,,,,,,15:57,,,,,15:43,,,,,,,,,,,,,,,,,,,,,,,,,,,,,,,,,,,,,,,,,,,,,,,,,,,,,,,,15:48,,,,,,,15:26,,,,,,,,,,,,,,,,,,,,,,,,,,,15:20,,,15:32,,,,,,,
WR_Up_90610,,16:17,,,,,,16:32,,,,,,,,,17:03,,16:57,,,,,,16:42,,,,,,,,,,,16:06,,16:55,16:12,,,,,,,,,,,,16:28,,,,,,,16:47,,16:50,,16:35,,,,17:00,,,16:38,,,,16:53,,,,,,,,,,16:44,,16:09,,,,,16:25,,,,,,,,,,,,,,,,,,,,,,16:22,,
WR_Up_90612,,16:19,,,,,,16:35,15:58,,,,,,,,17:07,,17:00,,,,,,16:45,,,,,,,,,,,16:10,,16:58,16:15,,,,,16:04,,,,,,,16:28,,,,,,,16:50,,16:53,,16:38,16:07,,,17:03,,,16:41,,,,16:56,,,,,,,,,,16:47,,16:12,,,,,16:25,,,,,,,,,,,,,,,,,,,,,,16:22,,
WR_Up_90614,,16:19,,,,,,16:28,16:06,,,,,15:52,,,16:54,,16:45,,,,,,16:34,,16:01,,,,,,,,,,,16:43,,,,,,,,,,,,,,,,,,,,,,,,,,,,16:48,,,,15:57,,,16:41,,,15:46,15:36,,,,,,,,,,,,,,,,,,,,,,,,,,,15:30,,,15:41,,,,,,,
WR_Up_90616,,16:24,,,,,,16:41,16:01,,,,,,,,17:13,,17:06,,,,,,16:51,,,,,,,,,,,16:13,,17:04,16:18,,,,,16:07,,,,,,,16:34,,,,,,,16:56,,16:59,,16:44,16:10,,,17:09,,,16:47,,,,17:02,,,,,,,,,,16:53,,16:15,,,,,16:31,,,,,,,,,,,,,,,,,,,,,,16:28,,
WR_Up_90618,,16:24,,,,,,16:38,,,,,,,,,17:10,,17:03,,,,,,16:48,,,,,,,,,,,16:14,,17:01,16:20,,,,,,,,,,,,16:33,,,,,,,16:53,,16:56,,16:41,,,,17:06,,,16:44,,,,16:59,,,,,,,,,,16:50,,16:17,,,,,16:30,,,,,,,,,,,,,,,,,,,,,,16:27,,
WR_Up_90620,,16:26,,,,,,16:43,16:03,,,,,,,,17:16,,17:08,,,,,,16:53,,,,,,,,,,,16:16,,17:06,16:21,,,,,16:10,,,,,,,16:36,,,,,,,16:58,,17:01,,16:46,16:13,,,17:11,,,16:49,,,,17:04,,,,,,,,,,16:55,,16:18,,,,,16:33,,,,,,,,,,,,,,,,,,,,,,16:30,,
WR_Up_90622,,16:30,,,,,,16:45,16:07,,,,,,,,17:19,,17:10,,,,,,16:55,,,,,,,,,,,16:20,,17:08,16:25,,,,,16:14,,,,,,,16:40,,,,,,,17:00,,17:03,,16:48,16:17,,,17:13,,,16:51,,,,17:06,,,,,,,,,,16:57,,16:22,,,,,16:37,,,,,,,,,,,,,,,,,,,,,,16:34,,
WR_Up_90624,,16:29,,,,,,16:38,16:16,,,,,16:02,,,,,,,,,,,16:45,,,,,,,,,,,,,,,,,,,,,,,,,,,,,,,,,,,,,,,,,,,,,16:07,,,,,,,15:46,,,,,,,,,,,,,,,,,,,,,,,,,,,15:40,,,15:51,,,,,,,
WR_Up_90626,,16:37,,,,,,16:51,16:15,,,,,,,,17:25,,17:16,,,,,,17:01,,,,,,,,,,,16:27,,17:14,16:32,,,,,16:21,,,,,,,16:47,,,,,,,17:06,,17:09,,16:54,16:24,,,17:19,,,16:57,,,,17:12,,,,,,,,,,17:03,,16:29,,,,,16:44,,,,,,,,,,,,,,,,,,,,,,16:41,,
WR_Up_90628,,16:33,,,,,,16:42,16:20,,,,,16:05,,,17:05,,,,,,,,16:47,,16:15,,,,,,,,,,,,,,,,,,,,,,,,,,,,,,,,,,,,,,,,,,,16:11,,,16:54,,,,,,,,,,,,,,,,,,,,,,,,,,,,,,,,,,,,,,,,,
WR_Up_90634,,16:43,,,,,,16:54,,,,,,,,,17:15,,,,,,,,17:00,,,,,,,,,,,,,,,,,,,,,,,,,,,,,,,,,,,,,,16:32,,,,,,,,,,17:07,,,,,,,,,,,,,,,,,,,,,,,,,,,,,,,,,,,,,,,,,
WR_Up_90636,,16:43,,,,,,16:58,,,,,,,,,17:30,,17:23,,,,,,17:08,,,,,,,,,,,16:33,,17:21,16:39,,,,,,,,,,,,16:54,,,,,,,17:13,,17:16,,17:01,,,,17:26,,,17:04,,,,17:19,,,,,,,,,,17:10,,16:36,,,,,16:51,,,,,,,,,,,,,,,,,,,,,,16:48,,
WR_Up_90638,,16:44,,,,,,17:01,16:21,,,,,,,,17:33,,17:26,,,,,,17:11,,,,,,,,,,,16:34,,17:24,16:39,,,,,16:28,,,,,,,16:55,,,,,,,17:16,,17:19,,17:04,16:31,,,17:29,,,17:07,,,,17:22,,,,,,,,,,17:13,,16:36,,,,,16:52,,,,,,,,,,,,,,,,,,,,,,16:49,,
WR_Up_90640,,16:49,,,,,,17:04,16:28,,,,,,,,17:36,,17:29,,,,,,17:14,,,,,,,,,,,16:40,,17:27,16:45,,,,,16:34,,,,,,,16:58,,,,,,,17:19,,17:22,,17:07,16:37,,,17:32,,,17:10,,,,17:25,,,,,,,,,,17:16,,16:42,,,,,16:55,,,,,,,,,,,,,,,,,,,,,,16:52,,
WR_Up_90642,,16:52,,,,,,17:07,16:31,,,,,,,,17:42,,17:34,,,,,,17:18,,,,,,,,,,,16:43,,17:32,16:48,,,,,16:37,,,,,,,17:01,,,,,,,17:24,,17:27,,17:10,16:40,,,17:37,,,17:13,,,,17:30,,,,,,,,,,17:21,,16:45,,,,,16:58,,,,,,,,,,,,,,,,,,,,,,16:55,,
WR_Up_90644,,16:47,,,,,,16:57,16:32,,,,,16:15,,,17:20,,,,,,,,17:03,,16:26,,,,,,,,,,,,,,,,,,,,,,,,,,,,,,,,,,,,,,,,,,,16:22,,,17:11,,,,,,,,,,,,,,,,,,,,,,,,,,,,,,,,,,,,,,,,,
WR_Up_90646,,16:55,,,,,,17:10,16:34,,,,,,,,17:45,,17:37,,,,,,17:21,,,,,,,,,,,16:46,,17:35,16:51,,,,,16:40,,,,,,,17:04,,,,,,,17:27,,17:30,,17:13,16:43,,,17:40,,,17:16,,,,17:33,,,,,,,,,,17:24,,16:48,,,,,17:01,,,,,,,,,,,,,,,,,,,,,,16:58,,
WR_Up_90648,,16:59,,,,,,17:13,16:39,,,,,16:24,,,,,,,,,,,,,,,,,,,,,,16:49,,,,,,,,,,,,,,,,,,,,,,,,,,,16:46,,,,,,,16:30,,,,,,,16:08,,,,,,,,,,,,,,,,,,,,,,,,,,,,,,16:14,,,,,,,
WR_Up_90650,,17:02,,,,,,17:15,16:42,,,,,,,,17:48,,17:39,,,,,,17:24,,,,,,,,,,,16:53,,17:37,16:58,,,,,16:47,,,,,,,17:11,,,,,,,17:29,,17:32,,17:18,16:50,,,17:42,,,17:21,,,,17:35,,,,,,,,,,17:26,,16:55,,,,,17:08,,,,,,,,,,,,,,,,,,,,,,17:05,,
WR_Up_90652,,16:57,,,,,,17:06,16:43,,,,,16:29,,,17:29,,,,,,,,17:12,,16:38,,,,,,,,,,,,,,,,,,,,,,,,,,,,,,,,,,,,,,,,,,,16:34,,,17:19,,,16:23,16:14,,,,,,,,,,,,,,,,,,,,,,,,,,,16:08,,,16:19,,,,,,,
WR_Up_90654,,17:00,,,,,,17:09,,,,,,,,,17:32,,,,,,,,17:15,,,,,,,,,,,,,,,,,,,,,,,,,,,,,,,,,,,,,,16:50,,,,,,,,,,17:22,,,,,,,,,,,,,,,,,,,,,,,,,,,,,,,,,,,,,,,,,
WR_Up_90656,,17:05,,,,,,17:19,,,,,,,,,17:51,,17:44,,,,,,17:29,,,,,,,,,,,16:55,,17:42,17:01,,,,,,,,,,,,17:15,,,,,,,17:34,,17:37,,17:22,,,,17:47,,,17:25,,,,17:40,,,,,,,,,,17:31,,16:58,,,,,17:12,,,,,,,,,,,,,,,,,,,,,,17:09,,
WR_Up_90658,,17:08,,,,,,,16:47,,,,,16:33,,,,,,,,,,,,,,,,,,,,,,16:57,,,,,,,,,,,,,,,,,,,,,,,,,,,16:54,,,,,,,16:38,,,,,,,16:18,,,,,,,,,,,,,,,,,,,,,,,,,,,16:12,,,16:23,,,,,,,
WR_Up_90660,,17:10,,,,,,17:23,16:50,,,,,,,,17:54,,17:48,,,,,,17:33,,,,,,,,,,,17:01,,17:46,17:06,,,,,16:55,,,,,,,17:19,,,,,,,17:38,,17:41,,17:26,16:58,,,17:51,,,17:29,,,,17:44,,,,,,,,,,17:35,,17:03,,,,,17:16,,,,,,,,,,,,,,,,,,,,,,17:13,,
WR_Up_90662,,17:13,,,,,,17:26,16:53,,,,,,,,18:00,,17:52,,,,,,17:36,,,,,,,,,,,17:04,,17:50,17:09,,,,,16:58,,,,,,,17:22,,,,,,,17:41,,17:44,,17:29,17:01,,,17:55,,,17:32,,,,17:48,,,,,,,,,,17:38,,17:06,,,,,17:19,,,,,,,,,,,,,,,,,,,,,,17:16,,
WR_Up_90664,,17:12,,,,,,17:22,,,,,,,,,17:44,,,,,,,,17:28,,,,,,,,,,,,,,,,,,,,,,,,,,,,,,,,,,,,,,17:02,,,,,,,,,,17:35,,,,,,,,,,,,,,,,,,,,,,,,,,,,,,,,,,,,,,,,,
WR_Up_90666,,17:18,,,,,,17:32,16:56,,,,,,,,18:03,,17:56,,,,,,17:41,,,,,,,,,,,17:08,,17:54,17:13,,,,,17:02,,,,,,,17:27,,,,,,,17:46,,17:49,,17:35,17:05,,,17:59,,,17:38,,,,17:52,,,,,,,,,,17:43,,17:10,,,,,17:24,,,,,,,,,,,,,,,,,,,,,,17:21,,
WR_Up_90672,,17:25,,,,,,17:39,17:04,,,,,16:49,,,18:10,,18:04,,,,,,17:49,,16:58,,,,,,,,,17:15,,18:02,17:20,,,,,17:09,,,,,,,17:35,,,,,,,17:54,,17:57,,17:42,17:12,,,18:07,,,17:45,16:54,,,18:00,,,16:43,,,,,,,17:51,,17:17,,,,,17:32,,,,,,,,,,,,,,,,,16:37,,,,,17:29,,
WR_Up_90674,,17:19,,,,,,17:29,17:05,,,,,16:51,,,17:52,,,,,,,,17:35,,17:00,,,,,,,,,,,,,,,,,,,,,,,,,,,,,,,,,,,,,,,,,,,16:56,,,17:44,,,16:45,16:35,,,,,,,,,,,,,,,,,,,,,,,,,,,16:28,,,16:40,,,,,,,
WR_Up_90676,,17:28,,,,,,17:42,17:06,,,,,,,,18:13,,18:07,,,,,,17:52,,,,,,,,,,,17:18,,18:05,17:23,,,,,17:12,,,,,,,17:38,,,,,,,17:57,,18:00,,17:45,17:15,,,18:10,,,17:48,,,,18:03,,,,,,,,,,17:54,,17:20,,,,,17:35,,,,,,,,,,,,,,,,,,,,,,17:32,,
WR_Up_90680,,17:30,,,,,,17:45,,,,,,,,,18:16,,18:10,,,,,,17:55,,,,,,,,,,,17:20,,18:08,17:26,,,,,,,,,,,,17:41,,,,,,,18:00,,18:03,,17:48,,,,18:13,,,17:51,,,,18:06,,,,,,,,,,17:57,,17:23,,,,,17:38,,,,,,,,,,,,,,,,,,,,,,17:35,,
WR_Up_90682,,17:34,,,,,,17:48,17:10,,,,,,,,18:19,,18:13,,,,,,17:58,,,,,,,,,,,17:24,,18:11,17:29,,,,,17:18,,,,,,,17:44,,,,,,,18:03,,18:06,,17:51,17:21,,,18:16,,,17:54,,,,18:09,,,,,,,,,,18:00,,17:26,,,,,17:41,,,,,,,,,,,,,,,,,,,,,,17:38,,
WR_Up_90684,,17:36,,,,,,17:51,,,,,,,,,18:22,,18:16,,,,,,18:01,,,,,,,,,,,,,18:14,,,,,,,,,,,,,17:47,,,,,,,18:06,,18:09,,17:54,,,,18:19,,,17:57,,,,18:12,,,,,,,,,,18:03,,,,,,,17:44,,,,,,,,,,,,,,,,,,,,,,17:41,,
WR_Up_90686,,17:39,,,,,,17:54,17:13,,,,,,,,18:25,,18:19,,,,,,18:04,,,,,,,,,,,17:28,,18:17,17:33,,,,,17:21,,,,,,,17:50,,,,,,,18:09,,18:12,,17:57,17:24,,,18:22,,,18:00,,,,18:15,,,,,,,,,,18:06,,17:30,,,,,17:47,,,,,,,,,,,,,,,,,,,,,,17:44,,
WR_Up_90690,,17:36,,,,,,17:46,,,,,,,,,18:10,,,,,,,,17:52,,,,,,,,,,,,,,,,,,,,,,,,,,,,,,,,,,,,,,17:25,,,,,,,,,,18:01,,,,,,,,,,,,,,,,,,,,,,,,,,,,,,,,,,,,,,,,,
WR_Up_90692,,17:44,,,,,,17:57,17:23,,,,,,,,18:29,,18:22,,,,,,18:07,,,,,,,,,,,17:35,,18:20,17:40,,,,,17:29,,,,,,,17:53,,,,,,,18:12,,18:15,,18:00,17:32,,,18:25,,,18:03,,,,18:18,,,,,,,,,,18:09,,17:37,,,,,17:50,,,,,,,,,,,,,,,,,,,,,,17:47,,
WR_Up_90694,,17:47,,,,,,18:01,,,,,,,,,18:32,,18:26,,,,,,18:11,,,,,,,,,,,17:37,,18:24,17:43,,,,,,,,,,,,17:57,,,,,,,18:16,,18:19,,18:04,,,,18:29,,,18:07,,,,18:22,,,,,,,,,,18:13,,17:40,,,,,17:54,,,,,,,,,,,,,,,,,,,,,,17:51,,
WR_Up_90702,,17:53,,,,,,18:07,17:31,,,,,,,,18:38,,18:32,,,,,,18:17,,,,,,,,,,,17:44,,18:30,17:48,,,,,17:37,,,,,,,18:03,,,,,,,18:22,,18:25,,18:10,17:40,,,18:35,,,18:13,,,,18:28,,,,,,,,,,18:19,,17:46,,,,,18:00,,,,,,,,,,,,,,,,,,,,,,17:57,,
WR_Up_90704,,17:47,,,,,,17:57,17:33,,,,,17:19,,,18:20,,,,,,,,18:03,,17:28,,,,,,,,,,,,,,,,,,,,,,,,,,,,,,,,,,,,,,,,,,,17:24,,,18:10,,,17:13,17:03,,,,,,,,,,,,,,,,,,,,,,,,,,,,,,17:08,,,,,,,
WR_Up_90708,,17:56,,,,,,18:12,,,,,,,,,18:44,,18:37,,,,,,18:22,,,,,,,,,,,,,18:35,,,,,,,,,,,,,18:07,,,,,,,18:27,,18:30,,18:15,,,,18:40,,,18:18,,,,18:33,,,,,,,,,,18:24,,,,,,,18:04,,,,,,,,,,,,,,,,,,,,,,18:01,,
WR_Up_90710,,18:03,,,,,,18:12,17:39,,,,,,,,18:32,,,,,,,,18:17,,,,,,,,,,,17:53,,,17:58,,,,,17:45,,,,,,,,,,,,,,,,,,,17:49,,,,,,,,,,18:24,,,,,,,,,,,,,,,,,,,,,,,,,,,,,,,,,,,,,,,,,
WR_Up_90714,,18:05,,,,,,18:18,17:44,,,,,,,,18:49,,18:43,,,,,,18:28,,,,,,,,,,,17:56,,18:41,18:01,,,,,17:50,,,,,,,18:14,,,,,,,18:33,,18:36,,18:21,17:53,,,18:46,,,18:24,,,,18:39,,,,,,,,,,18:30,,17:58,,,,,18:11,,,,,,,,,,,,,,,,,,,,,,18:08,,
WR_Up_90716,,17:58,,,,,,18:07,17:45,,,,,17:28,,,18:28,,,,,,,,18:13,,17:38,,,,,,,,,,,,,,,,,,,,,,,,,,,,,,,,,,,,,,,,,,,17:33,,,18:20,,,17:22,17:12,,,,,,,,,,,,,,,,,,,,,,,,,,,17:05,,,17:17,,,,,,,
WR_Up_90718,,18:09,,,,,,18:23,17:48,,,,,,,,18:54,,18:48,,,,,,18:33,,,,,,,,,,,18:00,,18:46,18:05,,,,,17:54,,,,,,,18:19,,,,,,,18:38,,18:41,,18:26,17:57,,,18:51,,,18:29,,,,18:44,,,,,,,,,,18:35,,18:02,,,,,18:16,,,,,,,,,,,,,,,,,,,,,,18:13,,
WR_Up_90720,,18:06,,,,,,18:16,17:50,,,,,17:34,,,18:36,,,,,,,,18:21,,17:44,,,,,,,,,,,,,,,,,,,,,,,,,,,,,,,,,,,,,,,,,,,17:40,,,18:28,,,,,,,,,,,,,,,,,,,,,,,,,,,,,,,,,,,,,,,,,
WR_Up_90726,,18:08,,,,,,18:26,,,,,,,,,19:00,,18:51,,,,,,18:36,,,,,,,,,,,17:57,,18:49,18:04,,,,,,,,,,,,18:19,,,,,,,18:41,,18:44,,18:29,,,,18:54,,,18:32,,,,18:47,,,,,,,,,,18:38,,18:01,,,,,18:16,,,,,,,,,,,,,,,,,,,,,,18:13,,
WR_Up_90728,,18:18,,,,,,18:32,17:57,,,,,,,,19:04,,18:57,,,,,,18:42,,,,,,,,,,,18:08,,18:55,18:13,,,,,18:02,,,,,,,18:27,,,,,,,18:47,,18:50,,18:35,18:05,,,19:00,,,18:38,,,,18:53,,,,,,,,,,18:44,,18:10,,,,,18:24,,,,,,,,,,,,,,,,,,,,,,18:21,,
WR_Up_90730,,18:12,,,,,,18:21,17:57,,,,,17:43,,,,,,,,,,,18:28,,,,,,,,,,,,,,,,,,,,,,,,,,,,,,,,,,,,,,,,,,,,,17:48,,,,,,,17:27,,,,,,,,,,,,,,,,,,,,,,,,,,,17:20,,,17:33,,,,,,,
WR_Up_90732,,,,,,,,,18:00,,,,,17:45,,,,,,,,,,,,,,,,,,,,,,,,,,,,,,,,,,,,,,,,,,,,,,,,,,,,,,,,17:50,,,,,,,17:29,,,,,,,,,,,,,,,,,,,,,,,,,,,,,,17:34,,,,,,,
WR_Up_90734,,18:15,,,,,,18:24,18:01,,,,,17:48,,,18:46,,,,,,,,18:30,,17:57,,,,,,,,,,,,,,,,,,,,,,,,,,,,,,,,,,,,,,,,,,,17:53,,,18:37,,,17:43,17:33,,,,,,,,,,,,,,,,,,,,,,,,,,,17:27,,,17:38,,,,,,,
WR_Up_90736,,18:21,,,,,,18:36,,,,,,,,,19:07,,19:01,,,,,,18:46,,,,,,,,,,,18:11,,18:59,18:17,,,,,,,,,,,,18:31,,,,,,,18:51,,18:54,,18:39,,,,19:04,,,18:42,,,,18:57,,,,,,,,,,18:48,,18:14,,,,,18:28,,,,,,,,,,,,,,,,,,,,,,18:25,,
WR_Up_90738,,18:25,,,,,,18:40,18:04,,,,,,,,19:11,,19:05,,,,,,18:50,,,,,,,,,,,18:15,,19:03,18:20,,,,,18:09,,,,,,,18:35,,,,,,,18:55,,18:58,,18:43,18:12,,,19:08,,,18:46,,,,19:01,,,,,,,,,,18:52,,18:17,,,,,18:32,,,,,,,,,,,,,,,,,,,,,,18:29,,
WR_Up_90740,,,,,,,,18:42,,,,,,,,,19:14,,19:07,,,,,,18:52,,,,,,,,,,,,,19:05,,,,,,,,,,,,,,,,,,,,18:57,,19:00,,18:45,,,,19:10,,,18:48,,,,19:03,,,,,,,,,,18:54,,,,,,,,,,,,,,,,,,,,,,,,,,,,,,,
WR_Up_90742,,18:31,,,,,,18:45,18:08,,,,,,,,19:16,,19:10,,,,,,18:55,,,,,,,,,,,18:21,,19:08,18:26,,,,,18:15,,,,,,,18:41,,,,,,,19:00,,19:03,,18:48,18:18,,,19:13,,,18:51,,,,19:06,,,,,,,,,,18:57,,18:23,,,,,18:38,,,,,,,,,,,,,,,,,,,,,,18:35,,
WR_Up_90746,,18:34,,,,,,18:48,18:13,,,,,,,,19:19,,19:13,,,,,,18:58,,,,,,,,,,,18:25,,19:11,18:30,,,,,18:19,,,,,,,18:44,,,,,,,19:03,,19:06,,18:51,18:22,,,19:16,,,18:54,,,,19:09,,,,,,,,,,19:00,,18:27,,,,,18:41,,,,,,,,,,,,,,,,,,,,,,18:38,,
WR_Up_90748,,18:27,,,,,,18:35,18:13,,,,,18:00,,,18:56,,,,,,,,18:41,,18:08,,,,,,,,,,,,,,,,,,,,,,,,,,,,,,,,,,,,,,,,,,,18:04,,,18:48,,,17:54,,,,,,,,,,,,,,,,,,,,,,,,,,,,,,,17:48,,,,,,,
WR_Up_90750,,18:30,,,,,,18:38,18:16,,,,,18:03,,,19:00,,,,,,,,18:44,,18:11,,,,,,,,,,,,,,,,,,,,,,,,,,,,,,,,,,,,,,,,,,,18:07,,,18:51,,,17:57,17:47,,,,,,,,,,,,,,,,,,,,,,,,,,,17:41,,,17:52,,,,,,,
WR_Up_90752,,18:37,,,,,,18:51,,,,,,,,,19:22,,19:16,,,,,,19:01,,,,,,,,,,,,,19:14,,,,,,,,,,,,,18:47,,,,,,,19:06,,19:09,,18:54,,,,19:19,,,18:57,,,,19:12,,,,,,,,,,19:03,,,,,,,18:44,,,,,,,,,,,,,,,,,,,,,,18:41,,
WR_Up_90754,,18:40,,,,,,18:54,18:19,,,,,,,,19:25,,19:19,,,,,,19:04,,,,,,,,,,,18:29,,19:17,18:34,,,,,18:23,,,,,,,18:50,,,,,,,19:09,,19:12,,18:57,18:26,,,19:22,,,19:00,,,,19:15,,,,,,,,,,19:06,,18:32,,,,,18:47,,,,,,,,,,,,,,,,,,,,,,18:44,,
WR_Up_90756,,18:43,,,,,,18:57,,,,,,,,,19:28,,19:22,,,,,,19:07,,,,,,,,,,,18:33,,19:20,18:39,,,,,,,,,,,,18:53,,,,,,,19:12,,19:15,,19:00,,,,19:25,,,19:03,,,,19:18,,,,,,,,,,19:09,,18:36,,,,,18:50,,,,,,,,,,,,,,,,,,,,,,18:47,,
WR_Up_90758,,18:38,,,,,,18:46,18:24,,,,,,,,19:08,,,,,,,,18:52,,,,,,,,,,,,,,,,,,,,,,,,,,,,,,,,,,,,,,,,,,,,,,,,18:59,,,,,,,,,,,,,,,,,,,,,,,,,,,,,,,,,,,,,,,,,
WR_Up_90760,,18:47,,,,,,19:00,18:24,,,,,,,,19:31,,19:25,,,,,,19:10,,,,,,,,,,,18:37,,19:23,18:42,,,,,18:31,,,,,,,18:56,,,,,,,19:15,,19:18,,19:03,18:34,,,19:28,,,19:06,,,,19:21,,,,,,,,,,19:12,,18:40,,,,,18:53,,,,,,,,,,,,,,,,,,,,,,18:50,,
WR_Up_90762,,,,,,,,19:02,,,,,,,,,19:34,,19:28,,,,,,19:13,,,,,,,,,,,,,19:26,,,,,,,,,,,,,,,,,,,,19:18,,19:21,,19:06,,,,19:31,,,19:09,,,,19:24,,,,,,,,,,19:15,,,,,,,,,,,,,,,,,,,,,,,,,,,,,,,
WR_Up_90764,,18:50,,,,,,19:05,18:27,,,,,,,,19:37,,19:31,,,,,,19:16,,,,,,,,,,,18:40,,19:29,18:45,,,,,18:34,,,,,,,19:00,,,,,,,19:21,,19:24,,19:09,18:37,,,19:34,,,19:12,,,,19:27,,,,,,,,,,19:18,,18:42,,,,,18:57,,,,,,,,,,,,,,,,,,,,,,18:54,,
WR_Up_90766,,,,,,,,,18:29,,,,,18:13,,,,,,,,,,,,,,,,,,,,,,,,,,,,,,,,,,,,,,,,,,,,,,,,,,,,,,,,18:18,,,,,,,17:58,,,,,,,,,,,,,,,,,,,,,,,,,,,17:52,,,18:03,,,,,,,
WR_Up_90770,,18:54,,,,,,19:09,18:32,,,,,,,,19:41,,19:34,,,,,,19:19,,,,,,,,,,,18:44,,19:32,18:49,,,,,18:38,,,,,,,19:05,,,,,,,19:24,,19:27,,19:12,18:41,,,19:37,,,19:15,,,,19:30,,,,,,,,,,19:21,,18:46,,,,,19:02,,,,,,,,,,,,,,,,,,,,,,18:58,,
WR_Up_90772,,18:59,,,,,,19:12,,,,,,,,,19:45,,19:37,,,,,,19:22,,,,,,,,,,,18:49,,19:35,18:55,,,,,,,,,,,,19:08,,,,,,,19:27,,19:30,,19:15,,,,19:40,,,19:18,,,,19:33,,,,,,,,,,19:24,,18:52,,,,,19:05,,,,,,,,,,,,,,,,,,,,,,19:02,,
WR_Up_90774,,19:00,,,,,,19:17,18:37,,,,,,,,19:48,,19:42,,,,,,19:27,,,,,,,,,,,18:49,,19:40,18:54,,,,,18:43,,,,,,,19:12,,,,,,,19:32,,19:35,,19:20,18:46,,,19:45,,,19:23,,,,19:38,,,,,,,,,,19:29,,18:51,,,,,19:09,,,,,,,,,,,,,,,,,,,,,,19:05,,
WR_Up_90776,,19:05,,,,,,19:19,18:43,,,,,,,,19:51,,19:44,,,,,,19:29,,,,,,,,,,,18:55,,19:42,19:00,,,,,18:49,,,,,,,19:15,,,,,,,19:34,,19:37,,19:22,18:52,,,19:47,,,19:25,,,,19:40,,,,,,,,,,19:31,,18:57,,,,,19:12,,,,,,,,,,,,,,,,,,,,,,19:09,,
WR_Up_90778,,19:09,,,,,,19:18,18:47,,,,,,,,19:42,,,,,,,,19:23,,,,,,,,,,,18:59,,,19:04,,,,,18:53,,,,,,,,,,,,,,,,,,,18:56,,,,,,,,,,19:30,,,,,,,,,,,,,,,,,,,,,,,,,,,,,,,,,,,,,,,,,
WR_Up_90780,,19:01,,,,,,19:09,18:48,,,,,18:34,,,19:29,,,,,,,,19:14,,18:44,,,,,,,,,,,,,,,,,,,,,,,,,,,,,,,,,,,,,,,,,,,18:39,,,19:21,,,18:28,18:19,,,,,,,,,,,,,,,,,,,,,,,,,,,18:13,,,18:24,,,,,,,
WR_Up_90782,,19:12,,,,,,19:26,18:52,,,,,,,,19:57,,19:51,,,,,,19:36,,,,,,,,,,,19:03,,19:49,19:08,,,,,18:57,,,,,,,19:21,,,,,,,19:41,,19:44,,19:29,19:00,,,19:54,,,19:32,,,,19:47,,,,,,,,,,19:38,,19:05,,,,,19:18,,,,,,,,,,,,,,,,,,,,,,19:15,,
WR_Up_90788,,19:19,,,,,,19:33,18:58,,,,,,,,20:04,,19:58,,,,,,19:43,,,,,,,,,,,19:09,,19:56,19:15,,,,,19:03,,,,,,,19:29,,,,,,,19:48,,19:51,,19:36,19:06,,,20:01,,,19:39,,,,19:54,,,,,,,,,,19:45,,19:11,,,,,19:26,,,,,,,,,,,,,,,,,,,,,,19:23,,
WR_Up_90790,,19:23,,,,,,19:36,19:00,,,,,,,,20:07,,20:01,,,,,,19:46,,,,,,,,,,,19:12,,19:59,19:17,,,,,19:06,,,,,,,19:32,,,,,,,19:51,,19:54,,19:39,19:09,,,20:04,,,19:42,,,,19:57,,,,,,,,,,19:48,,19:14,,,,,19:29,,,,,,,,,,,,,,,,,,,,,,19:26,,
WR_Up_90792,,19:18,,,,,,19:28,19:01,,,,,18:47,,,19:49,,,,,,,,19:34,,18:56,,,,,,,,,,,,,,,,,,,,,,,,,,,,,,,,,,,,,,,,,,,18:52,,,19:41,,,18:41,18:30,,,,,,,,,,,,,,,,,,,,,,,,,,,18:24,,,18:35,,,,,,,
WR_Up_90794,,,,,,,,19:39,,,,,,,,,20:10,,20:04,,,,,,19:49,,,,,,,,,,,,,20:02,,,,,,,,,,,,,,,,,,,,19:54,,19:57,,19:42,,,,20:07,,,19:45,,,,20:00,,,,,,,,,,19:51,,,,,,,,,,,,,,,,,,,,,,,,,,,,,,,
WR_Up_90796,,19:26,,,,,,19:41,19:05,,,,,,,,20:16,,20:07,,,,,,19:52,,,,,,,,,,,19:16,,20:05,19:21,,,,,19:10,,,,,,,19:35,,,,,,,19:57,,20:00,,19:45,19:13,,,20:10,,,19:48,,,,20:03,,,,,,,,,,19:54,,19:18,,,,,19:32,,,,,,,,,,,,,,,,,,,,,,19:29,,
WR_Up_90804,,19:32,,,,,,19:46,,,,,,,,,20:19,,20:11,,,,,,19:56,,,,,,,,,,,19:21,,20:09,19:27,,,,,,,,,,,,19:42,,,,,,,20:01,,20:04,,19:49,,,,20:14,,,19:52,,,,20:07,,,,,,,,,,19:58,,19:24,,,,,19:39,,,,,,,,,,,,,,,,,,,,,,19:36,,
WR_Up_90806,,19:33,,,,,,19:42,19:11,,,,,,,,20:03,,,,,,,,19:48,,,,,,,,,,,19:24,,,19:28,,,,,19:16,,,,,,,,,,,,,,,,,,,19:19,,,,,,,,,,19:55,,,,,,,,,,,,,,,,,,,,,,,,,,,,,,,,,,,,,,,,,
WR_Up_90808,,19:37,,,,,,19:50,19:13,,,,,,,,20:23,,20:15,,,,,,20:00,,,,,,,,,,,19:28,,20:13,19:33,,,,,19:21,,,,,,,19:46,,,,,,,20:05,,20:08,,19:53,19:24,,,20:18,,,19:56,,,,20:11,,,,,,,,,,20:02,,19:30,,,,,19:43,,,,,,,,,,,,,,,,,,,,,,19:40,,
WR_Up_90810,,19:41,,,,,,19:54,19:16,,,,,,,,20:26,,20:19,,,,,,20:04,,,,,,,,,,,19:32,,20:17,19:37,,,,,19:25,,,,,,,19:50,,,,,,,20:09,,20:12,,19:57,19:28,,,20:22,,,20:00,,,,20:15,,,,,,,,,,20:06,,19:34,,,,,19:47,,,,,,,,,,,,,,,,,,,,,,19:44,,
WR_Up_90812,,19:39,,,,,,19:48,19:23,,,,,19:08,,,,,,,,,,,19:54,,,,,,,,,,,,,,,,,,,,,,,,,,,,,,,,,,,,,,,,,,,,,19:13,,,,,,,18:52,,,,,,,,,,,,,,,,,,,,,,,,,,,18:45,,,18:58,,,,,,,
WR_Up_90814,,19:44,,,,,,19:57,19:21,,,,,,,,20:30,,20:22,,,,,,20:07,,,,,,,,,,,19:35,,20:20,19:40,,,,,19:28,,,,,,,19:53,,,,,,,20:12,,20:15,,20:00,19:31,,,20:25,,,20:03,,,,20:18,,,,,,,,,,20:09,,19:37,,,,,19:50,,,,,,,,,,,,,,,,,,,,,,19:47,,
WR_Up_90816,,19:48,,,,,,20:02,,,,,,,,,20:33,,20:27,,,,,,20:12,,,,,,,,,,,,,20:25,,,,,,,,,,,,,19:58,,,,,,,20:17,,20:20,,20:05,,,,20:30,,,20:08,,,,20:23,,,,,,,,,,20:14,,,,,,,19:55,,,,,,,,,,,,,,,,,,,,,,19:52,,
WR_Up_90818,,19:50,,,,,,19:59,19:25,,,,,,,,20:20,,,,,,,,20:05,,,,,,,,,,,,,,,,,,,,,,,,,,,,,,,,,,,,,,,,,,,,,,,,20:12,,,,,,,,,,,,,,,,,,,,,,,,,,,,,,,,,,,,,,,,,
WR_Up_90820,,19:42,,,,,,19:51,19:26,,,,,,,,20:13,,,,,,,,19:57,,,,,,,,,,,,,,,,,,,,,,,,,,,,,,,,,,,,,,,,,,,,,,,,20:04,,,,,,,,,,,,,,,,,,,,,,,,,,,,,,,,,,,,,,,,,
WR_Up_90822,,19:53,,,,,,20:07,19:27,,,,,,,,20:39,,20:32,,,,,,20:17,,,,,,,,,,,19:42,,20:30,19:47,,,,,19:35,,,,,,,20:03,,,,,,,20:22,,20:25,,20:10,19:38,,,20:34,,,20:13,,,,20:28,,,,,,,,,,20:19,,19:44,,,,,20:00,,,,,,,,,,,,,,,,,,,,,,19:57,,
WR_Up_90826,,19:56,,,,,,20:10,19:33,,,,,,,,20:43,,20:35,,,,,,20:20,,,,,,,,,,,19:46,,20:33,19:51,,,,,19:40,,,,,,,20:06,,,,,,,20:25,,20:28,,20:13,19:43,,,20:38,,,20:16,,,,20:31,,,,,,,,,,20:22,,19:48,,,,,20:03,,,,,,,,,,,,,,,,,,,,,,20:00,,
WR_Up_90828,,20:01,,,,,,20:16,,,,,,,,,20:49,,20:41,,,,,,20:26,,,,,,,,,,,,,20:39,,,,,,,,,,,,,20:12,,,,,,,20:31,,20:34,,20:19,,,,20:44,,,20:22,,,,20:37,,,,,,,,,,20:28,,,,,,,20:09,,,,,,,,,,,,,,,,,,,,,,20:06,,
WR_Up_90830,,20:04,,,,,,20:19,19:43,,,,,,,,20:53,,20:44,,,,,,20:29,,,,,,,,,,,19:54,,20:42,19:59,,,,,19:48,,,,,,,20:15,,,,,,,20:34,,20:37,,20:22,19:51,,,20:47,,,20:25,,,,20:40,,,,,,,,,,20:31,,19:56,,,,,20:12,,,,,,,,,,,,,,,,,,,,,,20:09,,
WR_Up_90832,,20:02,,,,,,20:11,19:48,,,,,19:34,,,20:33,,,,,,,,20:17,,19:43,,,,,,,,,,,,,,,,,,,,,,,,,,,,,,,,,,,,,,,,,,,19:39,,,20:24,,,19:28,19:17,,,,,,,,,,,,,,,,,,,,,,,,,,,19:11,,,19:22,,,,,,,
WR_Up_90834,,20:09,,,,,,20:24,,,,,,,,,20:55,,20:49,,,,,,20:34,,,,,,,,,,,19:59,,20:47,20:05,,,,,,,,,,,,20:19,,,,,,,20:39,,20:42,,20:27,,,,20:52,,,20:30,,,,20:45,,,,,,,,,,20:36,,20:02,,,,,20:16,,,,,,,,,,,,,,,,,,,,,,20:13,,
WR_Up_90836,,20:12,,,,,,20:27,19:49,,,,,,,,20:58,,20:52,,,,,,20:37,,,,,,,,,,,20:02,,20:50,20:07,,,,,19:55,,,,,,,20:22,,,,,,,20:42,,20:45,,20:30,19:58,,,20:55,,,20:33,,,,20:48,,,,,,,,,,20:39,,20:04,,,,,20:19,,,,,,,,,,,,,,,,,,,,,,20:16,,
WR_Up_90838,,20:15,,,,,,20:30,19:52,,,,,,,,21:01,,20:55,,,,,,20:40,,,,,,,,,,,20:05,,20:53,20:10,,,,,19:59,,,,,,,20:25,,,,,,,20:45,,20:48,,20:33,20:02,,,20:58,,,20:36,,,,20:51,,,,,,,,,,20:42,,20:07,,,,,20:22,,,,,,,,,,,,,,,,,,,,,,20:19,,
WR_Up_90840,,20:06,,,,,,20:14,19:51,,,,,19:38,,,20:37,,20:31,,,,,,20:20,,19:47,,,,,,,,,,,20:29,,,,,,,,,,,,,,,,,,,,,,,,,,,,20:34,,,,19:43,,,20:27,,,19:32,19:22,,,,,,,,,,,,,,,,,,,,,,,,,,,19:15,,,19:27,,,,,,,
WR_Up_90842,,20:18,,,,,,20:33,19:57,,,,,,,,21:05,,20:58,,,,,,20:43,,,,,,,,,,,20:08,,20:56,20:13,,,,,20:02,,,,,,,20:28,,,,,,,20:48,,20:51,,20:36,20:05,,,21:01,,,20:39,,,,20:54,,,,,,,,,,20:45,,20:10,,,,,20:25,,,,,,,,,,,,,,,,,,,,,,20:22,,
WR_Up_90844,,20:10,,,,,,20:19,19:54,,,,,19:44,,,20:43,,20:36,,,,,,20:25,,,,,,,,,,,,,20:34,,,,,,,,,,,,,,,,,,,,,,,,,,,,20:39,,,,,,,20:32,,,,,,,,,,,,,,,,,,,,,,,,,,,,,,,19:24,,,19:34,,,,,,,
WR_Up_90846,,20:24,,,,,,20:38,20:02,,,,,,,,21:09,,21:02,,,,,,20:47,,,,,,,,,,,20:14,,21:00,20:19,,,,,20:08,,,,,,,20:34,,,,,,,20:52,,20:55,,20:41,20:11,,,21:05,,,20:44,,,,20:58,,,,,,,,,,20:49,,20:16,,,,,20:31,,,,,,,,,,,,,,,,,,,,,,20:28,,
WR_Up_90848,,20:27,,,,,,20:42,20:04,,,,,,,,21:14,,21:07,,,,,,20:52,,,,,,,,,,,20:17,,21:05,20:22,,,,,20:11,,,,,,,20:38,,,,,,,20:57,,21:00,,20:45,20:14,,,21:10,,,20:48,,,,21:03,,,,,,,,,,20:54,,20:19,,,,,20:35,,,,,,,,,,,,,,,,,,,,,,20:32,,
WR_Up_90850,,20:29,,,,,,20:45,,,,,,,,,21:17,,21:10,,,,,,20:55,,,,,,,,,,,20:16,,21:08,20:24,,,,,,,,,,,,20:39,,,,,,,21:00,,21:03,,20:48,,,,21:13,,,20:51,,,,21:06,,,,,,,,,,20:57,,20:20,,,,,20:36,,,,,,,,,,,,,,,,,,,,,,20:33,,
WR_Up_90852,,20:19,,,,,,20:28,20:05,,,,,19:48,,,,,,,,,,,20:35,,,,,,,,,,,,,,,,,,,,,,,,,,,,,,,,,,,,,,,,,,,,,19:53,,,,,,,19:32,,,,,,,,,,,,,,,,,,,,,,,,,,,19:26,,,19:37,,,,,,,
WR_Up_90856,,20:33,,,,,,20:48,20:11,,,,,,,,21:22,,21:13,,,,,,20:58,,,,,,,,,,,20:23,,21:11,20:28,,,,,20:17,,,,,,,20:44,,,,,,,21:03,,21:06,,20:51,20:20,,,21:16,,,20:54,,,,21:09,,,,,,,,,,21:00,,20:25,,,,,20:41,,,,,,,,,,,,,,,,,,,,,,20:38,,
WR_Up_90858,,,,,,,,,20:16,,,,,20:00,,,,,,,,,,,,,,,,,,,,,,,,,,,,,,,,,,,,,,,,,,,,,,,,,,,,,,,,20:06,,,,,,,19:44,,,,,,,,,,,,,,,,,,,,,,,,,,,19:37,,,19:49,,,,,,,
WR_Up_90860,,20:38,,,,,,20:48,20:16,,,,,,,,21:13,,21:06,,,,,,20:55,,,,,,,,,,,20:28,,21:04,20:33,,,,,20:22,,,,,,,,,,,,,,,,,,,20:25,,,21:09,,,,,,,21:02,,,,,,,,,,,,,,,,,,,,,,,,,,,,,,,,,,,,,,,,,
WR_Up_90862,,20:35,,,,,,20:44,20:19,,,,,20:04,,,21:08,,21:01,,,,,,20:50,,20:13,,,,,,,,,,,20:59,,,,,,,,,,,,,,,,,,,,,,,,,,,,21:04,,,,20:09,,,20:57,,,19:58,19:49,,,,,,,,,,,,,,,,,,,,,,,,,,,19:43,,,19:54,,,,,,,
WR_Up_90864,,20:39,,,,,,20:54,,,,,,,,,21:26,,21:19,,,,,,21:04,,,,,,,,,,,20:29,,21:17,20:35,,,,,,,,,,,,20:49,,,,,,,21:09,,21:12,,20:57,,,,21:22,,,21:00,,,,21:15,,,,,,,,,,21:06,,20:32,,,,,20:46,,,,,,,,,,,,,,,,,,,,,,20:43,,
WR_Up_90866,,20:42,,,,,,20:57,20:20,,,,,,,,21:29,,21:22,,,,,,21:07,,,,,,,,,,,20:32,,21:20,20:37,,,,,20:26,,,,,,,20:52,,,,,,,21:12,,21:15,,21:00,20:29,,,21:25,,,21:03,,,,21:18,,,,,,,,,,21:09,,20:34,,,,,20:49,,,,,,,,,,,,,,,,,,,,,,20:46,,
WR_Up_90868,,20:40,,,,,,,20:24,,,,,20:10,,,,,,,,,,,,,,,,,,,,,,,,,,,,,,,,,,,,,,,,,,,,,,,,,,,,,,,,,,,,,,,,,,,,,,,,,,,,,,,,,,,,,,,,,,19:49,,,20:00,,,,,,,
WR_Up_90872,,20:45,,,,,,20:55,20:30,,,,,20:16,,,,,,,,,,,21:02,,,,,,,,,,,,,,,,,,,,,,,,,,,,,,,,,,,,,,,,,,,,,20:21,,,,,,,20:01,,,,,,,,,,,,,,,,,,,,,,,,,,,19:55,,,20:06,,,,,,,
WR_Up_90874,,20:50,,,,,,21:05,20:30,,,,,,,,21:36,,21:30,,,,,,21:15,,,,,,,,,,,20:41,,21:28,20:46,,,,,20:35,,,,,,,21:01,,,,,,,21:20,,21:23,,21:08,20:38,,,21:33,,,21:11,,,,21:26,,,,,,,,,,21:17,,20:43,,,,,20:58,,,,,,,,,,,,,,,,,,,,,,20:55,,
WR_Up_90878,,20:54,,,,,,21:08,20:34,,,,,,,,21:41,,21:33,,,,,,21:18,,,,,,,,,,,20:45,,21:31,20:50,,,,,20:39,,,,,,,21:04,,,,,,,21:23,,21:26,,21:11,20:42,,,21:36,,,21:14,,,,21:29,,,,,,,,,,21:20,,20:47,,,,,21:01,,,,,,,,,,,,,,,,,,,,,,20:58,,
WR_Up_90880,,20:56,,,,,,21:11,,,,,,,,,21:44,,21:36,,,,,,21:21,,,,,,,,,,,20:46,,21:34,20:52,,,,,,,,,,,,21:06,,,,,,,21:26,,21:29,,21:14,,,,21:39,,,21:17,,,,21:32,,,,,,,,,,21:23,,20:49,,,,,21:03,,,,,,,,,,,,,,,,,,,,,,21:00,,
WR_Up_90882,,,,,,,,21:14,,,,,,,,,21:47,,21:40,,,,,,21:25,,,,,,,,,,,,,21:38,,,,,,,,,,,,,,,,,,,,21:30,,21:33,,21:18,,,,21:43,,,21:21,,,,21:36,,,,,,,,,,21:27,,,,,,,,,,,,,,,,,,,,,,,,,,,,,,,
WR_Up_90886,,21:03,,,,,,21:18,20:41,,,,,,,,21:50,,21:43,,,,,,21:28,,,,,,,,,,,20:53,,21:41,20:58,,,,,20:47,,,,,,,21:13,,,,,,,21:33,,21:36,,21:21,20:50,,,21:46,,,21:24,,,,21:39,,,,,,,,,,21:30,,20:55,,,,,21:10,,,,,,,,,,,,,,,,,,,,,,21:07,,
WR_Up_90892,,21:07,,,,,,21:16,20:53,,,,,20:37,,,21:40,,21:33,,,,,,21:22,,20:47,,,,,,,,,,,21:31,,,,,,,,,,,,,,,,,,,,,,,,,,,,21:36,,,,20:42,,,21:29,,,20:31,20:20,,,,,,,,,,,,,,,,,,,,,,,,,,,20:13,,,20:25,,,,,,,
WR_Up_90894,,21:07,,,,,,21:22,,,,,,,,,21:55,,21:48,,,,,,21:33,,,,,,,,,,,20:57,,21:46,21:03,,,,,,,,,,,,21:17,,,,,,,21:38,,21:41,,21:25,,,,21:51,,,21:28,,,,21:44,,,,,,,,,,21:35,,21:00,,,,,21:14,,,,,,,,,,,,,,,,,,,,,,21:11,,
WR_Up_90896,,21:10,,,,,,21:20,20:46,,,,,,,,21:46,,21:37,,,,,,21:26,,,,,,,,,,,21:00,,21:35,21:05,,,,,20:53,,,,,,,,,,,,,,,,,,,20:56,,,21:40,,,,,,,21:33,,,,,,,,,,,,,,,,,,,,,,,,,,,,,,,,,,,,,,,,,
WR_Up_90898,,21:15,,,,,,21:30,20:50,,,,,,,,22:01,,21:55,,,,,,21:40,,,,,,,,,,,21:03,,21:53,21:08,,,,,20:57,,,,,,,21:25,,,,,,,21:45,,21:48,,21:33,21:00,,,21:58,,,21:36,,,,21:51,,,,,,,,,,21:42,,21:05,,,,,21:22,,,,,,,,,,,,,,,,,,,,,,21:19,,
WR_Up_90900,,21:21,,,,,,21:34,20:59,,,,,,,,22:05,,21:59,,,,,,21:44,,,,,,,,,,,21:11,,21:57,21:16,,,,,21:05,,,,,,,21:30,,,,,,,21:49,,21:52,,21:37,21:08,,,22:02,,,21:40,,,,21:55,,,,,,,,,,21:46,,21:13,,,,,21:27,,,,,,,,,,,,,,,,,,,,,,21:24,,
WR_Up_90902,,21:21,,,,,,21:37,,,,,,,,,22:08,,22:02,,,,,,21:47,,,,,,,,,,,21:11,,22:00,21:17,,,,,,,,,,,,21:31,,,,,,,21:52,,21:55,,21:40,,,,22:05,,,21:43,,,,21:58,,,,,,,,,,21:49,,21:14,,,,,21:28,,,,,,,,,,,,,,,,,,,,,,21:25,,
WR_Up_90904,,21:25,,,,,,21:39,21:03,,,,,,,,22:12,,22:04,,,,,,21:49,,,,,,,,,,,21:15,,22:02,21:20,,,,,21:09,,,,,,,21:35,,,,,,,21:54,,21:57,,21:42,21:12,,,22:07,,,21:45,,,,22:00,,,,,,,,,,21:51,,21:17,,,,,21:32,,,,,,,,,,,,,,,,,,,,,,21:29,,
WR_Up_90908,,21:31,,,,,,21:45,21:09,,,,,,,,22:17,,22:10,,,,,,21:55,,,,,,,,,,,21:21,,22:08,21:26,,,,,21:15,,,,,,,21:40,,,,,,,22:00,,22:03,,21:48,21:18,,,22:13,,,21:51,,,,22:06,,,,,,,,,,21:57,,21:23,,,,,21:37,,,,,,,,,,,,,,,,,,,,,,21:34,,
WR_Up_90910,,21:24,,,,,,21:34,21:11,,,,,20:57,,,21:57,,21:51,,,,,,21:40,,21:06,,,,,,,,,,,21:49,,,,,,,,,,,,,,,,,,,,,,,,,,,,21:54,,,,21:02,,,21:47,,,20:51,20:42,,,,,,,,,,,,,,,,,,,,,,,,,,,20:35,,,20:47,,,,,,,
WR_Up_90912,,21:35,,,,,,21:50,21:12,,,,,,,,22:22,,22:15,,,,,,22:00,,,,,,,,,,,21:24,,22:13,21:29,,,,,21:18,,,,,,,21:45,,,,,,,22:05,,22:08,,21:53,21:21,,,22:18,,,21:56,,,,22:11,,,,,,,,,,22:02,,21:26,,,,,21:42,,,,,,,,,,,,,,,,,,,,,,21:39,,
WR_Up_90916,,21:38,,,,,,21:53,21:16,,,,,,,,22:25,,22:18,,,,,,22:03,,,,,,,,,,,21:27,,22:16,21:32,,,,,21:21,,,,,,,21:48,,,,,,,22:08,,22:11,,21:56,21:24,,,22:21,,,21:59,,,,22:14,,,,,,,,,,22:05,,21:29,,,,,21:45,,,,,,,,,,,,,,,,,,,,,,21:42,,
WR_Up_90918,,21:42,,,,,,21:59,,,,,,,,,22:30,,22:24,,,,,,22:09,,,,,,,,,,,21:32,,22:22,21:38,,,,,,,,,,,,21:53,,,,,,,22:14,,22:17,,22:02,,,,22:27,,,22:05,,,,22:20,,,,,,,,,,22:11,,21:35,,,,,21:49,,,,,,,,,,,,,,,,,,,,,,21:46,,
WR_Up_90922,,21:47,,,,,,22:02,21:24,,,,,,,,22:33,,22:27,,,,,,22:12,,,,,,,,,,,21:35,,22:25,21:40,,,,,21:29,,,,,,,21:57,,,,,,,22:17,,22:20,,22:05,21:32,,,22:30,,,22:08,,,,22:23,,,,,,,,,,22:14,,21:37,,,,,21:54,,,,,,,,,,,,,,,,,,,,,,21:51,,
WR_Up_90924,,21:38,,,,,,21:47,21:25,,,,,21:11,,,22:12,,22:04,,,,,,21:53,,21:20,,,,,,,,,,,22:02,,,,,,,,,,,,,,,,,,,,,,,,,,,,22:07,,,,21:16,,,22:00,,,21:05,20:55,,,,,,,,,,,,,,,,,,,,,,,,,,,20:48,,,21:00,,,,,,,
WR_Up_90926,,21:42,,,,,,21:52,21:28,,,,,,,,22:16,,22:09,,,,,,21:58,,,,,,,,,,,,,22:07,,,,,,,,,,,,,,,,,,,,,,,,,,,,22:12,,,,,,,22:05,,,,,,,,,,,,,,,,,,,,,,,,,,,,,,,,,,,,,,,,,
WR_Up_90928,,21:52,,,,,,22:07,21:32,,,,,,,,22:39,,22:32,,,,,,22:17,,,,,,,,,,,21:43,,22:30,21:48,,,,,21:37,,,,,,,22:02,,,,,,,22:22,,22:25,,22:10,21:40,,,22:35,,,22:13,,,,22:28,,,,,,,,,,22:19,,21:45,,,,,21:59,,,,,,,,,,,,,,,,,,,,,,21:56,,
WR_Up_90930,,21:57,,,,,,22:10,21:36,,,,,,,,22:42,,22:35,,,,,,22:20,,,,,,,,,,,21:47,,22:33,21:52,,,,,21:41,,,,,,,22:06,,,,,,,22:25,,22:28,,22:13,21:44,,,22:38,,,22:16,,,,22:31,,,,,,,,,,22:22,,21:49,,,,,22:03,,,,,,,,,,,,,,,,,,,,,,22:00,,
WR_Up_90932,,22:00,,,,,,22:13,21:40,,,,,,,,22:45,,22:38,,,,,,22:23,,,,,,,,,,,21:51,,22:36,21:56,,,,,21:45,,,,,,,22:09,,,,,,,22:28,,22:31,,22:16,21:48,,,22:41,,,22:19,,,,22:34,,,,,,,,,,22:25,,21:53,,,,,22:06,,,,,,,,,,,,,,,,,,,,,,22:03,,
WR_Up_90934,,21:50,,,,,,22:00,21:36,,,,,21:21,,,22:24,,22:17,,,,,,22:06,,21:31,,,,,,,,,,,22:15,,,,,,,,,,,,,,,,,,,,,,,,,,,,22:20,,,,21:26,,,22:13,,,21:15,21:04,,,,,,,,,,,,,,,,,,,,,,,,,,,20:58,,,21:10,,,,,,,
WR_Up_90936,,22:05,,,,,,22:20,21:44,,,,,,,,22:52,,22:45,,,,,,22:30,,,,,,,,,,,21:55,,22:43,22:00,,,,,21:49,,,,,,,22:15,,,,,,,22:35,,22:38,,22:23,21:52,,,22:48,,,22:26,,,,22:41,,,,,,,,,,22:32,,21:57,,,,,22:12,,,,,,,,,,,,,,,,,,,,,,22:09,,
WR_Up_90938,,22:01,,,,,,22:10,21:47,,,,,21:32,,,22:35,,22:27,,,,,,22:16,,21:42,,,,,,,,,,,22:25,,,,,,,,,,,,,,,,,,,,,,,,,,,,22:30,,,,21:38,,,22:23,,,21:26,21:13,,,,,,,,,,,,,,,,,,,,,,,,,,,21:07,,,21:19,,,,,,,
WR_Up_90940,,22:13,,,,,,22:28,21:50,,,,,,,,23:00,,22:53,,,,,,22:38,,,,,,,,,,,22:02,,22:51,22:07,,,,,21:56,,,,,,,22:23,,,,,,,22:43,,22:46,,22:31,21:59,,,22:56,,,22:34,,,,22:49,,,,,,,,,,22:40,,22:04,,,,,22:20,,,,,,,,,,,,,,,,,,,,,,22:17,,
WR_Up_90942,,22:18,,,,,,22:33,21:56,,,,,,,,23:05,,22:58,,,,,,22:43,,,,,,,,,,,22:07,,22:56,22:12,,,,,22:01,,,,,,,22:28,,,,,,,22:48,,22:51,,22:36,22:04,,,23:01,,,22:39,,,,22:54,,,,,,,,,,22:45,,22:09,,,,,22:25,,,,,,,,,,,,,,,,,,,,,,22:22,,
WR_Up_90944,,22:13,,,,,,22:22,21:59,,,,,21:45,,,22:47,,22:39,,,,,,22:28,,21:54,,,,,,,,,,,22:37,,,,,,,,,,,,,,,,,,,,,,,,,,,,22:42,,,,21:50,,,22:35,,,21:39,21:30,,,,,,,,,,,,,,,,,,,,,,,,,,,21:24,,,21:35,,,,,,,
WR_Up_90946,,22:22,,,,,,22:37,,,,,,,,,23:09,,23:02,,,,,,22:47,,,,,,,,,,,22:12,,23:00,22:18,,,,,,,,,,,,22:32,,,,,,,22:52,,22:55,,22:40,,,,23:05,,,22:43,,,,22:58,,,,,,,,,,22:49,,22:15,,,,,22:29,,,,,,,,,,,,,,,,,,,,,,22:26,,
WR_Up_90948,,22:25,,,,,,22:40,21:58,,,,,,,,23:12,,23:05,,,,,,22:50,,,,,,,,,,,22:13,,23:03,22:19,,,,,22:06,,,,,,,22:35,,,,,,,22:55,,22:58,,22:43,22:09,,,23:08,,,22:46,,,,23:01,,,,,,,,,,22:52,,22:15,,,,,22:32,,,,,,,,,,,,,,,,,,,,,,22:29,,
WR_Up_90950,,22:23,,,,,,22:33,22:07,,,,,21:53,,,22:59,,22:50,,,,,,22:39,,22:02,,,,,,,,,,,22:48,,,,,,,,,,,,,,,,,,,,,,,,,,,,22:53,,,,21:58,,,22:46,,,21:47,21:38,,,,,,,,,,,,,,,,,,,,,,,,,,,21:32,,,21:43,,,,,,,
WR_Up_90952,,22:30,,,,,,22:43,22:08,,,,,,,,23:15,,23:08,,,,,,22:53,,,,,,,,,,,22:20,,23:06,22:25,,,,,22:14,,,,,,,22:39,,,,,,,22:58,,23:01,,22:46,22:17,,,23:11,,,22:49,,,,23:04,,,,,,,,,,22:55,,22:22,,,,,22:36,,,,,,,,,,,,,,,,,,,,,,22:33,,
WR_Up_90956,,22:36,,,,,,22:49,22:15,,,,,,,,23:21,,23:14,,,,,,22:59,,,,,,,,,,,22:26,,23:12,22:31,,,,,22:20,,,,,,,22:45,,,,,,,23:04,,23:07,,22:52,22:23,,,23:17,,,22:55,,,,23:10,,,,,,,,,,23:01,,22:28,,,,,22:42,,,,,,,,,,,,,,,,,,,,,,22:39,,
WR_Up_90958,,22:43,,,,,,22:56,22:22,,,,,,,,23:30,,23:21,,,,,,23:06,,,,,,,,,,,22:33,,23:19,22:38,,,,,22:27,,,,,,,22:52,,,,,,,23:11,,23:14,,22:59,22:30,,,23:24,,,23:02,,,,23:17,,,,,,,,,,23:08,,22:35,,,,,22:49,,,,,,,,,,,,,,,,,,,,,,22:46,,
WR_Up_90960,,22:46,,,,,,,22:24,,,,,22:09,,,,,,,,,,,,,,,,,,,,,,22:35,,,,,,,,,,,,,,,,,,,,,,,,,,,22:32,,,,,,,22:14,,,,,,,21:54,,,,,,,,,,,,,,,,,,,,,,,,,,,21:48,,,21:59,,,,,,,
WR_Up_90962,,22:43,,,,,,22:52,22:29,,,,,22:15,,,23:16,,23:09,,,,,,22:58,,22:24,,,,,,,,,,,23:07,,,,,,,,,,,,,,,,,,,,,,,,,,,,23:12,,,,22:20,,,23:05,,,22:09,21:59,,,,,,,,,,,,,,,,,,,,,,,,,,,21:52,,,22:04,,,,,,,
WR_Up_90964,,22:51,,,,,,23:04,22:30,,,,,,,,23:36,,23:29,,,,,,23:14,,,,,,,,,,,22:41,,23:27,22:46,,,,,22:35,,,,,,,23:00,,,,,,,23:19,,23:22,,23:07,22:38,,,23:32,,,23:10,,,,23:25,,,,,,,,,,23:16,,22:43,,,,,22:57,,,,,,,,,,,,,,,,,,,,,,22:54,,
WR_Up_90966,,,,,,,,,22:32,,,,,22:19,,,,,,,,,,,,,,,,,,,,,,,,,,,,,,,,,,,,,,,,,,,,,,,,,,,,,,,,22:24,,,,,,,22:04,,,,,,,,,,,,,,,,,,,,,,,,,,,21:58,,,22:09,,,,,,,
WR_Up_90968,,22:52,,,,,,23:01,22:40,,,,,22:27,,,23:27,,23:18,,,,,,23:07,,22:36,,,,,,,,,,,23:16,,,,,,,,,,,,,,,,,,,,,,,,,,,,23:21,,,,22:32,,,23:14,,,22:21,22:11,,,,,,,,,,,,,,,,,,,,,,,,,,,22:05,,,22:16,,,,,,,
WR_Up_90970,,22:48,,,,,,22:57,22:35,,,,,22:25,,,23:22,,23:14,,,,,,23:03,,,,,,,,,,,,,23:12,,,,,,,,,,,,,,,,,,,,,,,,,,,,23:17,,,,,,,23:10,,,,,,,,,,,,,,,,,,,,,,,,,,,,,,,22:07,,,22:17,,,,,,,
WR_Up_90972,,22:59,,,,,,23:12,22:37,,,,,,,,23:43,,23:37,,,,,,23:22,,,,,,,,,,,22:50,,23:35,22:55,,,,,22:44,,,,,,,23:08,,,,,,,23:27,,23:30,,23:15,22:47,,,23:40,,,23:18,,,,23:33,,,,,,,,,,23:24,,22:52,,,,,23:05,,,,,,,,,,,,,,,,,,,,,,23:02,,
WR_Up_90974,,23:06,,,,,,23:20,22:43,,,,,,,,23:51,,23:45,,,,,,23:30,,,,,,,,,,,22:55,,23:43,23:00,,,,,22:49,,,,,,,23:16,,,,,,,23:35,,23:38,,23:23,22:52,,,23:48,,,23:26,,,,23:41,,,,,,,,,,23:32,,22:57,,,,,23:13,,,,,,,,,,,,,,,,,,,,,,23:10,,
WR_Up_90976,,23:05,,,,,,23:15,22:49,,,,,22:35,,,23:41,,23:32,,,,,,23:21,,22:44,,,,,,,,,,,23:30,,,,,,,,,,,,,,,,,,,,,,,,,,,,23:35,,,,22:40,,,23:28,,,22:29,22:20,,,,,,,,,,,,,,,,,,,,,,,,,,,22:14,,,22:25,,,,,,,
WR_Up_90978,,23:12,,,,,,23:25,22:49,,,,,,,,23:56,,23:49,,,,,,23:34,,,,,,,,,,,23:02,,23:47,23:07,,,,,22:56,,,,,,,23:21,,,,,,,23:39,,23:42,,23:28,22:59,,,23:52,,,23:31,,,,23:45,,,,,,,,,,23:36,,23:04,,,,,23:18,,,,,,,,,,,,,,,,,,,,,,23:15,,
WR_Up_90982,,23:25,,,,,,23:38,23:03,,,,,,,,00:10,,00:03,,,,,,23:48,,,,,,,,,,,23:14,,00:01,,,,,,,,,,,,,,,,,,,,,,,,,23:11,,,00:06,,,,,,,,,,,,,,,,,,,,,,,,,,,,,,,,,,,,,,,,,,,,,,,,
WR_Up_90984,,23:13,,,,,,23:22,22:59,,,,,22:46,,,23:47,,23:39,,,,,,23:28,,22:55,,,,,,,,,,,23:37,,,,,,,,,,,,,,,,,,,,,,,,,,,,23:42,,,,22:51,,,23:35,,,22:40,22:30,,,,,,,,,,,,,,,,,,,,,,,,,,,22:24,,,22:35,,,,,,,
WR_Up_90990,,23:37,,,,,,23:50,23:15,,,,,,,,00:22,,00:15,,,,,,00:00,,,,,,,,,,,23:27,,00:13,,,,,,,,,,,,,,,,,,,,00:05,,00:08,,,23:24,,,00:18,,,,,,,00:11,,,,,,,,,,00:02,,,,,,,,,,,,,,,,,,,,,,,,,,,,,,,
WR_Up_90992,,23:33,,,,,,23:42,23:17,,,,,23:02,,,00:05,,,,,,,,23:48,,,,,,,,,,,,,,,,,,,,,,,,,,,,,,,,,,,,,,,,,00:02,,,,23:07,,,,,,,22:47,,,,,,,,,,,,,,,,,,,,,,,,,,,22:40,,,22:52,,,,,,,
WR_Up_90996,,23:40,,,,,,23:49,23:25,,,,,,,,00:13,,00:06,,,,,,23:55,,,,,,,,,,,,,00:04,,,,,,,,,,,,,,,,,,,,,,,,,,,,00:09,,,,,,,00:02,,,,,,,,,,,,,,,,,,,,,,,,,,,,,,,,,,,,,,,,,
WR_Up_90998,,23:47,,,,,,00:00,23:25,,,,,,,,00:31,,00:25,,,,,,00:10,,,,,,,,,,,23:37,,00:23,,,,,,,,,,,,,,,,,,,,00:15,,00:18,,00:03,23:34,,,00:28,,,00:06,,,,00:21,,,,,,,,,,00:12,,,,,,,,,,,,,,,,,,,,,,,,,,,,,,,
WR_Up_91000,,23:47,,,,,,23:56,23:32,,,,,23:18,,,00:20,,00:13,,,,,,00:02,,,,,,,,,,,,,00:11,,,,,,,,,,,,,,,,,,,,,,,,,,,,00:16,,,,23:23,,,00:09,,,,23:01,,,,,,,,,,,,,,,,,,,,,,,,,,,22:55,,,23:07,,,,,,,
WR_Up_91002,,,,,,,,,23:37,,,,,23:22,,,,,,,,,,,,,,,,,,,,,,,,,,,,,,,,,,,,,,,,,,,,,,,,,,,,,,,,23:27,,,,,,,23:06,,,,,,,,,,,,,,,,,,,,,,,,,,,23:00,,,23:11,,,,,,,
WR_Up_91004,,23:55,,,,,,00:08,23:34,,,,,,,,00:39,,00:33,,,,,,00:18,,,,,,,,,,,23:45,,00:31,,,,,,,,,,,,,00:04,,,,,,,00:23,,00:26,,00:11,23:42,,,00:36,,,00:14,,,,00:29,,,,,,,,,,00:20,,,,,,,00:01,,,,,,,,,,,,,,,,,,,,,,,,
WR_Up_91006,,00:06,,,,,,00:16,23:50,,,,,23:37,,,00:42,,00:33,,,,,,00:22,,,,,,,,,,,,,00:31,,,,,,,,,,,,,,,,,,,,,,,,,,,,00:36,,,,23:42,,,00:29,,,,23:21,,,,,,,,,,,,,,,,,,,,,,,,,,,23:15,,,23:26,,,,,,,
WR_Up_91008,,00:09,,,,,,00:22,23:48,,,,,,,,00:53,,00:47,,,,,,00:32,,,,,,,,,,,23:59,,00:45,00:04,,,,,,,,,,,,00:18,,,,,,,00:37,,00:40,,00:25,23:56,,,00:50,,,00:28,,,,00:43,,,,,,,,,,00:34,,00:01,,,,,00:15,,,,,,,,,,,,,,,,,,,,,,00:12,,
WR_Up_91010,,,,,,,,,23:55,,,,,23:42,,,,,,,,,,,,,,,,,,,,,,,,,,,,,,,,,,,,,,,,,,,,,,,,,,,,,,,,23:47,,,,,,,23:26,,,,,,,,,,,,,,,,,,,,,,,,,,,23:20,,,23:31,,,,,,,
WR_Up_91012,,00:25,,,,,,00:38,00:05,,,,,23:51,,,01:10,,01:03,,,,,,00:48,,00:00,,,,,,,,,00:16,,01:01,00:21,,,,,00:10,,,,,,,00:34,,,,,,,00:53,,00:56,,00:41,00:13,,,01:06,,,00:44,23:56,,,00:59,,,,23:36,,,,,,00:50,,00:18,,,,,00:31,,,,,,,,,,,,,,23:30,,,23:41,,,,,00:28,,
WR_Up_91014,,00:30,,,,,,00:43,00:10,,,,,,,,01:15,,01:08,,,,,,00:53,,,,,,,,,,,00:20,,01:06,00:25,,,,,00:14,,,,,,,00:39,,,,,,,00:58,,01:01,,00:46,00:17,,,01:11,,,00:49,,,,01:04,,,,,,,,,,00:55,,00:22,,,,,00:36,,,,,,,,,,,,,,,,,,,,,,00:33,,
WR_Up_91016,,00:37,,,,,,,00:15,,,,,00:01,,,,,,,,,,,,,,,,,,,,,,00:25,,,,,,,,,,,,,,,,,,,,,,,,,,,00:22,,,,,,,00:06,,,,,,,23:46,,,,,,,,,,,,,,,,,,,,,,,,,,,23:40,,,23:51,,,,,,,
WR_Up_91018,,00:41,,,,,,00:54,00:22,,,,,00:09,,,01:26,,01:19,,,,,,01:04,,00:18,,,,,,,,,00:32,,01:17,00:37,,,,,00:26,,,,,,,00:50,,,,,,,01:09,,01:12,,00:57,00:29,,,01:22,,,01:00,00:14,,,01:15,,,00:04,23:55,,,,,,01:06,,00:34,,,,,00:47,,,,,,,,,,,,,,23:49,,,00:00,,,,,00:44,,
WR_Up_91020,,00:50,,,,,,01:03,00:30,,,,,,,,01:35,,01:28,,,,,,01:13,,,,,,,,,,,00:41,,01:26,00:46,,,,,00:35,,,,,,,00:59,,,,,,,01:18,,01:21,,01:06,00:38,,,01:31,,,01:09,,,,01:24,,,,,,,,,,01:15,,00:43,,,,,00:56,,,,,,,,,,,,,,,,,,,,,,00:53,,
WR_Up_91022,,,,,,,,,00:32,,,,,00:18,,,,,,,,,,,,,,,,,,,,,,,,,,,,,,,,,,,,,,,,,,,,,,,,,,,,,,,,00:23,,,,,,,00:03,,,,,,,,,,,,,,,,,,,,,,,,,,,,,,00:08,,,,,,,
WR_Up_91024,,01:00,,,,,,01:13,00:39,,,,,00:26,,,01:45,,01:38,,,,,,01:23,,00:35,,,,,,,,,00:49,,01:36,00:54,,,,,00:43,,,,,,,01:09,,,,,,,01:28,,01:31,,01:16,00:46,,,01:41,,,01:19,00:31,,,01:34,,,00:20,00:11,,,,,,01:25,,00:51,,,,,01:06,,,,,,,,,,,,,,00:05,,,00:16,,,,,01:03,,
WR_Up_92002,,04:43,,,,,,04:53,04:28,,,,,04:18,,,,,,,,,,,05:02,,,,,,,,,,,,,,,,,,,,,,,,,,,,,,,,,,,,,,,,,,,,,,,,,,,,,,,,,,,,,,,,,,,,,,,,,,,,,,,04:00,,,04:10,,,,,,,
WR_Up_92004,,05:42,,,,,,05:52,05:27,,,,,05:13,,,06:19,,,,,,,,06:00,,05:22,,,,,,,,,,,,,,,,,,,,,,,,,,,,,,,,,,,,,,,,,,,05:18,,,06:10,,,05:07,04:56,,,,,,,,,,,,,,,,,,,,,,,,,,,04:50,,,05:02,,,,,,,
WR_Up_92006,,05:58,,,,,,,05:36,,,,,05:22,,,,,,,,,,,,,,,,,,,,,,05:47,,,,,,,,,,,,,,,,,,,,,,,,,,,05:44,,,,,,,05:27,,,,,,,05:05,,,,,,,,,,,,,,,,,,,,,,,,,,,,,,05:11,,,,,,,
WR_Up_92008,,05:51,,,,,,06:01,05:36,,,,,05:26,,,06:25,,,,,,,,06:08,,,,,,,,,,,,,,,,,,,,,,,,,,,,,,,,,,,,,,,,,,,,,,,,06:15,,,,,,,,,,,,,,,,,,,,,,,,,,,,,,,05:08,,,05:18,,,,,,,
WR_Up_92010,,06:23,,,,,,,05:58,,,,,05:42,,,,,,,,,,,,,,,,,,,,,,06:12,,,,,,,,,,,,,,,,,,,,,,,,,,,06:09,,,,,,,05:47,,,,,,,05:24,,,,,,,,,,,,,,,,,,,,,,,,,,,,,,05:30,,,,,,,
WR_Up_92012,,06:15,,,,,,06:24,06:02,,,,,05:47,,,06:52,,,,,,,,06:30,,05:57,,,,,,,,,,,,,,,,,,,,,,,,,,,,,,,,,,,,,,,,,,,05:53,,,06:38,,,05:41,05:31,,,,,,,,,,,,,,,,,,,,,,,,,,,05:25,,,05:36,,,,,,,
WR_Up_92014,,,,,,,,,06:11,,,,,05:56,,,,,,,,,,,,,,,,,,,,,,,,,,,,,,,,,,,,,,,,,,,,,,,,,,,,,,,,06:01,,,,,,,05:40,,,,,,,,,,,,,,,,,,,,,,,,,,,05:34,,,05:45,,,,,,,
WR_Up_92016,,,,,,,,,06:31,,,,,06:16,,,,,,,,,,,,,,,,,,,,,,,,,,,,,,,,,,,,,,,,,,,,,,,,,,,,,,,,06:22,,,,,,,06:00,,,,,,,,,,,,,,,,,,,,,,,,,,,05:53,,,06:05,,,,,,,
WR_Up_92018,,06:52,,,,,,,06:35,,,,,06:25,,,,,,,,,,,,,,,,,,,,,,,,,,,,,,,,,,,,,,,,,,,,,,,,,,,,,,,,,,,,,,,06:12,,,,,,,,,,,,,,,,,,,,,,,,,,,06:05,,,06:17,,,,,,,
WR_Up_92020,,,,,,,,,06:57,,,,,06:42,,,,,,,,,,,,,,,,,,,,,,,,,,,,,,,,,,,,,,,,,,,,,,,,,,,,,,,,06:47,,,,,,,06:27,,,,,,,,,,,,,,,,,,,,,,,,,,,06:21,,,06:32,,,,,,,
WR_Up_92022,,07:26,,,,,,,07:03,,,,,06:49,,,,,,,,,,,,,,,,,,,,,,07:15,,,,,,,,,,,,,,,,,,,,,,,,,,,07:11,,,,,,,06:54,,,,,,,06:33,,,,,,,,,,,,,,,,,,,,,,,,,,,,,,06:39,,,,,,,
WR_Up_92024,,07:20,,,,,,07:30,07:07,,,,,06:52,,,07:54,,,,,,,,07:37,,07:02,,,,,,,,,,,,,,,,,,,,,,,,,,,,,,,,,,,,,,,,,,,06:58,,,07:44,,,06:46,06:36,,,,,,,,,,,,,,,,,,,,,,,,,,,06:30,,,06:41,,,,,,,
WR_Up_92026,,,,,,,,,07:37,,,,,07:23,,,,,,,,,,,,,,,,,,,,,,,,,,,,,,,,,,,,,,,,,,,,,,,,,,,,,,,,07:28,,,,,,,07:07,,,,,,,,,,,,,,,,,,,,,,,,,,,07:01,,,07:12,,,,,,,
WR_Up_92028,,08:12,,,,,,,07:49,,,,,07:34,,,,,,,,,,,,,,,,,,,,,,08:01,,,,,,,,,,,,,,,,,,,,,,,,,,,07:58,,,,,,,07:39,,,,,,,07:17,,,,,,,,,,,,,,,,,,,,,,,,,,,07:11,,,07:22,,,,,,,
WR_Up_92030,,08:00,,,,,,08:09,,,,,,07:35,,,,,,,,,,,08:16,,,,,,,,,,,,,,,,,,,,,,,,,,,,,,,,,,,,,,,,,,,,,,,,,,,,,,,,,,,,,,,,,,,,,,,,,,,,,,,07:18,,,07:27,,,,,,,
WR_Up_92032,,,,,,,,,07:59,,,,,07:42,,,,,,,,,,,,,,,,,,,,,,,,,,,,,,,,,,,,,,,,,,,,,,,,,,,,,,,,07:47,,,,,,,07:27,,,,,,,,,,,,,,,,,,,,,,,,,,,07:21,,,07:32,,,,,,,
WR_Up_92034,,08:23,,,,,,,08:05,,,,,07:51,,,,,,,,,,,,,,,,,,,,,,,,,,,,,,,,,,,,,,,,,,,,,,,,,,,,,,,,07:56,,,,,,,,,,,,,,,,,,,,,,,,,,,,,,,,,,,,,07:40,,,,,,,
WR_Up_92036,,,,,,,,,08:20,,,,,08:04,,,,,,,,,,,,,,,,,,,,,,,,,,,,,,,,,,,,,,,,,,,,,,,,,,,,,,,,08:10,,,,,,,07:46,,,,,,,,,,,,,,,,,,,,,,,,,,,07:40,,,07:52,,,,,,,
WR_Up_92038,,08:38,,,,,,,08:18,,,,,08:07,,,,,,,,,,,,,,,,,,,,,,,,,,,,,,,,,,,,,,,,,,,,,,,,,,,,,,,,,,,,,,,07:54,,,,,,,,,,,,,,,,,,,,,,,,,,,07:48,,,07:59,,,,,,,
WR_Up_92040,,,,,,,,,08:26,,,,,08:12,,,,,,,,,,,,,,,,,,,,,,,,,,,,,,,,,,,,,,,,,,,,,,,,,,,,,,,,08:18,,,,,,,07:56,,,,,,,,,,,,,,,,,,,,,,,,,,,07:50,,,08:01,,,,,,,
WR_Up_92042,,08:43,,,,,,08:52,,,,,,08:17,,,09:16,,,,,,,,08:58,,08:27,,,,,,,,,,,,,,,,,,,,,,,,,,,,,,,,,,,,,,,,,,,08:22,,,09:05,,,08:11,08:01,,,,,,,,,,,,,,,,,,,,,,,,,,,07:55,,,08:06,,,,,,,
WR_Up_92044,,09:13,,,,,,,08:49,,,,,08:36,,,,,,,,,,,,,,,,,,,,,,09:02,,,,,,,,,,,,,,,,,,,,,,,,,,,08:59,,,,,,,08:41,,,,,,,08:20,,,,,,,,,,,,,,,,,,,,,,,,,,,08:14,,,08:25,,,,,,,
WR_Up_92046,,09:12,,,,,,09:22,,,,,,08:43,,,,,,,,,,,09:29,,,,,,,,,,,,,,,,,,,,,,,,,,,,,,,,,,,,,,,,,,,,,08:48,,,,,,,08:29,,,,,,,,,,,,,,,,,,,,,,,,,,,08:23,,,08:34,,,,,,,
WR_Up_92048,,,,,,,,,08:59,,,,,08:45,,,,,,,,,,,,,,,,,,,,,,,,,,,,,,,,,,,,,,,,,,,,,,,,,,,,,,,,08:50,,,,,,,08:30,,,,,,,,,,,,,,,,,,,,,,,,,,,08:24,,,08:35,,,,,,,
WR_Up_92050,,09:25,,,,,,,09:05,,,,,08:51,,,,,,,,,,,,,,,,,,,,,,09:15,,,,,,,,,,,,,,,,,,,,,,,,,,,09:12,,,,,,,08:56,,,,,,,,,,,,,,,,,,,,,,,,,,,,,,,,,,,,,,,,,,,,
WR_Up_92052,,,,,,,,,09:24,,,,,09:09,,,,,,,,,,,,,,,,,,,,,,,,,,,,,,,,,,,,,,,,,,,,,,,,,,,,,,,,09:14,,,,,,,08:51,,,,,,,,,,,,,,,,,,,,,,,,,,,08:44,,,08:56,,,,,,,
WR_Up_92054,,09:56,,,,,,,09:33,,,,,09:20,,,,,,,,,,,,,,,,,,,,,,09:45,,,,,,,,,,,,,,,,,,,,,,,,,,,09:42,,,,,,,09:25,,,,,,,,,,,,,,,,,,,,,,,,,,,,,,,,,,,,,09:08,,,,,,,
WR_Up_92056,,09:52,,,,,,10:02,,,,,,09:24,,,,,,,,,,,10:10,,,,,,,,,,,,,,,,,,,,,,,,,,,,,,,,,,,,,,,,,,,,,09:29,,,,,,,09:06,,,,,,,,,,,,,,,,,,,,,,,,,,,09:00,,,09:12,,,,,,,
WR_Up_92058,,09:56,,,,,,,09:41,,,,,09:27,,,,,,,,,,,,,,,,,,,,,,,,,,,,,,,,,,,,,,,,,,,,,,,,,,,,,,,,09:32,,,,,,,09:12,,,,,,,,,,,,,,,,,,,,,,,,,,,09:05,,,09:17,,,,,,,
WR_Up_92060,,10:05,,,,,,10:16,09:50,,,,,09:35,,,,,,,,,,,10:24,,,,,,,,,,,,,,,,,,,,,,,,,,,,,,,,,,,,,,,,,,,,,09:41,,,,,,,,,,,,,,,,,,,,,,,,,,,,,,,,,,,,,,,,,,,,
WR_Up_92062,,,,,,,,,09:55,,,,,09:40,,,,,,,,,,,,,,,,,,,,,,,,,,,,,,,,,,,,,,,,,,,,,,,,,,,,,,,,09:45,,,,,,,09:25,,,,,,,,,,,,,,,,,,,,,,,,,,,09:19,,,09:30,,,,,,,
WR_Up_92064,,,,,,,,,10:04,,,,,09:46,,,,,,,,,,,,,,,,,,,,,,,,,,,,,,,,,,,,,,,,,,,,,,,,,,,,,,,,09:51,,,,,,,09:31,,,,,,,,,,,,,,,,,,,,,,,,,,,09:24,,,09:36,,,,,,,
WR_Up_92066,,10:29,,,,,,,10:14,,,,,10:00,,,,,,,,,,,,,,,,,,,,,,,,,,,,,,,,,,,,,,,,,,,,,,,,,,,,,,,,10:05,,,,,,,09:43,,,,,,,,,,,,,,,,,,,,,,,,,,,09:37,,,09:49,,,,,,,
WR_Up_92068,,,,,,,,,10:16,,,,,10:03,,,,,,,,,,,,,,,,,,,,,,,,,,,,,,,,,,,,,,,,,,,,,,,,,,,,,,,,10:07,,,,,,,09:47,,,,,,,,,,,,,,,,,,,,,,,,,,,09:41,,,09:52,,,,,,,
WR_Up_92070,,10:44,,,,,,,10:29,,,,,10:15,,,,,,,,,,,,,,,,,,,,,,,,,,,,,,,,,,,,,,,,,,,,,,,,,,,,,,,,10:20,,,,,,,09:58,,,,,,,,,,,,,,,,,,,,,,,,,,,09:52,,,10:03,,,,,,,
WR_Up_92072,,10:50,,,,,,11:00,10:36,,,,,10:20,,,11:24,,,,,,,,11:06,,10:31,,,,,,,,,,,,,,,,,,,,,,,,,,,,,,,,,,,,,,,,,,,10:27,,,11:13,,,,,,,,,,,,,,,,,,,,,,,,,,,,,,,,,,,,,,,,,
WR_Up_92074,,11:00,,,,,,,10:39,,,,,10:25,,,,,,,,,,,,,,,,,,,,,,10:49,,,,,,,,,,,,,,,,,,,,,,,,,,,10:46,,,,,,,10:30,,,,,,,10:10,,,,,,,,,,,,,,,,,,,,,,,,,,,10:04,,,10:15,,,,,,,
WR_Up_92076,,,,,,,,,10:53,,,,,10:38,,,,,,,,,,,,,,,,,,,,,,,,,,,,,,,,,,,,,,,,,,,,,,,,,,,,,,,,10:43,,,,,,,10:22,,,,,,,,,,,,,,,,,,,,,,,,,,,10:16,,,10:27,,,,,,,
WR_Up_92078,,11:32,,,,,,11:42,11:15,,,,,11:00,,,12:05,,,,,,,,11:48,,11:09,,,,,,,,,,,,,,,,,,,,,,,,,,,,,,,,,,,,,,,,,,,11:05,,,11:55,,,10:54,10:45,,,,,,,,,,,,,,,,,,,,,,,,,,,10:39,,,10:50,,,,,,,
WR_Up_92080,,11:23,,,,,,,,,,,,11:01,,,,,,,,,,,11:41,,,,,,,,,,,,,,,,,,,,,,,,,,,,,,,,,,,,,,,,,,,,,,,,,,,,,,,,,,,,,,,,,,,,,,,,,,,,,,,10:44,,,10:53,,,,,,,
WR_Up_92082,,11:49,,,,,,,11:26,,,,,11:10,,,,,,,,,,,,,,,,,,,,,,11:38,,,,,,,,,,,,,,,,,,,,,,,,,,,11:35,,,,,,,11:15,,,,,,,,,,,,,,,,,,,,,,,,,,,,,,,,,,,,,10:58,,,,,,,
WR_Up_92084,,,,,,,,,11:33,,,,,11:17,,,,,,,,,,,,,,,,,,,,,,,,,,,,,,,,,,,,,,,,,,,,,,,,,,,,,,,,11:23,,,,,,,11:02,,,,,,,,,,,,,,,,,,,,,,,,,,,10:56,,,11:07,,,,,,,
WR_Up_92086,,12:00,,,,,,12:09,11:46,,,,,11:32,,,12:34,,,,,,,,12:15,,11:41,,,,,,,,,,,,,,,,,,,,,,,,,,,,,,,,,,,,,,,,,,,11:37,,,12:22,,,11:26,11:17,,,,,,,,,,,,,,,,,,,,,,,,,,,11:10,,,11:22,,,,,,,
WR_Up_92088,,12:12,,,,,,,11:50,,,,,11:36,,,,,,,,,,,,,,,,,,,,,,12:01,,,,,,,,,,,,,,,,,,,,,,,,,,,11:58,,,,,,,11:41,,,,,,,11:21,,,,,,,,,,,,,,,,,,,,,,,,,,,11:15,,,11:26,,,,,,,
WR_Up_92090,,12:26,,,,,,,12:03,,,,,11:50,,,,,,,,,,,,,,,,,,,,,,12:15,,,,,,,,,,,,,,,,,,,,,,,,,,,12:12,,,,,,,11:55,,,,,,,11:35,,,,,,,,,,,,,,,,,,,,,,,,,,,11:29,,,11:40,,,,,,,
WR_Up_92092,,12:26,,,,,,12:34,12:13,,,,,11:59,,,13:00,,,,,,,,12:40,,12:08,,,,,,,,,,,,,,,,,,,,,,,,,,,,,,,,,,,,,,,,,,,12:04,,,12:48,,,11:54,11:44,,,,,,,,,,,,,,,,,,,,,,,,,,,11:38,,,11:49,,,,,,,
WR_Up_92094,,,,,,,,,12:18,,,,,12:03,,,,,,,,,,,,,,,,,,,,,,,,,,,,,,,,,,,,,,,,,,,,,,,,,,,,,,,,12:08,,,,,,,11:48,,,,,,,,,,,,,,,,,,,,,,,,,,,11:42,,,11:53,,,,,,,
WR_Up_92096,,12:46,,,,,,,12:23,,,,,12:08,,,,,,,,,,,,,,,,,,,,,,12:35,,,,,,,,,,,,,,,,,,,,,,,,,,,12:32,,,,,,,12:13,,,,,,,11:53,,,,,,,,,,,,,,,,,,,,,,,,,,,11:46,,,11:58,,,,,,,
WR_Up_92098,,,,,,,,,12:45,,,,,12:30,,,,,,,,,,,,,,,,,,,,,,,,,,,,,,,,,,,,,,,,,,,,,,,,,,,,,,,,12:35,,,,,,,12:15,,,,,,,,,,,,,,,,,,,,,,,,,,,12:09,,,12:20,,,,,,,
WR_Up_92100,,12:57,,,,,,13:06,12:44,,,,,12:31,,,,,,,,,,,13:16,,,,,,,,,,,,,,,,,,,,,,,,,,,,,,,,,,,,,,,,,,,,,12:36,,,,,,,12:15,,,,,,,,,,,,,,,,,,,,,,,,,,,12:10,,,12:20,,,,,,,
WR_Up_92102,,13:20,,,,,,13:29,13:06,,,,,12:53,,,,,,,,,,,13:36,,,,,,,,,,,,,,,,,,,,,,,,,,,,,,,,,,,,,,,,,,,,,12:58,,,,,,,12:36,,,,,,,,,,,,,,,,,,,,,,,,,,,12:30,,,12:41,,,,,,,
WR_Up_92104,,14:00,,,,,,,13:37,,,,,13:23,,,,,,,,,,,,,,,,,,,,,,13:48,,,,,,,,,,,,,,,,,,,,,,,,,,,13:45,,,,,,,13:28,,,,,,,13:08,,,,,,,,,,,,,,,,,,,,,,,,,,,13:02,,,13:13,,,,,,,
WR_Up_92106,,13:55,,,,,,14:05,13:42,,,,,13:26,,,,,,,,,,,14:11,,,,,,,,,,,,,,,,,,,,,,,,,,,,,,,,,,,,,,,,,,,,,13:31,,,,,,,13:12,,,,,,,,,,,,,,,,,,,,,,,,,,,13:06,,,13:17,,,,,,,
WR_Up_92108,,14:05,,,,,,14:14,13:49,,,,,13:34,,,,,,,,,,,14:22,,,,,,,,,,,,,,,,,,,,,,,,,,,,,,,,,,,,,,,,,,,,,13:40,,,,,,,13:18,,,,,,,,,,,,,,,,,,,,,,,,,,,13:11,,,13:23,,,,,,,
WR_Up_92110,,13:53,,,,,,,,,,,,13:30,,,,,,,,,,,,,,,,,,,,,,,,,,,,,,,,,,,,,,,,,,,,,,,,,,,,,,,,,,,,,,,,,,,,,,,,,,,,,,,,,,,,,,,,,,13:14,,,13:23,,,,,,,
WR_Up_92112,,14:21,,,,,,,14:06,,,,,13:51,,,,,,,,,,,,,,,,,,,,,,,,,,,,,,,,,,,,,,,,,,,,,,,,,,,,,,,,13:56,,,,,,,13:36,,,,,,,,,,,,,,,,,,,,,,,,,,,13:29,,,13:41,,,,,,,
WR_Up_92114,,14:32,,,,,,14:42,14:18,,,,,14:03,,,15:05,,,,,,,,14:48,,14:12,,,,,,,,,,,,,,,,,,,,,,,,,,,,,,,,,,,,,,,,,,,14:08,,,14:55,,,13:57,13:48,,,,,,,,,,,,,,,,,,,,,,,,,,,13:42,,,13:53,,,,,,,
WR_Up_92116,,14:46,,,,,,,14:24,,,,,14:10,,,,,,,,,,,,,,,,,,,,,,14:34,,,,,,,,,,,,,,,,,,,,,,,,,,,14:31,,,,,,,14:15,,,,,,,13:53,,,,,,,,,,,,,,,,,,,,,,,,,,,13:46,,,13:58,,,,,,,
WR_Up_92118,,14:45,,,,,,,14:30,,,,,14:14,,,,,,,,,,,,,,,,,,,,,,,,,,,,,,,,,,,,,,,,,,,,,,,,,,,,,,,,14:19,,,,,,,13:58,,,,,,,,,,,,,,,,,,,,,,,,,,,13:52,,,14:03,,,,,,,
WR_Up_92120,,14:58,,,,,,15:07,14:44,,,,,14:30,,,,,,,,,,,15:14,,,,,,,,,,,,,,,,,,,,,,,,,,,,,,,,,,,,,,,,,,,,,14:35,,,,,,,14:15,,,,,,,,,,,,,,,,,,,,,,,,,,,14:09,,,14:20,,,,,,,
WR_Up_92122,,15:21,,,,,,15:31,15:05,,,,,14:51,,,,,,,,,,,15:38,,,,,,,,,,,,,,,,,,,,,,,,,,,,,,,,,,,,,,,,,,,,,14:55,,,,,,,14:34,,,,,,,,,,,,,,,,,,,,,,,,,,,14:27,,,14:39,,,,,,,
WR_Up_92124,,15:28,,,,,,15:37,15:14,,,,,14:59,,,16:00,,,,,,,,15:43,,15:08,,,,,,,,,,,,,,,,,,,,,,,,,,,,,,,,,,,,,,,,,,,15:04,,,15:50,,,14:53,14:43,,,,,,,,,,,,,,,,,,,,,,,,,,,14:37,,,14:48,,,,,,,
WR_Up_92126,,15:33,,,,,,15:43,15:17,,,,,15:07,,,16:05,,,,,,,,15:49,,,,,,,,,,,,,,,,,,,,,,,,,,,,,,,,,,,,,,,,,,,,,,,,15:56,,,,,,,,,,,,,,,,,,,,,,,,,,,,,,,14:48,,,14:59,,,,,,,
WR_Up_92128,,,,,,,,,15:18,,,,,15:05,,,,,,,,,,,,,,,,,,,,,,,,,,,,,,,,,,,,,,,,,,,,,,,,,,,,,,,,,,,,,,,,,,,,,,,,,,,,,,,,,,,,,,,,,,14:48,,,14:57,,,,,,,
WR_Up_92130,,15:50,,,,,,,15:26,,,,,15:12,,,,,,,,,,,,,,,,,,,,,,15:38,,,,,,,,,,,,,,,,,,,,,,,,,,,15:35,,,,,,,15:17,,,,,,,14:57,,,,,,,,,,,,,,,,,,,,,,,,,,,14:51,,,15:02,,,,,,,
WR_Up_92132,,16:05,,,,,,,15:43,,,,,15:29,,,,,,,,,,,,,,,,,,,,,,15:54,,,,,,,,,,,,,,,,,,,,,,,,,,,15:51,,,,,,,15:34,,,,,,,,,,,,,,,,,,,,,,,,,,,,,,,,,,,,,15:16,,,,,,,
WR_Up_92134,,16:14,,,,,,,15:53,,,,,15:38,,,,,,,,,,,,,,,,,,,,,,16:03,,,,,,,,,,,,,,,,,,,,,,,,,,,16:00,,,,,,,15:43,,,,,,,15:22,,,,,,,,,,,,,,,,,,,,,,,,,,,15:16,,,15:27,,,,,,,
WR_Up_92136,,16:26,,,,,,16:34,16:12,,,,,15:58,,,,,,,,,,,16:41,,,,,,,,,,,,,,,,,,,,,,,,,,,,,,,,,,,,,,,,,,,,,16:03,,,,,,,15:42,,,,,,,,,,,,,,,,,,,,,,,,,,,15:36,,,15:47,,,,,,,
WR_Up_92138,,16:48,,,,,,,16:25,,,,,16:11,,,,,,,,,,,,,,,,,,,,,,16:37,,,,,,,,,,,,,,,,,,,,,,,,,,,16:34,,,,,,,16:16,,,,,,,,,,,,,,,,,,,,,,,,,,,,,,,,,,,,,16:00,,,,,,,
WR_Up_92140,,16:44,,,,,,,16:27,,,,,16:13,,,,,,,,,,,,,,,,,,,,,,,,,,,,,,,,,,,,,,,,,,,,,,,,,,,,,,,,16:18,,,,,,,15:58,,,,,,,,,,,,,,,,,,,,,,,,,,,15:52,,,16:03,,,,,,,
WR_Up_92142,,16:52,,,,,,17:01,16:38,,,,,16:24,,,,,,,,,,,17:08,,,,,,,,,,,,,,,,,,,,,,,,,,,,,,,,,,,,,,,,,,,,,16:30,,,,,,,16:09,,,,,,,,,,,,,,,,,,,,,,,,,,,16:03,,,16:14,,,,,,,
WR_Up_92144,,,,,,,,,17:13,,,,,16:59,,,,,,,,,,,,,,,,,,,,,,,,,,,,,,,,,,,,,,,,,,,,,,,,,,,,,,,,17:04,,,,,,,16:44,,,,,,,,,,,,,,,,,,,,,,,,,,,,,,16:49,,,,,,,
WR_Up_92146,,17:42,,,,,,,17:20,,,,,17:06,,,,,,,,,,,,,,,,,,,,,,17:31,,,,,,,,,,,,,,,,,,,,,,,,,,,17:28,,,,,,,17:12,,,,,,,16:50,,,,,,,,,,,,,,,,,,,,,,,,,,,16:44,,,16:55,,,,,,,
WR_Up_92148,,,,,,,,,17:31,,,,,17:14,,,,,,,,,,,,,,,,,,,,,,,,,,,,,,,,,,,,,,,,,,,,,,,,,,,,,,,,17:19,,,,,,,16:57,,,,,,,,,,,,,,,,,,,,,,,,,,,16:51,,,17:02,,,,,,,
WR_Up_92150,,18:02,,,,,,,17:47,,,,,17:29,,,,,,,,,,,,,,,,,,,,,,,,,,,,,,,,,,,,,,,,,,,,,,,,,,,,,,,,17:34,,,,,,,17:13,,,,,,,,,,,,,,,,,,,,,,,,,,,17:06,,,17:18,,,,,,,
WR_Up_92152,,18:15,,,,,,,17:54,,,,,17:39,,,,,,,,,,,,,,,,,,,,,,18:04,,,,,,,,,,,,,,,,,,,,,,,,,,,18:01,,,,,,,17:44,,,,,,,17:22,,,,,,,,,,,,,,,,,,,,,,,,,,,17:15,,,17:28,,,,,,,
WR_Up_92154,,18:19,,,,,,,18:04,,,,,17:50,,,,,,,,,,,,,,,,,,,,,,,,,,,,,,,,,,,,,,,,,,,,,,,,,,,,,,,,17:55,,,,,,,17:34,,,,,,,,,,,,,,,,,,,,,,,,,,,17:28,,,17:39,,,,,,,
WR_Up_92156,,,,,,,,,18:10,,,,,17:55,,,,,,,,,,,,,,,,,,,,,,,,,,,,,,,,,,,,,,,,,,,,,,,,,,,,,,,,18:00,,,,,,,17:38,,,,,,,,,,,,,,,,,,,,,,,,,,,17:32,,,17:44,,,,,,,
WR_Up_92158,,18:33,,,,,,18:42,18:19,,,,,18:06,,,19:03,,,,,,,,18:48,,18:15,,,,,,,,,,,,,,,,,,,,,,,,,,,,,,,,,,,,,,,,,,,18:11,,,18:55,,,18:00,17:50,,,,,,,,,,,,,,,,,,,,,,,,,,,17:43,,,17:56,,,,,,,
WR_Up_92160,,18:45,,,,,,,18:22,,,,,18:09,,,,,,,,,,,,,,,,,,,,,,18:33,,,,,,,,,,,,,,,,,,,,,,,,,,,18:30,,,,,,,18:14,,,,,,,17:53,,,,,,,,,,,,,,,,,,,,,,,,,,,,,,17:58,,,,,,,
WR_Up_92162,,18:45,,,,,,,18:30,,,,,18:17,,,,,,,,,,,,,,,,,,,,,,,,,,,,,,,,,,,,,,,,,,,,,,,,,,,,,,,,18:21,,,,,,,18:02,,,,,,,,,,,,,,,,,,,,,,,,,,,17:56,,,18:07,,,,,,,
WR_Up_92164,,18:56,,,,,,19:05,18:40,,,,,18:23,,,,,,,,,,,19:11,,,,,,,,,,,,,,,,,,,,,,,,,,,,,,,,,,,,,,,,,,,,,18:28,,,,,,,18:06,,,,,,,,,,,,,,,,,,,,,,,,,,,18:00,,,18:12,,,,,,,
WR_Up_92166,,19:04,,,,,,,18:40,,,,,18:26,,,,,,,,,,,,,,,,,,,,,,18:52,,,,,,,,,,,,,,,,,,,,,,,,,,,18:49,,,,,,,18:31,,,,,,,18:11,,,,,,,,,,,,,,,,,,,,,,,,,,,18:04,,,18:16,,,,,,,
WR_Up_92168,,,,,,,,,18:46,,,,,18:30,,,,,,,,,,,,,,,,,,,,,,,,,,,,,,,,,,,,,,,,,,,,,,,,,,,,,,,,18:35,,,,,,,18:15,,,,,,,,,,,,,,,,,,,,,,,,,,,18:09,,,18:20,,,,,,,
WR_Up_92170,,19:09,,,,,,,18:54,,,,,18:38,,,,,,,,,,,,,,,,,,,,,,,,,,,,,,,,,,,,,,,,,,,,,,,,,,,,,,,,18:43,,,,,,,,,,,,,,,,,,,,,,,,,,,,,,,,,,,,,18:26,,,,,,,
WR_Up_92172,,,,,,,,,19:17,,,,,19:02,,,,,,,,,,,,,,,,,,,,,,,,,,,,,,,,,,,,,,,,,,,,,,,,,,,,,,,,19:07,,,,,,,18:46,,,,,,,,,,,,,,,,,,,,,,,,,,,18:39,,,18:51,,,,,,,
WR_Up_92174,,19:35,,,,,,19:45,19:20,,,,,19:12,,,20:07,,,,,,,,19:51,,,,,,,,,,,,,,,,,,,,,,,,,,,,,,,,,,,,,,,,,,,,,,,,19:58,,,,,,,,,,,,,,,,,,,,,,,,,,,,,,,18:55,,,19:04,,,,,,,
WR_Up_92176,,20:09,,,,,,,19:47,,,,,19:29,,,,,,,,,,,,,,,,,,,,,,19:58,,,,,,,,,,,,,,,,,,,,,,,,,,,19:55,,,,,,,19:35,,,,,,,19:13,,,,,,,,,,,,,,,,,,,,,,,,,,,19:07,,,19:18,,,,,,,
WR_Up_92178,,20:22,,,,,,,19:55,,,,,19:41,,,,,,,,,,,,,,,,,,,,,,20:11,,,,,,,,,,,,,,,,,,,,,,,,,,,20:08,,,,,,,19:46,,,,,,,,,,,,,,,,,,,,,,,,,,,,,,,,,,,,,19:30,,,,,,,
WR_Up_92180,,20:11,,,,,,,19:57,,,,,19:48,,,,,,,,,,,,,,,,,,,,,,,,,,,,,,,,,,,,,,,,,,,,,,,,,,,,,,,,,,,,,,,,,,,,,,,,,,,,,,,,,,,,,,,,,,19:28,,,19:39,,,,,,,
WR_Up_92182,,,,,,,,,20:10,,,,,19:52,,,,,,,,,,,,,,,,,,,,,,,,,,,,,,,,,,,,,,,,,,,,,,,,,,,,,,,,19:57,,,,,,,19:36,,,,,,,,,,,,,,,,,,,,,,,,,,,19:30,,,19:41,,,,,,,
WR_Up_92184,,,,,,,,,20:31,,,,,20:16,,,,,,,,,,,,,,,,,,,,,,,,,,,,,,,,,,,,,,,,,,,,,,,,,,,,,,,,20:21,,,,,,,20:01,,,,,,,,,,,,,,,,,,,,,,,,,,,19:55,,,20:06,,,,,,,
WR_Up_92186,,21:18,,,,,,,20:56,,,,,20:41,,,,,,,,,,,,,,,,,,,,,,21:07,,,,,,,,,,,,,,,,,,,,,,,,,,,21:04,,,,,,,20:46,,,,,,,20:24,,,,,,,,,,,,,,,,,,,,,,,,,,,20:17,,,20:30,,,,,,,
WR_Up_92188,,,,,,,,,21:05,,,,,20:49,,,,,,,,,,,,,,,,,,,,,,,,,,,,,,,,,,,,,,,,,,,,,,,,,,,,,,,,20:55,,,,,,,20:31,,,,,,,,,,,,,,,,,,,,,,,,,,,20:24,,,20:37,,,,,,,
WR_Up_92190,,21:41,,,,,,,21:19,,,,,21:04,,,,,,,,,,,,,,,,,,,,,,21:29,,,,,,,,,,,,,,,,,,,,,,,,,,,21:26,,,,,,,21:09,,,,,,,20:49,,,,,,,,,,,,,,,,,,,,,,,,,,,20:43,,,20:54,,,,,,,
WR_Up_92192,,21:56,,,,,,,21:42,,,,,21:28,,,,,,,,,,,,,,,,,,,,,,,,,,,,,,,,,,,,,,,,,,,,,,,,,,,,,,,,21:33,,,,,,,21:10,,,,,,,,,,,,,,,,,,,,,,,,,,,21:03,,,21:16,,,,,,,
WR_Up_92194,,22:08,,,,,,,21:46,,,,,21:31,,,,,,,,,,,,,,,,,,,,,,21:57,,,,,,,,,,,,,,,,,,,,,,,,,,,21:54,,,,,,,21:36,,,,,,,,,,,,,,,,,,,,,,,,,,,,,,,,,,,,,21:19,,,,,,,
WR_Up_92196,,,,,,,,,21:55,,,,,21:41,,,,,,,,,,,,,,,,,,,,,,,,,,,,,,,,,,,,,,,,,,,,,,,,,,,,,,,,21:46,,,,,,,21:26,,,,,,,,,,,,,,,,,,,,,,,,,,,21:20,,,21:31,,,,,,,
WR_Up_92198,,22:33,,,,,,,22:13,,,,,21:59,,,,,,,,,,,,,,,,,,,,,,22:23,,,,,,,,,,,,,,,,,,,,,,,,,,,22:20,,,,,,,22:04,,,,,,,21:42,,,,,,,,,,,,,,,,,,,,,,,,,,,21:36,,,21:48,,,,,,,
WR_Up_92200,,,,,,,,,22:21,,,,,22:05,,,,,,,,,,,,,,,,,,,,,,,,,,,,,,,,,,,,,,,,,,,,,,,,,,,,,,,,22:10,,,,,,,21:50,,,,,,,,,,,,,,,,,,,,,,,,,,,21:44,,,21:55,,,,,,,
WR_Up_92202,,23:17,,,,,,,22:54,,,,,22:41,,,,,,,,,,,,,,,,,,,,,,23:06,,,,,,,,,,,,,,,,,,,,,,,,,,,23:03,,,,,,,22:46,,,,,,,22:24,,,,,,,,,,,,,,,,,,,,,,,,,,,22:18,,,22:30,,,,,,,
WR_Up_92204,,23:29,,,,,,,23:07,,,,,22:54,,,,,,,,,,,,,,,,,,,,,,23:17,,,,,,,,,,,,,,,,,,,,,,,,,,,23:14,,,,,,,22:59,,,,,,,22:39,,,,,,,,,,,,,,,,,,,,,,,,,,,22:33,,,22:44,,,,,,,
WR_Up_92206,,23:46,,,,,,,23:24,,,,,23:11,,,,,,,,,,,,,,,,,,,,,,23:34,,,,,,,,,,,,,,,,,,,,,,,,,,,23:31,,,,,,,23:16,,,,,,,22:56,,,,,,,,,,,,,,,,,,,,,,,,,,,22:50,,,23:01,,,,,,,
WR_Up_92208,,,,,,,,,23:42,,,,,23:25,,,,,,,,,,,,,,,,,,,,,,23:52,,,,,,,,,,,,,,,,,,,,,,,,,,,23:49,,,,,,,23:32,,,,,,,,,,,,,,,,,,,,,,,,,,,,,,,,,,,,,,,,,,,,
WR_Up_92210,,08:31,,,,,,08:41,08:17,,,,,08:00,,,09:06,,,,,,,,08:48,,08:11,,,,,,,,,,,,,,,,,,,,,,,,,,,,,,,,,,,,,,,,,,,08:06,,,08:55,,,,,,,,,,,,,,,,,,,,,,,,,,,,,,,,,,,,,,,,,
WR_Up_92212,,05:20,,,,,,05:30,05:06,,,,,04:52,,,05:55,,,,,,,,05:36,,05:01,,,,,,,,,,,,,,,,,,,,,,,,,,,,,,,,,,,,,,,,,,,04:57,,,05:43,,,04:46,04:35,,,,,,,,,,,,,,,,,,,,,,,,,,,,,,04:41,,,,,,,
WR_Up_92214,,08:22,,,,,,08:32,08:09,,,,,07:55,,,08:56,,,,,,,,08:38,,08:04,,,,,,,,,,,,,,,,,,,,,,,,,,,,,,,,,,,,,,,,,,,07:59,,,08:45,,,07:49,07:38,,,,,,,,,,,,,,,,,,,,,,,,,,,07:32,,,07:43,,,,,,,
WR_Up_92216,,10:09,,,,,,10:19,09:48,,,,,,,,10:42,,,,,,,,10:25,,,,,,,,,,,,,,,,,,,09:56,,,,,,,,,,,,,,,,,,,09:59,,,,,,,,,,10:32,,,,,,,,,,,,10:04,,,,,,,,,,,,,,,,,,,,,,,,,,,,,
WR_Up_92218,,13:01,,,,,,13:11,12:48,,,,,12:34,,,13:36,,,,,,,,13:18,,12:43,,,,,,,,,,,,,,,,,,,,,,,,,,,,,,,,,,,,,,,,,,,12:39,,,13:25,,,12:29,12:19,,,,,,,,,,,,,,,,,,,,,,,,,,,12:13,,,12:24,,,,,,,
WR_Up_92220,,17:33,,,,,,17:43,17:17,,,,,17:02,,,18:06,,,,,,,,17:49,,17:12,,,,,,,,,,,,,,,,,,,,,,,,,,,,,,,,,,,,,,,,,,,17:08,,,17:58,,,,,,,,,,,,,,,,,,,,,,,,,,,,,,,,,,,,,,,,,
WR_Up_92222,,19:26,,,,,,19:36,19:10,,,,,,,,19:58,,,,,,,,19:42,,,,,,,,,,,,,,,,,,,,,,,,,,,,,,,,,,,,,,,,,,,,,,,,19:49,,,,,,,,,,,,,,,,,,,,,,,,,,,,,,,,,,,,,,,,,
WR_Up_92224,,22:31,,,,,,22:41,22:17,,,,,22:02,,,23:05,,,,,,,,22:47,,22:11,,,,,,,,,,,,,,,,,,,,,,,,,,,,,,,,,,,,,,,,,,,22:07,,,22:54,,,21:56,21:45,,,,,,,,,,,,,,,,,,,,,,,,,,,21:39,,,21:51,,,,,,,
WR_Up_92228,,04:59,,,,,,05:08,04:45,,,,,04:30,,,05:32,,,,,,,,05:14,,04:40,,,,,,,,,,,,,,,,,,,,,,,,,,,,,,,,,,,,,,,,,,,04:36,,,05:21,,,,,,,,,,,,,,,,,,,,,,,,,,,,,,,,,,,,,,,,,
WR_Up_92230,,07:54,,,,,,08:03,07:40,,,,,07:26,,,08:29,,,,,,,,08:09,,07:35,,,,,,,,,,,,,,,,,,,,,,,,,,,,,,,,,,,,,,,,,,,07:31,,,08:16,,,07:20,,,,,,,,,,,,,,,,,,,,,,,,,,,,,,,07:14,,,,,,,
WR_Up_92232,,09:45,,,,,,09:55,09:22,,,,,,,,10:19,,,,,,,,10:01,,,,,,,,,,,09:36,,,09:40,,,,,09:29,,,,,,,,,,,,,,,,,,,09:32,,,,,,,,,,10:08,,,,,,,,,,,,,,,,,,,,,,,,,,,,,,,,,,,,,,,,,
WR_Up_92234,,13:03,,,,,,,12:41,,,,,12:27,,,,,,,,,,,,,,,,,,,,,,12:51,,,,,,,,,,,,,,,,,,,,,,,,,,,12:48,,,,,,,12:32,,,,,,,12:11,,,,,,,,,,,,,,,,,,,,,,,,,,,12:05,,,12:16,,,,,,,
WR_Up_93002,,06:30,,,,,,06:38,06:18,,,,,06:05,,,07:05,,06:55,,,,,,06:44,,,,,,,,,,,,,06:53,,,,,,,,,,,,,,,,,,,,,,,,,,,,06:58,,,,,,,06:51,,,,,,,,,,,,,,,,,,,,,,,,,,,,,,,05:47,,,05:57,,,,,,,
WR_Up_93004,,07:48,,,,,,07:57,07:34,,,,,07:26,,,08:23,,08:14,,,,,,08:03,,,,,,,,,,,,,08:12,,,,,,,,,,,,,,,,,,,,,,,,,,,,08:17,,,,,,,08:10,,,,,,,,,,,,,,,,,,,,,,,,,,,,,,,07:10,,,07:18,,,,,,,
WR_Up_93006,,,,,,,,,,,,,,,,,,,,,,,,,,,,,,,,,,,,,,,,,,,,,,,,,,,,,,,,,,,,,,,,,,,,,,,,,,,,,,,,,,,,,,,,,,,,,,,,,,,,,,,,08:10,,,,,,,,,,
WR_Up_93010,,,,,,,,,10:21,,,,,10:08,,,,,,,,,,,,,,,,,,,,,,,,,,,,,,,,,,,,,,,,,,,,,,,,,,,,,,,,,,,,,,,,,,,,,,,,,,,,,,,,,,,,,,,,,,09:49,,,09:59,,,,,,,
WR_Up_93012,,,,,,,,,,,,,,,,,,,,,,,,,,,,,,,,,,,,,,,,,,,,,,,,,,,,,,,,,,,,,,,,,,,,,,,,,,,,,,,,,,,,,,,,,,,,,,,,,,,,,,,,10:55,,,,,,,,,,
WR_Up_93014,,,,,,,,,,,,,,,,,,,,,,,,,,,,,,,,,,,,,,,,,,,,,,,,,,,,,,,,,,,,,,,,,,,,,,,,,,,,,,,,,,,,,,,,,,,,,,,,,,,,,,,,11:30,,,,,,,,,,
WR_Up_93016,,,,,,,,,,,,,,,,,,,,,,,,,,,,,,,,,,,,,,,,,,,,,,,,,,,,,,,,,,,,,,,,,,,,,,,,,,,,,,,,,,,,,,,,,,,,,,,,,,,,,,,,11:45,,,,,,,,,,
WR_Up_93018,,,,,,,,,,,,,,,,,,,,,,,,,,,,,,,,,,,,,,,,,,,,,,,,,,,,,,,,,,,,,,,,,,,,,,,,,,,,,,,,,,,,,,,,,,,,,,,,,,,,,,,,12:53,,,,,,,,,,
WR_Up_93020,,,,,,,,,,,,,,,,,,,,,,,,,,,,,,,,,,,,,,,,,,,,,,,,,,,,,,,,,,,,,,,,,,,,,,,,,,,,,,,,,,,,,,,,,,,,,,,,,,,,,,,,13:42,,,,,,,,,,
WR_Up_93022,,14:36,,,,,,14:45,14:24,,,,,14:14,,,15:09,,15:02,,,,,,14:51,,,,,,,,,,,,,15:00,,,,,,,,,,,,,,,,,,,,,,,,,,,,15:05,,,,,,,14:58,,,,,,,,,,,,,,,,,,,,,,,,,,,,,,,13:57,,,14:07,,,,,,,
WR_Up_93026,,16:09,,,,,,16:19,15:53,,,,,15:40,,,16:43,,16:35,,,,,,16:24,,,,,,,,,,,,,16:33,,,,,,,,,,,,,,,,,,,,,,,,,,,,16:38,,,,,,,16:31,,,,,,,,,,,,,,,,,,,,,,,,,,,,,,,15:21,,,15:32,,,,,,,
WR_Up_93028,,17:29,,,,,,17:39,17:13,,,,,17:02,,,,,,,,,,,17:46,,,,,,,,,,,,,,,,,,,,,,,,,,,,,,,,,,,,,,,,,,,,,,,,,,,,,,,,,,,,,,,,,,,,,,,,,,,,,,,16:40,,,16:52,,,,,,,
WR_Up_93030,,,,,,,,,,,,,,,,,,,,,,,,,,,,,,,,,,,,,,,,,,,,,,,,,,,,,,,,,,,,,,,,,,,,,,,,,,,,,,,,,,,,,,,,,,,,,,,,,,,,,,,,17:15,,,,,,,,,,
WR_Up_93034,,19:45,,,,,,19:54,19:29,,,,,19:17,,,20:16,,,,,,,,20:00,,,,,,,,,,,,,,,,,,,,,,,,,,,,,,,,,,,,,,,,,,,,,,,,20:07,,,,,,,,,,,,,,,,,,,,,,,,,,,,,,,18:55,,,19:09,,,,,,,
WR_Up_93036,,20:53,,,,,,21:02,20:40,,,,,20:32,,,21:27,,21:19,,,,,,21:08,,,,,,,,,,,,,21:17,,,,,,,,,,,,,,,,,,,,,,,,,,,,21:22,,,,,,,21:15,,,,,,,,,,,,,,,,,,,,,,,,,,,,,,,20:16,,,20:24,,,,,,,
WR_Up_93038,,21:36,,,,,,21:45,21:23,,,,,21:15,,,22:09,,22:02,,,,,,21:51,,,,,,,,,,,,,22:00,,,,,,,,,,,,,,,,,,,,,,,,,,,,22:05,,,,,,,21:58,,,,,,,,,,,,,,,,,,,,,,,,,,,,,,,21:00,,,21:08,,,,,,,
WR_Up_93040,,,,,,,,,,,,,,,,,,,,,,,,,,,,,,,,,,,,,,,,,,,,,,,,,,,,,,,,,,,,,,,,,,,,,,,,,,,,,,,,,,,,,,,,,,,,,,,,,,,,,,,,22:05,,,,,,,,,,
WR_Up_93202,,09:18,,,,,,09:28,09:05,,,,,08:55,,,09:56,,,,,,,,09:34,,,,,,,,,,,,,,,,,,,,,,,,,,,,,,,,,,,,,,,,,,,,,,,,09:41,,,,,,,,,,,,,,,,,,,,,,,,,,,,,,,08:40,,,08:48,,,,,,,
WR_Up_93204,,,,,,,,,,,,,,,,,,,,,,,,,,,,,,,,,,,,,,,,,,,,,,,,,,,,,,,,,,,,,,,,,,,,,,,,,,,,,,,,,,,,,,,,,,,,,,,,,,,,,,,,14:35,,,,,,,,,,
WR_Up_93206,,,,,,,,,,,,,,,,,,,,,,,,,,,,,,,,,,,,,,,,,,,,,,,,,,,,,,,,,,,,,,,,,,,,,,,,,,,,,,,,,,,,,,,,,,,,,,,,,,,,,,,,18:28,,,,,,,,,,
WR_Up_93208,,,,,,,,,,,,,,,,,,,,,,,,,,,,,,,,,,,,,,,,,,,,,,,,,,,,,,,,,,,,,,,,,,,,,,,,,,,,,,,,,,,,,,,,,,,,,,,,,,,,,,,,23:50,,,,,,,,,,
WR_Up_94002,,,,,,,,,04:29,,,,,04:16,,,,,,,,,,,,,,,,,,,,,,,,,,,,,,,,,,,,,,,,,,,,,,,,,,,,,,,,04:21,,,,,,,04:00,,,,,,,,,,,,,,,,,,,,,,,,,,,,,,04:06,,,,,,,
WR_Up_94004,,04:51,,,,,,05:05,04:31,,,,,,,,05:36,,05:30,,,,,,05:14,,,,,,,,,,,04:42,,05:28,04:47,,,,,04:36,,,,,,,05:01,,,,,,,05:20,,05:23,,05:08,04:39,,,05:33,,,05:11,,,,05:26,,,,,,,,,,05:17,,04:44,,,,,04:58,,,,,,,,,,,,,,,,,,,,,,04:55,,
WR_Up_94006,,05:41,,,,,,05:54,05:20,,,,,05:06,,,06:29,,06:19,,,,,,06:03,,05:15,,,,,,,,,05:31,,06:17,05:36,,,,,05:25,,,,,,,05:50,,,,,,,06:09,,06:12,,05:57,05:28,,,06:22,,,06:00,05:11,,,06:15,,,05:00,04:50,,,,,,06:06,,05:33,,,,,05:47,,,,,,,,,,,,,,,,,04:55,,,,,05:44,,
WR_Up_94008,,06:50,,,,,,06:59,06:36,,,,,06:19,,,07:22,,07:15,,,,,,07:04,,06:29,,,,,,,,,,,07:13,,,,,,,,,,,,,,,,,,,,,,,,,,,,07:18,,,,06:24,,,07:11,,,06:13,06:03,,,,,,,,,,,,,,,,,,,,,,,,,,,05:57,,,06:08,,,,,,,
WR_Up_94010,,06:58,,,,,,07:07,06:36,,,,,,,,07:32,,07:24,,,,,,07:13,,,,,,,,,,,06:48,,07:22,06:53,,,,,06:42,,,,,,,,,,,,,,,,,,,06:45,,,07:27,,,,,,,07:20,,,,,,,,,,,,,,,,,,,,,,,,,,,,,,,,,,,,,,,,,
WR_Up_94012,,07:14,,,,,,07:23,06:51,,,,,,,,07:48,,07:40,,,,,,07:29,,,,,,,,,,,07:04,,07:38,07:09,,,,,06:58,,,,,,,,,,,,,,,,,,,07:01,,,07:43,,,,,,,07:36,,,,,,,,,,,,,,,,,,,,,,,,,,,,,,,,,,,,,,,,,
WR_Up_94014,,08:09,,,,,,08:19,07:46,,,,,,,,08:42,,08:36,,,,,,08:25,,,,,,,,,,,07:58,,08:34,08:03,,,,,07:52,,,,,,,,,,,,,,,,,,,07:55,,,08:39,,,,,,,08:32,,,,,,,,,,,,,,,,,,,,,,,,,,,,,,,,,,,,,,,,,
WR_Up_94016,,08:15,,,,,,08:24,07:53,,,,,07:37,,,08:49,,08:41,,,,,,08:30,,07:46,,,,,,,,,08:04,,08:39,08:09,,,,,07:58,,,,,,,,,,,,,,,,,,,08:01,,,08:44,,,,07:42,,,08:37,,,07:31,07:21,,,,,,,,,,,,,,,,,,,,,,,,,,,07:15,,,07:26,,,,,,,
WR_Up_94018,,08:46,,,,,,08:55,08:26,,,,,,,,09:19,,09:12,,,,,,09:01,,,,,,,,,,,08:37,,09:10,08:41,,,,,08:31,,,,,,,,,,,,,,,,,,,08:34,,,09:15,,,,,,,09:08,,,,,,,,,,,,,,,,,,,,,,,,,,,,,,,,,,,,,,,,,
WR_Up_94020,,08:49,,,,,,08:58,08:36,,,,,08:21,,,09:22,,09:15,,,,,,09:04,,08:30,,,,,,,,,,,09:13,,,,,,,,,,,,,,,,,,,,,,,,,,,,09:18,,,,08:26,,,09:11,,,08:15,08:05,,,,,,,,,,,,,,,,,,,,,,,,,,,07:59,,,08:10,,,,,,,
WR_Up_94022,,08:52,,,,,,09:02,08:40,,,,,08:24,,,09:27,,09:19,,,,,,09:08,,08:35,,,,,,,,,,,09:17,,,,,,,,,,,,,,,,,,,,,,,,,,,,09:22,,,,08:30,,,09:15,,,,,,,,,,,,,,,,,,,,,,,,,,,,,,,,,,,,,,,,,
WR_Up_94024,,09:31,,,,,,09:47,09:09,,,,,08:54,,,10:20,,10:12,,,,,,09:57,,09:03,,,,,,,,,09:21,,10:10,09:26,,,,,09:15,,,,,,,09:41,,,,,,,10:02,,10:05,,09:50,09:18,,,10:15,,,09:53,08:59,,,10:08,,,08:48,08:39,,,,,,09:59,,09:23,,,,,09:38,,,,,,,,,,,,,,08:33,,,08:44,,,,,09:35,,
WR_Up_94026,,09:57,,,,,,10:06,09:35,,,,,,,,10:29,,10:23,,,,,,10:12,,,,,,,,,,,09:48,,10:21,09:53,,,,,09:41,,,,,,,,,,,,,,,,,,,09:44,,,10:26,,,,,,,10:19,,,,,,,,,,,,,,,,,,,,,,,,,,,,,,,,,,,,,,,,,
WR_Up_94028,,09:58,,,,,,10:09,09:45,,,,,09:31,,,10:32,,10:26,,,,,,10:15,,09:40,,,,,,,,,,,10:24,,,,,,,,,,,,,,,,,,,,,,,,,,,,10:29,,,,09:36,,,10:22,,,09:25,09:15,,,,,,,,,,,,,,,,,,,,,,,,,,,09:09,,,09:20,,,,,,,
WR_Up_94030,,10:15,,,,,,10:25,10:00,,,,,09:45,,,10:50,,10:42,,,,,,10:31,,09:55,,,,,,,,,,,10:40,,,,,,,,,,,,,,,,,,,,,,,,,,,,10:45,,,,09:50,,,10:38,,,09:39,09:29,,,,,,,,,,,,,,,,,,,,,,,,,,,09:23,,,09:35,,,,,,,
WR_Up_94032,,10:37,,,,,,10:47,10:16,,,,,,,,11:12,,11:04,,,,,,10:53,,,,,,,,,,,10:27,,11:02,10:32,,,,,10:21,,,,,,,,,,,,,,,,,,,10:24,,,11:07,,,,,,,11:00,,,,,,,,,,,,,,,,,,,,,,,,,,,,,,,,,,,,,,,,,
WR_Up_94034,,11:09,,,,,,11:18,10:55,,,,,10:42,,,11:44,,11:37,,,,,,11:24,,10:51,,,,,,,,,,,11:35,,,,,,,,,,,,,,,,,,,,,,,,,,,,11:40,,,,10:47,,,11:33,,,10:36,10:26,,,,,,,,,,,,,,,,,,,,,,,,,,,10:20,,,10:31,,,,,,,
WR_Up_94036,,11:38,,,,,,11:47,11:23,,,,,,,,12:12,,12:04,,,,,,11:53,,,,,,,,,,,,,12:02,,,,,,,,,,,,,,,,,,,,,,,,,,,,12:07,,,,,,,12:00,,,,,,,,,,,,,,,,,,,,,,,,,,,,,,,,,,,,,,,,,
WR_Up_94038,,11:45,,,,,,11:54,11:30,,,,,11:14,,,12:19,,12:11,,,,,,12:00,,11:24,,,,,,,,,,,12:09,,,,,,,,,,,,,,,,,,,,,,,,,,,,12:14,,,,11:20,,,12:07,,,11:08,10:58,,,,,,,,,,,,,,,,,,,,,,,,,,,10:52,,,11:04,,,,,,,
WR_Up_94040,,11:56,,,,,,12:09,11:35,,,,,,,,12:40,,12:34,,,,,,12:19,,,,,,,,,,,11:46,,12:32,11:51,,,,,11:40,,,,,,,12:05,,,,,,,12:24,,12:27,,12:12,11:43,,,12:37,,,12:15,,,,12:30,,,,,,,,,,12:21,,11:48,,,,,12:02,,,,,,,,,,,,,,,,,,,,,,11:59,,
WR_Up_94042,,11:54,,,,,,12:03,,,,,,11:22,,,12:27,,12:20,,,,,,12:09,,11:32,,,,,,,,,,,12:18,,,,,,,,,,,,,,,,,,,,,,,,,,,,12:23,,,,11:27,,,12:16,,,11:16,11:06,,,,,,,,,,,,,,,,,,,,,,,,,,,11:00,,,11:11,,,,,,,
WR_Up_94044,,12:23,,,,,,12:32,12:09,,,,,11:54,,,12:57,,12:48,,,,,,12:37,,12:04,,,,,,,,,,,12:46,,,,,,,,,,,,,,,,,,,,,,,,,,,,12:51,,,,12:00,,,12:44,,,,,,,,,,,,,,,,,,,,,,,,,,,,,,,,,,,,,,,,,
WR_Up_94046,,13:08,,,,,,13:18,12:54,,,,,12:41,,,13:41,,13:34,,,,,,13:23,,12:50,,,,,,,,,,,13:32,,,,,,,,,,,,,,,,,,,,,,,,,,,,13:37,,,,12:46,,,13:30,,,12:36,12:26,,,,,,,,,,,,,,,,,,,,,,,,,,,12:20,,,12:31,,,,,,,
WR_Up_94048,,13:24,,,,,,13:33,13:10,,,,,13:02,,,14:00,,13:50,,,,,,13:39,,,,,,,,,,,,,13:48,,,,,,,,,,,,,,,,,,,,,,,,,,,,13:53,,,,,,,13:46,,,,,,,,,,,,,,,,,,,,,,,,,,,,,,,12:45,,,12:54,,,,,,,
WR_Up_94050,,14:10,,,,,,14:19,13:54,,,,,13:40,,,14:44,,14:36,,,,,,14:25,,13:49,,,,,,,,,,,14:34,,,,,,,,,,,,,,,,,,,,,,,,,,,,14:39,,,,13:45,,,14:32,,,13:34,13:24,,,,,,,,,,,,,,,,,,,,,,,,,,,13:18,,,13:29,,,,,,,
WR_Up_94052,,14:15,,,,,,14:28,13:55,,,,,,,,15:00,,14:53,,,,,,14:38,,,,,,,,,,,14:06,,14:51,14:11,,,,,14:00,,,,,,,14:24,,,,,,,14:43,,14:46,,14:31,14:03,,,14:56,,,14:34,,,,14:49,,,,,,,,,,14:40,,14:08,,,,,14:21,,,,,,,,,,,,,,,,,,,,,,14:18,,
WR_Up_94054,,14:18,,,,,,14:28,14:03,,,,,13:51,,,14:53,,14:45,,,,,,14:34,,,,,,,,,,,,,14:43,,,,,,,,,,,,,,,,,,,,,,,,,,,,14:48,,,,,,,14:41,,,,,,,,,,,,,,,,,,,,,,,,,,,,,,,13:34,,,13:43,,,,,,,
WR_Up_94056,,14:51,,,,,,15:00,14:38,,,,,14:26,,,15:23,,15:17,,,,,,15:06,,14:34,,,,,,,,,,,15:15,,,,,,,,,,,,,,,,,,,,,,,,,,,,15:20,,,,14:30,,,15:13,,,14:21,14:12,,,,,,,,,,,,,,,,,,,,,,,,,,,14:06,,,14:17,,,,,,,
WR_Up_94058,,14:55,,,,,,15:04,14:41,,,,,14:26,,,15:28,,15:21,,,,,,15:10,,14:35,,,,,,,,,,,15:19,,,,,,,,,,,,,,,,,,,,,,,,,,,,15:24,,,,14:31,,,15:17,,,14:20,14:11,,,,,,,,,,,,,,,,,,,,,,,,,,,14:05,,,14:16,,,,,,,
WR_Up_94060,,,,,,,,,15:36,,,,,15:21,,,,,,,,,,,,,,,,,,,,,,,,,,,,,,,,,,,,,,,,,,,,,,,,,,,,,,,,15:26,,,,,,,15:06,,,,,,,,,,,,,,,,,,,,,,,,,,,15:00,,,15:11,,,,,,,
WR_Up_94062,,16:01,,,,,,16:11,15:47,,,,,15:32,,,16:35,,16:28,,,,,,16:17,,15:43,,,,,,,,,,,16:26,,,,,,,,,,,,,,,,,,,,,,,,,,,,16:31,,,,15:38,,,16:24,,,,,,,,,,,,,,,,,,,,,,,,,,,,,,,,,,,,,,,,,
WR_Up_94064,,16:13,,,,,,16:23,15:57,,,,,15:46,,,16:47,,16:40,,,,,,16:29,,,,,,,,,,,,,16:38,,,,,,,,,,,,,,,,,,,,,,,,,,,,16:43,,,,,,,16:36,,,,,,,,,,,,,,,,,,,,,,,,,,,,,,,15:27,,,15:37,,,,,,,
WR_Up_94066,,16:40,,,,,,16:51,16:18,,,,,,,,17:12,,,,,,,,16:57,,,,,,,,,,,16:31,,,16:36,,,,,16:25,,,,,,,,,,,,,,,,,,,16:28,,,,,,,,,,17:04,,,,,,,,,,,,,,,,,,,,,,,,,,,,,,,,,,,,,,,,,
WR_Up_94068,,17:08,,,,,,17:17,16:55,,,,,16:41,,,17:39,,,,,,,,17:23,,16:50,,,,,,,,,,,,,,,,,,,,,,,,,,,,,,,,,,,,,,,,,,,16:46,,,17:30,,,16:35,16:26,,,,,,,,,,,,,,,,,,,,,,,,,,,16:20,,,16:31,,,,,,,
WR_Up_94070,,17:15,,,,,,,17:00,,,,,16:45,,,,,,,,,,,,,,,,,,,,,,,,,,,,,,,,,,,,,,,,,,,,,,,,,,,,,,,,16:51,,,,,,,,,,,,,,,,,,,,,,,,,,,,,,,,,,,,,,,,,,,,
WR_Up_94072,,17:25,,,,,,17:35,17:10,,,,,16:55,,,17:58,,,,,,,,17:41,,17:04,,,,,,,,,,,,,,,,,,,,,,,,,,,,,,,,,,,,,,,,,,,17:00,,,17:50,,,16:50,16:39,,,,,,,,,,,,,,,,,,,,,,,,,,,16:32,,,16:44,,,,,,,
WR_Up_94074,,,,,,,,,17:26,,,,,17:11,,,,,,,,,,,,,,,,,,,,,,,,,,,,,,,,,,,,,,,,,,,,,,,,,,,,,,,,17:16,,,,,,,16:54,,,,,,,,,,,,,,,,,,,,,,,,,,,16:48,,,16:59,,,,,,,
WR_Up_94076,,17:44,,,,,,17:54,17:28,,,,,,,,18:17,,,,,,,,18:00,,,,,,,,,,,,,,,,,,,,,,,,,,,,,,,,,,,,,,,,,,,,,,,,18:07,,,,,,,,,,,,,,,,,,,,,,,,,,,,,,,,,,,,,,,,,
WR_Up_94078,,17:51,,,,,,18:00,17:36,,,,,17:22,,,18:25,,,,,,,,18:06,,17:31,,,,,,,,,,,,,,,,,,,,,,,,,,,,,,,,,,,,,,,,,,,17:27,,,18:13,,,17:16,17:06,,,,,,,,,,,,,,,,,,,,,,,,,,,17:00,,,17:11,,,,,,,
WR_Up_94080,,18:23,,,,,,18:32,18:08,,,,,,,,18:52,,,,,,,,18:37,,,,,,,,,,,,,,,,,,,,,,,,,,,,,,,,,,,,,,,,,,,,,,,,18:44,,,,,,,,,,,,,,,,,,,,,,,,,,,,,,,,,,,,,,,,,
WR_Up_94082,,19:06,,,,,,19:15,18:52,,,,,,,,19:36,,,,,,,,19:21,,,,,,,,,,,,,,,,,,,,,,,,,,,,,,,,,,,,,,,,,,,,,,,,19:28,,,,,,,,,,,,,,,,,,,,,,,,,,,,,,,,,,,,,,,,,
WR_Up_94084,,19:14,,,,,,19:24,18:58,,,,,18:42,,,,,,,,,,,19:31,,,,,,,,,,,,,,,,,,,,,,,,,,,,,,,,,,,,,,,,,,,,,18:47,,,,,,,18:26,,,,,,,,,,,,,,,,,,,,,,,,,,,18:20,,,18:31,,,,,,,
WR_Up_94086,,19:24,,,,,,19:34,19:10,,,,,18:56,,,19:55,,,,,,,,19:40,,19:05,,,,,,,,,,,,,,,,,,,,,,,,,,,,,,,,,,,,,,,,,,,19:01,,,19:47,,,18:50,18:40,,,,,,,,,,,,,,,,,,,,,,,,,,,18:33,,,18:45,,,,,,,
WR_Up_94088,,19:29,,,,,,19:44,19:08,,,,,18:53,,,,,,,,,,,,,,,,,,,,,,19:19,,,,,,,,,,,,,,,,,,,,,,,,,,,19:16,,,,,,,18:58,,,,,,,18:37,,,,,,,,,,,,,,,,,,,,,,,,,,,18:30,,,18:42,,,,,,,
WR_Up_94090,,19:53,,,,,,20:01,19:38,,,,,19:23,,,20:23,,,,,,,,20:06,,19:34,,,,,,,,,,,,,,,,,,,,,,,,,,,,,,,,,,,,,,,,,,,19:29,,,20:14,,,,,,,,,,,,,,,,,,,,,,,,,,,,,,,,,,,,,,,,,
WR_Up_94092,,20:41,,,,,,20:51,20:26,,,,,20:12,,,21:19,,21:08,,,,,,20:57,,20:21,,,,,,,,,,,21:06,,,,,,,,,,,,,,,,,,,,,,,,,,,,21:11,,,,20:17,,,21:04,,,20:06,19:57,,,,,,,,,,,,,,,,,,,,,,,,,,,19:51,,,20:02,,,,,,,
WR_Up_94094,,20:58,,,,,,21:06,20:45,,,,,20:29,,,,,,,,,,,21:14,,,,,,,,,,,,,,,,,,,,,,,,,,,,,,,,,,,,,,,,,,,,,20:34,,,,,,,20:14,,,,,,,,,,,,,,,,,,,,,,,,,,,20:07,,,20:19,,,,,,,
WR_Up_94096,,21:03,,,,,,21:12,20:50,,,,,20:36,,,21:36,,21:29,,,,,,21:18,,20:46,,,,,,,,,,,21:27,,,,,,,,,,,,,,,,,,,,,,,,,,,,21:32,,,,20:42,,,21:25,,,,,,,,,,,,,,,,,,,,,,,,,,,,,,,,,,,,,,,,,
WR_Up_94098,,21:20,,,,,,21:30,21:06,,,,,20:52,,,21:53,,21:47,,,,,,21:36,,21:01,,,,,,,,,,,21:45,,,,,,,,,,,,,,,,,,,,,,,,,,,,21:50,,,,20:57,,,21:43,,,20:46,20:36,,,,,,,,,,,,,,,,,,,,,,,,,,,20:29,,,20:41,,,,,,,
WR_Up_94100,,22:06,,,,,,22:14,21:53,,,,,21:37,,,22:38,,22:30,,,,,,22:19,,21:48,,,,,,,,,,,22:28,,,,,,,,,,,,,,,,,,,,,,,,,,,,22:33,,,,21:43,,,22:26,,,21:31,21:22,,,,,,,,,,,,,,,,,,,,,,,,,,,21:16,,,21:27,,,,,,,
WR_Up_94102,,22:20,,,,,,22:29,22:04,,,,,21:50,,,22:52,,22:46,,,,,,22:35,,21:59,,,,,,,,,,,22:44,,,,,,,,,,,,,,,,,,,,,,,,,,,,22:49,,,,21:55,,,22:42,,,21:44,21:34,,,,,,,,,,,,,,,,,,,,,,,,,,,21:28,,,21:39,,,,,,,
WR_Up_94104,,,,,,,,,23:11,,,,,22:56,,,,,,,,,,,,,,,,,,,,,,,,,,,,,,,,,,,,,,,,,,,,,,,,,,,,,,,,23:02,,,,,,,,,,,,,,,,,,,,,,,,,,,,,,,,,,,,,,,,,,,,
WR_Up_94106,,23:37,,,,,,,23:21,,,,,23:06,,,,,,,,,,,,,,,,,,,,,,,,,,,,,,,,,,,,,,,,,,,,,,,,,,,,,,,,23:11,,,,,,,22:51,,,,,,,,,,,,,,,,,,,,,,,,,,,22:44,,,22:56,,,,,,,
WR_Up_94108,,21:46,,,,,,21:56,21:31,,,,,21:15,,,22:21,,22:13,,,,,,22:02,,21:25,,,,,,,,,,,22:11,,,,,,,,,,,,,,,,,,,,,,,,,,,,22:16,,,,21:21,,,22:09,,,,,,,,,,,,,,,,,,,,,,,,,,,,,,,,,,,,,,,,,
WR_Up_94110,,05:24,,,,,,05:37,,,,,,,,,06:10,,06:02,,,,,,05:46,,,,,,,,,,,05:14,,06:00,05:19,,,,,,,,,,,,05:33,,,,,,,05:52,,05:55,,05:40,,,,06:05,,,05:43,,,,05:58,,,,,,,,,,05:49,,05:17,,,,,05:30,,,,,,,,,,,,,,,,,,,,,,05:27,,
WR_Up_94112,,07:45,,,,,,07:54,07:25,,,,,,,,08:20,,08:11,,,,,,08:00,,,,,,,,,,,07:37,,08:09,07:41,,,,,07:31,,,,,,,,,,,,,,,,,,,07:34,,,08:14,,,,,,,08:07,,,,,,,,,,,,,,,,,,,,,,,,,,,,,,,,,,,,,,,,,
WR_Up_94114,,10:54,,,,,,11:03,10:43,,,,,10:29,,,11:27,,11:20,,,,,,11:09,,10:38,,,,,,,,,,,11:18,,,,,,,,,,,,,,,,,,,,,,,,,,,,11:23,,,,10:34,,,11:16,,,10:23,10:14,,,,,,,,,,,,,,,,,,,,,,,,,,,10:08,,,10:19,,,,,,,
WR_Up_94116,,13:13,,,,,,13:22,12:58,,,,,12:44,,,13:48,,13:39,,,,,,13:28,,12:54,,,,,,,,,,,13:37,,,,,,,,,,,,,,,,,,,,,,,,,,,,13:42,,,,12:50,,,13:35,,,,,,,,,,,,,,,,,,,,,,,,,,,,,,,,,,,,,,,,,
WR_Up_94118,,16:38,,,,,,16:48,16:24,,,,,16:08,,,17:09,,,,,,,,16:54,,16:18,,,,,,,,,,,,,,,,,,,,,,,,,,,,,,,,,,,,,,,,,,,16:14,,,17:01,,,16:02,15:51,,,,,,,,,,,,,,,,,,,,,,,,,,,15:45,,,15:56,,,,,,,
WR_Up_94120,,19:16,,,,,,19:30,,,,,,,,,20:01,,19:55,,,,,,19:40,,,,,,,,,,,19:06,,19:53,19:12,,,,,,,,,,,,19:26,,,,,,,19:45,,19:48,,19:33,,,,19:58,,,19:36,,,,19:51,,,,,,,,,,19:42,,19:09,,,,,19:23,,,,,,,,,,,,,,,,,,,,,,19:20,,
WR_Up_94122,,06:06,,,,,,06:19,05:45,,,,,,,,06:51,,06:44,,,,,,06:29,,,,,,,,,,,05:57,,06:42,06:02,,,,,05:51,,,,,,,06:15,,,,,,,06:34,,06:37,,06:22,05:54,,,06:47,,,06:25,,,,06:40,,,,,,,,,,06:31,,05:59,,,,,06:12,,,,,,,,,,,,,,,,,,,,,,06:09,,
WR_Up_94124,,08:27,,,,,,08:40,08:06,,,,,,,,09:11,,09:05,,,,,,08:50,,,,,,,,,,,08:17,,09:03,08:22,,,,,08:11,,,,,,,08:36,,,,,,,08:55,,08:58,,08:43,08:14,,,09:08,,,08:46,,,,09:01,,,,,,,,,,08:52,,08:20,,,,,08:33,,,,,,,,,,,,,,,,,,,,,,08:30,,
WR_Up_94126,,10:22,,,,,,10:37,,,,,,,,,11:09,,11:03,,,,,,10:48,,,,,,,,,,,10:11,,11:01,10:17,,,,,,,,,,,,10:32,,,,,,,10:53,,10:56,,10:41,,,,11:06,,,10:44,,,,10:59,,,,,,,,,,10:50,,10:15,,,,,10:29,,,,,,,,,,,,,,,,,,,,,,10:26,,
WR_Up_94128,,17:50,,,,,,18:04,17:27,,,,,,,,18:35,,18:29,,,,,,18:14,,,,,,,,,,,17:40,,18:27,17:45,,,,,17:34,,,,,,,18:00,,,,,,,18:19,,18:22,,18:07,17:37,,,18:32,,,18:10,,,,18:25,,,,,,,,,,18:16,,17:42,,,,,17:57,,,,,,,,,,,,,,,,,,,,,,17:54,,
WR_Up_94130,,20:59,,,,,,,20:37,,,,,20:20,,,,,,,,,,,,,,,,,,,,,,20:49,,,,,,,,,,,,,,,,,,,,,,,,,,,20:46,,,,,,,20:27,,,,,,,,,,,,,,,,,,,,,,,,,,,,,,,,,,,,,,,,,,,,
WR_Up_94132,,,,,,,,,22:46,,,,,22:31,,,,,,,,,,,,,,,,,,,,,,,,,,,,,,,,,,,,,,,,,,,,,,,,,,,,,,,,22:36,,,,,,,,,,,,,,,,,,,,,,,,,,,,,,,,,,,,,22:20,,,,,,,
WR_Up_94134,,05:55,,,,,,06:05,05:41,,,,,05:25,,,06:30,,06:22,,,,,,06:11,,05:35,,,,,,,,,,,06:20,,,,,,,,,,,,,,,,,,,,,,,,,,,,06:25,,,,05:31,,,06:18,,,,,,,,,,,,,,,,,,,,,,,,,,,,,,,,,,,,,,,,,
WR_Up_94136,,09:15,,,,,,09:25,09:02,,,,,08:48,,,09:49,,09:42,,,,,,09:31,,08:57,,,,,,,,,,,09:40,,,,,,,,,,,,,,,,,,,,,,,,,,,,09:45,,,,08:53,,,09:38,,,08:43,08:34,,,,,,,,,,,,,,,,,,,,,,,,,,,08:28,,,08:39,,,,,,,
WR_Up_94138,,11:12,,,,,,11:22,10:50,,,,,,,,11:47,,11:41,,,,,,11:28,,,,,,,,,,,11:02,,11:39,11:07,,,,,10:55,,,,,,,,,,,,,,,,,,,10:58,,,11:44,,,,,,,11:37,,,,,,,,,,,,,,,,,,,,,,,,,,,,,,,,,,,,,,,,,
WR_Up_94140,,18:42,,,,,,18:52,,,,,,,,,19:19,,,,,,,,18:58,,,,,,,,,,,,,,,,,,,,,,,,,,,,,,,,,,,,,,18:32,,,,,,,,,,19:05,,,,,,,,,,,,,,,,,,,,,,,,,,,,,,,,,,,,,,,,,
WR_Up_94142,,20:45,,,,,,21:00,20:23,,,,,,,,21:32,,21:25,,,,,,21:10,,,,,,,,,,,20:35,,21:23,20:40,,,,,20:29,,,,,,,20:55,,,,,,,21:15,,21:18,,21:03,20:32,,,21:28,,,21:06,,,,21:21,,,,,,,,,,21:12,,20:37,,,,,20:52,,,,,,,,,,,,,,,,,,,,,,20:49,,
WR_Up_94144,,23:21,,,,,,23:36,22:58,,,,,,,,00:08,,00:01,,,,,,23:46,,,,,,,,,,,23:10,,,,,,,,,,,,,,,,,,,,,,,,,,,23:07,,,00:04,,,,,,,,,,,,,,,,,,,,,,,,,,,,,,,,,,,,,,,,,,,,,,,,
